league,team,scope,market,jogos,n_eventos,hit_rate,hit_std,wilson_lo,wilson_hi,edge_vs_liga,roi_unid_por_aposta,odds_avg,prob_impl,value_estimado,form_recent_5,alerta_tendencia_inversa
E0,Arsenal,Fora,Vitória (1X2),16,16.0,0.5625,0.49607837082461076,0.3317819560677652,0.7690163666481449,0.19842233009708737,-0.07874999999999999,1.74375,0.5734767025089607,-0.019140625000000133,0.6,False
E0,Arsenal,Fora,Over 2.5 golos,16,16.0,0.4375,0.49607837082461076,0.2309836333518552,0.6682180439322348,-0.09648058252427183,-0.17875,1.865,0.5361930294906166,-0.18406250000000002,0.6,False
E0,Arsenal,Fora,Under 2.5 golos,16,16.0,0.5625,0.49607837082461076,0.3317819560677652,0.7690163666481449,0.09648058252427183,0.07375,1.910625,0.5233889434085705,0.07472656249999998,0.4,True
E0,Arsenal,Fora,Handicap Asiático (AH),16,,,,,,,-0.1403125,2.020625,0.49489638107021344,,,False
E0,Arsenal,Fora,Casa marca (>=1),16,16.0,0.875,0.33071891388307384,0.6397666856325172,0.9650232506629429,0.13551779935275077,,,,,1.0,False
E0,Arsenal,Fora,Clean sheet,16,16.0,0.4375,0.49607837082461076,0.2309836333518552,0.6682180439322348,0.17698220064724918,,,,,0.4,False
E0,Arsenal,Fora,Ambas marcam (BTTS),16,16.0,0.5,0.5,0.2799923761135083,0.7200076238864918,-0.05663430420711979,,,,,0.6,False
E0,Arsenal,Fora,Over 1.5 golos,16,16.0,0.625,0.4841229182759271,0.38640647097934805,0.8151901744524719,-0.16140776699029125,,,,,0.8,False
E0,Arsenal,Fora,Over 3.5 golos,16,16.0,0.3125,0.46351240544347894,0.14164435051961052,0.5559606813326594,0.027710355987055013,,,,,0.6,False
E0,Arsenal,Fora,Cantos total Over 8.5,16,16.0,0.4375,0.49607837082461076,0.2309836333518552,0.6682180439322348,-0.2259304207119741,,,,,0.4,False
E0,Arsenal,Fora,Cantos total Over 9.5,16,16.0,0.4375,0.49607837082461076,0.2309836333518552,0.6682180439322348,-0.12560679611650483,,,,,0.4,False
E0,Arsenal,Fora,Cantos total Over 10.5,16,16.0,0.375,0.4841229182759271,0.18480982554752803,0.6135935290206519,-0.0586569579288026,,,,,0.2,True
E0,Arsenal,Fora,Cantos equipa Over 4.5,16,16.0,0.5,0.5,0.2799923761135083,0.7200076238864918,-0.014563106796116498,,,,,0.4,False
E0,Arsenal,Fora,Cantos equipa Over 5.5,16,16.0,0.375,0.4841229182759271,0.18480982554752803,0.6135935290206519,-0.008495145631067957,,,,,0.2,True
E0,Arsenal,Fora,Equipa ganha cantos,16,16.0,0.625,0.4841229182759271,0.38640647097934805,0.8151901744524719,0.1848705501618123,,,,,0.6,False
E0,Arsenal,Casa,Vitória (1X2),15,15.0,0.8,0.39999999999999997,0.5481406466534955,0.9295257935638959,0.4359223300970874,0.07533333333333332,1.4120000000000001,0.7082152974504249,0.12960000000000016,0.6,True
E0,Arsenal,Casa,Over 2.5 golos,15,15.0,0.6,0.4898979485566356,0.357464427565077,0.8017577191740534,0.06601941747572815,-0.00600000000000002,1.6853333333333336,0.5933544303797468,0.011200000000000099,0.6,False
E0,Arsenal,Casa,Under 2.5 golos,15,15.0,0.4,0.4898979485566356,0.19824228082594664,0.6425355724349229,-0.06601941747572815,-0.1673333333333333,2.1420000000000003,0.46685340802987857,-0.14319999999999988,0.4,False
E0,Arsenal,Casa,Handicap Asiático (AH),15,,,,,,,0.10566666666666667,1.8846666666666667,0.5305978068623983,,,False
E0,Arsenal,Casa,Casa marca (>=1),15,15.0,0.9333333333333333,0.2494438257849294,0.7018292244757601,0.9881334113938052,0.19385113268608412,,,,,0.8,False
E0,Arsenal,Casa,Clean sheet,15,15.0,0.5333333333333333,0.49888765156985887,0.3011663015105079,0.7519077474025356,0.2728155339805825,,,,,0.6,False
E0,Arsenal,Casa,Ambas marcam (BTTS),15,15.0,0.4666666666666667,0.49888765156985887,0.24809225259746442,0.6988336984894922,-0.08996763754045312,,,,,0.4,False
E0,Arsenal,Casa,Over 1.5 golos,15,15.0,0.8666666666666667,0.339934634239519,0.6211750079348376,0.9626395301086408,0.08025889967637545,,,,,0.8,False
E0,Arsenal,Casa,Over 3.5 golos,15,15.0,0.26666666666666666,0.4422166387140533,0.10897276103182815,0.5195088965768675,-0.018122977346278324,,,,,0.2,False
E0,Arsenal,Casa,Cantos total Over 8.5,15,15.0,0.5333333333333333,0.49888765156985887,0.3011663015105079,0.7519077474025356,-0.13009708737864079,,,,,0.6,False
E0,Arsenal,Casa,Cantos total Over 9.5,15,15.0,0.4666666666666667,0.49888765156985887,0.24809225259746442,0.6988336984894922,-0.09644012944983815,,,,,0.6,False
E0,Arsenal,Casa,Cantos total Over 10.5,15,15.0,0.4666666666666667,0.49888765156985887,0.24809225259746442,0.6988336984894922,0.033009708737864074,,,,,0.6,False
E0,Arsenal,Casa,Cantos equipa Over 4.5,15,15.0,0.6,0.4898979485566356,0.357464427565077,0.8017577191740534,0.08543689320388348,,,,,0.8,False
E0,Arsenal,Casa,Cantos equipa Over 5.5,15,15.0,0.4666666666666667,0.49888765156985887,0.24809225259746442,0.6988336984894922,0.08317152103559872,,,,,0.4,False
E0,Arsenal,Casa,Equipa ganha cantos,15,15.0,0.7333333333333333,0.44221663871405337,0.48049110342313245,0.8910272389681717,0.2932038834951456,,,,,0.8,False
E0,Aston Villa,Fora,Vitória (1X2),15,15.0,0.4,0.4898979485566356,0.19824228082594664,0.6425355724349229,0.035922330097087396,0.242,3.247333333333333,0.3079449804968179,0.2989333333333335,0.2,True
E0,Aston Villa,Fora,Over 2.5 golos,15,15.0,0.4666666666666667,0.49888765156985887,0.24809225259746442,0.6988336984894922,-0.06731391585760516,-0.1673333333333333,1.7953333333333332,0.5569996286669142,-0.16217777777777775,0.2,True
E0,Aston Villa,Fora,Under 2.5 golos,15,15.0,0.5333333333333333,0.49888765156985887,0.3011663015105079,0.7519077474025356,0.06731391585760516,0.06933333333333333,2.0073333333333334,0.49817336433078707,0.07057777777777785,0.8,False
E0,Aston Villa,Fora,Handicap Asiático (AH),15,,,,,,,-0.01966666666666669,1.8406666666666667,0.5432814197754436,,,False
E0,Aston Villa,Fora,Casa marca (>=1),15,15.0,0.6666666666666666,0.4714045207910317,0.4171312515121298,0.8482389930530875,-0.0728155339805826,,,,,0.6,False
E0,Aston Villa,Fora,Clean sheet,15,15.0,0.2,0.4,0.07047420643610411,0.4518593533465045,-0.06051779935275081,,,,,0.4,False
E0,Aston Villa,Fora,Ambas marcam (BTTS),15,15.0,0.6,0.4898979485566356,0.357464427565077,0.8017577191740534,0.04336569579288019,,,,,0.4,True
E0,Aston Villa,Fora,Over 1.5 golos,15,15.0,0.8,0.39999999999999997,0.5481406466534955,0.9295257935638959,0.013592233009708798,,,,,0.8,False
E0,Aston Villa,Fora,Over 3.5 golos,15,15.0,0.26666666666666666,0.4422166387140533,0.10897276103182815,0.5195088965768675,-0.018122977346278324,,,,,0.2,False
E0,Aston Villa,Fora,Cantos total Over 8.5,15,15.0,0.6,0.4898979485566356,0.357464427565077,0.8017577191740534,-0.06343042071197413,,,,,0.6,False
E0,Aston Villa,Fora,Cantos total Over 9.5,15,15.0,0.6,0.4898979485566356,0.357464427565077,0.8017577191740534,0.03689320388349515,,,,,0.6,False
E0,Aston Villa,Fora,Cantos total Over 10.5,15,15.0,0.6,0.4898979485566356,0.357464427565077,0.8017577191740534,0.16634304207119738,,,,,0.6,False
E0,Aston Villa,Fora,Cantos equipa Over 4.5,15,15.0,0.6,0.4898979485566356,0.357464427565077,0.8017577191740534,0.08543689320388348,,,,,0.8,False
E0,Aston Villa,Fora,Cantos equipa Over 5.5,15,15.0,0.3333333333333333,0.4714045207910317,0.15176100694691236,0.5828687484878702,-0.05016181229773464,,,,,0.2,False
E0,Aston Villa,Fora,Equipa ganha cantos,15,15.0,0.4,0.4898979485566356,0.19824228082594664,0.6425355724349229,-0.04012944983818767,,,,,0.4,False
E0,Aston Villa,Casa,Vitória (1X2),16,16.0,0.625,0.4841229182759271,0.38640647097934805,0.8151901744524719,0.2609223300970874,0.468125,2.245,0.4454342984409799,0.4031250000000002,0.4,True
E0,Aston Villa,Casa,Over 2.5 golos,16,16.0,0.5,0.5,0.2799923761135083,0.7200076238864918,-0.03398058252427183,-0.06625,1.81375,0.5513439007580979,-0.09312500000000012,0.2,True
E0,Aston Villa,Casa,Under 2.5 golos,16,16.0,0.5,0.5,0.2799923761135083,0.7200076238864918,0.03398058252427183,0.008750000000000008,1.970625,0.507453219156359,-0.014687499999999964,0.8,False
E0,Aston Villa,Casa,Handicap Asiático (AH),16,,,,,,,0.10374999999999998,1.875,0.5333333333333333,,,False
E0,Aston Villa,Casa,Casa marca (>=1),16,16.0,0.75,0.4330127018922193,0.5050123107060135,0.8981809801576265,0.010517799352750767,,,,,0.8,False
E0,Aston Villa,Casa,Clean sheet,16,16.0,0.375,0.4841229182759271,0.18480982554752803,0.6135935290206519,0.11448220064724918,,,,,0.4,False
E0,Aston Villa,Casa,Ambas marcam (BTTS),16,16.0,0.4375,0.49607837082461076,0.2309836333518552,0.6682180439322348,-0.11913430420711979,,,,,0.4,False
E0,Aston Villa,Casa,Over 1.5 golos,16,16.0,0.625,0.4841229182759271,0.38640647097934805,0.8151901744524719,-0.16140776699029125,,,,,0.6,False
E0,Aston Villa,Casa,Over 3.5 golos,16,16.0,0.25,0.4330127018922193,0.10181901984237347,0.4949876892939865,-0.03478964401294499,,,,,0.2,False
E0,Aston Villa,Casa,Cantos total Over 8.5,16,16.0,0.875,0.33071891388307384,0.6397666856325172,0.9650232506629429,0.2115695792880259,,,,,1.0,False
E0,Aston Villa,Casa,Cantos total Over 9.5,16,16.0,0.75,0.4330127018922193,0.5050123107060135,0.8981809801576265,0.18689320388349517,,,,,0.8,False
E0,Aston Villa,Casa,Cantos total Over 10.5,16,16.0,0.4375,0.49607837082461076,0.2309836333518552,0.6682180439322348,0.0038430420711974,,,,,0.8,False
E0,Aston Villa,Casa,Cantos equipa Over 4.5,16,16.0,0.6875,0.46351240544347894,0.4440393186673406,0.8583556494803894,0.1729368932038835,,,,,0.8,False
E0,Aston Villa,Casa,Cantos equipa Over 5.5,16,16.0,0.5625,0.49607837082461076,0.3317819560677652,0.7690163666481449,0.17900485436893204,,,,,0.8,False
E0,Aston Villa,Casa,Equipa ganha cantos,16,16.0,0.4375,0.49607837082461076,0.2309836333518552,0.6682180439322348,-0.002629449838187692,,,,,0.6,False
E0,Bournemouth,Fora,Vitória (1X2),15,15.0,0.2,0.4,0.07047420643610411,0.4518593533465045,-0.16407766990291262,-0.366,3.724000000000001,0.2685284640171857,-0.25519999999999965,0.4,False
E0,Bournemouth,Fora,Over 2.5 golos,15,15.0,0.6666666666666666,0.4714045207910317,0.4171312515121298,0.8482389930530875,0.1326860841423948,0.13866666666666666,1.6713333333333331,0.5983246908655765,0.114222222222222,0.2,True
E0,Bournemouth,Fora,Under 2.5 golos,15,15.0,0.3333333333333333,0.4714045207910317,0.15176100694691236,0.5828687484878702,-0.13268608414239486,-0.23666666666666664,2.228666666666667,0.4486987735566856,-0.25711111111111107,0.8,False
E0,Bournemouth,Fora,Handicap Asiático (AH),15,,,,,,,-0.022333333333333302,2.0633333333333335,0.4846526655896607,,,False
E0,Bournemouth,Fora,Casa marca (>=1),15,15.0,0.8,0.39999999999999997,0.5481406466534955,0.9295257935638959,0.06051779935275081,,,,,0.6,True
E0,Bournemouth,Fora,Clean sheet,15,15.0,0.26666666666666666,0.4422166387140533,0.10897276103182815,0.5195088965768675,0.00614886731391584,,,,,0.6,False
E0,Bournemouth,Fora,Ambas marcam (BTTS),15,15.0,0.6666666666666666,0.4714045207910317,0.4171312515121298,0.8482389930530875,0.11003236245954684,,,,,0.4,True
E0,Bournemouth,Fora,Over 1.5 golos,15,15.0,0.8,0.39999999999999997,0.5481406466534955,0.9295257935638959,0.013592233009708798,,,,,0.6,True
E0,Bournemouth,Fora,Over 3.5 golos,15,15.0,0.6,0.4898979485566356,0.357464427565077,0.8017577191740534,0.315210355987055,,,,,0.0,True
E0,Bournemouth,Fora,Cantos total Over 8.5,15,15.0,0.9333333333333333,0.2494438257849294,0.7018292244757601,0.9881334113938052,0.26990291262135924,,,,,1.0,False
E0,Bournemouth,Fora,Cantos total Over 9.5,15,15.0,0.7333333333333333,0.44221663871405337,0.48049110342313245,0.8910272389681717,0.17022653721682846,,,,,0.8,False
E0,Bournemouth,Fora,Cantos total Over 10.5,15,15.0,0.7333333333333333,0.44221663871405337,0.48049110342313245,0.8910272389681717,0.2996763754045307,,,,,0.8,False
E0,Bournemouth,Fora,Cantos equipa Over 4.5,15,15.0,0.6,0.4898979485566356,0.357464427565077,0.8017577191740534,0.08543689320388348,,,,,0.8,False
E0,Bournemouth,Fora,Cantos equipa Over 5.5,15,15.0,0.4666666666666667,0.49888765156985887,0.24809225259746442,0.6988336984894922,0.08317152103559872,,,,,0.6,False
E0,Bournemouth,Fora,Equipa ganha cantos,15,15.0,0.4,0.4898979485566356,0.19824228082594664,0.6425355724349229,-0.04012944983818767,,,,,0.4,False
E0,Bournemouth,Casa,Vitória (1X2),16,16.0,0.375,0.4841229182759271,0.18480982554752803,0.6135935290206519,0.010922330097087374,-0.139375,2.5575,0.39100684261974583,-0.04093749999999996,0.2,True
E0,Bournemouth,Casa,Over 2.5 golos,16,16.0,0.4375,0.49607837082461076,0.2309836333518552,0.6682180439322348,-0.09648058252427183,-0.27125,1.7037499999999999,0.586940572267058,-0.254609375,0.4,False
E0,Bournemouth,Casa,Under 2.5 golos,16,16.0,0.5625,0.49607837082461076,0.3317819560677652,0.7690163666481449,0.09648058252427183,0.165,2.119375,0.4718372161604247,0.1921484375,0.6,False
E0,Bournemouth,Casa,Handicap Asiático (AH),16,,,,,,,0.15218749999999998,1.90125,0.5259697567389875,,,False
E0,Bournemouth,Casa,Casa marca (>=1),16,16.0,0.75,0.4330127018922193,0.5050123107060135,0.8981809801576265,0.010517799352750767,,,,,0.8,False
E0,Bournemouth,Casa,Clean sheet,16,16.0,0.3125,0.46351240544347894,0.14164435051961052,0.5559606813326594,0.05198220064724918,,,,,0.2,False
E0,Bournemouth,Casa,Ambas marcam (BTTS),16,16.0,0.625,0.4841229182759271,0.38640647097934805,0.8151901744524719,0.06836569579288021,,,,,0.8,False
E0,Bournemouth,Casa,Over 1.5 golos,16,16.0,0.6875,0.46351240544347894,0.4440393186673406,0.8583556494803894,-0.09890776699029125,,,,,0.8,False
E0,Bournemouth,Casa,Over 3.5 golos,16,16.0,0.375,0.4841229182759271,0.18480982554752803,0.6135935290206519,0.09021035598705501,,,,,0.4,False
E0,Bournemouth,Casa,Cantos total Over 8.5,16,16.0,0.5625,0.49607837082461076,0.3317819560677652,0.7690163666481449,-0.10093042071197411,,,,,0.8,False
E0,Bournemouth,Casa,Cantos total Over 9.5,16,16.0,0.5625,0.49607837082461076,0.3317819560677652,0.7690163666481449,-0.0006067961165048263,,,,,0.8,False
E0,Bournemouth,Casa,Cantos total Over 10.5,16,16.0,0.375,0.4841229182759271,0.18480982554752803,0.6135935290206519,-0.0586569579288026,,,,,0.6,False
E0,Bournemouth,Casa,Cantos equipa Over 4.5,16,16.0,0.625,0.4841229182759271,0.38640647097934805,0.8151901744524719,0.1104368932038835,,,,,0.6,False
E0,Bournemouth,Casa,Cantos equipa Over 5.5,16,16.0,0.4375,0.49607837082461076,0.2309836333518552,0.6682180439322348,0.05400485436893204,,,,,0.6,False
E0,Bournemouth,Casa,Equipa ganha cantos,16,16.0,0.6875,0.46351240544347894,0.4440393186673406,0.8583556494803894,0.2473705501618123,,,,,0.6,False
E0,Brentford,Fora,Vitória (1X2),16,16.0,0.375,0.4841229182759271,0.18480982554752803,0.6135935290206519,0.010922330097087374,0.04187499999999994,3.50375,0.28540849090260434,0.31390625000000005,0.6,False
E0,Brentford,Fora,Over 2.5 golos,16,16.0,0.4375,0.49607837082461076,0.2309836333518552,0.6682180439322348,-0.09648058252427183,-0.17375,1.81875,0.549828178694158,-0.20429687499999993,0.4,False
E0,Brentford,Fora,Under 2.5 golos,16,16.0,0.5625,0.49607837082461076,0.3317819560677652,0.7690163666481449,0.09648058252427183,0.13874999999999998,1.9681250000000001,0.5080978088281994,0.10707031249999988,0.6,False
E0,Brentford,Fora,Handicap Asiático (AH),16,,,,,,,-0.16843750000000002,1.908125,0.5240746806419915,,,False
E0,Brentford,Fora,Casa marca (>=1),16,16.0,0.625,0.4841229182759271,0.38640647097934805,0.8151901744524719,-0.11448220064724923,,,,,0.6,False
E0,Brentford,Fora,Clean sheet,16,16.0,0.3125,0.46351240544347894,0.14164435051961052,0.5559606813326594,0.05198220064724918,,,,,0.6,False
E0,Brentford,Fora,Ambas marcam (BTTS),16,16.0,0.4375,0.49607837082461076,0.2309836333518552,0.6682180439322348,-0.11913430420711979,,,,,0.4,False
E0,Brentford,Fora,Over 1.5 golos,16,16.0,0.8125,0.3903123748998999,0.5699064013154177,0.9340852122641323,0.026092233009708754,,,,,0.4,True
E0,Brentford,Fora,Over 3.5 golos,16,16.0,0.3125,0.46351240544347894,0.14164435051961052,0.5559606813326594,0.027710355987055013,,,,,0.4,False
E0,Brentford,Fora,Cantos total Over 8.5,16,16.0,0.75,0.4330127018922193,0.5050123107060135,0.8981809801576265,0.08656957928802589,,,,,0.6,True
E0,Brentford,Fora,Cantos total Over 9.5,16,16.0,0.6875,0.46351240544347894,0.4440393186673406,0.8583556494803894,0.12439320388349517,,,,,0.6,False
E0,Brentford,Fora,Cantos total Over 10.5,16,16.0,0.625,0.4841229182759271,0.38640647097934805,0.8151901744524719,0.1913430420711974,,,,,0.6,False
E0,Brentford,Fora,Cantos equipa Over 4.5,16,16.0,0.5625,0.49607837082461076,0.3317819560677652,0.7690163666481449,0.0479368932038835,,,,,0.2,True
E0,Brentford,Fora,Cantos equipa Over 5.5,16,16.0,0.375,0.4841229182759271,0.18480982554752803,0.6135935290206519,-0.008495145631067957,,,,,0.2,True
E0,Brentford,Fora,Equipa ganha cantos,16,16.0,0.5,0.5,0.2799923761135083,0.7200076238864918,0.05987055016181231,,,,,0.2,True
E0,Brentford,Casa,Vitória (1X2),15,15.0,0.4666666666666667,0.49888765156985887,0.24809225259746442,0.6988336984894922,0.10258899676375405,0.2773333333333333,2.8506666666666662,0.35079513564078585,0.3303111111111108,0.2,True
E0,Brentford,Casa,Over 2.5 golos,15,15.0,0.5333333333333333,0.49888765156985887,0.3011663015105079,0.7519077474025356,-0.0006472491909385036,-0.07866666666666668,1.7579999999999996,0.5688282138794085,-0.06240000000000012,0.4,False
E0,Brentford,Casa,Under 2.5 golos,15,15.0,0.4666666666666667,0.49888765156985887,0.24809225259746442,0.6988336984894922,0.0006472491909385036,-0.07266666666666668,2.04,0.49019607843137253,-0.04799999999999993,0.6,False
E0,Brentford,Casa,Handicap Asiático (AH),15,,,,,,,0.2046666666666667,1.8986666666666667,0.526685393258427,,,False
E0,Brentford,Casa,Casa marca (>=1),15,15.0,0.7333333333333333,0.44221663871405337,0.48049110342313245,0.8910272389681717,-0.006148867313915951,,,,,0.6,False
E0,Brentford,Casa,Clean sheet,15,15.0,0.2,0.4,0.07047420643610411,0.4518593533465045,-0.06051779935275081,,,,,0.2,False
E0,Brentford,Casa,Ambas marcam (BTTS),15,15.0,0.6,0.4898979485566356,0.357464427565077,0.8017577191740534,0.04336569579288019,,,,,0.4,True
E0,Brentford,Casa,Over 1.5 golos,15,15.0,0.8,0.39999999999999997,0.5481406466534955,0.9295257935638959,0.013592233009708798,,,,,1.0,False
E0,Brentford,Casa,Over 3.5 golos,15,15.0,0.4666666666666667,0.49888765156985887,0.24809225259746442,0.6988336984894922,0.1818770226537217,,,,,0.2,True
E0,Brentford,Casa,Cantos total Over 8.5,15,15.0,0.6,0.4898979485566356,0.357464427565077,0.8017577191740534,-0.06343042071197413,,,,,0.8,False
E0,Brentford,Casa,Cantos total Over 9.5,15,15.0,0.5333333333333333,0.49888765156985887,0.3011663015105079,0.7519077474025356,-0.0297734627831715,,,,,0.8,False
E0,Brentford,Casa,Cantos total Over 10.5,15,15.0,0.4,0.4898979485566356,0.19824228082594664,0.6425355724349229,-0.03365695792880258,,,,,0.4,False
E0,Brentford,Casa,Cantos equipa Over 4.5,15,15.0,0.5333333333333333,0.49888765156985887,0.3011663015105079,0.7519077474025356,0.018770226537216828,,,,,0.8,False
E0,Brentford,Casa,Cantos equipa Over 5.5,15,15.0,0.3333333333333333,0.4714045207910317,0.15176100694691236,0.5828687484878702,-0.05016181229773464,,,,,0.8,False
E0,Brentford,Casa,Equipa ganha cantos,15,15.0,0.6,0.4898979485566356,0.357464427565077,0.8017577191740534,0.15987055016181229,,,,,0.8,False
E0,Brighton,Fora,Vitória (1X2),15,15.0,0.26666666666666666,0.4422166387140533,0.10897276103182815,0.5195088965768675,-0.09741100323624596,-0.19466666666666663,3.568,0.2802690582959641,-0.04853333333333332,0.4,False
E0,Brighton,Fora,Over 2.5 golos,15,15.0,0.4,0.4898979485566356,0.19824228082594664,0.6425355724349229,-0.1339805825242718,-0.34400000000000003,1.7146666666666666,0.583203732503888,-0.31413333333333326,0.2,True
E0,Brighton,Fora,Under 2.5 golos,15,15.0,0.6,0.4898979485566356,0.357464427565077,0.8017577191740534,0.1339805825242718,0.24466666666666664,2.1286666666666663,0.46977763858440347,0.27719999999999967,0.8,False
E0,Brighton,Fora,Handicap Asiático (AH),15,,,,,,,0.046333333333333296,2.111333333333333,0.47363435427849704,,,False
E0,Brighton,Fora,Casa marca (>=1),15,15.0,0.7333333333333333,0.44221663871405337,0.48049110342313245,0.8910272389681717,-0.006148867313915951,,,,,0.8,False
E0,Brighton,Fora,Clean sheet,15,15.0,0.26666666666666666,0.4422166387140533,0.10897276103182815,0.5195088965768675,0.00614886731391584,,,,,0.4,False
E0,Brighton,Fora,Ambas marcam (BTTS),15,15.0,0.5333333333333333,0.49888765156985887,0.3011663015105079,0.7519077474025356,-0.023300970873786464,,,,,0.4,False
E0,Brighton,Fora,Over 1.5 golos,15,15.0,0.8,0.39999999999999997,0.5481406466534955,0.9295257935638959,0.013592233009708798,,,,,0.6,True
E0,Brighton,Fora,Over 3.5 golos,15,15.0,0.2,0.4,0.07047420643610411,0.4518593533465045,-0.08478964401294498,,,,,0.0,True
E0,Brighton,Fora,Cantos total Over 8.5,15,15.0,0.6666666666666666,0.4714045207910317,0.4171312515121298,0.8482389930530875,0.003236245954692518,,,,,0.8,False
E0,Brighton,Fora,Cantos total Over 9.5,15,15.0,0.6,0.4898979485566356,0.357464427565077,0.8017577191740534,0.03689320388349515,,,,,0.8,False
E0,Brighton,Fora,Cantos total Over 10.5,15,15.0,0.3333333333333333,0.4714045207910317,0.15176100694691236,0.5828687484878702,-0.10032362459546929,,,,,0.4,False
E0,Brighton,Fora,Cantos equipa Over 4.5,15,15.0,0.4666666666666667,0.49888765156985887,0.24809225259746442,0.6988336984894922,-0.047896440129449824,,,,,0.4,False
E0,Brighton,Fora,Cantos equipa Over 5.5,15,15.0,0.3333333333333333,0.4714045207910317,0.15176100694691236,0.5828687484878702,-0.05016181229773464,,,,,0.2,False
E0,Brighton,Fora,Equipa ganha cantos,15,15.0,0.26666666666666666,0.4422166387140533,0.10897276103182815,0.5195088965768675,-0.17346278317152103,,,,,0.0,True
E0,Brighton,Casa,Vitória (1X2),16,16.0,0.4375,0.49607837082461076,0.2309836333518552,0.6682180439322348,0.07342233009708737,0.04562499999999996,2.309375,0.4330175913396481,0.010351562500000133,0.4,False
E0,Brighton,Casa,Over 2.5 golos,16,16.0,0.5,0.5,0.2799923761135083,0.7200076238864918,-0.03398058252427183,-0.13687499999999997,1.726875,0.579080709373869,-0.13656250000000003,0.4,False
E0,Brighton,Casa,Under 2.5 golos,16,16.0,0.5,0.5,0.2799923761135083,0.7200076238864918,0.03398058252427183,0.04249999999999998,2.078125,0.48120300751879697,0.0390625,0.6,False
E0,Brighton,Casa,Handicap Asiático (AH),16,,,,,,,-0.11625000000000002,1.8737499999999998,0.533689126084056,,,False
E0,Brighton,Casa,Casa marca (>=1),16,16.0,0.8125,0.3903123748998999,0.5699064013154177,0.9340852122641323,0.07301779935275077,,,,,0.6,True
E0,Brighton,Casa,Clean sheet,16,16.0,0.1875,0.3903123748998999,0.06591478773586763,0.4300935986845823,-0.07301779935275082,,,,,0.0,True
E0,Brighton,Casa,Ambas marcam (BTTS),16,16.0,0.6875,0.46351240544347894,0.4440393186673406,0.8583556494803894,0.1308656957928802,,,,,0.6,False
E0,Brighton,Casa,Over 1.5 golos,16,16.0,0.8125,0.3903123748998999,0.5699064013154177,0.9340852122641323,0.026092233009708754,,,,,0.6,True
E0,Brighton,Casa,Over 3.5 golos,16,16.0,0.125,0.33071891388307384,0.034976749337057134,0.3602333143674828,-0.159789644012945,,,,,0.0,False
E0,Brighton,Casa,Cantos total Over 8.5,16,16.0,0.5,0.5,0.2799923761135083,0.7200076238864918,-0.1634304207119741,,,,,0.2,True
E0,Brighton,Casa,Cantos total Over 9.5,16,16.0,0.5,0.5,0.2799923761135083,0.7200076238864918,-0.06310679611650483,,,,,0.2,True
E0,Brighton,Casa,Cantos total Over 10.5,16,16.0,0.5,0.5,0.2799923761135083,0.7200076238864918,0.0663430420711974,,,,,0.2,True
E0,Brighton,Casa,Cantos equipa Over 4.5,16,16.0,0.375,0.4841229182759271,0.18480982554752803,0.6135935290206519,-0.1395631067961165,,,,,0.2,True
E0,Brighton,Casa,Cantos equipa Over 5.5,16,16.0,0.25,0.4330127018922193,0.10181901984237347,0.4949876892939865,-0.13349514563106796,,,,,0.0,True
E0,Brighton,Casa,Equipa ganha cantos,16,16.0,0.5,0.5,0.2799923761135083,0.7200076238864918,0.05987055016181231,,,,,0.4,False
E0,Burnley,Fora,Vitória (1X2),16,16.0,0.125,0.33071891388307384,0.034976749337057134,0.3602333143674828,-0.23907766990291263,-0.3600000000000001,7.808125,0.12807172016329144,-0.023984374999999947,0.2,False
E0,Burnley,Fora,Over 2.5 golos,16,16.0,0.6875,0.46351240544347894,0.4440393186673406,0.8583556494803894,0.15351941747572817,0.25375,1.77,0.5649717514124294,0.21687499999999993,0.6,False
E0,Burnley,Fora,Under 2.5 golos,16,16.0,0.3125,0.46351240544347894,0.14164435051961052,0.5559606813326594,-0.15351941747572817,-0.3,2.080625,0.48062481225593273,-0.34980468750000004,0.4,False
E0,Burnley,Fora,Handicap Asiático (AH),16,,,,,,,-0.13874999999999998,2.0093750000000004,0.49766718506998436,,,False
E0,Burnley,Fora,Casa marca (>=1),16,16.0,0.75,0.4330127018922193,0.5050123107060135,0.8981809801576265,0.010517799352750767,,,,,0.6,True
E0,Burnley,Fora,Clean sheet,16,16.0,0.0,0.0,0.0,0.19361341827271994,-0.2605177993527508,,,,,0.0,False
E0,Burnley,Fora,Ambas marcam (BTTS),16,16.0,0.75,0.4330127018922193,0.5050123107060135,0.8981809801576265,0.1933656957928802,,,,,0.6,True
E0,Burnley,Fora,Over 1.5 golos,16,16.0,1.0,0.0,0.8063865817272801,1.0,0.21359223300970875,,,,,1.0,False
E0,Burnley,Fora,Over 3.5 golos,16,16.0,0.4375,0.49607837082461076,0.2309836333518552,0.6682180439322348,0.152710355987055,,,,,0.4,False
E0,Burnley,Fora,Cantos total Over 8.5,16,16.0,0.6875,0.46351240544347894,0.4440393186673406,0.8583556494803894,0.02406957928802589,,,,,0.8,False
E0,Burnley,Fora,Cantos total Over 9.5,16,16.0,0.625,0.4841229182759271,0.38640647097934805,0.8151901744524719,0.061893203883495174,,,,,0.6,False
E0,Burnley,Fora,Cantos total Over 10.5,16,16.0,0.4375,0.49607837082461076,0.2309836333518552,0.6682180439322348,0.0038430420711974,,,,,0.4,False
E0,Burnley,Fora,Cantos equipa Over 4.5,16,16.0,0.3125,0.46351240544347894,0.14164435051961052,0.5559606813326594,-0.2020631067961165,,,,,0.4,False
E0,Burnley,Fora,Cantos equipa Over 5.5,16,16.0,0.1875,0.3903123748998999,0.06591478773586763,0.4300935986845823,-0.19599514563106796,,,,,0.2,False
E0,Burnley,Fora,Equipa ganha cantos,16,16.0,0.125,0.33071891388307384,0.034976749337057134,0.3602333143674828,-0.3151294498381877,,,,,0.2,False
E0,Burnley,Casa,Vitória (1X2),15,15.0,0.13333333333333333,0.33993463423951903,0.037360469891359285,0.3788249920651624,-0.2307443365695793,-0.63,4.884666666666666,0.20472226013375192,-0.3487111111111112,0.0,False
E0,Burnley,Casa,Over 2.5 golos,15,15.0,0.3333333333333333,0.4714045207910317,0.15176100694691236,0.5828687484878702,-0.20064724919093851,-0.37866666666666665,1.893333333333333,0.5281690140845071,-0.36888888888888904,0.6,False
E0,Burnley,Casa,Under 2.5 golos,15,15.0,0.6666666666666666,0.4714045207910317,0.4171312515121298,0.8482389930530875,0.20064724919093846,0.2673333333333333,1.9026666666666665,0.5255781359495445,0.26844444444444426,0.4,True
E0,Burnley,Casa,Handicap Asiático (AH),15,,,,,,,0.032333333333333325,1.8766666666666665,0.5328596802841918,,,False
E0,Burnley,Casa,Casa marca (>=1),15,15.0,0.5333333333333333,0.49888765156985887,0.3011663015105079,0.7519077474025356,-0.2061488673139159,,,,,0.6,False
E0,Burnley,Casa,Clean sheet,15,15.0,0.26666666666666666,0.4422166387140533,0.10897276103182815,0.5195088965768675,0.00614886731391584,,,,,0.2,False
E0,Burnley,Casa,Ambas marcam (BTTS),15,15.0,0.4,0.4898979485566356,0.19824228082594664,0.6425355724349229,-0.15663430420711977,,,,,0.6,False
E0,Burnley,Casa,Over 1.5 golos,15,15.0,0.7333333333333333,0.44221663871405337,0.48049110342313245,0.8910272389681717,-0.053074433656957964,,,,,0.8,False
E0,Burnley,Casa,Over 3.5 golos,15,15.0,0.3333333333333333,0.4714045207910317,0.15176100694691236,0.5828687484878702,0.04854368932038833,,,,,0.6,False
E0,Burnley,Casa,Cantos total Over 8.5,15,15.0,0.4666666666666667,0.49888765156985887,0.24809225259746442,0.6988336984894922,-0.19676375404530744,,,,,0.4,False
E0,Burnley,Casa,Cantos total Over 9.5,15,15.0,0.4,0.4898979485566356,0.19824228082594664,0.6425355724349229,-0.1631067961165048,,,,,0.4,False
E0,Burnley,Casa,Cantos total Over 10.5,15,15.0,0.3333333333333333,0.4714045207910317,0.15176100694691236,0.5828687484878702,-0.10032362459546929,,,,,0.4,False
E0,Burnley,Casa,Cantos equipa Over 4.5,15,15.0,0.26666666666666666,0.4422166387140533,0.10897276103182815,0.5195088965768675,-0.24789644012944984,,,,,0.4,False
E0,Burnley,Casa,Cantos equipa Over 5.5,15,15.0,0.13333333333333333,0.33993463423951903,0.037360469891359285,0.3788249920651624,-0.2501618122977346,,,,,0.0,False
E0,Burnley,Casa,Equipa ganha cantos,15,15.0,0.26666666666666666,0.4422166387140533,0.10897276103182815,0.5195088965768675,-0.17346278317152103,,,,,0.2,False
E0,Chelsea,Fora,Vitória (1X2),16,16.0,0.4375,0.49607837082461076,0.2309836333518552,0.6682180439322348,0.07342233009708737,-0.14187500000000003,2.4,0.4166666666666667,0.050000000000000044,0.6,False
E0,Chelsea,Fora,Over 2.5 golos,16,16.0,0.75,0.4330127018922193,0.5050123107060135,0.8981809801576265,0.21601941747572817,0.27999999999999997,1.6912500000000001,0.5912786400591278,0.2684375000000001,1.0,False
E0,Chelsea,Fora,Under 2.5 golos,16,16.0,0.25,0.4330127018922193,0.10181901984237347,0.4949876892939865,-0.21601941747572817,-0.44625000000000004,2.126875,0.47017337643255946,-0.46828125,0.0,True
E0,Chelsea,Fora,Handicap Asiático (AH),16,,,,,,,0.05562500000000001,1.87,0.53475935828877,,,False
E0,Chelsea,Fora,Casa marca (>=1),16,16.0,0.875,0.33071891388307384,0.6397666856325172,0.9650232506629429,0.13551779935275077,,,,,0.8,False
E0,Chelsea,Fora,Clean sheet,16,16.0,0.25,0.4330127018922193,0.10181901984237347,0.4949876892939865,-0.010517799352750823,,,,,0.0,True
E0,Chelsea,Fora,Ambas marcam (BTTS),16,16.0,0.6875,0.46351240544347894,0.4440393186673406,0.8583556494803894,0.1308656957928802,,,,,0.8,False
E0,Chelsea,Fora,Over 1.5 golos,16,16.0,0.875,0.33071891388307384,0.6397666856325172,0.9650232506629429,0.08859223300970875,,,,,1.0,False
E0,Chelsea,Fora,Over 3.5 golos,16,16.0,0.4375,0.49607837082461076,0.2309836333518552,0.6682180439322348,0.152710355987055,,,,,0.6,False
E0,Chelsea,Fora,Cantos total Over 8.5,16,16.0,0.75,0.4330127018922193,0.5050123107060135,0.8981809801576265,0.08656957928802589,,,,,0.8,False
E0,Chelsea,Fora,Cantos total Over 9.5,16,16.0,0.6875,0.46351240544347894,0.4440393186673406,0.8583556494803894,0.12439320388349517,,,,,0.6,False
E0,Chelsea,Fora,Cantos total Over 10.5,16,16.0,0.4375,0.49607837082461076,0.2309836333518552,0.6682180439322348,0.0038430420711974,,,,,0.6,False
E0,Chelsea,Fora,Cantos equipa Over 4.5,16,16.0,0.625,0.4841229182759271,0.38640647097934805,0.8151901744524719,0.1104368932038835,,,,,0.8,False
E0,Chelsea,Fora,Cantos equipa Over 5.5,16,16.0,0.375,0.4841229182759271,0.18480982554752803,0.6135935290206519,-0.008495145631067957,,,,,0.6,False
E0,Chelsea,Fora,Equipa ganha cantos,16,16.0,0.5,0.5,0.2799923761135083,0.7200076238864918,0.05987055016181231,,,,,1.0,False
E0,Chelsea,Casa,Vitória (1X2),15,15.0,0.4,0.4898979485566356,0.19824228082594664,0.6425355724349229,0.035922330097087396,-0.292,1.7786666666666668,0.5622188905547226,-0.2885333333333333,0.4,False
E0,Chelsea,Casa,Over 2.5 golos,15,15.0,0.5333333333333333,0.49888765156985887,0.3011663015105079,0.7519077474025356,-0.0006472491909385036,-0.15066666666666664,1.6213333333333333,0.6167763157894737,-0.1352888888888889,0.4,False
E0,Chelsea,Casa,Under 2.5 golos,15,15.0,0.4666666666666667,0.49888765156985887,0.24809225259746442,0.6988336984894922,0.0006472491909385036,0.043333333333333356,2.2726666666666673,0.4400117336462305,0.060577777777778063,0.6,False
E0,Chelsea,Casa,Handicap Asiático (AH),15,,,,,,,-0.25966666666666666,1.8673333333333335,0.535523027490182,,,False
E0,Chelsea,Casa,Casa marca (>=1),15,15.0,0.8666666666666667,0.339934634239519,0.6211750079348376,0.9626395301086408,0.12718446601941746,,,,,0.8,False
E0,Chelsea,Casa,Clean sheet,15,15.0,0.3333333333333333,0.4714045207910317,0.15176100694691236,0.5828687484878702,0.07281553398058249,,,,,0.2,False
E0,Chelsea,Casa,Ambas marcam (BTTS),15,15.0,0.6,0.4898979485566356,0.357464427565077,0.8017577191740534,0.04336569579288019,,,,,0.6,False
E0,Chelsea,Casa,Over 1.5 golos,15,15.0,0.8666666666666667,0.339934634239519,0.6211750079348376,0.9626395301086408,0.08025889967637545,,,,,0.8,False
E0,Chelsea,Casa,Over 3.5 golos,15,15.0,0.26666666666666666,0.4422166387140533,0.10897276103182815,0.5195088965768675,-0.018122977346278324,,,,,0.4,False
E0,Chelsea,Casa,Cantos total Over 8.5,15,15.0,0.8666666666666667,0.339934634239519,0.6211750079348376,0.9626395301086408,0.20323624595469258,,,,,0.8,False
E0,Chelsea,Casa,Cantos total Over 9.5,15,15.0,0.7333333333333333,0.44221663871405337,0.48049110342313245,0.8910272389681717,0.17022653721682846,,,,,0.6,False
E0,Chelsea,Casa,Cantos total Over 10.5,15,15.0,0.6,0.4898979485566356,0.357464427565077,0.8017577191740534,0.16634304207119738,,,,,0.6,False
E0,Chelsea,Casa,Cantos equipa Over 4.5,15,15.0,0.7333333333333333,0.44221663871405337,0.48049110342313245,0.8910272389681717,0.21877022653721678,,,,,0.6,False
E0,Chelsea,Casa,Cantos equipa Over 5.5,15,15.0,0.6666666666666666,0.4714045207910317,0.4171312515121298,0.8482389930530875,0.2831715210355987,,,,,0.6,False
E0,Chelsea,Casa,Equipa ganha cantos,15,15.0,0.6666666666666666,0.4714045207910317,0.4171312515121298,0.8482389930530875,0.22653721682847894,,,,,0.8,False
E0,Crystal Palace,Fora,Vitória (1X2),15,15.0,0.4666666666666667,0.49888765156985887,0.24809225259746442,0.6988336984894922,0.10258899676375405,0.3066666666666667,3.6806666666666668,0.2716899112479623,0.7176444444444445,0.4,False
E0,Crystal Palace,Fora,Over 2.5 golos,15,15.0,0.5333333333333333,0.49888765156985887,0.3011663015105079,0.7519077474025356,-0.0006472491909385036,0.05333333333333334,1.9093333333333333,0.5237430167597765,0.018311111111111167,0.6,False
E0,Crystal Palace,Fora,Under 2.5 golos,15,15.0,0.4666666666666667,0.49888765156985887,0.24809225259746442,0.6988336984894922,0.0006472491909385036,-0.09266666666666666,1.8793333333333335,0.532103582830791,-0.12297777777777763,0.4,False
E0,Crystal Palace,Fora,Handicap Asiático (AH),15,,,,,,,0.2693333333333333,1.911333333333333,0.5231949773282177,,,False
E0,Crystal Palace,Fora,Casa marca (>=1),15,15.0,0.8,0.39999999999999997,0.5481406466534955,0.9295257935638959,0.06051779935275081,,,,,1.0,False
E0,Crystal Palace,Fora,Clean sheet,15,15.0,0.3333333333333333,0.4714045207910317,0.15176100694691236,0.5828687484878702,0.07281553398058249,,,,,0.2,False
E0,Crystal Palace,Fora,Ambas marcam (BTTS),15,15.0,0.5333333333333333,0.49888765156985887,0.3011663015105079,0.7519077474025356,-0.023300970873786464,,,,,0.8,False
E0,Crystal Palace,Fora,Over 1.5 golos,15,15.0,0.7333333333333333,0.44221663871405337,0.48049110342313245,0.8910272389681717,-0.053074433656957964,,,,,0.8,False
E0,Crystal Palace,Fora,Over 3.5 golos,15,15.0,0.13333333333333333,0.33993463423951903,0.037360469891359285,0.3788249920651624,-0.15145631067961166,,,,,0.2,False
E0,Crystal Palace,Fora,Cantos total Over 8.5,15,15.0,0.5333333333333333,0.49888765156985887,0.3011663015105079,0.7519077474025356,-0.13009708737864079,,,,,0.4,False
E0,Crystal Palace,Fora,Cantos total Over 9.5,15,15.0,0.4666666666666667,0.49888765156985887,0.24809225259746442,0.6988336984894922,-0.09644012944983815,,,,,0.2,True
E0,Crystal Palace,Fora,Cantos total Over 10.5,15,15.0,0.4,0.4898979485566356,0.19824228082594664,0.6425355724349229,-0.03365695792880258,,,,,0.2,True
E0,Crystal Palace,Fora,Cantos equipa Over 4.5,15,15.0,0.26666666666666666,0.4422166387140533,0.10897276103182815,0.5195088965768675,-0.24789644012944984,,,,,0.2,False
E0,Crystal Palace,Fora,Cantos equipa Over 5.5,15,15.0,0.2,0.4,0.07047420643610411,0.4518593533465045,-0.18349514563106795,,,,,0.2,False
E0,Crystal Palace,Fora,Equipa ganha cantos,15,15.0,0.4,0.4898979485566356,0.19824228082594664,0.6425355724349229,-0.04012944983818767,,,,,0.6,False
E0,Crystal Palace,Casa,Vitória (1X2),15,15.0,0.2,0.4,0.07047420643610411,0.4518593533465045,-0.16407766990291262,-0.5093333333333333,2.4819999999999998,0.4029008863819501,-0.5036,0.2,False
E0,Crystal Palace,Casa,Over 2.5 golos,15,15.0,0.4,0.4898979485566356,0.19824228082594664,0.6425355724349229,-0.1339805825242718,-0.28933333333333333,1.8686666666666667,0.5351409204423832,-0.2525333333333333,0.4,False
E0,Crystal Palace,Casa,Under 2.5 golos,15,15.0,0.6,0.4898979485566356,0.357464427565077,0.8017577191740534,0.1339805825242718,0.10333333333333335,1.9053333333333329,0.5248425472358293,0.14319999999999977,0.6,False
E0,Crystal Palace,Casa,Handicap Asiático (AH),15,,,,,,,-0.3616666666666667,1.8726666666666667,0.533997864008544,,,False
E0,Crystal Palace,Casa,Casa marca (>=1),15,15.0,0.6,0.4898979485566356,0.357464427565077,0.8017577191740534,-0.13948220064724925,,,,,0.6,False
E0,Crystal Palace,Casa,Clean sheet,15,15.0,0.4,0.4898979485566356,0.19824228082594664,0.6425355724349229,0.1394822006472492,,,,,0.6,False
E0,Crystal Palace,Casa,Ambas marcam (BTTS),15,15.0,0.4666666666666667,0.49888765156985887,0.24809225259746442,0.6988336984894922,-0.08996763754045312,,,,,0.4,False
E0,Crystal Palace,Casa,Over 1.5 golos,15,15.0,0.6,0.4898979485566356,0.357464427565077,0.8017577191740534,-0.18640776699029127,,,,,0.4,True
E0,Crystal Palace,Casa,Over 3.5 golos,15,15.0,0.2,0.4,0.07047420643610411,0.4518593533465045,-0.08478964401294498,,,,,0.4,False
E0,Crystal Palace,Casa,Cantos total Over 8.5,15,15.0,0.5333333333333333,0.49888765156985887,0.3011663015105079,0.7519077474025356,-0.13009708737864079,,,,,0.8,False
E0,Crystal Palace,Casa,Cantos total Over 9.5,15,15.0,0.4,0.4898979485566356,0.19824228082594664,0.6425355724349229,-0.1631067961165048,,,,,0.6,False
E0,Crystal Palace,Casa,Cantos total Over 10.5,15,15.0,0.26666666666666666,0.4422166387140533,0.10897276103182815,0.5195088965768675,-0.16699029126213594,,,,,0.2,False
E0,Crystal Palace,Casa,Cantos equipa Over 4.5,15,15.0,0.4666666666666667,0.49888765156985887,0.24809225259746442,0.6988336984894922,-0.047896440129449824,,,,,0.6,False
E0,Crystal Palace,Casa,Cantos equipa Over 5.5,15,15.0,0.4,0.4898979485566356,0.19824228082594664,0.6425355724349229,0.016504854368932065,,,,,0.6,False
E0,Crystal Palace,Casa,Equipa ganha cantos,15,15.0,0.5333333333333333,0.49888765156985887,0.3011663015105079,0.7519077474025356,0.09320388349514563,,,,,0.6,False
E0,Everton,Fora,Vitória (1X2),15,15.0,0.4666666666666667,0.49888765156985887,0.24809225259746442,0.6988336984894922,0.10258899676375405,0.8473333333333334,4.530666666666667,0.22071806945261918,1.1143111111111113,0.6,False
E0,Everton,Fora,Over 2.5 golos,15,15.0,0.26666666666666666,0.4422166387140533,0.10897276103182815,0.5195088965768675,-0.26731391585760517,-0.4886666666666667,1.9513333333333334,0.5124701059104886,-0.47964444444444443,0.4,False
E0,Everton,Fora,Under 2.5 golos,15,15.0,0.7333333333333333,0.44221663871405337,0.48049110342313245,0.8910272389681717,0.2673139158576051,0.3426666666666666,1.8513333333333335,0.5401512423478574,0.35764444444444443,0.6,False
E0,Everton,Fora,Handicap Asiático (AH),15,,,,,,,0.18999999999999997,1.908,0.5241090146750524,,,False
E0,Everton,Fora,Casa marca (>=1),15,15.0,0.6666666666666666,0.4714045207910317,0.4171312515121298,0.8482389930530875,-0.0728155339805826,,,,,0.8,False
E0,Everton,Fora,Clean sheet,15,15.0,0.3333333333333333,0.4714045207910317,0.15176100694691236,0.5828687484878702,0.07281553398058249,,,,,0.2,False
E0,Everton,Fora,Ambas marcam (BTTS),15,15.0,0.4,0.4898979485566356,0.19824228082594664,0.6425355724349229,-0.15663430420711977,,,,,0.6,False
E0,Everton,Fora,Over 1.5 golos,15,15.0,0.6666666666666666,0.4714045207910317,0.4171312515121298,0.8482389930530875,-0.11974110032362462,,,,,0.8,False
E0,Everton,Fora,Over 3.5 golos,15,15.0,0.13333333333333333,0.33993463423951903,0.037360469891359285,0.3788249920651624,-0.15145631067961166,,,,,0.2,False
E0,Everton,Fora,Cantos total Over 8.5,15,15.0,0.7333333333333333,0.44221663871405337,0.48049110342313245,0.8910272389681717,0.06990291262135917,,,,,0.8,False
E0,Everton,Fora,Cantos total Over 9.5,15,15.0,0.5333333333333333,0.49888765156985887,0.3011663015105079,0.7519077474025356,-0.0297734627831715,,,,,0.6,False
E0,Everton,Fora,Cantos total Over 10.5,15,15.0,0.4,0.4898979485566356,0.19824228082594664,0.6425355724349229,-0.03365695792880258,,,,,0.4,False
E0,Everton,Fora,Cantos equipa Over 4.5,15,15.0,0.26666666666666666,0.4422166387140533,0.10897276103182815,0.5195088965768675,-0.24789644012944984,,,,,0.2,False
E0,Everton,Fora,Cantos equipa Over 5.5,15,15.0,0.2,0.4,0.07047420643610411,0.4518593533465045,-0.18349514563106795,,,,,0.2,False
E0,Everton,Fora,Equipa ganha cantos,15,15.0,0.13333333333333333,0.33993463423951903,0.037360469891359285,0.3788249920651624,-0.3067961165048544,,,,,0.0,False
E0,Everton,Casa,Vitória (1X2),16,16.0,0.375,0.4841229182759271,0.18480982554752803,0.6135935290206519,0.010922330097087374,-0.0675,2.676875,0.3735699276208265,0.003828125000000071,0.4,False
E0,Everton,Casa,Over 2.5 golos,16,16.0,0.4375,0.49607837082461076,0.2309836333518552,0.6682180439322348,-0.09648058252427183,-0.128125,1.9968750000000002,0.5007824726134584,-0.12636718749999987,0.4,False
E0,Everton,Casa,Under 2.5 golos,16,16.0,0.5625,0.49607837082461076,0.3317819560677652,0.7690163666481449,0.09648058252427183,0.006249999999999978,1.7906250000000001,0.5584642233856894,0.007226562500000089,0.6,False
E0,Everton,Casa,Handicap Asiático (AH),16,,,,,,,-0.17812499999999998,1.896875,0.5271828665568369,,,False
E0,Everton,Casa,Casa marca (>=1),16,16.0,0.75,0.4330127018922193,0.5050123107060135,0.8981809801576265,0.010517799352750767,,,,,0.8,False
E0,Everton,Casa,Clean sheet,16,16.0,0.375,0.4841229182759271,0.18480982554752803,0.6135935290206519,0.11448220064724918,,,,,0.4,False
E0,Everton,Casa,Ambas marcam (BTTS),16,16.0,0.4375,0.49607837082461076,0.2309836333518552,0.6682180439322348,-0.11913430420711979,,,,,0.4,False
E0,Everton,Casa,Over 1.5 golos,16,16.0,0.8125,0.3903123748998999,0.5699064013154177,0.9340852122641323,0.026092233009708754,,,,,0.8,False
E0,Everton,Casa,Over 3.5 golos,16,16.0,0.125,0.33071891388307384,0.034976749337057134,0.3602333143674828,-0.159789644012945,,,,,0.0,False
E0,Everton,Casa,Cantos total Over 8.5,16,16.0,0.6875,0.46351240544347894,0.4440393186673406,0.8583556494803894,0.02406957928802589,,,,,0.8,False
E0,Everton,Casa,Cantos total Over 9.5,16,16.0,0.375,0.4841229182759271,0.18480982554752803,0.6135935290206519,-0.18810679611650483,,,,,0.4,False
E0,Everton,Casa,Cantos total Over 10.5,16,16.0,0.375,0.4841229182759271,0.18480982554752803,0.6135935290206519,-0.0586569579288026,,,,,0.4,False
E0,Everton,Casa,Cantos equipa Over 4.5,16,16.0,0.5,0.5,0.2799923761135083,0.7200076238864918,-0.014563106796116498,,,,,0.6,False
E0,Everton,Casa,Cantos equipa Over 5.5,16,16.0,0.5,0.5,0.2799923761135083,0.7200076238864918,0.11650485436893204,,,,,0.6,False
E0,Everton,Casa,Equipa ganha cantos,16,16.0,0.5,0.5,0.2799923761135083,0.7200076238864918,0.05987055016181231,,,,,0.6,False
E0,Fulham,Fora,Vitória (1X2),15,15.0,0.26666666666666666,0.4422166387140533,0.10897276103182815,0.5195088965768675,-0.09741100323624596,-0.29733333333333334,3.9580000000000006,0.2526528549772612,0.055466666666666775,0.2,False
E0,Fulham,Fora,Over 2.5 golos,15,15.0,0.5333333333333333,0.49888765156985887,0.3011663015105079,0.7519077474025356,-0.0006472491909385036,0.00600000000000002,1.8893333333333333,0.529287226534933,0.007644444444444343,0.6,False
E0,Fulham,Fora,Under 2.5 golos,15,15.0,0.4666666666666667,0.49888765156985887,0.24809225259746442,0.6988336984894922,0.0006472491909385036,-0.11733333333333332,1.9093333333333329,0.5237430167597766,-0.10897777777777795,0.4,False
E0,Fulham,Fora,Handicap Asiático (AH),15,,,,,,,0.09266666666666665,2.0573333333333337,0.4860661049902786,,,False
E0,Fulham,Fora,Casa marca (>=1),15,15.0,0.6666666666666666,0.4714045207910317,0.4171312515121298,0.8482389930530875,-0.0728155339805826,,,,,0.4,True
E0,Fulham,Fora,Clean sheet,15,15.0,0.13333333333333333,0.33993463423951903,0.037360469891359285,0.3788249920651624,-0.1271844660194175,,,,,0.2,False
E0,Fulham,Fora,Ambas marcam (BTTS),15,15.0,0.6,0.4898979485566356,0.357464427565077,0.8017577191740534,0.04336569579288019,,,,,0.4,True
E0,Fulham,Fora,Over 1.5 golos,15,15.0,0.8,0.39999999999999997,0.5481406466534955,0.9295257935638959,0.013592233009708798,,,,,0.6,True
E0,Fulham,Fora,Over 3.5 golos,15,15.0,0.3333333333333333,0.4714045207910317,0.15176100694691236,0.5828687484878702,0.04854368932038833,,,,,0.4,False
E0,Fulham,Fora,Cantos total Over 8.5,15,15.0,0.7333333333333333,0.44221663871405337,0.48049110342313245,0.8910272389681717,0.06990291262135917,,,,,0.8,False
E0,Fulham,Fora,Cantos total Over 9.5,15,15.0,0.5333333333333333,0.49888765156985887,0.3011663015105079,0.7519077474025356,-0.0297734627831715,,,,,0.6,False
E0,Fulham,Fora,Cantos total Over 10.5,15,15.0,0.13333333333333333,0.33993463423951903,0.037360469891359285,0.3788249920651624,-0.30032362459546924,,,,,0.0,False
E0,Fulham,Fora,Cantos equipa Over 4.5,15,15.0,0.2,0.4,0.07047420643610411,0.4518593533465045,-0.3145631067961165,,,,,0.2,False
E0,Fulham,Fora,Cantos equipa Over 5.5,15,15.0,0.13333333333333333,0.33993463423951903,0.037360469891359285,0.3788249920651624,-0.2501618122977346,,,,,0.2,False
E0,Fulham,Fora,Equipa ganha cantos,15,15.0,0.13333333333333333,0.33993463423951903,0.037360469891359285,0.3788249920651624,-0.3067961165048544,,,,,0.2,False
E0,Fulham,Casa,Vitória (1X2),16,16.0,0.5625,0.49607837082461076,0.3317819560677652,0.7690163666481449,0.19842233009708737,0.24187500000000006,2.7737499999999997,0.3605227579990987,0.5602343749999998,0.6,False
E0,Fulham,Casa,Over 2.5 golos,16,16.0,0.625,0.4841229182759271,0.38640647097934805,0.8151901744524719,0.09101941747572817,0.169375,1.890625,0.5289256198347108,0.181640625,0.8,False
E0,Fulham,Casa,Under 2.5 golos,16,16.0,0.375,0.4841229182759271,0.18480982554752803,0.6135935290206519,-0.09101941747572817,-0.305625,1.8937499999999998,0.5280528052805281,-0.28984375000000007,0.2,True
E0,Fulham,Casa,Handicap Asiático (AH),16,,,,,,,0.34468750000000004,1.8643750000000001,0.5363727790814616,,,False
E0,Fulham,Casa,Casa marca (>=1),16,16.0,0.875,0.33071891388307384,0.6397666856325172,0.9650232506629429,0.13551779935275077,,,,,0.8,False
E0,Fulham,Casa,Clean sheet,16,16.0,0.25,0.4330127018922193,0.10181901984237347,0.4949876892939865,-0.010517799352750823,,,,,0.0,True
E0,Fulham,Casa,Ambas marcam (BTTS),16,16.0,0.625,0.4841229182759271,0.38640647097934805,0.8151901744524719,0.06836569579288021,,,,,0.8,False
E0,Fulham,Casa,Over 1.5 golos,16,16.0,0.6875,0.46351240544347894,0.4440393186673406,0.8583556494803894,-0.09890776699029125,,,,,0.8,False
E0,Fulham,Casa,Over 3.5 golos,16,16.0,0.25,0.4330127018922193,0.10181901984237347,0.4949876892939865,-0.03478964401294499,,,,,0.2,False
E0,Fulham,Casa,Cantos total Over 8.5,16,16.0,0.875,0.33071891388307384,0.6397666856325172,0.9650232506629429,0.2115695792880259,,,,,1.0,False
E0,Fulham,Casa,Cantos total Over 9.5,16,16.0,0.8125,0.3903123748998999,0.5699064013154177,0.9340852122641323,0.24939320388349517,,,,,1.0,False
E0,Fulham,Casa,Cantos total Over 10.5,16,16.0,0.75,0.4330127018922193,0.5050123107060135,0.8981809801576265,0.3163430420711974,,,,,1.0,False
E0,Fulham,Casa,Cantos equipa Over 4.5,16,16.0,0.6875,0.46351240544347894,0.4440393186673406,0.8583556494803894,0.1729368932038835,,,,,1.0,False
E0,Fulham,Casa,Cantos equipa Over 5.5,16,16.0,0.625,0.4841229182759271,0.38640647097934805,0.8151901744524719,0.24150485436893204,,,,,0.8,False
E0,Fulham,Casa,Equipa ganha cantos,16,16.0,0.375,0.4841229182759271,0.18480982554752803,0.6135935290206519,-0.06512944983818769,,,,,0.2,True
E0,Leeds,Fora,Vitória (1X2),15,15.0,0.06666666666666667,0.24944382578492943,0.011866588606194882,0.2981707755242399,-0.297411003236246,-0.8173333333333334,4.789999999999998,0.20876826722338213,-0.6806666666666668,0.0,False
E0,Leeds,Fora,Over 2.5 golos,15,15.0,0.4666666666666667,0.49888765156985887,0.24809225259746442,0.6988336984894922,-0.06731391585760516,-0.1653333333333333,1.8913333333333333,0.5287275290800141,-0.11737777777777769,0.4,False
E0,Leeds,Fora,Under 2.5 golos,15,15.0,0.5333333333333333,0.49888765156985887,0.3011663015105079,0.7519077474025356,0.06731391585760516,-0.029333333333333402,1.9299999999999997,0.5181347150259068,0.02933333333333321,0.6,False
E0,Leeds,Fora,Handicap Asiático (AH),15,,,,,,,0.1926666666666666,2.0606666666666666,0.4852798447104497,,,False
E0,Leeds,Fora,Casa marca (>=1),15,15.0,0.6,0.4898979485566356,0.357464427565077,0.8017577191740534,-0.13948220064724925,,,,,0.8,False
E0,Leeds,Fora,Clean sheet,15,15.0,0.13333333333333333,0.33993463423951903,0.037360469891359285,0.3788249920651624,-0.1271844660194175,,,,,0.2,False
E0,Leeds,Fora,Ambas marcam (BTTS),15,15.0,0.6,0.4898979485566356,0.357464427565077,0.8017577191740534,0.04336569579288019,,,,,0.8,False
E0,Leeds,Fora,Over 1.5 golos,15,15.0,0.8,0.39999999999999997,0.5481406466534955,0.9295257935638959,0.013592233009708798,,,,,0.8,False
E0,Leeds,Fora,Over 3.5 golos,15,15.0,0.4,0.4898979485566356,0.19824228082594664,0.6425355724349229,0.11521035598705504,,,,,0.4,False
E0,Leeds,Fora,Cantos total Over 8.5,15,15.0,0.5333333333333333,0.49888765156985887,0.3011663015105079,0.7519077474025356,-0.13009708737864079,,,,,0.6,False
E0,Leeds,Fora,Cantos total Over 9.5,15,15.0,0.4,0.4898979485566356,0.19824228082594664,0.6425355724349229,-0.1631067961165048,,,,,0.4,False
E0,Leeds,Fora,Cantos total Over 10.5,15,15.0,0.3333333333333333,0.4714045207910317,0.15176100694691236,0.5828687484878702,-0.10032362459546929,,,,,0.4,False
E0,Leeds,Fora,Cantos equipa Over 4.5,15,15.0,0.2,0.4,0.07047420643610411,0.4518593533465045,-0.3145631067961165,,,,,0.0,True
E0,Leeds,Fora,Cantos equipa Over 5.5,15,15.0,0.13333333333333333,0.33993463423951903,0.037360469891359285,0.3788249920651624,-0.2501618122977346,,,,,0.0,False
E0,Leeds,Fora,Equipa ganha cantos,15,15.0,0.26666666666666666,0.4422166387140533,0.10897276103182815,0.5195088965768675,-0.17346278317152103,,,,,0.0,True
E0,Leeds,Casa,Vitória (1X2),16,16.0,0.375,0.4841229182759271,0.18480982554752803,0.6135935290206519,0.010922330097087374,-0.031875000000000014,3.10875,0.32167269802975473,0.16578125,0.2,True
E0,Leeds,Casa,Over 2.5 golos,16,16.0,0.5625,0.49607837082461076,0.3317819560677652,0.7690163666481449,0.02851941747572817,0.09437499999999999,1.92,0.5208333333333334,0.07999999999999985,0.4,True
E0,Leeds,Casa,Under 2.5 golos,16,16.0,0.4375,0.49607837082461076,0.2309836333518552,0.6682180439322348,-0.02851941747572817,-0.169375,1.86875,0.5351170568561873,-0.18242187499999996,0.6,False
E0,Leeds,Casa,Handicap Asiático (AH),16,,,,,,,0.1771875,1.8518750000000002,0.5399932500843739,,,False
E0,Leeds,Casa,Casa marca (>=1),16,16.0,0.6875,0.46351240544347894,0.4440393186673406,0.8583556494803894,-0.05198220064724923,,,,,0.2,True
E0,Leeds,Casa,Clean sheet,16,16.0,0.25,0.4330127018922193,0.10181901984237347,0.4949876892939865,-0.010517799352750823,,,,,0.2,False
E0,Leeds,Casa,Ambas marcam (BTTS),16,16.0,0.5625,0.49607837082461076,0.3317819560677652,0.7690163666481449,0.00586569579288021,,,,,0.2,True
E0,Leeds,Casa,Over 1.5 golos,16,16.0,0.625,0.4841229182759271,0.38640647097934805,0.8151901744524719,-0.16140776699029125,,,,,0.4,True
E0,Leeds,Casa,Over 3.5 golos,16,16.0,0.375,0.4841229182759271,0.18480982554752803,0.6135935290206519,0.09021035598705501,,,,,0.4,False
E0,Leeds,Casa,Cantos total Over 8.5,16,16.0,0.625,0.4841229182759271,0.38640647097934805,0.8151901744524719,-0.03843042071197411,,,,,0.6,False
E0,Leeds,Casa,Cantos total Over 9.5,16,16.0,0.5,0.5,0.2799923761135083,0.7200076238864918,-0.06310679611650483,,,,,0.6,False
E0,Leeds,Casa,Cantos total Over 10.5,16,16.0,0.3125,0.46351240544347894,0.14164435051961052,0.5559606813326594,-0.1211569579288026,,,,,0.6,False
E0,Leeds,Casa,Cantos equipa Over 4.5,16,16.0,0.6875,0.46351240544347894,0.4440393186673406,0.8583556494803894,0.1729368932038835,,,,,0.8,False
E0,Leeds,Casa,Cantos equipa Over 5.5,16,16.0,0.4375,0.49607837082461076,0.2309836333518552,0.6682180439322348,0.05400485436893204,,,,,0.4,False
E0,Leeds,Casa,Equipa ganha cantos,16,16.0,0.6875,0.46351240544347894,0.4440393186673406,0.8583556494803894,0.2473705501618123,,,,,0.6,False
E0,Liverpool,Fora,Vitória (1X2),16,16.0,0.375,0.4841229182759271,0.18480982554752803,0.6135935290206519,0.010922330097087374,-0.33562499999999995,2.1793750000000003,0.45884714654430736,-0.1827343749999999,0.4,False
E0,Liverpool,Fora,Over 2.5 golos,16,16.0,0.6875,0.46351240544347894,0.4440393186673406,0.8583556494803894,0.15351941747572817,0.10375,1.616875,0.6184770003865481,0.1116015625000002,0.6,False
E0,Liverpool,Fora,Under 2.5 golos,16,16.0,0.3125,0.46351240544347894,0.14164435051961052,0.5559606813326594,-0.15351941747572817,-0.308125,2.260625,0.44235554326790155,-0.2935546874999999,0.4,False
E0,Liverpool,Fora,Handicap Asiático (AH),16,,,,,,,-0.2015625,2.036875,0.49094814360233197,,,False
E0,Liverpool,Fora,Casa marca (>=1),16,16.0,0.875,0.33071891388307384,0.6397666856325172,0.9650232506629429,0.13551779935275077,,,,,1.0,False
E0,Liverpool,Fora,Clean sheet,16,16.0,0.3125,0.46351240544347894,0.14164435051961052,0.5559606813326594,0.05198220064724918,,,,,0.4,False
E0,Liverpool,Fora,Ambas marcam (BTTS),16,16.0,0.625,0.4841229182759271,0.38640647097934805,0.8151901744524719,0.06836569579288021,,,,,0.6,False
E0,Liverpool,Fora,Over 1.5 golos,16,16.0,0.75,0.4330127018922193,0.5050123107060135,0.8981809801576265,-0.036407766990291246,,,,,0.6,True
E0,Liverpool,Fora,Over 3.5 golos,16,16.0,0.3125,0.46351240544347894,0.14164435051961052,0.5559606813326594,0.027710355987055013,,,,,0.2,False
E0,Liverpool,Fora,Cantos total Over 8.5,16,16.0,0.75,0.4330127018922193,0.5050123107060135,0.8981809801576265,0.08656957928802589,,,,,1.0,False
E0,Liverpool,Fora,Cantos total Over 9.5,16,16.0,0.4375,0.49607837082461076,0.2309836333518552,0.6682180439322348,-0.12560679611650483,,,,,0.8,False
E0,Liverpool,Fora,Cantos total Over 10.5,16,16.0,0.4375,0.49607837082461076,0.2309836333518552,0.6682180439322348,0.0038430420711974,,,,,0.8,False
E0,Liverpool,Fora,Cantos equipa Over 4.5,16,16.0,0.5625,0.49607837082461076,0.3317819560677652,0.7690163666481449,0.0479368932038835,,,,,0.8,False
E0,Liverpool,Fora,Cantos equipa Over 5.5,16,16.0,0.5625,0.49607837082461076,0.3317819560677652,0.7690163666481449,0.17900485436893204,,,,,0.8,False
E0,Liverpool,Fora,Equipa ganha cantos,16,16.0,0.5,0.5,0.2799923761135083,0.7200076238864918,0.05987055016181231,,,,,0.8,False
E0,Liverpool,Casa,Vitória (1X2),15,15.0,0.5333333333333333,0.49888765156985887,0.3011663015105079,0.7519077474025356,0.1692556634304207,-0.15466666666666667,1.562,0.6402048655569782,-0.16693333333333327,0.4,False
E0,Liverpool,Casa,Over 2.5 golos,15,15.0,0.5333333333333333,0.49888765156985887,0.3011663015105079,0.7519077474025356,-0.0006472491909385036,-0.20333333333333328,1.5199999999999998,0.6578947368421053,-0.18933333333333335,0.6,False
E0,Liverpool,Casa,Under 2.5 golos,15,15.0,0.4666666666666667,0.49888765156985887,0.24809225259746442,0.6988336984894922,0.0006472491909385036,0.11733333333333335,2.484,0.4025764895330113,0.1592,0.4,False
E0,Liverpool,Casa,Handicap Asiático (AH),15,,,,,,,-0.21933333333333332,1.8733333333333329,0.5338078291814948,,,False
E0,Liverpool,Casa,Casa marca (>=1),15,15.0,0.8666666666666667,0.339934634239519,0.6211750079348376,0.9626395301086408,0.12718446601941746,,,,,1.0,False
E0,Liverpool,Casa,Clean sheet,15,15.0,0.26666666666666666,0.4422166387140533,0.10897276103182815,0.5195088965768675,0.00614886731391584,,,,,0.0,True
E0,Liverpool,Casa,Ambas marcam (BTTS),15,15.0,0.6666666666666666,0.4714045207910317,0.4171312515121298,0.8482389930530875,0.11003236245954684,,,,,1.0,False
E0,Liverpool,Casa,Over 1.5 golos,15,15.0,0.8666666666666667,0.339934634239519,0.6211750079348376,0.9626395301086408,0.08025889967637545,,,,,1.0,False
E0,Liverpool,Casa,Over 3.5 golos,15,15.0,0.2,0.4,0.07047420643610411,0.4518593533465045,-0.08478964401294498,,,,,0.4,False
E0,Liverpool,Casa,Cantos total Over 8.5,15,15.0,0.8,0.39999999999999997,0.5481406466534955,0.9295257935638959,0.13656957928802593,,,,,0.8,False
E0,Liverpool,Casa,Cantos total Over 9.5,15,15.0,0.6666666666666666,0.4714045207910317,0.4171312515121298,0.8482389930530875,0.1035598705501618,,,,,0.6,False
E0,Liverpool,Casa,Cantos total Over 10.5,15,15.0,0.4666666666666667,0.49888765156985887,0.24809225259746442,0.6988336984894922,0.033009708737864074,,,,,0.4,False
E0,Liverpool,Casa,Cantos equipa Over 4.5,15,15.0,0.7333333333333333,0.44221663871405337,0.48049110342313245,0.8910272389681717,0.21877022653721678,,,,,0.8,False
E0,Liverpool,Casa,Cantos equipa Over 5.5,15,15.0,0.6,0.4898979485566356,0.357464427565077,0.8017577191740534,0.21650485436893202,,,,,0.6,False
E0,Liverpool,Casa,Equipa ganha cantos,15,15.0,0.6,0.4898979485566356,0.357464427565077,0.8017577191740534,0.15987055016181229,,,,,0.6,False
E0,Man City,Fora,Vitória (1X2),15,15.0,0.4666666666666667,0.49888765156985887,0.24809225259746442,0.6988336984894922,0.10258899676375405,-0.16333333333333336,1.9193333333333336,0.5210142410559221,-0.10431111111111091,0.4,False
E0,Man City,Fora,Over 2.5 golos,15,15.0,0.5333333333333333,0.49888765156985887,0.3011663015105079,0.7519077474025356,-0.0006472491909385036,-0.136,1.6166666666666667,0.6185567010309279,-0.13777777777777778,0.4,False
E0,Man City,Fora,Under 2.5 golos,15,15.0,0.4666666666666667,0.49888765156985887,0.24809225259746442,0.6988336984894922,0.0006472491909385036,0.05933333333333337,2.253333333333333,0.44378698224852076,0.051555555555555355,0.6,False
E0,Man City,Fora,Handicap Asiático (AH),15,,,,,,,-0.19166666666666668,1.8526666666666667,0.5397625044980209,,,False
E0,Man City,Fora,Casa marca (>=1),15,15.0,0.8,0.39999999999999997,0.5481406466534955,0.9295257935638959,0.06051779935275081,,,,,0.8,False
E0,Man City,Fora,Clean sheet,15,15.0,0.3333333333333333,0.4714045207910317,0.15176100694691236,0.5828687484878702,0.07281553398058249,,,,,0.2,False
E0,Man City,Fora,Ambas marcam (BTTS),15,15.0,0.5333333333333333,0.49888765156985887,0.3011663015105079,0.7519077474025356,-0.023300970873786464,,,,,0.6,False
E0,Man City,Fora,Over 1.5 golos,15,15.0,0.7333333333333333,0.44221663871405337,0.48049110342313245,0.8910272389681717,-0.053074433656957964,,,,,0.8,False
E0,Man City,Fora,Over 3.5 golos,15,15.0,0.2,0.4,0.07047420643610411,0.4518593533465045,-0.08478964401294498,,,,,0.2,False
E0,Man City,Fora,Cantos total Over 8.5,15,15.0,0.5333333333333333,0.49888765156985887,0.3011663015105079,0.7519077474025356,-0.13009708737864079,,,,,0.4,False
E0,Man City,Fora,Cantos total Over 9.5,15,15.0,0.4,0.4898979485566356,0.19824228082594664,0.6425355724349229,-0.1631067961165048,,,,,0.2,True
E0,Man City,Fora,Cantos total Over 10.5,15,15.0,0.26666666666666666,0.4422166387140533,0.10897276103182815,0.5195088965768675,-0.16699029126213594,,,,,0.2,False
E0,Man City,Fora,Cantos equipa Over 4.5,15,15.0,0.4666666666666667,0.49888765156985887,0.24809225259746442,0.6988336984894922,-0.047896440129449824,,,,,0.4,False
E0,Man City,Fora,Cantos equipa Over 5.5,15,15.0,0.3333333333333333,0.4714045207910317,0.15176100694691236,0.5828687484878702,-0.05016181229773464,,,,,0.4,False
E0,Man City,Fora,Equipa ganha cantos,15,15.0,0.4666666666666667,0.49888765156985887,0.24809225259746442,0.6988336984894922,0.026537216828478982,,,,,0.6,False
E0,Man City,Casa,Vitória (1X2),15,15.0,0.7333333333333333,0.44221663871405337,0.48049110342313245,0.8910272389681717,0.36925566343042066,0.023999999999999976,1.4140000000000001,0.7072135785007071,0.036933333333333485,0.6,False
E0,Man City,Casa,Over 2.5 golos,15,15.0,0.6666666666666666,0.4714045207910317,0.4171312515121298,0.8482389930530875,0.1326860841423948,-0.011999999999999995,1.4846666666666666,0.6735518634934891,-0.010222222222222355,0.6,False
E0,Man City,Casa,Under 2.5 golos,15,15.0,0.3333333333333333,0.4714045207910317,0.15176100694691236,0.5828687484878702,-0.13268608414239486,-0.13866666666666666,2.5846666666666667,0.38689708537529016,-0.13844444444444448,0.4,False
E0,Man City,Casa,Handicap Asiático (AH),15,,,,,,,0.12900000000000003,1.853333333333333,0.5395683453237411,,,False
E0,Man City,Casa,Casa marca (>=1),15,15.0,0.9333333333333333,0.2494438257849294,0.7018292244757601,0.9881334113938052,0.19385113268608412,,,,,1.0,False
E0,Man City,Casa,Clean sheet,15,15.0,0.4666666666666667,0.49888765156985887,0.24809225259746442,0.6988336984894922,0.20614886731391585,,,,,0.4,False
E0,Man City,Casa,Ambas marcam (BTTS),15,15.0,0.4666666666666667,0.49888765156985887,0.24809225259746442,0.6988336984894922,-0.08996763754045312,,,,,0.6,False
E0,Man City,Casa,Over 1.5 golos,15,15.0,1.0,0.0,0.7961107336956521,1.0,0.21359223300970875,,,,,1.0,False
E0,Man City,Casa,Over 3.5 golos,15,15.0,0.26666666666666666,0.4422166387140533,0.10897276103182815,0.5195088965768675,-0.018122977346278324,,,,,0.2,False
E0,Man City,Casa,Cantos total Over 8.5,15,15.0,0.6666666666666666,0.4714045207910317,0.4171312515121298,0.8482389930530875,0.003236245954692518,,,,,0.4,True
E0,Man City,Casa,Cantos total Over 9.5,15,15.0,0.5333333333333333,0.49888765156985887,0.3011663015105079,0.7519077474025356,-0.0297734627831715,,,,,0.4,False
E0,Man City,Casa,Cantos total Over 10.5,15,15.0,0.3333333333333333,0.4714045207910317,0.15176100694691236,0.5828687484878702,-0.10032362459546929,,,,,0.0,True
E0,Man City,Casa,Cantos equipa Over 4.5,15,15.0,0.8,0.39999999999999997,0.5481406466534955,0.9295257935638959,0.28543689320388355,,,,,0.6,True
E0,Man City,Casa,Cantos equipa Over 5.5,15,15.0,0.7333333333333333,0.44221663871405337,0.48049110342313245,0.8910272389681717,0.3498381877022653,,,,,0.4,True
E0,Man City,Casa,Equipa ganha cantos,15,15.0,0.6666666666666666,0.4714045207910317,0.4171312515121298,0.8482389930530875,0.22653721682847894,,,,,0.4,True
E0,Man United,Fora,Vitória (1X2),16,16.0,0.3125,0.46351240544347894,0.14164435051961052,0.5559606813326594,-0.051577669902912626,0.08874999999999997,2.7593750000000004,0.36240090600226493,-0.13769531249999978,0.4,False
E0,Man United,Fora,Over 2.5 golos,16,16.0,0.75,0.4330127018922193,0.5050123107060135,0.8981809801576265,0.21601941747572817,0.21437499999999995,1.634375,0.6118546845124283,0.22578125000000004,0.6,True
E0,Man United,Fora,Under 2.5 golos,16,16.0,0.25,0.4330127018922193,0.10181901984237347,0.4949876892939865,-0.21601941747572817,-0.458125,2.236875,0.44705224923162895,-0.44078125,0.4,False
E0,Man United,Fora,Handicap Asiático (AH),16,,,,,,,-0.069375,2.028125,0.49306625577812013,,,False
E0,Man United,Fora,Casa marca (>=1),16,16.0,0.9375,0.24206145913796356,0.7167073163197013,0.9888809426916687,0.19801779935275077,,,,,1.0,False
E0,Man United,Fora,Clean sheet,16,16.0,0.0625,0.24206145913796356,0.011119057308331216,0.2832926836802987,-0.19801779935275082,,,,,0.2,False
E0,Man United,Fora,Ambas marcam (BTTS),16,16.0,0.875,0.33071891388307384,0.6397666856325172,0.9650232506629429,0.3183656957928802,,,,,0.8,False
E0,Man United,Fora,Over 1.5 golos,16,16.0,0.9375,0.24206145913796356,0.7167073163197013,0.9888809426916687,0.15109223300970875,,,,,0.8,False
E0,Man United,Fora,Over 3.5 golos,16,16.0,0.4375,0.49607837082461076,0.2309836333518552,0.6682180439322348,0.152710355987055,,,,,0.4,False
E0,Man United,Fora,Cantos total Over 8.5,16,16.0,0.5625,0.49607837082461076,0.3317819560677652,0.7690163666481449,-0.10093042071197411,,,,,0.6,False
E0,Man United,Fora,Cantos total Over 9.5,16,16.0,0.5625,0.49607837082461076,0.3317819560677652,0.7690163666481449,-0.0006067961165048263,,,,,0.6,False
E0,Man United,Fora,Cantos total Over 10.5,16,16.0,0.375,0.4841229182759271,0.18480982554752803,0.6135935290206519,-0.0586569579288026,,,,,0.6,False
E0,Man United,Fora,Cantos equipa Over 4.5,16,16.0,0.375,0.4841229182759271,0.18480982554752803,0.6135935290206519,-0.1395631067961165,,,,,0.2,True
E0,Man United,Fora,Cantos equipa Over 5.5,16,16.0,0.25,0.4330127018922193,0.10181901984237347,0.4949876892939865,-0.13349514563106796,,,,,0.2,False
E0,Man United,Fora,Equipa ganha cantos,16,16.0,0.3125,0.46351240544347894,0.14164435051961052,0.5559606813326594,-0.1276294498381877,,,,,0.4,False
E0,Man United,Casa,Vitória (1X2),15,15.0,0.6666666666666666,0.4714045207910317,0.4171312515121298,0.8482389930530875,0.302588996763754,0.32933333333333337,1.9913333333333336,0.5021760964178105,0.3275555555555556,1.0,False
E0,Man United,Casa,Over 2.5 golos,15,15.0,0.4666666666666667,0.49888765156985887,0.24809225259746442,0.6988336984894922,-0.06731391585760516,-0.2526666666666667,1.6013333333333335,0.6244796003330557,-0.252711111111111,0.6,False
E0,Man United,Casa,Under 2.5 golos,15,15.0,0.5333333333333333,0.49888765156985887,0.3011663015105079,0.7519077474025356,0.06731391585760516,0.23333333333333334,2.2913333333333328,0.43642711667151596,0.22204444444444404,0.4,False
E0,Man United,Casa,Handicap Asiático (AH),15,,,,,,,0.01200000000000001,1.8753333333333333,0.5332385353714896,,,False
E0,Man United,Casa,Casa marca (>=1),15,15.0,0.8666666666666667,0.339934634239519,0.6211750079348376,0.9626395301086408,0.12718446601941746,,,,,1.0,False
E0,Man United,Casa,Clean sheet,15,15.0,0.26666666666666666,0.4422166387140533,0.10897276103182815,0.5195088965768675,0.00614886731391584,,,,,0.4,False
E0,Man United,Casa,Ambas marcam (BTTS),15,15.0,0.6,0.4898979485566356,0.357464427565077,0.8017577191740534,0.04336569579288019,,,,,0.6,False
E0,Man United,Casa,Over 1.5 golos,15,15.0,0.8,0.39999999999999997,0.5481406466534955,0.9295257935638959,0.013592233009708798,,,,,1.0,False
E0,Man United,Casa,Over 3.5 golos,15,15.0,0.3333333333333333,0.4714045207910317,0.15176100694691236,0.5828687484878702,0.04854368932038833,,,,,0.4,False
E0,Man United,Casa,Cantos total Over 8.5,15,15.0,0.5333333333333333,0.49888765156985887,0.3011663015105079,0.7519077474025356,-0.13009708737864079,,,,,0.4,False
E0,Man United,Casa,Cantos total Over 9.5,15,15.0,0.4666666666666667,0.49888765156985887,0.24809225259746442,0.6988336984894922,-0.09644012944983815,,,,,0.4,False
E0,Man United,Casa,Cantos total Over 10.5,15,15.0,0.26666666666666666,0.4422166387140533,0.10897276103182815,0.5195088965768675,-0.16699029126213594,,,,,0.2,False
E0,Man United,Casa,Cantos equipa Over 4.5,15,15.0,0.6,0.4898979485566356,0.357464427565077,0.8017577191740534,0.08543689320388348,,,,,0.6,False
E0,Man United,Casa,Cantos equipa Over 5.5,15,15.0,0.4666666666666667,0.49888765156985887,0.24809225259746442,0.6988336984894922,0.08317152103559872,,,,,0.6,False
E0,Man United,Casa,Equipa ganha cantos,15,15.0,0.4,0.4898979485566356,0.19824228082594664,0.6425355724349229,-0.04012944983818767,,,,,0.4,False
E0,Newcastle,Fora,Vitória (1X2),15,15.0,0.26666666666666666,0.4422166387140533,0.10897276103182815,0.5195088965768675,-0.09741100323624596,-0.32000000000000006,2.7520000000000002,0.3633720930232558,-0.26613333333333333,0.4,False
E0,Newcastle,Fora,Over 2.5 golos,15,15.0,0.5333333333333333,0.49888765156985887,0.3011663015105079,0.7519077474025356,-0.0006472491909385036,-0.07733333333333334,1.7113333333333332,0.5843396961433581,-0.08728888888888908,0.6,False
E0,Newcastle,Fora,Under 2.5 golos,15,15.0,0.4666666666666667,0.49888765156985887,0.24809225259746442,0.6988336984894922,0.0006472491909385036,0.001999999999999987,2.124,0.4708097928436911,-0.008799999999999919,0.4,False
E0,Newcastle,Fora,Handicap Asiático (AH),15,,,,,,,0.009666666666666697,2.0626666666666664,0.48480930833872016,,,False
E0,Newcastle,Fora,Casa marca (>=1),15,15.0,0.6,0.4898979485566356,0.357464427565077,0.8017577191740534,-0.13948220064724925,,,,,0.8,False
E0,Newcastle,Fora,Clean sheet,15,15.0,0.3333333333333333,0.4714045207910317,0.15176100694691236,0.5828687484878702,0.07281553398058249,,,,,0.4,False
E0,Newcastle,Fora,Ambas marcam (BTTS),15,15.0,0.5333333333333333,0.49888765156985887,0.3011663015105079,0.7519077474025356,-0.023300970873786464,,,,,0.6,False
E0,Newcastle,Fora,Over 1.5 golos,15,15.0,0.5333333333333333,0.49888765156985887,0.3011663015105079,0.7519077474025356,-0.2530744336569579,,,,,0.6,False
E0,Newcastle,Fora,Over 3.5 golos,15,15.0,0.3333333333333333,0.4714045207910317,0.15176100694691236,0.5828687484878702,0.04854368932038833,,,,,0.2,False
E0,Newcastle,Fora,Cantos total Over 8.5,15,15.0,0.8,0.39999999999999997,0.5481406466534955,0.9295257935638959,0.13656957928802593,,,,,1.0,False
E0,Newcastle,Fora,Cantos total Over 9.5,15,15.0,0.6,0.4898979485566356,0.357464427565077,0.8017577191740534,0.03689320388349515,,,,,0.8,False
E0,Newcastle,Fora,Cantos total Over 10.5,15,15.0,0.4666666666666667,0.49888765156985887,0.24809225259746442,0.6988336984894922,0.033009708737864074,,,,,0.6,False
E0,Newcastle,Fora,Cantos equipa Over 4.5,15,15.0,0.6666666666666666,0.4714045207910317,0.4171312515121298,0.8482389930530875,0.15210355987055013,,,,,0.8,False
E0,Newcastle,Fora,Cantos equipa Over 5.5,15,15.0,0.5333333333333333,0.49888765156985887,0.3011663015105079,0.7519077474025356,0.14983818770226537,,,,,0.6,False
E0,Newcastle,Fora,Equipa ganha cantos,15,15.0,0.4666666666666667,0.49888765156985887,0.24809225259746442,0.6988336984894922,0.026537216828478982,,,,,0.6,False
E0,Newcastle,Casa,Vitória (1X2),16,16.0,0.5,0.5,0.2799923761135083,0.7200076238864918,0.13592233009708737,-0.040624999999999994,2.12875,0.46975924838520255,0.06437500000000007,0.2,True
E0,Newcastle,Casa,Over 2.5 golos,16,16.0,0.75,0.4330127018922193,0.5050123107060135,0.8981809801576265,0.21601941747572817,0.29000000000000004,1.71625,0.5826656955571741,0.28718749999999993,0.8,False
E0,Newcastle,Casa,Under 2.5 golos,16,16.0,0.25,0.4330127018922193,0.10181901984237347,0.4949876892939865,-0.21601941747572817,-0.476875,2.1025,0.4756242568370987,-0.474375,0.2,False
E0,Newcastle,Casa,Handicap Asiático (AH),16,,,,,,,-0.264375,1.8762500000000002,0.5329780146568953,,,False
E0,Newcastle,Casa,Casa marca (>=1),16,16.0,0.9375,0.24206145913796356,0.7167073163197013,0.9888809426916687,0.19801779935275077,,,,,0.8,False
E0,Newcastle,Casa,Clean sheet,16,16.0,0.1875,0.3903123748998999,0.06591478773586763,0.4300935986845823,-0.07301779935275082,,,,,0.0,True
E0,Newcastle,Casa,Ambas marcam (BTTS),16,16.0,0.75,0.4330127018922193,0.5050123107060135,0.8981809801576265,0.1933656957928802,,,,,0.8,False
E0,Newcastle,Casa,Over 1.5 golos,16,16.0,0.9375,0.24206145913796356,0.7167073163197013,0.9888809426916687,0.15109223300970875,,,,,1.0,False
E0,Newcastle,Casa,Over 3.5 golos,16,16.0,0.375,0.4841229182759271,0.18480982554752803,0.6135935290206519,0.09021035598705501,,,,,0.4,False
E0,Newcastle,Casa,Cantos total Over 8.5,16,16.0,0.8125,0.3903123748998999,0.5699064013154177,0.9340852122641323,0.1490695792880259,,,,,0.8,False
E0,Newcastle,Casa,Cantos total Over 9.5,16,16.0,0.6875,0.46351240544347894,0.4440393186673406,0.8583556494803894,0.12439320388349517,,,,,0.6,False
E0,Newcastle,Casa,Cantos total Over 10.5,16,16.0,0.625,0.4841229182759271,0.38640647097934805,0.8151901744524719,0.1913430420711974,,,,,0.6,False
E0,Newcastle,Casa,Cantos equipa Over 4.5,16,16.0,0.875,0.33071891388307384,0.6397666856325172,0.9650232506629429,0.3604368932038835,,,,,0.8,False
E0,Newcastle,Casa,Cantos equipa Over 5.5,16,16.0,0.8125,0.3903123748998999,0.5699064013154177,0.9340852122641323,0.42900485436893204,,,,,0.8,False
E0,Newcastle,Casa,Equipa ganha cantos,16,16.0,0.75,0.4330127018922193,0.5050123107060135,0.8981809801576265,0.3098705501618123,,,,,0.8,False
E0,Nott'm Forest,Fora,Vitória (1X2),16,16.0,0.3125,0.46351240544347894,0.14164435051961052,0.5559606813326594,-0.051577669902912626,0.16499999999999998,4.201874999999999,0.23798899300907336,0.3130859374999999,0.4,False
E0,Nott'm Forest,Fora,Over 2.5 golos,16,16.0,0.5625,0.49607837082461076,0.3317819560677652,0.7690163666481449,0.02851941747572817,0.020000000000000018,1.86375,0.5365526492287056,0.04835937499999998,0.8,False
E0,Nott'm Forest,Fora,Under 2.5 golos,16,16.0,0.4375,0.49607837082461076,0.2309836333518552,0.6682180439322348,-0.02851941747572817,-0.1925,1.9300000000000002,0.5181347150259067,-0.1556249999999999,0.2,True
E0,Nott'm Forest,Fora,Handicap Asiático (AH),16,,,,,,,-0.1790625,1.8512499999999998,0.5401755570560433,,,False
E0,Nott'm Forest,Fora,Casa marca (>=1),16,16.0,0.6875,0.46351240544347894,0.4440393186673406,0.8583556494803894,-0.05198220064724923,,,,,1.0,False
E0,Nott'm Forest,Fora,Clean sheet,16,16.0,0.25,0.4330127018922193,0.10181901984237347,0.4949876892939865,-0.010517799352750823,,,,,0.4,False
E0,Nott'm Forest,Fora,Ambas marcam (BTTS),16,16.0,0.4375,0.49607837082461076,0.2309836333518552,0.6682180439322348,-0.11913430420711979,,,,,0.6,False
E0,Nott'm Forest,Fora,Over 1.5 golos,16,16.0,0.875,0.33071891388307384,0.6397666856325172,0.9650232506629429,0.08859223300970875,,,,,1.0,False
E0,Nott'm Forest,Fora,Over 3.5 golos,16,16.0,0.1875,0.3903123748998999,0.06591478773586763,0.4300935986845823,-0.09728964401294499,,,,,0.4,False
E0,Nott'm Forest,Fora,Cantos total Over 8.5,16,16.0,0.6875,0.46351240544347894,0.4440393186673406,0.8583556494803894,0.02406957928802589,,,,,0.6,False
E0,Nott'm Forest,Fora,Cantos total Over 9.5,16,16.0,0.5,0.5,0.2799923761135083,0.7200076238864918,-0.06310679611650483,,,,,0.6,False
E0,Nott'm Forest,Fora,Cantos total Over 10.5,16,16.0,0.4375,0.49607837082461076,0.2309836333518552,0.6682180439322348,0.0038430420711974,,,,,0.6,False
E0,Nott'm Forest,Fora,Cantos equipa Over 4.5,16,16.0,0.4375,0.49607837082461076,0.2309836333518552,0.6682180439322348,-0.0770631067961165,,,,,0.4,False
E0,Nott'm Forest,Fora,Cantos equipa Over 5.5,16,16.0,0.1875,0.3903123748998999,0.06591478773586763,0.4300935986845823,-0.19599514563106796,,,,,0.2,False
E0,Nott'm Forest,Fora,Equipa ganha cantos,16,16.0,0.3125,0.46351240544347894,0.14164435051961052,0.5559606813326594,-0.1276294498381877,,,,,0.2,False
E0,Nott'm Forest,Casa,Vitória (1X2),15,15.0,0.2,0.4,0.07047420643610411,0.4518593533465045,-0.16407766990291262,-0.5386666666666666,2.9066666666666663,0.34403669724770647,-0.41866666666666674,0.0,True
E0,Nott'm Forest,Casa,Over 2.5 golos,15,15.0,0.4666666666666667,0.49888765156985887,0.24809225259746442,0.6988336984894922,-0.06731391585760516,-0.14266666666666666,1.8866666666666667,0.5300353356890459,-0.11955555555555553,0.0,True
E0,Nott'm Forest,Casa,Under 2.5 golos,15,15.0,0.5333333333333333,0.49888765156985887,0.3011663015105079,0.7519077474025356,0.06731391585760516,-0.015333333333333391,1.894,0.5279831045406548,0.010133333333333105,1.0,False
E0,Nott'm Forest,Casa,Handicap Asiático (AH),15,,,,,,,-0.25933333333333336,1.8539999999999999,0.5393743257820928,,,False
E0,Nott'm Forest,Casa,Casa marca (>=1),15,15.0,0.4,0.4898979485566356,0.19824228082594664,0.6425355724349229,-0.3394822006472492,,,,,0.2,True
E0,Nott'm Forest,Casa,Clean sheet,15,15.0,0.26666666666666666,0.4422166387140533,0.10897276103182815,0.5195088965768675,0.00614886731391584,,,,,0.6,False
E0,Nott'm Forest,Casa,Ambas marcam (BTTS),15,15.0,0.3333333333333333,0.4714045207910317,0.15176100694691236,0.5828687484878702,-0.22330097087378648,,,,,0.2,False
E0,Nott'm Forest,Casa,Over 1.5 golos,15,15.0,0.6666666666666666,0.4714045207910317,0.4171312515121298,0.8482389930530875,-0.11974110032362462,,,,,0.2,True
E0,Nott'm Forest,Casa,Over 3.5 golos,15,15.0,0.2,0.4,0.07047420643610411,0.4518593533465045,-0.08478964401294498,,,,,0.0,True
E0,Nott'm Forest,Casa,Cantos total Over 8.5,15,15.0,0.8666666666666667,0.339934634239519,0.6211750079348376,0.9626395301086408,0.20323624595469258,,,,,1.0,False
E0,Nott'm Forest,Casa,Cantos total Over 9.5,15,15.0,0.7333333333333333,0.44221663871405337,0.48049110342313245,0.8910272389681717,0.17022653721682846,,,,,0.6,False
E0,Nott'm Forest,Casa,Cantos total Over 10.5,15,15.0,0.4666666666666667,0.49888765156985887,0.24809225259746442,0.6988336984894922,0.033009708737864074,,,,,0.4,False
E0,Nott'm Forest,Casa,Cantos equipa Over 4.5,15,15.0,0.8666666666666667,0.339934634239519,0.6211750079348376,0.9626395301086408,0.3521035598705502,,,,,0.8,False
E0,Nott'm Forest,Casa,Cantos equipa Over 5.5,15,15.0,0.5333333333333333,0.49888765156985887,0.3011663015105079,0.7519077474025356,0.14983818770226537,,,,,0.4,False
E0,Nott'm Forest,Casa,Equipa ganha cantos,15,15.0,0.6666666666666666,0.4714045207910317,0.4171312515121298,0.8482389930530875,0.22653721682847894,,,,,0.6,False
E0,Sunderland,Fora,Vitória (1X2),16,16.0,0.25,0.4330127018922193,0.10181901984237347,0.4949876892939865,-0.11407766990291263,0.39375,5.965624999999999,0.1676270298585647,0.4914062499999998,0.4,False
E0,Sunderland,Fora,Over 2.5 golos,16,16.0,0.375,0.4841229182759271,0.18480982554752803,0.6135935290206519,-0.15898058252427183,-0.328125,1.880625,0.5317381189764041,-0.29476562500000003,0.6,False
E0,Sunderland,Fora,Under 2.5 golos,16,16.0,0.625,0.4841229182759271,0.38640647097934805,0.8151901744524719,0.15898058252427183,0.17624999999999996,1.9393749999999998,0.515630035449565,0.21210937499999982,0.4,True
E0,Sunderland,Fora,Handicap Asiático (AH),16,,,,,,,0.061249999999999985,1.913125,0.5227049983665469,,,False
E0,Sunderland,Fora,Casa marca (>=1),16,16.0,0.5,0.5,0.2799923761135083,0.7200076238864918,-0.23948220064724923,,,,,0.8,False
E0,Sunderland,Fora,Clean sheet,16,16.0,0.25,0.4330127018922193,0.10181901984237347,0.4949876892939865,-0.010517799352750823,,,,,0.2,False
E0,Sunderland,Fora,Ambas marcam (BTTS),16,16.0,0.375,0.4841229182759271,0.18480982554752803,0.6135935290206519,-0.1816343042071198,,,,,0.6,False
E0,Sunderland,Fora,Over 1.5 golos,16,16.0,0.6875,0.46351240544347894,0.4440393186673406,0.8583556494803894,-0.09890776699029125,,,,,0.8,False
E0,Sunderland,Fora,Over 3.5 golos,16,16.0,0.0625,0.24206145913796356,0.011119057308331216,0.2832926836802987,-0.222289644012945,,,,,0.2,False
E0,Sunderland,Fora,Cantos total Over 8.5,16,16.0,0.5625,0.49607837082461076,0.3317819560677652,0.7690163666481449,-0.10093042071197411,,,,,0.6,False
E0,Sunderland,Fora,Cantos total Over 9.5,16,16.0,0.5625,0.49607837082461076,0.3317819560677652,0.7690163666481449,-0.0006067961165048263,,,,,0.6,False
E0,Sunderland,Fora,Cantos total Over 10.5,16,16.0,0.375,0.4841229182759271,0.18480982554752803,0.6135935290206519,-0.0586569579288026,,,,,0.4,False
E0,Sunderland,Fora,Cantos equipa Over 4.5,16,16.0,0.1875,0.3903123748998999,0.06591478773586763,0.4300935986845823,-0.3270631067961165,,,,,0.2,False
E0,Sunderland,Fora,Cantos equipa Over 5.5,16,16.0,0.0,0.0,0.0,0.19361341827271994,-0.38349514563106796,,,,,0.0,False
E0,Sunderland,Fora,Equipa ganha cantos,16,16.0,0.1875,0.3903123748998999,0.06591478773586763,0.4300935986845823,-0.2526294498381877,,,,,0.0,True
E0,Sunderland,Casa,Vitória (1X2),15,15.0,0.4666666666666667,0.49888765156985887,0.24809225259746442,0.6988336984894922,0.10258899676375405,0.2893333333333333,3.6639999999999997,0.27292576419213976,0.7098666666666664,0.4,False
E0,Sunderland,Casa,Over 2.5 golos,15,15.0,0.4666666666666667,0.49888765156985887,0.24809225259746442,0.6988336984894922,-0.06731391585760516,-0.039333333333333324,2.0513333333333335,0.48748781280467984,-0.04271111111111103,0.6,False
E0,Sunderland,Casa,Under 2.5 golos,15,15.0,0.5333333333333333,0.49888765156985887,0.3011663015105079,0.7519077474025356,0.06731391585760516,-0.05266666666666665,1.7573333333333332,0.5690440060698028,-0.06275555555555568,0.4,False
E0,Sunderland,Casa,Handicap Asiático (AH),15,,,,,,,0.415,1.903333333333333,0.5253940455341507,,,False
E0,Sunderland,Casa,Casa marca (>=1),15,15.0,0.8,0.39999999999999997,0.5481406466534955,0.9295257935638959,0.06051779935275081,,,,,0.6,True
E0,Sunderland,Casa,Clean sheet,15,15.0,0.3333333333333333,0.4714045207910317,0.15176100694691236,0.5828687484878702,0.07281553398058249,,,,,0.2,False
E0,Sunderland,Casa,Ambas marcam (BTTS),15,15.0,0.5333333333333333,0.49888765156985887,0.3011663015105079,0.7519077474025356,-0.023300970873786464,,,,,0.4,False
E0,Sunderland,Casa,Over 1.5 golos,15,15.0,0.7333333333333333,0.44221663871405337,0.48049110342313245,0.8910272389681717,-0.053074433656957964,,,,,0.6,False
E0,Sunderland,Casa,Over 3.5 golos,15,15.0,0.2,0.4,0.07047420643610411,0.4518593533465045,-0.08478964401294498,,,,,0.2,False
E0,Sunderland,Casa,Cantos total Over 8.5,15,15.0,0.5333333333333333,0.49888765156985887,0.3011663015105079,0.7519077474025356,-0.13009708737864079,,,,,0.6,False
E0,Sunderland,Casa,Cantos total Over 9.5,15,15.0,0.4,0.4898979485566356,0.19824228082594664,0.6425355724349229,-0.1631067961165048,,,,,0.6,False
E0,Sunderland,Casa,Cantos total Over 10.5,15,15.0,0.26666666666666666,0.4422166387140533,0.10897276103182815,0.5195088965768675,-0.16699029126213594,,,,,0.2,False
E0,Sunderland,Casa,Cantos equipa Over 4.5,15,15.0,0.3333333333333333,0.4714045207910317,0.15176100694691236,0.5828687484878702,-0.18122977346278318,,,,,0.4,False
E0,Sunderland,Casa,Cantos equipa Over 5.5,15,15.0,0.26666666666666666,0.4422166387140533,0.10897276103182815,0.5195088965768675,-0.1168284789644013,,,,,0.4,False
E0,Sunderland,Casa,Equipa ganha cantos,15,15.0,0.4,0.4898979485566356,0.19824228082594664,0.6425355724349229,-0.04012944983818767,,,,,0.4,False
E0,Tottenham,Fora,Vitória (1X2),15,15.0,0.3333333333333333,0.4714045207910317,0.15176100694691236,0.5828687484878702,-0.03074433656957931,0.12333333333333331,4.036,0.24777006937561946,0.34533333333333305,0.0,True
E0,Tottenham,Fora,Over 2.5 golos,15,15.0,0.6666666666666666,0.4714045207910317,0.4171312515121298,0.8482389930530875,0.1326860841423948,0.2026666666666666,1.7473333333333334,0.5723006486074017,0.16488888888888886,0.6,False
E0,Tottenham,Fora,Under 2.5 golos,15,15.0,0.3333333333333333,0.4714045207910317,0.15176100694691236,0.5828687484878702,-0.13268608414239486,-0.22200000000000003,2.098,0.47664442326024786,-0.30066666666666675,0.4,False
E0,Tottenham,Fora,Handicap Asiático (AH),15,,,,,,,0.057333333333333354,1.890666666666667,0.5289139633286318,,,False
E0,Tottenham,Fora,Casa marca (>=1),15,15.0,0.8,0.39999999999999997,0.5481406466534955,0.9295257935638959,0.06051779935275081,,,,,0.8,False
E0,Tottenham,Fora,Clean sheet,15,15.0,0.3333333333333333,0.4714045207910317,0.15176100694691236,0.5828687484878702,0.07281553398058249,,,,,0.0,True
E0,Tottenham,Fora,Ambas marcam (BTTS),15,15.0,0.5333333333333333,0.49888765156985887,0.3011663015105079,0.7519077474025356,-0.023300970873786464,,,,,0.8,False
E0,Tottenham,Fora,Over 1.5 golos,15,15.0,0.8666666666666667,0.339934634239519,0.6211750079348376,0.9626395301086408,0.08025889967637545,,,,,1.0,False
E0,Tottenham,Fora,Over 3.5 golos,15,15.0,0.3333333333333333,0.4714045207910317,0.15176100694691236,0.5828687484878702,0.04854368932038833,,,,,0.4,False
E0,Tottenham,Fora,Cantos total Over 8.5,15,15.0,0.4666666666666667,0.49888765156985887,0.24809225259746442,0.6988336984894922,-0.19676375404530744,,,,,0.4,False
E0,Tottenham,Fora,Cantos total Over 9.5,15,15.0,0.4,0.4898979485566356,0.19824228082594664,0.6425355724349229,-0.1631067961165048,,,,,0.4,False
E0,Tottenham,Fora,Cantos total Over 10.5,15,15.0,0.3333333333333333,0.4714045207910317,0.15176100694691236,0.5828687484878702,-0.10032362459546929,,,,,0.2,False
E0,Tottenham,Fora,Cantos equipa Over 4.5,15,15.0,0.4,0.4898979485566356,0.19824228082594664,0.6425355724349229,-0.11456310679611648,,,,,0.4,False
E0,Tottenham,Fora,Cantos equipa Over 5.5,15,15.0,0.4,0.4898979485566356,0.19824228082594664,0.6425355724349229,0.016504854368932065,,,,,0.4,False
E0,Tottenham,Fora,Equipa ganha cantos,15,15.0,0.4,0.4898979485566356,0.19824228082594664,0.6425355724349229,-0.04012944983818767,,,,,0.8,False
E0,Tottenham,Casa,Vitória (1X2),16,16.0,0.125,0.33071891388307384,0.034976749337057134,0.3602333143674828,-0.23907766990291263,-0.77,2.5843750000000005,0.3869407496977025,-0.6769531249999999,0.0,False
E0,Tottenham,Casa,Over 2.5 golos,16,16.0,0.6875,0.46351240544347894,0.4440393186673406,0.8583556494803894,0.15351941747572817,0.188125,1.733125,0.5769924269743959,0.19152343750000012,1.0,False
E0,Tottenham,Casa,Under 2.5 golos,16,16.0,0.3125,0.46351240544347894,0.14164435051961052,0.5559606813326594,-0.15351941747572817,-0.35250000000000004,2.0700000000000003,0.48309178743961345,-0.3531249999999999,0.0,True
E0,Tottenham,Casa,Handicap Asiático (AH),16,,,,,,,-0.5862499999999999,1.89625,0.5273566249176005,,,False
E0,Tottenham,Casa,Casa marca (>=1),16,16.0,0.8125,0.3903123748998999,0.5699064013154177,0.9340852122641323,0.07301779935275077,,,,,0.8,False
E0,Tottenham,Casa,Clean sheet,16,16.0,0.125,0.33071891388307384,0.034976749337057134,0.3602333143674828,-0.13551779935275082,,,,,0.0,False
E0,Tottenham,Casa,Ambas marcam (BTTS),16,16.0,0.6875,0.46351240544347894,0.4440393186673406,0.8583556494803894,0.1308656957928802,,,,,0.8,False
E0,Tottenham,Casa,Over 1.5 golos,16,16.0,0.875,0.33071891388307384,0.6397666856325172,0.9650232506629429,0.08859223300970875,,,,,1.0,False
E0,Tottenham,Casa,Over 3.5 golos,16,16.0,0.25,0.4330127018922193,0.10181901984237347,0.4949876892939865,-0.03478964401294499,,,,,0.6,False
E0,Tottenham,Casa,Cantos total Over 8.5,16,16.0,0.625,0.4841229182759271,0.38640647097934805,0.8151901744524719,-0.03843042071197411,,,,,0.6,False
E0,Tottenham,Casa,Cantos total Over 9.5,16,16.0,0.5625,0.49607837082461076,0.3317819560677652,0.7690163666481449,-0.0006067961165048263,,,,,0.4,True
E0,Tottenham,Casa,Cantos total Over 10.5,16,16.0,0.5,0.5,0.2799923761135083,0.7200076238864918,0.0663430420711974,,,,,0.4,False
E0,Tottenham,Casa,Cantos equipa Over 4.5,16,16.0,0.625,0.4841229182759271,0.38640647097934805,0.8151901744524719,0.1104368932038835,,,,,0.4,True
E0,Tottenham,Casa,Cantos equipa Over 5.5,16,16.0,0.5625,0.49607837082461076,0.3317819560677652,0.7690163666481449,0.17900485436893204,,,,,0.4,True
E0,Tottenham,Casa,Equipa ganha cantos,16,16.0,0.5625,0.49607837082461076,0.3317819560677652,0.7690163666481449,0.12237055016181231,,,,,0.4,True
E0,West Ham,Fora,Vitória (1X2),16,16.0,0.25,0.4330127018922193,0.10181901984237347,0.4949876892939865,-0.11407766990291263,-0.04249999999999998,5.67125,0.1763279700242451,0.4178124999999999,0.4,False
E0,West Ham,Fora,Over 2.5 golos,16,16.0,0.5625,0.49607837082461076,0.3317819560677652,0.7690163666481449,0.02851941747572817,-0.03625000000000003,1.7037499999999999,0.586940572267058,-0.04164062499999999,0.4,True
E0,West Ham,Fora,Under 2.5 golos,16,16.0,0.4375,0.49607837082461076,0.2309836333518552,0.6682180439322348,-0.02851941747572817,-0.05687500000000001,2.1849999999999996,0.45766590389016026,-0.044062500000000115,0.6,False
E0,West Ham,Fora,Handicap Asiático (AH),16,,,,,,,0.08624999999999997,1.88125,0.5315614617940199,,,False
E0,West Ham,Fora,Casa marca (>=1),16,16.0,0.6875,0.46351240544347894,0.4440393186673406,0.8583556494803894,-0.05198220064724923,,,,,0.8,False
E0,West Ham,Fora,Clean sheet,16,16.0,0.1875,0.3903123748998999,0.06591478773586763,0.4300935986845823,-0.07301779935275082,,,,,0.4,False
E0,West Ham,Fora,Ambas marcam (BTTS),16,16.0,0.5,0.5,0.2799923761135083,0.7200076238864918,-0.05663430420711979,,,,,0.4,False
E0,West Ham,Fora,Over 1.5 golos,16,16.0,0.9375,0.24206145913796356,0.7167073163197013,0.9888809426916687,0.15109223300970875,,,,,0.8,False
E0,West Ham,Fora,Over 3.5 golos,16,16.0,0.1875,0.3903123748998999,0.06591478773586763,0.4300935986845823,-0.09728964401294499,,,,,0.4,False
E0,West Ham,Fora,Cantos total Over 8.5,16,16.0,0.75,0.4330127018922193,0.5050123107060135,0.8981809801576265,0.08656957928802589,,,,,0.8,False
E0,West Ham,Fora,Cantos total Over 9.5,16,16.0,0.75,0.4330127018922193,0.5050123107060135,0.8981809801576265,0.18689320388349517,,,,,0.8,False
E0,West Ham,Fora,Cantos total Over 10.5,16,16.0,0.75,0.4330127018922193,0.5050123107060135,0.8981809801576265,0.3163430420711974,,,,,0.8,False
E0,West Ham,Fora,Cantos equipa Over 4.5,16,16.0,0.625,0.4841229182759271,0.38640647097934805,0.8151901744524719,0.1104368932038835,,,,,0.6,False
E0,West Ham,Fora,Cantos equipa Over 5.5,16,16.0,0.375,0.4841229182759271,0.18480982554752803,0.6135935290206519,-0.008495145631067957,,,,,0.2,True
E0,West Ham,Fora,Equipa ganha cantos,16,16.0,0.25,0.4330127018922193,0.10181901984237347,0.4949876892939865,-0.1901294498381877,,,,,0.0,True
E0,West Ham,Casa,Vitória (1X2),15,15.0,0.2,0.4,0.07047420643610411,0.4518593533465045,-0.16407766990291262,-0.3706666666666667,3.412666666666666,0.2930259816370385,-0.3174666666666667,0.2,False
E0,West Ham,Casa,Over 2.5 golos,15,15.0,0.6,0.4898979485566356,0.357464427565077,0.8017577191740534,0.06601941747572815,0.10533333333333333,1.7499999999999998,0.5714285714285715,0.04999999999999982,0.4,True
E0,West Ham,Casa,Under 2.5 golos,15,15.0,0.4,0.4898979485566356,0.19824228082594664,0.6425355724349229,-0.06601941747572815,-0.08066666666666661,2.084,0.4798464491362764,-0.1664,0.6,False
E0,West Ham,Casa,Handicap Asiático (AH),15,,,,,,,-0.1826666666666667,1.8473333333333335,0.5413208228076506,,,False
E0,West Ham,Casa,Casa marca (>=1),15,15.0,0.6666666666666666,0.4714045207910317,0.4171312515121298,0.8482389930530875,-0.0728155339805826,,,,,0.8,False
E0,West Ham,Casa,Clean sheet,15,15.0,0.06666666666666667,0.24944382578492943,0.011866588606194882,0.2981707755242399,-0.19385113268608417,,,,,0.2,False
E0,West Ham,Casa,Ambas marcam (BTTS),15,15.0,0.6666666666666666,0.4714045207910317,0.4171312515121298,0.8482389930530875,0.11003236245954684,,,,,0.8,False
E0,West Ham,Casa,Over 1.5 golos,15,15.0,0.8666666666666667,0.339934634239519,0.6211750079348376,0.9626395301086408,0.08025889967637545,,,,,0.8,False
E0,West Ham,Casa,Over 3.5 golos,15,15.0,0.4,0.4898979485566356,0.19824228082594664,0.6425355724349229,0.11521035598705504,,,,,0.2,True
E0,West Ham,Casa,Cantos total Over 8.5,15,15.0,0.8,0.39999999999999997,0.5481406466534955,0.9295257935638959,0.13656957928802593,,,,,0.6,True
E0,West Ham,Casa,Cantos total Over 9.5,15,15.0,0.6666666666666666,0.4714045207910317,0.4171312515121298,0.8482389930530875,0.1035598705501618,,,,,0.6,False
E0,West Ham,Casa,Cantos total Over 10.5,15,15.0,0.6,0.4898979485566356,0.357464427565077,0.8017577191740534,0.16634304207119738,,,,,0.6,False
E0,West Ham,Casa,Cantos equipa Over 4.5,15,15.0,0.8,0.39999999999999997,0.5481406466534955,0.9295257935638959,0.28543689320388355,,,,,0.6,True
E0,West Ham,Casa,Cantos equipa Over 5.5,15,15.0,0.5333333333333333,0.49888765156985887,0.3011663015105079,0.7519077474025356,0.14983818770226537,,,,,0.4,False
E0,West Ham,Casa,Equipa ganha cantos,15,15.0,0.6,0.4898979485566356,0.357464427565077,0.8017577191740534,0.15987055016181229,,,,,0.6,False
E0,Wolves,Fora,Vitória (1X2),15,15.0,0.0,0.0,0.0,0.20388926630434784,-0.3640776699029126,-1.0,7.672000000000001,0.1303441084462982,-1.0,0.0,False
E0,Wolves,Fora,Over 2.5 golos,15,15.0,0.3333333333333333,0.4714045207910317,0.15176100694691236,0.5828687484878702,-0.20064724919093851,-0.43733333333333335,1.776,0.5630630630630631,-0.40800000000000003,0.2,False
E0,Wolves,Fora,Under 2.5 golos,15,15.0,0.6666666666666666,0.4714045207910317,0.4171312515121298,0.8482389930530875,0.20064724919093846,0.35600000000000004,2.0959999999999996,0.47709923664122145,0.3973333333333331,0.8,False
E0,Wolves,Fora,Handicap Asiático (AH),15,,,,,,,0.142,2.05,0.48780487804878053,,,False
E0,Wolves,Fora,Casa marca (>=1),15,15.0,0.4,0.4898979485566356,0.19824228082594664,0.6425355724349229,-0.3394822006472492,,,,,0.4,False
E0,Wolves,Fora,Clean sheet,15,15.0,0.06666666666666667,0.24944382578492943,0.011866588606194882,0.2981707755242399,-0.19385113268608417,,,,,0.2,False
E0,Wolves,Fora,Ambas marcam (BTTS),15,15.0,0.4,0.4898979485566356,0.19824228082594664,0.6425355724349229,-0.15663430420711977,,,,,0.4,False
E0,Wolves,Fora,Over 1.5 golos,15,15.0,0.6666666666666666,0.4714045207910317,0.4171312515121298,0.8482389930530875,-0.11974110032362462,,,,,0.6,False
E0,Wolves,Fora,Over 3.5 golos,15,15.0,0.06666666666666667,0.24944382578492943,0.011866588606194882,0.2981707755242399,-0.21812297734627834,,,,,0.2,False
E0,Wolves,Fora,Cantos total Over 8.5,15,15.0,0.8,0.39999999999999997,0.5481406466534955,0.9295257935638959,0.13656957928802593,,,,,0.8,False
E0,Wolves,Fora,Cantos total Over 9.5,15,15.0,0.7333333333333333,0.44221663871405337,0.48049110342313245,0.8910272389681717,0.17022653721682846,,,,,0.6,False
E0,Wolves,Fora,Cantos total Over 10.5,15,15.0,0.4,0.4898979485566356,0.19824228082594664,0.6425355724349229,-0.03365695792880258,,,,,0.0,True
E0,Wolves,Fora,Cantos equipa Over 4.5,15,15.0,0.26666666666666666,0.4422166387140533,0.10897276103182815,0.5195088965768675,-0.24789644012944984,,,,,0.6,False
E0,Wolves,Fora,Cantos equipa Over 5.5,15,15.0,0.2,0.4,0.07047420643610411,0.4518593533465045,-0.18349514563106795,,,,,0.4,False
E0,Wolves,Fora,Equipa ganha cantos,15,15.0,0.2,0.4,0.07047420643610411,0.4518593533465045,-0.24012944983818768,,,,,0.6,False
E0,Wolves,Casa,Vitória (1X2),16,16.0,0.1875,0.3903123748998999,0.06591478773586763,0.4300935986845823,-0.17657766990291263,-0.20437499999999997,4.298125000000001,0.2326595899374727,-0.19410156249999988,0.4,False
E0,Wolves,Casa,Over 2.5 golos,16,16.0,0.5625,0.49607837082461076,0.3317819560677652,0.7690163666481449,0.02851941747572817,0.04625000000000003,1.861875,0.5370929842228936,0.04730468749999983,0.6,False
E0,Wolves,Casa,Under 2.5 golos,16,16.0,0.4375,0.49607837082461076,0.2309836333518552,0.6682180439322348,-0.02851941747572817,-0.16124999999999998,1.945625,0.5139736588499839,-0.1487890625,0.4,False
E0,Wolves,Casa,Handicap Asiático (AH),16,,,,,,,-0.30375,1.84875,0.5409060175794456,,,False
E0,Wolves,Casa,Casa marca (>=1),16,16.0,0.625,0.4841229182759271,0.38640647097934805,0.8151901744524719,-0.11448220064724923,,,,,0.8,False
E0,Wolves,Casa,Clean sheet,16,16.0,0.1875,0.3903123748998999,0.06591478773586763,0.4300935986845823,-0.07301779935275082,,,,,0.2,False
E0,Wolves,Casa,Ambas marcam (BTTS),16,16.0,0.5,0.5,0.2799923761135083,0.7200076238864918,-0.05663430420711979,,,,,0.6,False
E0,Wolves,Casa,Over 1.5 golos,16,16.0,0.875,0.33071891388307384,0.6397666856325172,0.9650232506629429,0.08859223300970875,,,,,1.0,False
E0,Wolves,Casa,Over 3.5 golos,16,16.0,0.4375,0.49607837082461076,0.2309836333518552,0.6682180439322348,0.152710355987055,,,,,0.4,False
E0,Wolves,Casa,Cantos total Over 8.5,16,16.0,0.5,0.5,0.2799923761135083,0.7200076238864918,-0.1634304207119741,,,,,0.4,False
E0,Wolves,Casa,Cantos total Over 9.5,16,16.0,0.5,0.5,0.2799923761135083,0.7200076238864918,-0.06310679611650483,,,,,0.4,False
E0,Wolves,Casa,Cantos total Over 10.5,16,16.0,0.3125,0.46351240544347894,0.14164435051961052,0.5559606813326594,-0.1211569579288026,,,,,0.4,False
E0,Wolves,Casa,Cantos equipa Over 4.5,16,16.0,0.1875,0.3903123748998999,0.06591478773586763,0.4300935986845823,-0.3270631067961165,,,,,0.2,False
E0,Wolves,Casa,Cantos equipa Over 5.5,16,16.0,0.0625,0.24206145913796356,0.011119057308331216,0.2832926836802987,-0.32099514563106796,,,,,0.0,False
E0,Wolves,Casa,Equipa ganha cantos,16,16.0,0.125,0.33071891388307384,0.034976749337057134,0.3602333143674828,-0.3151294498381877,,,,,0.0,False
E0,Arsenal,Total,Vitória (1X2),31,31.0,0.6774193548387096,0.46746376600611095,0.501406855599508,0.8143076925268695,0.313341684935797,-0.004193548387096778,1.583225806451613,0.6316218418907905,0.07250780437044746,0.8,False
E0,Arsenal,Total,Over 2.5 golos,31,31.0,0.5161290322580645,0.49973978660740864,0.3484011828697317,0.6803001396872116,-0.017851550266207328,-0.09516129032258065,1.7780645161290325,0.5624092888243831,-0.08228928199791885,0.6,False
E0,Arsenal,Total,Under 2.5 golos,31,31.0,0.4838709677419355,0.49973978660740864,0.3196998603127883,0.6515988171302682,0.017851550266207328,-0.04290322580645161,2.02258064516129,0.4944178628389155,-0.021331945889698223,0.4,False
E0,Arsenal,Total,Handicap Asiático (AH),31,,,,,,,-0.021290322580645175,1.9548387096774194,0.5115511551155115,,,False
E0,Arsenal,Total,Casa marca (>=1),31,31.0,0.9032258064516129,0.29565004483586066,0.7509971000182296,0.9665359639053559,0.16374360580436365,,,,,1.0,False
E0,Arsenal,Total,Clean sheet,31,31.0,0.4838709677419355,0.49973978660740864,0.3196998603127883,0.6515988171302682,0.22335316838918468,,,,,0.4,False
E0,Arsenal,Total,Ambas marcam (BTTS),31,31.0,0.4838709677419355,0.49973978660740864,0.3196998603127883,0.6515988171302682,-0.07276333646518429,,,,,0.6,False
E0,Arsenal,Total,Over 1.5 golos,31,31.0,0.7419354838709677,0.43756967633066246,0.567535275722849,0.8629845626313023,-0.0444722831193235,,,,,0.8,False
E0,Arsenal,Total,Over 3.5 golos,31,31.0,0.2903225806451613,0.4539112025635577,0.16095620718432874,0.4659265995754067,0.005532936632216323,,,,,0.4,False
E0,Arsenal,Total,Cantos total Over 8.5,31,31.0,0.4838709677419355,0.49973978660740864,0.3196998603127883,0.6515988171302682,-0.1795594529700386,,,,,0.4,False
E0,Arsenal,Total,Cantos total Over 9.5,31,31.0,0.45161290322580644,0.4976531813077907,0.29161482836586106,0.6222812039633085,-0.11149389289069839,,,,,0.4,False
E0,Arsenal,Total,Cantos total Over 10.5,31,31.0,0.41935483870967744,0.4934535013154308,0.26415303073549257,0.5923403564797902,-0.014302119219125164,,,,,0.4,False
E0,Arsenal,Total,Cantos equipa Over 4.5,31,31.0,0.5483870967741935,0.49765318130779074,0.37771879603669134,0.7083851716341388,0.03382398997807701,,,,,0.6,False
E0,Arsenal,Total,Cantos equipa Over 5.5,31,31.0,0.41935483870967744,0.4934535013154308,0.26415303073549257,0.5923403564797902,0.03585969307860948,,,,,0.2,True
E0,Arsenal,Total,Equipa ganha cantos,31,31.0,0.6774193548387096,0.46746376600611095,0.501406855599508,0.8143076925268695,0.23728990500052194,,,,,0.6,False
E0,Aston Villa,Total,Vitória (1X2),31,31.0,0.5161290322580645,0.49973978660740864,0.3484011828697317,0.6803001396872116,0.15205136235515188,0.35870967741935483,2.73,0.3663003663003663,0.40903225806451626,0.2,True
E0,Aston Villa,Total,Over 2.5 golos,31,31.0,0.4838709677419355,0.49973978660740864,0.3196998603127883,0.6515988171302682,-0.05010961478233633,-0.11516129032258066,1.8048387096774194,0.5540661304736372,-0.12669094693028093,0.4,False
E0,Aston Villa,Total,Under 2.5 golos,31,31.0,0.5161290322580645,0.49973978660740864,0.3484011828697317,0.6803001396872116,0.05010961478233633,0.03806451612903225,1.9883870967741937,0.5029201817001947,0.026264308012486914,0.6,False
E0,Aston Villa,Total,Handicap Asiático (AH),31,,,,,,,0.04403225806451612,1.8583870967741936,0.5381010241277556,,,False
E0,Aston Villa,Total,Casa marca (>=1),31,31.0,0.7096774193548387,0.45391120256355766,0.5340734004245933,0.8390437928156712,-0.029804781292410487,,,,,0.8,False
E0,Aston Villa,Total,Clean sheet,31,31.0,0.2903225806451613,0.4539112025635577,0.16095620718432874,0.4659265995754067,0.029804781292410487,,,,,0.2,False
E0,Aston Villa,Total,Ambas marcam (BTTS),31,31.0,0.5161290322580645,0.49973978660740864,0.3484011828697317,0.6803001396872116,-0.04050527194905529,,,,,0.6,False
E0,Aston Villa,Total,Over 1.5 golos,31,31.0,0.7096774193548387,0.45391120256355766,0.5340734004245933,0.8390437928156712,-0.0767303476354525,,,,,1.0,False
E0,Aston Villa,Total,Over 3.5 golos,31,31.0,0.25806451612903225,0.43756967633066246,0.1370154373686976,0.432464724277151,-0.026725127883912736,,,,,0.4,False
E0,Aston Villa,Total,Cantos total Over 8.5,31,31.0,0.7419354838709677,0.43756967633066246,0.567535275722849,0.8629845626313023,0.07850506315899364,,,,,0.8,False
E0,Aston Villa,Total,Cantos total Over 9.5,31,31.0,0.6774193548387096,0.46746376600611095,0.501406855599508,0.8143076925268695,0.1143125587222048,,,,,0.6,False
E0,Aston Villa,Total,Cantos total Over 10.5,31,31.0,0.5161290322580645,0.49973978660740864,0.3484011828697317,0.6803001396872116,0.0824720743292619,,,,,0.6,False
E0,Aston Villa,Total,Cantos equipa Over 4.5,31,31.0,0.6451612903225806,0.4784644185223008,0.46947638042814893,0.7888355225843419,0.13059818352646413,,,,,0.8,False
E0,Aston Villa,Total,Cantos equipa Over 5.5,31,31.0,0.45161290322580644,0.4976531813077907,0.29161482836586106,0.6222812039633085,0.06811775759473848,,,,,0.6,False
E0,Aston Villa,Total,Equipa ganha cantos,31,31.0,0.41935483870967744,0.4934535013154308,0.26415303073549257,0.5923403564797902,-0.020774611128510256,,,,,0.4,False
E0,Bournemouth,Total,Vitória (1X2),31,31.0,0.2903225806451613,0.4539112025635577,0.16095620718432874,0.4659265995754067,-0.07375508925775132,-0.24903225806451612,3.1219354838709674,0.3203141144864642,-0.09363163371488037,0.0,True
E0,Bournemouth,Total,Over 2.5 golos,31,31.0,0.5483870967741935,0.49765318130779074,0.37771879603669134,0.7083851716341388,0.014406514249921676,-0.0729032258064516,1.6880645161290322,0.5923944200267534,-0.07428720083246632,0.2,True
E0,Bournemouth,Total,Under 2.5 golos,31,31.0,0.45161290322580644,0.4976531813077907,0.29161482836586106,0.6222812039633085,-0.014406514249921731,-0.02935483870967744,2.1722580645161287,0.4603504603504604,-0.01898022892819995,0.8,False
E0,Bournemouth,Total,Handicap Asiático (AH),31,,,,,,,0.06774193548387097,1.9796774193548388,0.5051328010428549,,,False
E0,Bournemouth,Total,Casa marca (>=1),31,31.0,0.7741935483870968,0.4181123031230878,0.6018723994130262,0.886050084055012,0.03471134773984752,,,,,0.4,True
E0,Bournemouth,Total,Clean sheet,31,31.0,0.2903225806451613,0.4539112025635577,0.16095620718432874,0.4659265995754067,0.029804781292410487,,,,,0.6,False
E0,Bournemouth,Total,Ambas marcam (BTTS),31,31.0,0.6451612903225806,0.4784644185223008,0.46947638042814893,0.7888355225843419,0.08852698611546084,,,,,0.4,True
E0,Bournemouth,Total,Over 1.5 golos,31,31.0,0.7419354838709677,0.43756967633066246,0.567535275722849,0.8629845626313023,-0.0444722831193235,,,,,0.4,True
E0,Bournemouth,Total,Over 3.5 golos,31,31.0,0.4838709677419355,0.49973978660740864,0.3196998603127883,0.6515988171302682,0.1990813237289905,,,,,0.2,True
E0,Bournemouth,Total,Cantos total Over 8.5,31,31.0,0.7419354838709677,0.43756967633066246,0.567535275722849,0.8629845626313023,0.07850506315899364,,,,,0.8,False
E0,Bournemouth,Total,Cantos total Over 9.5,31,31.0,0.6451612903225806,0.4784644185223008,0.46947638042814893,0.7888355225843419,0.0820544942060758,,,,,0.8,False
E0,Bournemouth,Total,Cantos total Over 10.5,31,31.0,0.5483870967741935,0.49765318130779074,0.37771879603669134,0.7083851716341388,0.1147301388453909,,,,,0.6,False
E0,Bournemouth,Total,Cantos equipa Over 4.5,31,31.0,0.6129032258064516,0.48708609259811286,0.43823801141131963,0.7626712464872842,0.09834011901033513,,,,,0.8,False
E0,Bournemouth,Total,Cantos equipa Over 5.5,31,31.0,0.45161290322580644,0.4976531813077907,0.29161482836586106,0.6222812039633085,0.06811775759473848,,,,,0.6,False
E0,Bournemouth,Total,Equipa ganha cantos,31,31.0,0.5483870967741935,0.49765318130779074,0.37771879603669134,0.7083851716341388,0.10825764693600581,,,,,0.6,False
E0,Brentford,Total,Vitória (1X2),31,31.0,0.41935483870967744,0.4934535013154308,0.26415303073549257,0.5923403564797902,0.05527716880676481,0.15580645161290316,3.1877419354838716,0.31370167982189834,0.33679500520291406,0.2,True
E0,Brentford,Total,Over 2.5 golos,31,31.0,0.4838709677419355,0.49973978660740864,0.3196998603127883,0.6515988171302682,-0.05010961478233633,-0.127741935483871,1.7893548387096776,0.5588606453939066,-0.13418314255983343,0.4,False
E0,Brentford,Total,Under 2.5 golos,31,31.0,0.5161290322580645,0.49973978660740864,0.3484011828697317,0.6803001396872116,0.05010961478233633,0.036451612903225815,2.0029032258064516,0.4992752456112095,0.033756503642039526,0.6,False
E0,Brentford,Total,Handicap Asiático (AH),31,,,,,,,0.012096774193548373,1.9035483870967742,0.5253346890357566,,,False
E0,Brentford,Total,Casa marca (>=1),31,31.0,0.6774193548387096,0.46746376600611095,0.501406855599508,0.8143076925268695,-0.0620628458085396,,,,,0.4,True
E0,Brentford,Total,Clean sheet,31,31.0,0.25806451612903225,0.43756967633066246,0.1370154373686976,0.432464724277151,-0.002453283223718572,,,,,0.4,False
E0,Brentford,Total,Ambas marcam (BTTS),31,31.0,0.5161290322580645,0.49973978660740864,0.3484011828697317,0.6803001396872116,-0.04050527194905529,,,,,0.4,False
E0,Brentford,Total,Over 1.5 golos,31,31.0,0.8064516129032258,0.39507899077148034,0.6371939644454012,0.9081311641365236,0.02004384591293451,,,,,0.6,True
E0,Brentford,Total,Over 3.5 golos,31,31.0,0.3870967741935484,0.48708609259811286,0.23732875351271562,0.5617619885886803,0.10230713018060339,,,,,0.4,False
E0,Brentford,Total,Cantos total Over 8.5,31,31.0,0.6774193548387096,0.46746376600611095,0.501406855599508,0.8143076925268695,0.01398893412673552,,,,,0.4,True
E0,Brentford,Total,Cantos total Over 9.5,31,31.0,0.6129032258064516,0.48708609259811286,0.43823801141131963,0.7626712464872842,0.0497964296899468,,,,,0.4,True
E0,Brentford,Total,Cantos total Over 10.5,31,31.0,0.5161290322580645,0.49973978660740864,0.3484011828697317,0.6803001396872116,0.0824720743292619,,,,,0.2,True
E0,Brentford,Total,Cantos equipa Over 4.5,31,31.0,0.5483870967741935,0.49765318130779074,0.37771879603669134,0.7083851716341388,0.03382398997807701,,,,,0.4,False
E0,Brentford,Total,Cantos equipa Over 5.5,31,31.0,0.3548387096774194,0.4784644185223008,0.21116447741565816,0.5305236195718509,-0.028656435953648585,,,,,0.4,False
E0,Brentford,Total,Equipa ganha cantos,31,31.0,0.5483870967741935,0.49765318130779074,0.37771879603669134,0.7083851716341388,0.10825764693600581,,,,,0.4,False
E0,Brighton,Total,Vitória (1X2),31,31.0,0.3548387096774194,0.4784644185223008,0.21116447741565816,0.5305236195718509,-0.009238960225493253,-0.07064516129032261,2.9183870967741936,0.3426550237647839,0.03555671175858488,0.8,False
E0,Brighton,Total,Over 2.5 golos,31,31.0,0.45161290322580644,0.4976531813077907,0.29161482836586106,0.6222812039633085,-0.08236767929846539,-0.23709677419354844,1.7209677419354839,0.5810684161199625,-0.2227887617065557,0.4,False
E0,Brighton,Total,Under 2.5 golos,31,31.0,0.5483870967741935,0.49765318130779074,0.37771879603669134,0.7083851716341388,0.08236767929846533,0.1403225806451613,2.1025806451612907,0.47560601411475906,0.15302809573361098,0.6,False
E0,Brighton,Total,Handicap Asiático (AH),31,,,,,,,-0.03758064516129035,1.988709677419355,0.5028386050283861,,,False
E0,Brighton,Total,Casa marca (>=1),31,31.0,0.7741935483870968,0.4181123031230878,0.6018723994130262,0.886050084055012,0.03471134773984752,,,,,0.8,False
E0,Brighton,Total,Clean sheet,31,31.0,0.22580645161290322,0.4181123031230877,0.113949915944988,0.3981276005869738,-0.0347113477398476,,,,,0.4,False
E0,Brighton,Total,Ambas marcam (BTTS),31,31.0,0.6129032258064516,0.48708609259811286,0.43823801141131963,0.7626712464872842,0.056268921599331834,,,,,0.4,True
E0,Brighton,Total,Over 1.5 golos,31,31.0,0.8064516129032258,0.39507899077148034,0.6371939644454012,0.9081311641365236,0.02004384591293451,,,,,0.6,True
E0,Brighton,Total,Over 3.5 golos,31,31.0,0.16129032258064516,0.3677985242255284,0.07092519905439935,0.32634702724978865,-0.12349932143229983,,,,,0.0,True
E0,Brighton,Total,Cantos total Over 8.5,31,31.0,0.5806451612903226,0.4934535013154308,0.4076596435202097,0.7358469692645074,-0.08278525942165149,,,,,0.6,False
E0,Brighton,Total,Cantos total Over 9.5,31,31.0,0.5483870967741935,0.49765318130779074,0.37771879603669134,0.7083851716341388,-0.014719699342311321,,,,,0.6,False
E0,Brighton,Total,Cantos total Over 10.5,31,31.0,0.41935483870967744,0.4934535013154308,0.26415303073549257,0.5923403564797902,-0.014302119219125164,,,,,0.2,True
E0,Brighton,Total,Cantos equipa Over 4.5,31,31.0,0.41935483870967744,0.4934535013154308,0.26415303073549257,0.5923403564797902,-0.09520826808643906,,,,,0.0,True
E0,Brighton,Total,Cantos equipa Over 5.5,31,31.0,0.2903225806451613,0.4539112025635577,0.16095620718432874,0.4659265995754067,-0.09317256498590665,,,,,0.0,True
E0,Brighton,Total,Equipa ganha cantos,31,31.0,0.3870967741935484,0.48708609259811286,0.23732875351271562,0.5617619885886803,-0.053032675644639315,,,,,0.2,True
E0,Burnley,Total,Vitória (1X2),31,31.0,0.12903225806451613,0.33523564017462143,0.05134201164644764,0.28852756954385356,-0.2350454118383965,-0.4906451612903226,6.393548387096776,0.15640766902119066,-0.17502601456815792,0.0,False
E0,Burnley,Total,Over 2.5 golos,31,31.0,0.5161290322580645,0.49973978660740864,0.3484011828697317,0.6803001396872116,-0.017851550266207328,-0.052258064516129056,1.8296774193548386,0.5465444287729196,-0.055650364203954306,0.4,False
E0,Burnley,Total,Under 2.5 golos,31,31.0,0.4838709677419355,0.49973978660740864,0.3196998603127883,0.6515988171302682,0.017851550266207328,-0.02548387096774195,1.9945161290322577,0.5013747371825975,-0.03491155046826233,0.6,False
E0,Burnley,Total,Handicap Asiático (AH),31,,,,,,,-0.055967741935483865,1.9451612903225808,0.5140961857379768,,,False
E0,Burnley,Total,Casa marca (>=1),31,31.0,0.6451612903225806,0.4784644185223008,0.46947638042814893,0.7888355225843419,-0.0943209103246686,,,,,0.6,False
E0,Burnley,Total,Clean sheet,31,31.0,0.12903225806451613,0.33523564017462143,0.05134201164644764,0.28852756954385356,-0.1314855412882347,,,,,0.2,False
E0,Burnley,Total,Ambas marcam (BTTS),31,31.0,0.5806451612903226,0.4934535013154308,0.4076596435202097,0.7358469692645074,0.02401085708320283,,,,,0.6,False
E0,Burnley,Total,Over 1.5 golos,31,31.0,0.8709677419354839,0.33523564017462143,0.7114724304561464,0.9486579883535523,0.08455997494519263,,,,,0.8,False
E0,Burnley,Total,Over 3.5 golos,31,31.0,0.3870967741935484,0.48708609259811286,0.23732875351271562,0.5617619885886803,0.10230713018060339,,,,,0.4,False
E0,Burnley,Total,Cantos total Over 8.5,31,31.0,0.5806451612903226,0.4934535013154308,0.4076596435202097,0.7358469692645074,-0.08278525942165149,,,,,1.0,False
E0,Burnley,Total,Cantos total Over 9.5,31,31.0,0.5161290322580645,0.49973978660740864,0.3484011828697317,0.6803001396872116,-0.046977763858440325,,,,,0.8,False
E0,Burnley,Total,Cantos total Over 10.5,31,31.0,0.3870967741935484,0.48708609259811286,0.23732875351271562,0.5617619885886803,-0.046560183735254224,,,,,0.8,False
E0,Burnley,Total,Cantos equipa Over 4.5,31,31.0,0.2903225806451613,0.4539112025635577,0.16095620718432874,0.4659265995754067,-0.2242405261509552,,,,,0.6,False
E0,Burnley,Total,Cantos equipa Over 5.5,31,31.0,0.16129032258064516,0.3677985242255284,0.07092519905439935,0.32634702724978865,-0.2222048230504228,,,,,0.2,False
E0,Burnley,Total,Equipa ganha cantos,31,31.0,0.1935483870967742,0.39507899077148034,0.09186883586347631,0.3628060355545985,-0.2465810627414135,,,,,0.0,True
E0,Chelsea,Total,Vitória (1X2),31,31.0,0.41935483870967744,0.4934535013154308,0.26415303073549257,0.5923403564797902,0.05527716880676481,-0.21451612903225808,2.099354838709677,0.47633681622618324,-0.11962539021852248,0.2,True
E0,Chelsea,Total,Over 2.5 golos,31,31.0,0.6451612903225806,0.4784644185223008,0.46947638042814893,0.7888355225843419,0.1111807077983088,0.07161290322580648,1.6574193548387097,0.6033476060724017,0.06930280957336121,0.6,False
E0,Chelsea,Total,Under 2.5 golos,31,31.0,0.3548387096774194,0.4784644185223008,0.21116447741565816,0.5305236195718509,-0.1111807077983088,-0.20935483870967742,2.19741935483871,0.45507927187316494,-0.22027055150884478,0.4,False
E0,Chelsea,Total,Handicap Asiático (AH),31,,,,,,,-0.09693548387096775,1.8687096774193548,0.535128603486967,,,False
E0,Chelsea,Total,Casa marca (>=1),31,31.0,0.8709677419354839,0.33523564017462143,0.7114724304561464,0.9486579883535523,0.13148554128823464,,,,,0.6,True
E0,Chelsea,Total,Clean sheet,31,31.0,0.2903225806451613,0.4539112025635577,0.16095620718432874,0.4659265995754067,0.029804781292410487,,,,,0.0,True
E0,Chelsea,Total,Ambas marcam (BTTS),31,31.0,0.6451612903225806,0.4784644185223008,0.46947638042814893,0.7888355225843419,0.08852698611546084,,,,,0.6,False
E0,Chelsea,Total,Over 1.5 golos,31,31.0,0.8709677419354839,0.33523564017462143,0.7114724304561464,0.9486579883535523,0.08455997494519263,,,,,0.8,False
E0,Chelsea,Total,Over 3.5 golos,31,31.0,0.3548387096774194,0.4784644185223008,0.21116447741565816,0.5305236195718509,0.07004906566447439,,,,,0.2,True
E0,Chelsea,Total,Cantos total Over 8.5,31,31.0,0.8064516129032258,0.39507899077148034,0.6371939644454012,0.9081311641365236,0.14302119219125164,,,,,1.0,False
E0,Chelsea,Total,Cantos total Over 9.5,31,31.0,0.7096774193548387,0.45391120256355766,0.5340734004245933,0.8390437928156712,0.14657062323833392,,,,,0.8,False
E0,Chelsea,Total,Cantos total Over 10.5,31,31.0,0.5161290322580645,0.49973978660740864,0.3484011828697317,0.6803001396872116,0.0824720743292619,,,,,0.8,False
E0,Chelsea,Total,Cantos equipa Over 4.5,31,31.0,0.6774193548387096,0.46746376600611095,0.501406855599508,0.8143076925268695,0.16285624804259313,,,,,1.0,False
E0,Chelsea,Total,Cantos equipa Over 5.5,31,31.0,0.5161290322580645,0.49973978660740864,0.3484011828697317,0.6803001396872116,0.13263388662699654,,,,,1.0,False
E0,Chelsea,Total,Equipa ganha cantos,31,31.0,0.5806451612903226,0.4934535013154308,0.4076596435202097,0.7358469692645074,0.14051571145213493,,,,,1.0,False
E0,Crystal Palace,Total,Vitória (1X2),30,30.0,0.3333333333333333,0.4714045207910317,0.19230295526846194,0.5122027418616973,-0.03074433656957931,-0.10133333333333332,3.0813333333333337,0.32453483340545214,0.027111111111111308,0.4,False
E0,Crystal Palace,Total,Over 2.5 golos,30,30.0,0.4666666666666667,0.49888765156985887,0.3023212722412823,0.6385798671847496,-0.06731391585760516,-0.11799999999999997,1.889,0.5293806246691372,-0.11846666666666672,0.6,False
E0,Crystal Palace,Total,Under 2.5 golos,30,30.0,0.5333333333333333,0.49888765156985887,0.36142013281525043,0.6976787277587176,0.06731391585760516,0.005333333333333345,1.892333333333333,0.5284481240091599,0.009244444444444166,0.4,False
E0,Crystal Palace,Total,Handicap Asiático (AH),30,,,,,,,-0.046166666666666675,1.892,0.5285412262156448,,,False
E0,Crystal Palace,Total,Casa marca (>=1),30,30.0,0.7,0.45825756949558405,0.5212387898833981,0.8333543735604106,-0.03948220064724928,,,,,0.8,False
E0,Crystal Palace,Total,Clean sheet,30,30.0,0.36666666666666664,0.4818944098266986,0.21873702204017684,0.5448675356639506,0.10614886731391582,,,,,0.4,False
E0,Crystal Palace,Total,Ambas marcam (BTTS),30,30.0,0.5,0.5,0.3315385122717376,0.6684614877282624,-0.05663430420711979,,,,,0.6,False
E0,Crystal Palace,Total,Over 1.5 golos,30,30.0,0.6666666666666666,0.4714045207910317,0.4877972581383026,0.807697044731538,-0.11974110032362462,,,,,0.6,False
E0,Crystal Palace,Total,Over 3.5 golos,30,30.0,0.16666666666666666,0.37267799624996495,0.07336434240351683,0.33564705185680177,-0.11812297734627833,,,,,0.4,False
E0,Crystal Palace,Total,Cantos total Over 8.5,30,30.0,0.5333333333333333,0.49888765156985887,0.36142013281525043,0.6976787277587176,-0.13009708737864079,,,,,0.8,False
E0,Crystal Palace,Total,Cantos total Over 9.5,30,30.0,0.43333333333333335,0.49553562491061687,0.27377237430615114,0.6080299045459127,-0.12977346278317148,,,,,0.6,False
E0,Crystal Palace,Total,Cantos total Over 10.5,30,30.0,0.3333333333333333,0.4714045207910317,0.19230295526846194,0.5122027418616973,-0.10032362459546929,,,,,0.2,False
E0,Crystal Palace,Total,Cantos equipa Over 4.5,30,30.0,0.36666666666666664,0.4818944098266986,0.21873702204017684,0.5448675356639506,-0.14789644012944986,,,,,0.6,False
E0,Crystal Palace,Total,Cantos equipa Over 5.5,30,30.0,0.3,0.458257569495584,0.16664562643958936,0.47876121011660183,-0.08349514563106797,,,,,0.6,False
E0,Crystal Palace,Total,Equipa ganha cantos,30,30.0,0.4666666666666667,0.49888765156985887,0.3023212722412823,0.6385798671847496,0.026537216828478982,,,,,0.6,False
E0,Everton,Total,Vitória (1X2),31,31.0,0.41935483870967744,0.4934535013154308,0.26415303073549257,0.5923403564797902,0.05527716880676481,0.3751612903225807,3.5738709677419354,0.2798086469898005,0.4987200832466183,0.6,False
E0,Everton,Total,Over 2.5 golos,31,31.0,0.3548387096774194,0.4784644185223008,0.21116447741565816,0.5305236195718509,-0.17914187284685246,-0.30258064516129035,1.9748387096774191,0.5063704671675924,-0.2992507804370448,0.4,False
E0,Everton,Total,Under 2.5 golos,31,31.0,0.6451612903225806,0.4784644185223008,0.46947638042814893,0.7888355225843419,0.17914187284685246,0.16903225806451613,1.8199999999999998,0.5494505494505495,0.17419354838709666,0.6,False
E0,Everton,Total,Handicap Asiático (AH),31,,,,,,,7.162729191130042e-18,1.9022580645161289,0.525691029336951,,,False
E0,Everton,Total,Casa marca (>=1),31,31.0,0.7096774193548387,0.45391120256355766,0.5340734004245933,0.8390437928156712,-0.029804781292410487,,,,,0.6,False
E0,Everton,Total,Clean sheet,31,31.0,0.3548387096774194,0.4784644185223008,0.21116447741565816,0.5305236195718509,0.09432091032466855,,,,,0.4,False
E0,Everton,Total,Ambas marcam (BTTS),31,31.0,0.41935483870967744,0.4934535013154308,0.26415303073549257,0.5923403564797902,-0.13727946549744235,,,,,0.2,True
E0,Everton,Total,Over 1.5 golos,31,31.0,0.7419354838709677,0.43756967633066246,0.567535275722849,0.8629845626313023,-0.0444722831193235,,,,,0.8,False
E0,Everton,Total,Over 3.5 golos,31,31.0,0.12903225806451613,0.33523564017462143,0.05134201164644764,0.28852756954385356,-0.15575738594842886,,,,,0.2,False
E0,Everton,Total,Cantos total Over 8.5,31,31.0,0.7096774193548387,0.45391120256355766,0.5340734004245933,0.8390437928156712,0.046246998642864634,,,,,1.0,False
E0,Everton,Total,Cantos total Over 9.5,31,31.0,0.45161290322580644,0.4976531813077907,0.29161482836586106,0.6222812039633085,-0.11149389289069839,,,,,0.6,False
E0,Everton,Total,Cantos total Over 10.5,31,31.0,0.3870967741935484,0.48708609259811286,0.23732875351271562,0.5617619885886803,-0.046560183735254224,,,,,0.6,False
E0,Everton,Total,Cantos equipa Over 4.5,31,31.0,0.3870967741935484,0.48708609259811286,0.23732875351271562,0.5617619885886803,-0.12746633260256812,,,,,0.4,False
E0,Everton,Total,Cantos equipa Over 5.5,31,31.0,0.3548387096774194,0.4784644185223008,0.21116447741565816,0.5305236195718509,-0.028656435953648585,,,,,0.4,False
E0,Everton,Total,Equipa ganha cantos,31,31.0,0.3225806451612903,0.46746376600611095,0.18569230747313034,0.4985931444004919,-0.11754880467689738,,,,,0.4,False
E0,Fulham,Total,Vitória (1X2),31,31.0,0.41935483870967744,0.4934535013154308,0.26415303073549257,0.5923403564797902,0.05527716880676481,-0.019032258064516118,3.346774193548387,0.2987951807228916,0.4034859521331946,0.6,False
E0,Fulham,Total,Over 2.5 golos,31,31.0,0.5806451612903226,0.4934535013154308,0.4076596435202097,0.7358469692645074,0.04666457876605079,0.09032258064516123,1.8899999999999997,0.5291005291005292,0.09741935483870967,0.6,False
E0,Fulham,Total,Under 2.5 golos,31,31.0,0.41935483870967744,0.4934535013154308,0.26415303073549257,0.5923403564797902,-0.046664578766050735,-0.21451612903225806,1.9012903225806452,0.5259586019681032,-0.20268470343392297,0.4,False
E0,Fulham,Total,Handicap Asiático (AH),31,,,,,,,0.22274193548387097,1.957741935483871,0.5107925523150436,,,False
E0,Fulham,Total,Casa marca (>=1),31,31.0,0.7741935483870968,0.4181123031230878,0.6018723994130262,0.886050084055012,0.03471134773984752,,,,,0.6,True
E0,Fulham,Total,Clean sheet,31,31.0,0.1935483870967742,0.39507899077148034,0.09186883586347631,0.3628060355545985,-0.06696941225597663,,,,,0.2,False
E0,Fulham,Total,Ambas marcam (BTTS),31,31.0,0.6129032258064516,0.48708609259811286,0.43823801141131963,0.7626712464872842,0.056268921599331834,,,,,0.6,False
E0,Fulham,Total,Over 1.5 golos,31,31.0,0.7419354838709677,0.43756967633066246,0.567535275722849,0.8629845626313023,-0.0444722831193235,,,,,0.6,False
E0,Fulham,Total,Over 3.5 golos,31,31.0,0.2903225806451613,0.4539112025635577,0.16095620718432874,0.4659265995754067,0.005532936632216323,,,,,0.4,False
E0,Fulham,Total,Cantos total Over 8.5,31,31.0,0.8064516129032258,0.39507899077148034,0.6371939644454012,0.9081311641365236,0.14302119219125164,,,,,1.0,False
E0,Fulham,Total,Cantos total Over 9.5,31,31.0,0.6774193548387096,0.46746376600611095,0.501406855599508,0.8143076925268695,0.1143125587222048,,,,,0.8,False
E0,Fulham,Total,Cantos total Over 10.5,31,31.0,0.45161290322580644,0.4976531813077907,0.29161482836586106,0.6222812039633085,0.01795594529700384,,,,,0.6,False
E0,Fulham,Total,Cantos equipa Over 4.5,31,31.0,0.45161290322580644,0.4976531813077907,0.29161482836586106,0.6222812039633085,-0.06295020357031006,,,,,0.6,False
E0,Fulham,Total,Cantos equipa Over 5.5,31,31.0,0.3870967741935484,0.48708609259811286,0.23732875351271562,0.5617619885886803,0.003601628562480419,,,,,0.4,False
E0,Fulham,Total,Equipa ganha cantos,31,31.0,0.25806451612903225,0.43756967633066246,0.1370154373686976,0.432464724277151,-0.18206493370915544,,,,,0.2,False
E0,Leeds,Total,Vitória (1X2),31,31.0,0.22580645161290322,0.4181123031230877,0.113949915944988,0.3981276005869738,-0.1382712182900094,-0.41193548387096773,3.9222580645161282,0.25495517723497,-0.11432882414151946,0.0,True
E0,Leeds,Total,Over 2.5 golos,31,31.0,0.5161290322580645,0.49973978660740864,0.3484011828697317,0.6803001396872116,-0.017851550266207328,-0.03129032258064515,1.9061290322580646,0.524623455745473,-0.016191467221644107,0.0,True
E0,Leeds,Total,Under 2.5 golos,31,31.0,0.4838709677419355,0.49973978660740864,0.3196998603127883,0.6515988171302682,0.017851550266207328,-0.10161290322580642,1.8983870967741934,0.5267629566694988,-0.08142559833506768,1.0,False
E0,Leeds,Total,Handicap Asiático (AH),31,,,,,,,0.1846774193548387,1.9529032258064514,0.5120581433762802,,,False
E0,Leeds,Total,Casa marca (>=1),31,31.0,0.6451612903225806,0.4784644185223008,0.46947638042814893,0.7888355225843419,-0.0943209103246686,,,,,0.2,True
E0,Leeds,Total,Clean sheet,31,31.0,0.1935483870967742,0.39507899077148034,0.09186883586347631,0.3628060355545985,-0.06696941225597663,,,,,0.4,False
E0,Leeds,Total,Ambas marcam (BTTS),31,31.0,0.5806451612903226,0.4934535013154308,0.4076596435202097,0.7358469692645074,0.02401085708320283,,,,,0.2,True
E0,Leeds,Total,Over 1.5 golos,31,31.0,0.7096774193548387,0.45391120256355766,0.5340734004245933,0.8390437928156712,-0.0767303476354525,,,,,0.2,True
E0,Leeds,Total,Over 3.5 golos,31,31.0,0.3870967741935484,0.48708609259811286,0.23732875351271562,0.5617619885886803,0.10230713018060339,,,,,0.0,True
E0,Leeds,Total,Cantos total Over 8.5,31,31.0,0.5806451612903226,0.4934535013154308,0.4076596435202097,0.7358469692645074,-0.08278525942165149,,,,,0.6,False
E0,Leeds,Total,Cantos total Over 9.5,31,31.0,0.45161290322580644,0.4976531813077907,0.29161482836586106,0.6222812039633085,-0.11149389289069839,,,,,0.4,False
E0,Leeds,Total,Cantos total Over 10.5,31,31.0,0.3225806451612903,0.46746376600611095,0.18569230747313034,0.4985931444004919,-0.11107631276751229,,,,,0.4,False
E0,Leeds,Total,Cantos equipa Over 4.5,31,31.0,0.45161290322580644,0.4976531813077907,0.29161482836586106,0.6222812039633085,-0.06295020357031006,,,,,0.6,False
E0,Leeds,Total,Cantos equipa Over 5.5,31,31.0,0.2903225806451613,0.4539112025635577,0.16095620718432874,0.4659265995754067,-0.09317256498590665,,,,,0.4,False
E0,Leeds,Total,Equipa ganha cantos,31,31.0,0.4838709677419355,0.49973978660740864,0.3196998603127883,0.6515988171302682,0.043741517903747806,,,,,0.6,False
E0,Liverpool,Total,Vitória (1X2),31,31.0,0.45161290322580644,0.4976531813077907,0.29161482836586106,0.6222812039633085,0.08753523332289381,-0.24806451612903227,1.880645161290322,0.5317324185248715,-0.1506763787721127,0.4,False
E0,Liverpool,Total,Over 2.5 golos,31,31.0,0.6129032258064516,0.48708609259811286,0.43823801141131963,0.7626712464872842,0.0789226432821798,-0.04483870967741934,1.57,0.6369426751592356,-0.03774193548387095,0.6,False
E0,Liverpool,Total,Under 2.5 golos,31,31.0,0.3870967741935484,0.48708609259811286,0.23732875351271562,0.5617619885886803,-0.0789226432821798,-0.10225806451612902,2.3687096774193552,0.42217077488764804,-0.083080124869927,0.4,False
E0,Liverpool,Total,Handicap Asiático (AH),31,,,,,,,-0.21016129032258063,1.9577419354838712,0.5107925523150436,,,False
E0,Liverpool,Total,Casa marca (>=1),31,31.0,0.8709677419354839,0.33523564017462143,0.7114724304561464,0.9486579883535523,0.13148554128823464,,,,,1.0,False
E0,Liverpool,Total,Clean sheet,31,31.0,0.2903225806451613,0.4539112025635577,0.16095620718432874,0.4659265995754067,0.029804781292410487,,,,,0.2,False
E0,Liverpool,Total,Ambas marcam (BTTS),31,31.0,0.6451612903225806,0.4784644185223008,0.46947638042814893,0.7888355225843419,0.08852698611546084,,,,,0.8,False
E0,Liverpool,Total,Over 1.5 golos,31,31.0,0.8064516129032258,0.39507899077148034,0.6371939644454012,0.9081311641365236,0.02004384591293451,,,,,0.8,False
E0,Liverpool,Total,Over 3.5 golos,31,31.0,0.25806451612903225,0.43756967633066246,0.1370154373686976,0.432464724277151,-0.026725127883912736,,,,,0.2,False
E0,Liverpool,Total,Cantos total Over 8.5,31,31.0,0.7741935483870968,0.4181123031230878,0.6018723994130262,0.886050084055012,0.11076312767512264,,,,,0.8,False
E0,Liverpool,Total,Cantos total Over 9.5,31,31.0,0.5483870967741935,0.49765318130779074,0.37771879603669134,0.7083851716341388,-0.014719699342311321,,,,,0.6,False
E0,Liverpool,Total,Cantos total Over 10.5,31,31.0,0.45161290322580644,0.4976531813077907,0.29161482836586106,0.6222812039633085,0.01795594529700384,,,,,0.6,False
E0,Liverpool,Total,Cantos equipa Over 4.5,31,31.0,0.6451612903225806,0.4784644185223008,0.46947638042814893,0.7888355225843419,0.13059818352646413,,,,,0.6,False
E0,Liverpool,Total,Cantos equipa Over 5.5,31,31.0,0.5806451612903226,0.4934535013154308,0.4076596435202097,0.7358469692645074,0.19715001565925466,,,,,0.6,False
E0,Liverpool,Total,Equipa ganha cantos,31,31.0,0.5483870967741935,0.49765318130779074,0.37771879603669134,0.7083851716341388,0.10825764693600581,,,,,0.6,False
E0,Man City,Total,Vitória (1X2),30,30.0,0.6,0.4898979485566356,0.42320052498273836,0.754096056739166,0.23592233009708735,-0.0696666666666667,1.6666666666666667,0.6,0.0,0.6,False
E0,Man City,Total,Over 2.5 golos,30,30.0,0.6,0.4898979485566356,0.42320052498273836,0.754096056739166,0.06601941747572815,-0.07400000000000001,1.5506666666666669,0.644883920894239,-0.06959999999999988,0.6,False
E0,Man City,Total,Under 2.5 golos,30,30.0,0.4,0.4898979485566356,0.24590394326083398,0.5767994750172617,-0.06601941747572815,-0.03966666666666665,2.4189999999999996,0.4133939644481191,-0.032400000000000095,0.4,False
E0,Man City,Total,Handicap Asiático (AH),30,,,,,,,-0.03133333333333331,1.8530000000000002,0.5396654074473826,,,False
E0,Man City,Total,Casa marca (>=1),30,30.0,0.8666666666666667,0.339934634239519,0.7031831605558306,0.9469043057578189,0.12718446601941746,,,,,1.0,False
E0,Man City,Total,Clean sheet,30,30.0,0.4,0.4898979485566356,0.24590394326083398,0.5767994750172617,0.1394822006472492,,,,,0.4,False
E0,Man City,Total,Ambas marcam (BTTS),30,30.0,0.5,0.5,0.3315385122717376,0.6684614877282624,-0.05663430420711979,,,,,0.6,False
E0,Man City,Total,Over 1.5 golos,30,30.0,0.8666666666666667,0.339934634239519,0.7031831605558306,0.9469043057578189,0.08025889967637545,,,,,0.8,False
E0,Man City,Total,Over 3.5 golos,30,30.0,0.23333333333333334,0.42295258468165065,0.11792239210501229,0.40928672330324267,-0.05145631067961165,,,,,0.2,False
E0,Man City,Total,Cantos total Over 8.5,30,30.0,0.6,0.4898979485566356,0.42320052498273836,0.754096056739166,-0.06343042071197413,,,,,0.4,True
E0,Man City,Total,Cantos total Over 9.5,30,30.0,0.4666666666666667,0.49888765156985887,0.3023212722412823,0.6385798671847496,-0.09644012944983815,,,,,0.4,False
E0,Man City,Total,Cantos total Over 10.5,30,30.0,0.3,0.458257569495584,0.16664562643958936,0.47876121011660183,-0.1336569579288026,,,,,0.2,False
E0,Man City,Total,Cantos equipa Over 4.5,30,30.0,0.6333333333333333,0.4818944098266987,0.4551324643360493,0.7812629779598231,0.1187702265372168,,,,,0.6,False
E0,Man City,Total,Cantos equipa Over 5.5,30,30.0,0.5333333333333333,0.49888765156985887,0.36142013281525043,0.6976787277587176,0.14983818770226537,,,,,0.4,False
E0,Man City,Total,Equipa ganha cantos,30,30.0,0.5666666666666667,0.49553562491061687,0.39197009545408734,0.7262276256938489,0.12653721682847896,,,,,0.4,True
E0,Man United,Total,Vitória (1X2),31,31.0,0.4838709677419355,0.49973978660740864,0.3196998603127883,0.6515988171302682,0.11979329783902287,0.20516129032258063,2.3877419354838705,0.41880572818157263,0.15535900104058253,0.6,False
E0,Man United,Total,Over 2.5 golos,31,31.0,0.6129032258064516,0.48708609259811286,0.43823801141131963,0.7626712464872842,0.0789226432821798,-0.011612903225806461,1.6183870967741936,0.6178991429140921,-0.008085327783558749,0.8,False
E0,Man United,Total,Under 2.5 golos,31,31.0,0.3870967741935484,0.48708609259811286,0.23732875351271562,0.5617619885886803,-0.0789226432821798,-0.1235483870967742,2.263225806451613,0.4418472063854048,-0.12391259105098862,0.2,True
E0,Man United,Total,Handicap Asiático (AH),31,,,,,,,-0.030000000000000027,1.9541935483870965,0.5117200396170354,,,False
E0,Man United,Total,Casa marca (>=1),31,31.0,0.9032258064516129,0.29565004483586066,0.7509971000182296,0.9665359639053559,0.16374360580436365,,,,,1.0,False
E0,Man United,Total,Clean sheet,31,31.0,0.16129032258064516,0.3677985242255284,0.07092519905439935,0.32634702724978865,-0.09922747677210567,,,,,0.2,False
E0,Man United,Total,Ambas marcam (BTTS),31,31.0,0.7419354838709677,0.43756967633066246,0.567535275722849,0.8629845626313023,0.18530117966384796,,,,,0.8,False
E0,Man United,Total,Over 1.5 golos,31,31.0,0.8709677419354839,0.33523564017462143,0.7114724304561464,0.9486579883535523,0.08455997494519263,,,,,0.8,False
E0,Man United,Total,Over 3.5 golos,31,31.0,0.3870967741935484,0.48708609259811286,0.23732875351271562,0.5617619885886803,0.10230713018060339,,,,,0.4,False
E0,Man United,Total,Cantos total Over 8.5,31,31.0,0.5483870967741935,0.49765318130779074,0.37771879603669134,0.7083851716341388,-0.1150433239377806,,,,,0.6,False
E0,Man United,Total,Cantos total Over 9.5,31,31.0,0.5161290322580645,0.49973978660740864,0.3484011828697317,0.6803001396872116,-0.046977763858440325,,,,,0.6,False
E0,Man United,Total,Cantos total Over 10.5,31,31.0,0.3225806451612903,0.46746376600611095,0.18569230747313034,0.4985931444004919,-0.11107631276751229,,,,,0.6,False
E0,Man United,Total,Cantos equipa Over 4.5,31,31.0,0.4838709677419355,0.49973978660740864,0.3196998603127883,0.6515988171302682,-0.030692139054181,,,,,0.6,False
E0,Man United,Total,Cantos equipa Over 5.5,31,31.0,0.3548387096774194,0.4784644185223008,0.21116447741565816,0.5305236195718509,-0.028656435953648585,,,,,0.6,False
E0,Man United,Total,Equipa ganha cantos,31,31.0,0.3548387096774194,0.4784644185223008,0.21116447741565816,0.5305236195718509,-0.08529074016076832,,,,,0.6,False
E0,Newcastle,Total,Vitória (1X2),31,31.0,0.3870967741935484,0.48708609259811286,0.23732875351271562,0.5617619885886803,0.02301910429063575,-0.17580645161290326,2.430322580645162,0.41146801168038216,-0.05922996878251796,0.4,False
E0,Newcastle,Total,Over 2.5 golos,31,31.0,0.6451612903225806,0.4784644185223008,0.46947638042814893,0.7888355225843419,0.1111807077983088,0.11225806451612905,1.7138709677419355,0.5834744965179748,0.10572320499479715,0.8,False
E0,Newcastle,Total,Under 2.5 golos,31,31.0,0.3548387096774194,0.4784644185223008,0.21116447741565816,0.5305236195718509,-0.1111807077983088,-0.24516129032258063,2.1129032258064515,0.4732824427480916,-0.2502601456815816,0.2,True
E0,Newcastle,Total,Handicap Asiático (AH),31,,,,,,,-0.1317741935483871,1.966451612903226,0.5085301837270341,,,False
E0,Newcastle,Total,Casa marca (>=1),31,31.0,0.7741935483870968,0.4181123031230878,0.6018723994130262,0.886050084055012,0.03471134773984752,,,,,1.0,False
E0,Newcastle,Total,Clean sheet,31,31.0,0.25806451612903225,0.43756967633066246,0.1370154373686976,0.432464724277151,-0.002453283223718572,,,,,0.2,False
E0,Newcastle,Total,Ambas marcam (BTTS),31,31.0,0.6451612903225806,0.4784644185223008,0.46947638042814893,0.7888355225843419,0.08852698611546084,,,,,0.8,False
E0,Newcastle,Total,Over 1.5 golos,31,31.0,0.7419354838709677,0.43756967633066246,0.567535275722849,0.8629845626313023,-0.0444722831193235,,,,,0.8,False
E0,Newcastle,Total,Over 3.5 golos,31,31.0,0.3548387096774194,0.4784644185223008,0.21116447741565816,0.5305236195718509,0.07004906566447439,,,,,0.2,True
E0,Newcastle,Total,Cantos total Over 8.5,31,31.0,0.8064516129032258,0.39507899077148034,0.6371939644454012,0.9081311641365236,0.14302119219125164,,,,,0.8,False
E0,Newcastle,Total,Cantos total Over 9.5,31,31.0,0.6451612903225806,0.4784644185223008,0.46947638042814893,0.7888355225843419,0.0820544942060758,,,,,0.4,True
E0,Newcastle,Total,Cantos total Over 10.5,31,31.0,0.5483870967741935,0.49765318130779074,0.37771879603669134,0.7083851716341388,0.1147301388453909,,,,,0.2,True
E0,Newcastle,Total,Cantos equipa Over 4.5,31,31.0,0.7741935483870968,0.4181123031230878,0.6018723994130262,0.886050084055012,0.25963044159098025,,,,,0.6,True
E0,Newcastle,Total,Cantos equipa Over 5.5,31,31.0,0.6774193548387096,0.46746376600611095,0.501406855599508,0.8143076925268695,0.2939242092076417,,,,,0.4,True
E0,Newcastle,Total,Equipa ganha cantos,31,31.0,0.6129032258064516,0.48708609259811286,0.43823801141131963,0.7626712464872842,0.17277377596826393,,,,,0.4,True
E0,Nott'm Forest,Total,Vitória (1X2),31,31.0,0.25806451612903225,0.43756967633066246,0.1370154373686976,0.432464724277151,-0.10601315377388038,-0.17548387096774198,3.575161290322581,0.2797076603807633,-0.07737773152965643,0.2,False
E0,Nott'm Forest,Total,Over 2.5 golos,31,31.0,0.5161290322580645,0.49973978660740864,0.3484011828697317,0.6803001396872116,-0.017851550266207328,-0.058709677419354823,1.874838709677419,0.53337921541638,-0.03234131113423533,0.6,False
E0,Nott'm Forest,Total,Under 2.5 golos,31,31.0,0.4838709677419355,0.49973978660740864,0.3196998603127883,0.6515988171302682,0.017851550266207328,-0.1067741935483871,1.9125806451612906,0.5228537696070163,-0.07455775234131112,0.4,False
E0,Nott'm Forest,Total,Handicap Asiático (AH),31,,,,,,,-0.21790322580645163,1.85258064516129,0.539787567473446,,,False
E0,Nott'm Forest,Total,Casa marca (>=1),31,31.0,0.5483870967741935,0.49765318130779074,0.37771879603669134,0.7083851716341388,-0.19109510387305573,,,,,0.6,False
E0,Nott'm Forest,Total,Clean sheet,31,31.0,0.25806451612903225,0.43756967633066246,0.1370154373686976,0.432464724277151,-0.002453283223718572,,,,,0.4,False
E0,Nott'm Forest,Total,Ambas marcam (BTTS),31,31.0,0.3870967741935484,0.48708609259811286,0.23732875351271562,0.5617619885886803,-0.1695375300135714,,,,,0.4,False
E0,Nott'm Forest,Total,Over 1.5 golos,31,31.0,0.7741935483870968,0.4181123031230878,0.6018723994130262,0.886050084055012,-0.012214218603194493,,,,,0.6,True
E0,Nott'm Forest,Total,Over 3.5 golos,31,31.0,0.1935483870967742,0.39507899077148034,0.09186883586347631,0.3628060355545985,-0.0912412569161708,,,,,0.2,False
E0,Nott'm Forest,Total,Cantos total Over 8.5,31,31.0,0.7741935483870968,0.4181123031230878,0.6018723994130262,0.886050084055012,0.11076312767512264,,,,,0.6,True
E0,Nott'm Forest,Total,Cantos total Over 9.5,31,31.0,0.6129032258064516,0.48708609259811286,0.43823801141131963,0.7626712464872842,0.0497964296899468,,,,,0.2,True
E0,Nott'm Forest,Total,Cantos total Over 10.5,31,31.0,0.45161290322580644,0.4976531813077907,0.29161482836586106,0.6222812039633085,0.01795594529700384,,,,,0.2,True
E0,Nott'm Forest,Total,Cantos equipa Over 4.5,31,31.0,0.6451612903225806,0.4784644185223008,0.46947638042814893,0.7888355225843419,0.13059818352646413,,,,,0.4,True
E0,Nott'm Forest,Total,Cantos equipa Over 5.5,31,31.0,0.3548387096774194,0.4784644185223008,0.21116447741565816,0.5305236195718509,-0.028656435953648585,,,,,0.2,True
E0,Nott'm Forest,Total,Equipa ganha cantos,31,31.0,0.4838709677419355,0.49973978660740864,0.3196998603127883,0.6515988171302682,0.043741517903747806,,,,,0.4,False
E0,Sunderland,Total,Vitória (1X2),31,31.0,0.3548387096774194,0.4784644185223008,0.21116447741565816,0.5305236195718509,-0.009238960225493253,0.3432258064516129,4.851935483870967,0.20610331759856393,0.7216545265348595,0.4,False
E0,Sunderland,Total,Over 2.5 golos,31,31.0,0.41935483870967744,0.4934535013154308,0.26415303073549257,0.5923403564797902,-0.1146257438145944,-0.18838709677419357,1.9632258064516126,0.5093657574761749,-0.17671175858480748,0.4,False
E0,Sunderland,Total,Under 2.5 golos,31,31.0,0.5806451612903226,0.4934535013154308,0.4076596435202097,0.7358469692645074,0.11462574381459445,0.06548387096774193,1.851290322580645,0.5401637916013243,0.07494276795005206,0.6,False
E0,Sunderland,Total,Handicap Asiático (AH),31,,,,,,,0.23241935483870965,1.9083870967741934,0.5240027045300879,,,False
E0,Sunderland,Total,Casa marca (>=1),31,31.0,0.6451612903225806,0.4784644185223008,0.46947638042814893,0.7888355225843419,-0.0943209103246686,,,,,0.8,False
E0,Sunderland,Total,Clean sheet,31,31.0,0.2903225806451613,0.4539112025635577,0.16095620718432874,0.4659265995754067,0.029804781292410487,,,,,0.2,False
E0,Sunderland,Total,Ambas marcam (BTTS),31,31.0,0.45161290322580644,0.4976531813077907,0.29161482836586106,0.6222812039633085,-0.10502140098131335,,,,,0.6,False
E0,Sunderland,Total,Over 1.5 golos,31,31.0,0.7096774193548387,0.45391120256355766,0.5340734004245933,0.8390437928156712,-0.0767303476354525,,,,,0.6,False
E0,Sunderland,Total,Over 3.5 golos,31,31.0,0.12903225806451613,0.33523564017462143,0.05134201164644764,0.28852756954385356,-0.15575738594842886,,,,,0.2,False
E0,Sunderland,Total,Cantos total Over 8.5,31,31.0,0.5483870967741935,0.49765318130779074,0.37771879603669134,0.7083851716341388,-0.1150433239377806,,,,,1.0,False
E0,Sunderland,Total,Cantos total Over 9.5,31,31.0,0.4838709677419355,0.49973978660740864,0.3196998603127883,0.6515988171302682,-0.07923582837456933,,,,,1.0,False
E0,Sunderland,Total,Cantos total Over 10.5,31,31.0,0.3225806451612903,0.46746376600611095,0.18569230747313034,0.4985931444004919,-0.11107631276751229,,,,,0.4,False
E0,Sunderland,Total,Cantos equipa Over 4.5,31,31.0,0.25806451612903225,0.43756967633066246,0.1370154373686976,0.432464724277151,-0.25649859066708425,,,,,0.6,False
E0,Sunderland,Total,Cantos equipa Over 5.5,31,31.0,0.12903225806451613,0.33523564017462143,0.05134201164644764,0.28852756954385356,-0.25446288756655183,,,,,0.4,False
E0,Sunderland,Total,Equipa ganha cantos,31,31.0,0.2903225806451613,0.4539112025635577,0.16095620718432874,0.4659265995754067,-0.14980686919302638,,,,,0.4,False
E0,Tottenham,Total,Vitória (1X2),31,31.0,0.22580645161290322,0.4181123031230877,0.113949915944988,0.3981276005869738,-0.1382712182900094,-0.33774193548387094,3.286774193548387,0.3042496810285602,-0.25782518210197714,0.0,True
E0,Tottenham,Total,Over 2.5 golos,31,31.0,0.6774193548387096,0.46746376600611095,0.501406855599508,0.8143076925268695,0.1434387723144378,0.19516129032258064,1.7400000000000002,0.5747126436781609,0.17870967741935484,0.8,False
E0,Tottenham,Total,Under 2.5 golos,31,31.0,0.3225806451612903,0.46746376600611095,0.18569230747313034,0.4985931444004919,-0.14343877231443786,-0.2893548387096774,2.0835483870967737,0.47995045672704767,-0.3278876170655569,0.2,False
E0,Tottenham,Total,Handicap Asiático (AH),31,,,,,,,-0.2748387096774194,1.8935483870967742,0.5281090289608177,,,False
E0,Tottenham,Total,Casa marca (>=1),31,31.0,0.8064516129032258,0.39507899077148034,0.6371939644454012,0.9081311641365236,0.06696941225597652,,,,,0.8,False
E0,Tottenham,Total,Clean sheet,31,31.0,0.22580645161290322,0.4181123031230877,0.113949915944988,0.3981276005869738,-0.0347113477398476,,,,,0.0,True
E0,Tottenham,Total,Ambas marcam (BTTS),31,31.0,0.6129032258064516,0.48708609259811286,0.43823801141131963,0.7626712464872842,0.056268921599331834,,,,,0.8,False
E0,Tottenham,Total,Over 1.5 golos,31,31.0,0.8709677419354839,0.33523564017462143,0.7114724304561464,0.9486579883535523,0.08455997494519263,,,,,1.0,False
E0,Tottenham,Total,Over 3.5 golos,31,31.0,0.2903225806451613,0.4539112025635577,0.16095620718432874,0.4659265995754067,0.005532936632216323,,,,,0.4,False
E0,Tottenham,Total,Cantos total Over 8.5,31,31.0,0.5483870967741935,0.49765318130779074,0.37771879603669134,0.7083851716341388,-0.1150433239377806,,,,,0.6,False
E0,Tottenham,Total,Cantos total Over 9.5,31,31.0,0.4838709677419355,0.49973978660740864,0.3196998603127883,0.6515988171302682,-0.07923582837456933,,,,,0.4,False
E0,Tottenham,Total,Cantos total Over 10.5,31,31.0,0.41935483870967744,0.4934535013154308,0.26415303073549257,0.5923403564797902,-0.014302119219125164,,,,,0.4,False
E0,Tottenham,Total,Cantos equipa Over 4.5,31,31.0,0.5161290322580645,0.49973978660740864,0.3484011828697317,0.6803001396872116,0.0015659254619480034,,,,,0.6,False
E0,Tottenham,Total,Cantos equipa Over 5.5,31,31.0,0.4838709677419355,0.49973978660740864,0.3196998603127883,0.6515988171302682,0.10037582211086754,,,,,0.6,False
E0,Tottenham,Total,Equipa ganha cantos,31,31.0,0.4838709677419355,0.49973978660740864,0.3196998603127883,0.6515988171302682,0.043741517903747806,,,,,0.8,False
E0,West Ham,Total,Vitória (1X2),31,31.0,0.22580645161290322,0.4181123031230877,0.113949915944988,0.3981276005869738,-0.1382712182900094,-0.20129032258064516,4.578387096774194,0.21841752976819556,0.03382934443288255,0.2,False
E0,West Ham,Total,Over 2.5 golos,31,31.0,0.5806451612903226,0.4934535013154308,0.4076596435202097,0.7358469692645074,0.04666457876605079,0.032258064516129004,1.7261290322580645,0.5793309661745468,0.0022684703433923925,0.2,True
E0,West Ham,Total,Under 2.5 golos,31,31.0,0.41935483870967744,0.4934535013154308,0.26415303073549257,0.5923403564797902,-0.046664578766050735,-0.06838709677419354,2.1361290322580646,0.46813651464814254,-0.10420395421436002,0.8,False
E0,West Ham,Total,Handicap Asiático (AH),31,,,,,,,-0.04387096774193551,1.8648387096774195,0.5362394049472409,,,False
E0,West Ham,Total,Casa marca (>=1),31,31.0,0.6774193548387096,0.46746376600611095,0.501406855599508,0.8143076925268695,-0.0620628458085396,,,,,0.6,False
E0,West Ham,Total,Clean sheet,31,31.0,0.12903225806451613,0.33523564017462143,0.05134201164644764,0.28852756954385356,-0.1314855412882347,,,,,0.4,False
E0,West Ham,Total,Ambas marcam (BTTS),31,31.0,0.5806451612903226,0.4934535013154308,0.4076596435202097,0.7358469692645074,0.02401085708320283,,,,,0.4,True
E0,West Ham,Total,Over 1.5 golos,31,31.0,0.9032258064516129,0.29565004483586066,0.7509971000182296,0.9665359639053559,0.11681803946132163,,,,,0.6,True
E0,West Ham,Total,Over 3.5 golos,31,31.0,0.2903225806451613,0.4539112025635577,0.16095620718432874,0.4659265995754067,0.005532936632216323,,,,,0.2,False
E0,West Ham,Total,Cantos total Over 8.5,31,31.0,0.7741935483870968,0.4181123031230878,0.6018723994130262,0.886050084055012,0.11076312767512264,,,,,1.0,False
E0,West Ham,Total,Cantos total Over 9.5,31,31.0,0.7096774193548387,0.45391120256355766,0.5340734004245933,0.8390437928156712,0.14657062323833392,,,,,1.0,False
E0,West Ham,Total,Cantos total Over 10.5,31,31.0,0.6774193548387096,0.46746376600611095,0.501406855599508,0.8143076925268695,0.24376239690990703,,,,,1.0,False
E0,West Ham,Total,Cantos equipa Over 4.5,31,31.0,0.7096774193548387,0.45391120256355766,0.5340734004245933,0.8390437928156712,0.19511431255872225,,,,,0.8,False
E0,West Ham,Total,Cantos equipa Over 5.5,31,31.0,0.45161290322580644,0.4976531813077907,0.29161482836586106,0.6222812039633085,0.06811775759473848,,,,,0.4,False
E0,West Ham,Total,Equipa ganha cantos,31,31.0,0.41935483870967744,0.4934535013154308,0.26415303073549257,0.5923403564797902,-0.020774611128510256,,,,,0.2,True
E0,Wolves,Total,Vitória (1X2),31,31.0,0.0967741935483871,0.2956500448358606,0.03346403609464399,0.24900289998177033,-0.26730347635452556,-0.5893548387096775,5.930645161290323,0.16861571933641556,-0.42606659729448493,0.4,False
E0,Wolves,Total,Over 2.5 golos,31,31.0,0.45161290322580644,0.4976531813077907,0.29161482836586106,0.6222812039633085,-0.08236767929846539,-0.18774193548387097,1.8203225806451613,0.5493531809321283,-0.17791883454734647,0.6,False
E0,Wolves,Total,Under 2.5 golos,31,31.0,0.5483870967741935,0.49765318130779074,0.37771879603669134,0.7083851716341388,0.08236767929846533,0.08903225806451615,2.0183870967741937,0.49544510148633525,0.10685744016649323,0.4,False
E0,Wolves,Total,Handicap Asiático (AH),31,,,,,,,-0.08806451612903225,1.9461290322580647,0.5138405436764462,,,False
E0,Wolves,Total,Casa marca (>=1),31,31.0,0.5161290322580645,0.49973978660740864,0.3484011828697317,0.6803001396872116,-0.22335316838918473,,,,,0.8,False
E0,Wolves,Total,Clean sheet,31,31.0,0.12903225806451613,0.33523564017462143,0.05134201164644764,0.28852756954385356,-0.1314855412882347,,,,,0.2,False
E0,Wolves,Total,Ambas marcam (BTTS),31,31.0,0.45161290322580644,0.4976531813077907,0.29161482836586106,0.6222812039633085,-0.10502140098131335,,,,,0.6,False
E0,Wolves,Total,Over 1.5 golos,31,31.0,0.7741935483870968,0.4181123031230878,0.6018723994130262,0.886050084055012,-0.012214218603194493,,,,,0.8,False
E0,Wolves,Total,Over 3.5 golos,31,31.0,0.25806451612903225,0.43756967633066246,0.1370154373686976,0.432464724277151,-0.026725127883912736,,,,,0.4,False
E0,Wolves,Total,Cantos total Over 8.5,31,31.0,0.6451612903225806,0.4784644185223008,0.46947638042814893,0.7888355225843419,-0.018269130389393484,,,,,0.4,True
E0,Wolves,Total,Cantos total Over 9.5,31,31.0,0.6129032258064516,0.48708609259811286,0.43823801141131963,0.7626712464872842,0.0497964296899468,,,,,0.4,True
E0,Wolves,Total,Cantos total Over 10.5,31,31.0,0.3548387096774194,0.4784644185223008,0.21116447741565816,0.5305236195718509,-0.07881824825138323,,,,,0.2,True
E0,Wolves,Total,Cantos equipa Over 4.5,31,31.0,0.22580645161290322,0.4181123031230877,0.113949915944988,0.3981276005869738,-0.28875665518321325,,,,,0.2,False
E0,Wolves,Total,Cantos equipa Over 5.5,31,31.0,0.12903225806451613,0.33523564017462143,0.05134201164644764,0.28852756954385356,-0.25446288756655183,,,,,0.0,False
E0,Wolves,Total,Equipa ganha cantos,31,31.0,0.16129032258064516,0.3677985242255284,0.07092519905439935,0.32634702724978865,-0.27883912725754256,,,,,0.2,False
