league,team,scope,cenario_lay,descricao,jogos,hit_rate,wilson_lo,wilson_hi,edge_vs_liga,confidence_weight,lay_score,flag_candidato,perde_3plus,perde_3plus_hi,ganha_3plus,ganha_3plus_hi,zero_zero,zero_zero_hi,sem_marcar,sem_marcar_hi,perde_sem_marcar,perde_sem_marcar_hi,vol_std_diff_golos,vol_std_total_golos,vol_std_pontos,vol_cv_golos_marcados
D1,Augsburg,Casa,Lay Empate,Jogo termina empatado,13,0.23076923076923078,0.08179379092465708,0.5025687399512693,-0.012820512820512803,0.0,2.773500981126145,False,0.15384615384615385,0.4223517050863101,0.0,0.22810184305529166,0.07692307692307693,0.3331453392824736,0.23076923076923078,0.5025687399512693,0.15384615384615385,0.4223517050863101,2.178431116693276,1.8040060614705498,1.3323467750529825,0.6960093862470135
D1,Augsburg,Casa,Lay Derrota,Equipa perde o jogo,13,0.3076923076923077,0.1268049716161809,0.5763111218666236,0.004273504273504314,0.0,2.496150883013531,False,0.15384615384615385,0.4223517050863101,0.0,0.22810184305529166,0.07692307692307693,0.3331453392824736,0.23076923076923078,0.5025687399512693,0.15384615384615385,0.4223517050863101,2.178431116693276,1.8040060614705498,1.3323467750529825,0.6960093862470135
D1,Augsburg,Casa,Lay Over 3.5,Mais de 3.5 golos no jogo,13,0.38461538461538464,0.17709446581236818,0.6447751902773147,-0.012820512820512775,0.0,2.2188007849009166,False,0.15384615384615385,0.4223517050863101,0.0,0.22810184305529166,0.07692307692307693,0.3331453392824736,0.23076923076923078,0.5025687399512693,0.15384615384615385,0.4223517050863101,2.178431116693276,1.8040060614705498,1.3323467750529825,0.6960093862470135
D1,Augsburg,Casa,Lay Clean Sheet,Equipa não sofre golos (clean sheet),13,0.38461538461538464,0.17709446581236818,0.6447751902773147,0.1111111111111111,0.0,2.2188007849009166,False,0.15384615384615385,0.4223517050863101,0.0,0.22810184305529166,0.07692307692307693,0.3331453392824736,0.23076923076923078,0.5025687399512693,0.15384615384615385,0.4223517050863101,2.178431116693276,1.8040060614705498,1.3323467750529825,0.6960093862470135
D1,Augsburg,Casa,Lay Vitória,Equipa vence o jogo,13,0.46153846153846156,0.23205754301488138,0.7085656756816795,0.008547008547008572,0.0,1.9414506867883017,False,0.15384615384615385,0.4223517050863101,0.0,0.22810184305529166,0.07692307692307693,0.3331453392824736,0.23076923076923078,0.5025687399512693,0.15384615384615385,0.4223517050863101,2.178431116693276,1.8040060614705498,1.3323467750529825,0.6960093862470135
D1,Augsburg,Fora,Lay Clean Sheet,Equipa não sofre golos (clean sheet),13,0.0,0.0,0.22810184305529166,-0.19230769230769232,0.4297453923617709,5.155020323018745,True,0.15384615384615385,0.4223517050863101,0.0,0.22810184305529166,0.0,0.22810184305529166,0.38461538461538464,0.6447751902773147,0.38461538461538464,0.6447751902773147,1.5913969896597848,1.1409536133993328,1.2498520622516862,0.9948848769417229
D1,Augsburg,Fora,Lay Empate,Jogo termina empatado,13,0.07692307692307693,0.013710066379696304,0.3331453392824736,-0.16666666666666666,0.1671366517938161,3.88446557863012,True,0.15384615384615385,0.4223517050863101,0.0,0.22810184305529166,0.0,0.22810184305529166,0.38461538461538464,0.6447751902773147,0.38461538461538464,0.6447751902773147,1.5913969896597848,1.1409536133993328,1.2498520622516862,0.9948848769417229
D1,Augsburg,Total,Lay Empate,Jogo termina empatado,26,0.15384615384615385,0.06149933998929479,0.33531584418313565,-0.08974358974358973,0.16171038954216094,5.012263338431423,True,0.15384615384615385,0.33531584418313565,0.0,0.12873304380462175,0.038461538461538464,0.18893176991958402,0.3076923076923077,0.4998861151423124,0.2692307692307692,0.46083403419761304,1.9460170216420796,1.517160224870463,1.3592766959286378,0.8393297955650122
D1,Augsburg,Total,Lay Clean Sheet,Equipa não sofre golos (clean sheet),26,0.19230769230769232,0.08506935771788268,0.3787663615465,-0.04059829059829059,0.053084096133750036,4.337062441094017,True,0.15384615384615385,0.33531584418313565,0.0,0.12873304380462175,0.038461538461538464,0.18893176991958402,0.3076923076923077,0.4998861151423124,0.2692307692307692,0.46083403419761304,1.9460170216420796,1.517160224870463,1.3592766959286378,0.8393297955650122
D1,Bayern Munich,Casa,Lay Under 2.5,Menos de 2.5 golos no jogo,13,0.0,0.0,0.22810184305529166,-0.3888888888888889,0.4297453923617709,5.155020323018745,True,0.0,0.22810184305529166,0.6153846153846154,0.8229055341876319,0.0,0.22810184305529166,0.0,0.22810184305529166,0.0,0.22810184305529166,2.253202848596432,1.7974340685458343,0.923076923076923,0.4702699715629801
D1,Bayern Munich,Casa,Lay Derrota,Equipa perde o jogo,13,0.07692307692307693,0.013710066379696304,0.3331453392824736,-0.22649572649572647,0.1671366517938161,3.88446557863012,True,0.0,0.22810184305529166,0.6153846153846154,0.8229055341876319,0.0,0.22810184305529166,0.0,0.22810184305529166,0.0,0.22810184305529166,2.253202848596432,1.7974340685458343,0.923076923076923,0.4702699715629801
D1,Bayern Munich,Casa,Lay Empate,Jogo termina empatado,13,0.07692307692307693,0.013710066379696304,0.3331453392824736,-0.16666666666666666,0.1671366517938161,3.88446557863012,True,0.0,0.22810184305529166,0.6153846153846154,0.8229055341876319,0.0,0.22810184305529166,0.0,0.22810184305529166,0.0,0.22810184305529166,2.253202848596432,1.7974340685458343,0.923076923076923,0.4702699715629801
D1,Bayern Munich,Fora,Lay Derrota,Equipa perde o jogo,13,0.0,0.0,0.22810184305529166,-0.452991452991453,0.4297453923617709,5.155020323018745,True,0.0,0.22810184305529166,0.5384615384615384,0.7679424569851186,0.0,0.22810184305529166,0.0,0.22810184305529166,0.0,0.22810184305529166,1.6245163139956058,1.071414482860317,0.8426500884694863,0.3483623623679439
D1,Bayern Munich,Fora,Lay Under 2.5,Menos de 2.5 golos no jogo,13,0.07692307692307693,0.013710066379696304,0.3331453392824736,-0.31196581196581197,0.1671366517938161,3.88446557863012,True,0.0,0.22810184305529166,0.5384615384615384,0.7679424569851186,0.0,0.22810184305529166,0.0,0.22810184305529166,0.0,0.22810184305529166,1.6245163139956058,1.071414482860317,0.8426500884694863,0.3483623623679439
D1,Bayern Munich,Total,Lay Derrota,Equipa perde o jogo,26,0.038461538461538464,0.006821808976989882,0.18893176991958402,-0.33974358974358976,0.52767057520104,7.490021224318862,True,0.0,0.12873304380462175,0.5769230769230769,0.7445581009727059,0.0,0.12873304380462175,0.0,0.12873304380462175,0.0,0.12873304380462175,2.0014787432704133,1.5499570522776835,0.8846153846153847,0.44659268080204706
D1,Bayern Munich,Total,Lay Under 2.5,Menos de 2.5 golos no jogo,26,0.038461538461538464,0.006821808976989882,0.18893176991958402,-0.3504273504273504,0.52767057520104,7.490021224318862,True,0.0,0.12873304380462175,0.5769230769230769,0.7445581009727059,0.0,0.12873304380462175,0.0,0.12873304380462175,0.0,0.12873304380462175,2.0014787432704133,1.5499570522776835,0.8846153846153847,0.44659268080204706
D1,Bayern Munich,Total,Lay Empate,Jogo termina empatado,26,0.15384615384615385,0.06149933998929479,0.33531584418313565,-0.08974358974358973,0.16171038954216094,5.012263338431423,True,0.0,0.12873304380462175,0.5769230769230769,0.7445581009727059,0.0,0.12873304380462175,0.0,0.12873304380462175,0.0,0.12873304380462175,2.0014787432704133,1.5499570522776835,0.8846153846153847,0.44659268080204706
D1,Dortmund,Casa,Lay Derrota,Equipa perde o jogo,13,0.07692307692307693,0.013710066379696304,0.3331453392824736,-0.22649572649572647,0.1671366517938161,3.88446557863012,True,0.0,0.22810184305529166,0.23076923076923078,0.5025687399512693,0.0,0.22810184305529166,0.0,0.22810184305529166,0.0,0.22810184305529166,1.336780553614059,1.6098807335735652,1.0088366960464616,0.39440531887330776
D1,Dortmund,Fora,Lay Derrota,Equipa perde o jogo,13,0.07692307692307693,0.013710066379696304,0.3331453392824736,-0.37606837606837606,0.1671366517938161,3.88446557863012,True,0.0,0.22810184305529166,0.07692307692307693,0.3331453392824736,0.0,0.22810184305529166,0.0,0.22810184305529166,0.0,0.22810184305529166,1.049090899768143,1.4390989949130544,1.1094003924504583,0.3794733192202055
D1,Dortmund,Total,Lay Derrota,Equipa perde o jogo,26,0.07692307692307693,0.021354639183375553,0.24141947480515055,-0.30128205128205127,0.39645131298712366,6.572799225880255,True,0.0,0.12873304380462175,0.15384615384615385,0.33531584418313565,0.0,0.12873304380462175,0.0,0.12873304380462175,0.0,0.12873304380462175,1.2504437082314506,1.5273638193588293,1.0851335368973758,0.40041300991900436
D1,Ein Frankfurt,Casa,Lay Empate,Jogo termina empatado,13,0.15384615384615385,0.04325726318273798,0.4223517050863101,-0.08974358974358973,0.0,3.05085107923876,False,0.07692307692307693,0.3331453392824736,0.15384615384615385,0.4223517050863101,0.0,0.22810184305529166,0.07692307692307693,0.3331453392824736,0.07692307692307693,0.3331453392824736,1.8621105287554158,1.8747780933775293,1.3674145257408599,0.63305303385048
D1,Ein Frankfurt,Casa,Lay Derrota,Equipa perde o jogo,13,0.3076923076923077,0.1268049716161809,0.5763111218666236,0.004273504273504314,0.0,2.496150883013531,False,0.07692307692307693,0.3331453392824736,0.15384615384615385,0.4223517050863101,0.0,0.22810184305529166,0.07692307692307693,0.3331453392824736,0.07692307692307693,0.3331453392824736,1.8621105287554158,1.8747780933775293,1.3674145257408599,0.63305303385048
D1,Ein Frankfurt,Casa,Lay Cantos Over 10.5,Total de cantos Over 10.5,13,0.3076923076923077,0.1268049716161809,0.5763111218666236,-0.06837606837606836,0.0,2.496150883013531,False,0.07692307692307693,0.3331453392824736,0.15384615384615385,0.4223517050863101,0.0,0.22810184305529166,0.07692307692307693,0.3331453392824736,0.07692307692307693,0.3331453392824736,1.8621105287554158,1.8747780933775293,1.3674145257408599,0.63305303385048
D1,Ein Frankfurt,Casa,Lay Over 3.5,Mais de 3.5 golos no jogo,13,0.38461538461538464,0.17709446581236818,0.6447751902773147,-0.012820512820512775,0.0,2.2188007849009166,False,0.07692307692307693,0.3331453392824736,0.15384615384615385,0.4223517050863101,0.0,0.22810184305529166,0.07692307692307693,0.3331453392824736,0.07692307692307693,0.3331453392824736,1.8621105287554158,1.8747780933775293,1.3674145257408599,0.63305303385048
D1,Ein Frankfurt,Casa,Lay Under 2.5,Menos de 2.5 golos no jogo,13,0.46153846153846156,0.23205754301488138,0.7085656756816795,0.07264957264957267,0.0,1.9414506867883017,False,0.07692307692307693,0.3331453392824736,0.15384615384615385,0.4223517050863101,0.0,0.22810184305529166,0.07692307692307693,0.3331453392824736,0.07692307692307693,0.3331453392824736,1.8621105287554158,1.8747780933775293,1.3674145257408599,0.63305303385048
D1,Ein Frankfurt,Fora,Lay Clean Sheet,Equipa não sofre golos (clean sheet),13,0.07692307692307693,0.013710066379696304,0.3331453392824736,-0.11538461538461539,0.1671366517938161,3.88446557863012,True,0.07692307692307693,0.3331453392824736,0.0,0.22810184305529166,0.07692307692307693,0.3331453392824736,0.15384615384615385,0.4223517050863101,0.07692307692307693,0.3331453392824736,1.942973990817706,2.497335858576604,1.0986812966989,0.8086075400626399
D1,Ein Frankfurt,Total,Lay Clean Sheet,Equipa não sofre golos (clean sheet),26,0.2692307692307692,0.13704275525067386,0.46083403419761304,0.03632478632478631,0.0,3.7262065676254967,False,0.07692307692307693,0.24141947480515055,0.07692307692307693,0.24141947480515055,0.038461538461538464,0.18893176991958402,0.11538461538461539,0.28976293086898336,0.07692307692307693,0.24141947480515055,1.941450686788302,2.292256065500206,1.277942132756627,0.7406223392499613
D1,Ein Frankfurt,Total,Lay Cantos Over 10.5,Total de cantos Over 10.5,26,0.2692307692307692,0.13704275525067386,0.46083403419761304,-0.10683760683760685,0.0,3.7262065676254967,False,0.07692307692307693,0.24141947480515055,0.07692307692307693,0.24141947480515055,0.038461538461538464,0.18893176991958402,0.11538461538461539,0.28976293086898336,0.07692307692307693,0.24141947480515055,1.941450686788302,2.292256065500206,1.277942132756627,0.7406223392499613
D1,Ein Frankfurt,Total,Lay Derrota,Equipa perde o jogo,26,0.3076923076923077,0.1650112093979267,0.4998861151423124,-0.07051282051282048,0.0,3.530090432487312,False,0.07692307692307693,0.24141947480515055,0.07692307692307693,0.24141947480515055,0.038461538461538464,0.18893176991958402,0.11538461538461539,0.28976293086898336,0.07692307692307693,0.24141947480515055,1.941450686788302,2.292256065500206,1.277942132756627,0.7406223392499613
D1,Ein Frankfurt,Total,Lay Empate,Jogo termina empatado,26,0.3076923076923077,0.1650112093979267,0.4998861151423124,0.06410256410256412,0.0,3.530090432487312,False,0.07692307692307693,0.24141947480515055,0.07692307692307693,0.24141947480515055,0.038461538461538464,0.18893176991958402,0.11538461538461539,0.28976293086898336,0.07692307692307693,0.24141947480515055,1.941450686788302,2.292256065500206,1.277942132756627,0.7406223392499613
D1,Ein Frankfurt,Total,Lay Vitória,Equipa vence o jogo,26,0.38461538461538464,0.22428359511834425,0.5746547996057992,0.006410256410256443,0.0,3.1378581622109443,False,0.07692307692307693,0.24141947480515055,0.07692307692307693,0.24141947480515055,0.038461538461538464,0.18893176991958402,0.11538461538461539,0.28976293086898336,0.07692307692307693,0.24141947480515055,1.941450686788302,2.292256065500206,1.277942132756627,0.7406223392499613
D1,FC Koln,Casa,Lay Clean Sheet,Equipa não sofre golos (clean sheet),13,0.07692307692307693,0.013710066379696304,0.3331453392824736,-0.1965811965811966,0.1671366517938161,3.88446557863012,True,0.0,0.22810184305529166,0.15384615384615385,0.4223517050863101,0.0,0.22810184305529166,0.07692307692307693,0.3331453392824736,0.07692307692307693,0.3331453392824736,1.4915938022819473,1.6354070481130227,1.2917581249035897,0.7100226978096958
D1,FC Koln,Fora,Lay Vitória,Equipa vence o jogo,13,0.15384615384615385,0.04325726318273798,0.4223517050863101,-0.14957264957264954,0.0,3.05085107923876,False,0.0,0.22810184305529166,0.0,0.22810184305529166,0.0,0.22810184305529166,0.23076923076923078,0.5025687399512693,0.23076923076923078,0.5025687399512693,1.1200169060431568,1.475640468711606,1.049090899768143,0.7844645405527362
D1,FC Koln,Fora,Lay Clean Sheet,Equipa não sofre golos (clean sheet),13,0.15384615384615385,0.04325726318273798,0.4223517050863101,-0.038461538461538464,0.0,3.05085107923876,False,0.0,0.22810184305529166,0.0,0.22810184305529166,0.0,0.22810184305529166,0.23076923076923078,0.5025687399512693,0.23076923076923078,0.5025687399512693,1.1200169060431568,1.475640468711606,1.049090899768143,0.7844645405527362
D1,FC Koln,Fora,Lay Empate,Jogo termina empatado,13,0.3076923076923077,0.1268049716161809,0.5763111218666236,0.06410256410256412,0.0,2.496150883013531,False,0.0,0.22810184305529166,0.0,0.22810184305529166,0.0,0.22810184305529166,0.23076923076923078,0.5025687399512693,0.23076923076923078,0.5025687399512693,1.1200169060431568,1.475640468711606,1.049090899768143,0.7844645405527362
D1,FC Koln,Fora,Lay Over 3.5,Mais de 3.5 golos no jogo,13,0.38461538461538464,0.17709446581236818,0.6447751902773147,-0.012820512820512775,0.0,2.2188007849009166,False,0.0,0.22810184305529166,0.0,0.22810184305529166,0.0,0.22810184305529166,0.23076923076923078,0.5025687399512693,0.23076923076923078,0.5025687399512693,1.1200169060431568,1.475640468711606,1.049090899768143,0.7844645405527362
D1,FC Koln,Fora,Lay Over 2.5,Mais de 2.5 golos no jogo,13,0.46153846153846156,0.23205754301488138,0.7085656756816795,-0.1495726495726496,0.0,1.9414506867883017,False,0.0,0.22810184305529166,0.0,0.22810184305529166,0.0,0.22810184305529166,0.23076923076923078,0.5025687399512693,0.23076923076923078,0.5025687399512693,1.1200169060431568,1.475640468711606,1.049090899768143,0.7844645405527362
D1,FC Koln,Total,Lay Clean Sheet,Equipa não sofre golos (clean sheet),26,0.11538461538461539,0.04003171821149494,0.28976293086898336,-0.11752136752136752,0.27559267282754163,5.753779015127041,True,0.0,0.12873304380462175,0.07692307692307693,0.24141947480515055,0.0,0.12873304380462175,0.15384615384615385,0.33531584418313565,0.15384615384615385,0.33531584418313565,1.3851494696437774,1.5806709683103473,1.1923076923076923,0.7964205637009344
D1,Freiburg,Casa,Lay Derrota,Equipa perde o jogo,13,0.15384615384615385,0.04325726318273798,0.4223517050863101,-0.14957264957264954,0.0,3.05085107923876,False,0.0,0.22810184305529166,0.07692307692307693,0.3331453392824736,0.0,0.22810184305529166,0.07692307692307693,0.3331453392824736,0.07692307692307693,0.3331453392824736,1.3888823142513682,1.327898192433236,1.2064913185660093,0.5559026693385972
D1,Freiburg,Casa,Lay Clean Sheet,Equipa não sofre golos (clean sheet),13,0.15384615384615385,0.04325726318273798,0.4223517050863101,-0.11965811965811968,0.0,3.05085107923876,False,0.0,0.22810184305529166,0.07692307692307693,0.3331453392824736,0.0,0.22810184305529166,0.07692307692307693,0.3331453392824736,0.07692307692307693,0.3331453392824736,1.3888823142513682,1.327898192433236,1.2064913185660093,0.5559026693385972
D1,Freiburg,Casa,Lay Cantos Over 10.5,Total de cantos Over 10.5,13,0.23076923076923078,0.08179379092465708,0.5025687399512693,-0.14529914529914528,0.0,2.773500981126145,False,0.0,0.22810184305529166,0.07692307692307693,0.3331453392824736,0.0,0.22810184305529166,0.07692307692307693,0.3331453392824736,0.07692307692307693,0.3331453392824736,1.3888823142513682,1.327898192433236,1.2064913185660093,0.5559026693385972
D1,Freiburg,Casa,Lay Empate,Jogo termina empatado,13,0.3076923076923077,0.1268049716161809,0.5763111218666236,0.06410256410256412,0.0,2.496150883013531,False,0.0,0.22810184305529166,0.07692307692307693,0.3331453392824736,0.0,0.22810184305529166,0.07692307692307693,0.3331453392824736,0.07692307692307693,0.3331453392824736,1.3888823142513682,1.327898192433236,1.2064913185660093,0.5559026693385972
D1,Freiburg,Casa,Lay Under 2.5,Menos de 2.5 golos no jogo,13,0.3076923076923077,0.1268049716161809,0.5763111218666236,-0.08119658119658119,0.0,2.496150883013531,False,0.0,0.22810184305529166,0.07692307692307693,0.3331453392824736,0.0,0.22810184305529166,0.07692307692307693,0.3331453392824736,0.07692307692307693,0.3331453392824736,1.3888823142513682,1.327898192433236,1.2064913185660093,0.5559026693385972
D1,Freiburg,Fora,Lay Vitória,Equipa vence o jogo,13,0.15384615384615385,0.04325726318273798,0.4223517050863101,-0.14957264957264954,0.0,3.05085107923876,False,0.23076923076923078,0.5025687399512693,0.07692307692307693,0.3331453392824736,0.15384615384615385,0.4223517050863101,0.5384615384615384,0.7679424569851186,0.38461538461538464,0.6447751902773147,1.817078740156572,2.335727146259843,1.0658774200423857,1.3008872711759818
D1,Freiburg,Fora,Lay Empate,Jogo termina empatado,13,0.23076923076923078,0.08179379092465708,0.5025687399512693,-0.012820512820512803,0.0,2.773500981126145,False,0.23076923076923078,0.5025687399512693,0.07692307692307693,0.3331453392824736,0.15384615384615385,0.4223517050863101,0.5384615384615384,0.7679424569851186,0.38461538461538464,0.6447751902773147,1.817078740156572,2.335727146259843,1.0658774200423857,1.3008872711759818
D1,Freiburg,Fora,Lay Clean Sheet,Equipa não sofre golos (clean sheet),13,0.23076923076923078,0.08179379092465708,0.5025687399512693,0.038461538461538464,0.0,2.773500981126145,False,0.23076923076923078,0.5025687399512693,0.07692307692307693,0.3331453392824736,0.15384615384615385,0.4223517050863101,0.5384615384615384,0.7679424569851186,0.38461538461538464,0.6447751902773147,1.817078740156572,2.335727146259843,1.0658774200423857,1.3008872711759818
D1,Freiburg,Fora,Lay Over 3.5,Mais de 3.5 golos no jogo,13,0.3076923076923077,0.1268049716161809,0.5763111218666236,-0.0897435897435897,0.0,2.496150883013531,False,0.23076923076923078,0.5025687399512693,0.07692307692307693,0.3331453392824736,0.15384615384615385,0.4223517050863101,0.5384615384615384,0.7679424569851186,0.38461538461538464,0.6447751902773147,1.817078740156572,2.335727146259843,1.0658774200423857,1.3008872711759818
D1,Freiburg,Fora,Lay Cantos Over 10.5,Total de cantos Over 10.5,13,0.3076923076923077,0.1268049716161809,0.5763111218666236,-0.06837606837606836,0.0,2.496150883013531,False,0.23076923076923078,0.5025687399512693,0.07692307692307693,0.3331453392824736,0.15384615384615385,0.4223517050863101,0.5384615384615384,0.7679424569851186,0.38461538461538464,0.6447751902773147,1.817078740156572,2.335727146259843,1.0658774200423857,1.3008872711759818
D1,Freiburg,Total,Lay Clean Sheet,Equipa não sofre golos (clean sheet),26,0.19230769230769232,0.08506935771788268,0.3787663615465,-0.04059829059829059,0.053084096133750036,4.337062441094017,True,0.11538461538461539,0.28976293086898336,0.07692307692307693,0.24141947480515055,0.07692307692307693,0.24141947480515055,0.3076923076923077,0.4998861151423124,0.23076923076923078,0.42051925751956787,1.8252016181084112,1.8998598515736107,1.294046449327748,0.8753586346325214
D1,Hamburg,Casa,Lay Clean Sheet,Equipa não sofre golos (clean sheet),14,0.14285714285714285,0.04009307373792117,0.399419077638637,-0.13064713064713068,0.0014523059034075858,3.21179264390167,True,0.0,0.21531701192718142,0.07142857142857142,0.3146926955395781,0.07142857142857142,0.3146926955395781,0.2857142857142857,0.546495411724844,0.21428571428571427,0.4758972377320828,1.3720980508784675,1.4445534582969062,1.2371791482634837,0.8660254037844386
D1,Hamburg,Fora,Lay Vitória,Equipa vence o jogo,12,0.16666666666666666,0.046964147614822246,0.44803635738467273,-0.13675213675213674,0.0,2.8867513459481287,False,0.25,0.53231033912066,0.0,0.2425007574992425,0.25,0.53231033912066,0.4166666666666667,0.6804926643446271,0.16666666666666666,0.44803635738467273,1.846543317180028,1.8465433171800283,1.0671873729054748,0.9622504486493764
D1,Hamburg,Fora,Lay Cantos Over 10.5,Total de cantos Over 10.5,12,0.16666666666666666,0.046964147614822246,0.44803635738467273,-0.2094017094017094,0.0,2.8867513459481287,False,0.25,0.53231033912066,0.0,0.2425007574992425,0.25,0.53231033912066,0.4166666666666667,0.6804926643446271,0.16666666666666666,0.44803635738467273,1.846543317180028,1.8465433171800283,1.0671873729054748,0.9622504486493764
D1,Hamburg,Fora,Lay Over 3.5,Mais de 3.5 golos no jogo,12,0.25,0.08894003962896137,0.53231033912066,-0.1474358974358974,0.0,2.598076211353316,False,0.25,0.53231033912066,0.0,0.2425007574992425,0.25,0.53231033912066,0.4166666666666667,0.6804926643446271,0.16666666666666666,0.44803635738467273,1.846543317180028,1.8465433171800283,1.0671873729054748,0.9622504486493764
D1,Hamburg,Fora,Lay Empate,Jogo termina empatado,12,0.3333333333333333,0.13811783989736134,0.609382412602386,0.08974358974358973,0.0,2.3094010767585034,False,0.25,0.53231033912066,0.0,0.2425007574992425,0.25,0.53231033912066,0.4166666666666667,0.6804926643446271,0.16666666666666666,0.44803635738467273,1.846543317180028,1.8465433171800283,1.0671873729054748,0.9622504486493764
D1,Hamburg,Fora,Lay Clean Sheet,Equipa não sofre golos (clean sheet),12,0.3333333333333333,0.13811783989736134,0.609382412602386,0.141025641025641,0.0,2.3094010767585034,False,0.25,0.53231033912066,0.0,0.2425007574992425,0.25,0.53231033912066,0.4166666666666667,0.6804926643446271,0.16666666666666666,0.44803635738467273,1.846543317180028,1.8465433171800283,1.0671873729054748,0.9622504486493764
D1,Hamburg,Total,Lay Clean Sheet,Equipa não sofre golos (clean sheet),26,0.23076923076923078,0.11033699683676688,0.42051925751956787,-0.002136752136752129,0.0,3.92232270276368,False,0.11538461538461539,0.28976293086898336,0.038461538461538464,0.18893176991958402,0.15384615384615385,0.33531584418313565,0.34615384615384615,0.53779770990367,0.19230769230769232,0.3787663615465,1.7045015235507954,1.6462257353102072,1.1991120975476843,0.9734892561029728
D1,Hamburg,Total,Lay Cantos Over 10.5,Total de cantos Over 10.5,26,0.23076923076923078,0.11033699683676688,0.42051925751956787,-0.14529914529914528,0.0,3.92232270276368,False,0.11538461538461539,0.28976293086898336,0.038461538461538464,0.18893176991958402,0.15384615384615385,0.33531584418313565,0.34615384615384615,0.53779770990367,0.19230769230769232,0.3787663615465,1.7045015235507954,1.6462257353102072,1.1991120975476843,0.9734892561029728
D1,Hamburg,Total,Lay Vitória,Equipa vence o jogo,26,0.2692307692307692,0.13704275525067386,0.46083403419761304,-0.10897435897435898,0.0,3.7262065676254967,False,0.11538461538461539,0.28976293086898336,0.038461538461538464,0.18893176991958402,0.15384615384615385,0.33531584418313565,0.34615384615384615,0.53779770990367,0.19230769230769232,0.3787663615465,1.7045015235507954,1.6462257353102072,1.1991120975476843,0.9734892561029728
D1,Hamburg,Total,Lay Over 3.5,Mais de 3.5 golos no jogo,26,0.2692307692307692,0.13704275525067386,0.46083403419761304,-0.1282051282051282,0.0,3.7262065676254967,False,0.11538461538461539,0.28976293086898336,0.038461538461538464,0.18893176991958402,0.15384615384615385,0.33531584418313565,0.34615384615384615,0.53779770990367,0.19230769230769232,0.3787663615465,1.7045015235507954,1.6462257353102072,1.1991120975476843,0.9734892561029728
D1,Hamburg,Total,Lay Empate,Jogo termina empatado,26,0.34615384615384615,0.19412014972852126,0.53779770990367,0.10256410256410256,0.0,3.3339742973491284,False,0.11538461538461539,0.28976293086898336,0.038461538461538464,0.18893176991958402,0.15384615384615385,0.33531584418313565,0.34615384615384615,0.53779770990367,0.19230769230769232,0.3787663615465,1.7045015235507954,1.6462257353102072,1.1991120975476843,0.9734892561029728
D1,Heidenheim,Casa,Lay Clean Sheet,Equipa não sofre golos (clean sheet),13,0.0,0.0,0.22810184305529166,-0.27350427350427353,0.4297453923617709,5.155020323018745,True,0.23076923076923078,0.5025687399512693,0.0,0.22810184305529166,0.0,0.22810184305529166,0.38461538461538464,0.6447751902773147,0.38461538461538464,0.6447751902773147,1.5764539639937842,1.277942132756627,1.049090899768143,0.8894442709417557
D1,Heidenheim,Fora,Lay Clean Sheet,Equipa não sofre golos (clean sheet),13,0.0,0.0,0.22810184305529166,-0.19230769230769232,0.4297453923617709,5.155020323018745,True,0.07692307692307693,0.3331453392824736,0.0,0.22810184305529166,0.0,0.22810184305529166,0.46153846153846156,0.7085656756816795,0.46153846153846156,0.7085656756816795,1.5461347109416752,1.4756404687116058,0.8213137116947163,1.0423146132940955
D1,Heidenheim,Fora,Lay Vitória,Equipa vence o jogo,13,0.07692307692307693,0.013710066379696304,0.3331453392824736,-0.22649572649572647,0.1671366517938161,3.88446557863012,True,0.07692307692307693,0.3331453392824736,0.0,0.22810184305529166,0.0,0.22810184305529166,0.46153846153846156,0.7085656756816795,0.46153846153846156,0.7085656756816795,1.5461347109416752,1.4756404687116058,0.8213137116947163,1.0423146132940955
D1,Heidenheim,Fora,Lay Empate,Jogo termina empatado,13,0.07692307692307693,0.013710066379696304,0.3331453392824736,-0.16666666666666666,0.1671366517938161,3.88446557863012,True,0.07692307692307693,0.3331453392824736,0.0,0.22810184305529166,0.0,0.22810184305529166,0.46153846153846156,0.7085656756816795,0.46153846153846156,0.7085656756816795,1.5461347109416752,1.4756404687116058,0.8213137116947163,1.0423146132940955
D1,Heidenheim,Total,Lay Clean Sheet,Equipa não sofre golos (clean sheet),26,0.0,0.0,0.12873304380462175,-0.2329059829059829,0.6781673904884457,8.557008271175667,True,0.15384615384615385,0.33531584418313565,0.0,0.12873304380462175,0.0,0.12873304380462175,0.4230769230769231,0.6105170307888017,0.4230769230769231,0.6105170307888017,1.5632616486847366,1.4329181546305505,0.9699630933014226,0.9930312739844155
D1,Heidenheim,Total,Lay Vitória,Equipa vence o jogo,26,0.11538461538461539,0.04003171821149494,0.28976293086898336,-0.2628205128205128,0.27559267282754163,5.753779015127041,True,0.15384615384615385,0.33531584418313565,0.0,0.12873304380462175,0.0,0.12873304380462175,0.4230769230769231,0.6105170307888017,0.4230769230769231,0.6105170307888017,1.5632616486847366,1.4329181546305505,0.9699630933014226,0.9930312739844155
D1,Heidenheim,Total,Lay Empate,Jogo termina empatado,26,0.19230769230769232,0.08506935771788268,0.3787663615465,-0.051282051282051266,0.053084096133750036,4.337062441094017,True,0.15384615384615385,0.33531584418313565,0.0,0.12873304380462175,0.0,0.12873304380462175,0.4230769230769231,0.6105170307888017,0.4230769230769231,0.6105170307888017,1.5632616486847366,1.4329181546305505,0.9699630933014226,0.9930312739844155
D1,Hoffenheim,Casa,Lay Empate,Jogo termina empatado,13,0.07692307692307693,0.013710066379696304,0.3331453392824736,-0.16666666666666666,0.1671366517938161,3.88446557863012,True,0.07692307692307693,0.3331453392824736,0.3076923076923077,0.5763111218666236,0.0,0.22810184305529166,0.15384615384615385,0.4223517050863101,0.15384615384615385,0.4223517050863101,2.1122354181147664,1.5876744185038687,1.3846153846153846,0.7016743822995893
D1,Hoffenheim,Fora,Lay Derrota,Equipa perde o jogo,13,0.15384615384615385,0.04325726318273798,0.4223517050863101,-0.29914529914529914,0.0,3.05085107923876,False,0.07692307692307693,0.3331453392824736,0.07692307692307693,0.3331453392824736,0.07692307692307693,0.3331453392824736,0.15384615384615385,0.4223517050863101,0.07692307692307693,0.3331453392824736,1.8235799370968766,1.8235799370968766,1.2064913185660093,0.6504436355879909
D1,Hoffenheim,Fora,Lay Clean Sheet,Equipa não sofre golos (clean sheet),13,0.23076923076923078,0.08179379092465708,0.5025687399512693,0.038461538461538464,0.0,2.773500981126145,False,0.07692307692307693,0.3331453392824736,0.07692307692307693,0.3331453392824736,0.07692307692307693,0.3331453392824736,0.15384615384615385,0.4223517050863101,0.07692307692307693,0.3331453392824736,1.8235799370968766,1.8235799370968766,1.2064913185660093,0.6504436355879909
D1,Hoffenheim,Fora,Lay Empate,Jogo termina empatado,13,0.3076923076923077,0.1268049716161809,0.5763111218666236,0.06410256410256412,0.0,2.496150883013531,False,0.07692307692307693,0.3331453392824736,0.07692307692307693,0.3331453392824736,0.07692307692307693,0.3331453392824736,0.15384615384615385,0.4223517050863101,0.07692307692307693,0.3331453392824736,1.8235799370968766,1.8235799370968766,1.2064913185660093,0.6504436355879909
D1,Hoffenheim,Fora,Lay Under 2.5,Menos de 2.5 golos no jogo,13,0.38461538461538464,0.17709446581236818,0.6447751902773147,-0.004273504273504258,0.0,2.2188007849009166,False,0.07692307692307693,0.3331453392824736,0.07692307692307693,0.3331453392824736,0.07692307692307693,0.3331453392824736,0.15384615384615385,0.4223517050863101,0.07692307692307693,0.3331453392824736,1.8235799370968766,1.8235799370968766,1.2064913185660093,0.6504436355879909
D1,Hoffenheim,Fora,Lay Over 3.5,Mais de 3.5 golos no jogo,13,0.46153846153846156,0.23205754301488138,0.7085656756816795,0.06410256410256415,0.0,1.9414506867883017,False,0.07692307692307693,0.3331453392824736,0.07692307692307693,0.3331453392824736,0.07692307692307693,0.3331453392824736,0.15384615384615385,0.4223517050863101,0.07692307692307693,0.3331453392824736,1.8235799370968766,1.8235799370968766,1.2064913185660093,0.6504436355879909
D1,Hoffenheim,Total,Lay Empate,Jogo termina empatado,26,0.19230769230769232,0.08506935771788268,0.3787663615465,-0.051282051282051266,0.053084096133750036,4.337062441094017,True,0.07692307692307693,0.24141947480515055,0.19230769230769232,0.3787663615465,0.038461538461538464,0.18893176991958402,0.15384615384615385,0.33531584418313565,0.11538461538461539,0.28976293086898336,1.986641780022301,1.7114304200989992,1.298611001241087,0.6799096203957711
D1,Leverkusen,Casa,Lay Derrota,Equipa perde o jogo,13,0.23076923076923078,0.08179379092465708,0.5025687399512693,-0.07264957264957261,0.0,2.773500981126145,False,0.07692307692307693,0.3331453392824736,0.15384615384615385,0.4223517050863101,0.0,0.22810184305529166,0.0,0.22810184305529166,0.0,0.22810184305529166,2.234744468666762,1.3846153846153846,1.2917581249035897,0.7337993857053428
D1,Leverkusen,Casa,Lay Empate,Jogo termina empatado,13,0.23076923076923078,0.08179379092465708,0.5025687399512693,-0.012820512820512803,0.0,2.773500981126145,False,0.07692307692307693,0.3331453392824736,0.15384615384615385,0.4223517050863101,0.0,0.22810184305529166,0.0,0.22810184305529166,0.0,0.22810184305529166,2.234744468666762,1.3846153846153846,1.2917581249035897,0.7337993857053428
D1,Leverkusen,Casa,Lay Over 3.5,Mais de 3.5 golos no jogo,13,0.3076923076923077,0.1268049716161809,0.5763111218666236,-0.0897435897435897,0.0,2.496150883013531,False,0.07692307692307693,0.3331453392824736,0.15384615384615385,0.4223517050863101,0.0,0.22810184305529166,0.0,0.22810184305529166,0.0,0.22810184305529166,2.234744468666762,1.3846153846153846,1.2917581249035897,0.7337993857053428
D1,Leverkusen,Casa,Lay Cantos Over 10.5,Total de cantos Over 10.5,13,0.38461538461538464,0.17709446581236818,0.6447751902773147,0.008547008547008572,0.0,2.2188007849009166,False,0.07692307692307693,0.3331453392824736,0.15384615384615385,0.4223517050863101,0.0,0.22810184305529166,0.0,0.22810184305529166,0.0,0.22810184305529166,2.234744468666762,1.3846153846153846,1.2917581249035897,0.7337993857053428
D1,Leverkusen,Casa,Lay Over 2.5,Mais de 2.5 golos no jogo,13,0.46153846153846156,0.23205754301488138,0.7085656756816795,-0.1495726495726496,0.0,1.9414506867883017,False,0.07692307692307693,0.3331453392824736,0.15384615384615385,0.4223517050863101,0.0,0.22810184305529166,0.0,0.22810184305529166,0.0,0.22810184305529166,2.234744468666762,1.3846153846153846,1.2917581249035897,0.7337993857053428
D1,Leverkusen,Fora,Lay Clean Sheet,Equipa não sofre golos (clean sheet),13,0.07692307692307693,0.013710066379696304,0.3331453392824736,-0.11538461538461539,0.1671366517938161,3.88446557863012,True,0.07692307692307693,0.3331453392824736,0.0,0.22810184305529166,0.0,0.22810184305529166,0.3076923076923077,0.5763111218666236,0.3076923076923077,0.5763111218666236,1.5112986695683461,1.942973990817706,1.3323467750529825,0.8040540003872579
D1,Leverkusen,Total,Lay Empate,Jogo termina empatado,26,0.23076923076923078,0.11033699683676688,0.42051925751956787,-0.012820512820512803,0.0,3.92232270276368,False,0.07692307692307693,0.24141947480515055,0.07692307692307693,0.24141947480515055,0.0,0.12873304380462175,0.15384615384615385,0.33531584418313565,0.15384615384615385,0.33531584418313565,1.962669357257396,1.7027648939368196,1.31727259919567,0.769309258162072
D1,Leverkusen,Total,Lay Derrota,Equipa perde o jogo,26,0.2692307692307692,0.13704275525067386,0.46083403419761304,-0.10897435897435898,0.0,3.7262065676254967,False,0.07692307692307693,0.24141947480515055,0.07692307692307693,0.24141947480515055,0.0,0.12873304380462175,0.15384615384615385,0.33531584418313565,0.15384615384615385,0.33531584418313565,1.962669357257396,1.7027648939368196,1.31727259919567,0.769309258162072
D1,Leverkusen,Total,Lay Clean Sheet,Equipa não sofre golos (clean sheet),26,0.2692307692307692,0.13704275525067386,0.46083403419761304,0.03632478632478631,0.0,3.7262065676254967,False,0.07692307692307693,0.24141947480515055,0.07692307692307693,0.24141947480515055,0.0,0.12873304380462175,0.15384615384615385,0.33531584418313565,0.15384615384615385,0.33531584418313565,1.962669357257396,1.7027648939368196,1.31727259919567,0.769309258162072
D1,Leverkusen,Total,Lay Cantos Over 10.5,Total de cantos Over 10.5,26,0.34615384615384615,0.19412014972852126,0.53779770990367,-0.02991452991452992,0.0,3.3339742973491284,False,0.07692307692307693,0.24141947480515055,0.07692307692307693,0.24141947480515055,0.0,0.12873304380462175,0.15384615384615385,0.33531584418313565,0.15384615384615385,0.33531584418313565,1.962669357257396,1.7027648939368196,1.31727259919567,0.769309258162072
D1,Leverkusen,Total,Lay Over 3.5,Mais de 3.5 golos no jogo,26,0.38461538461538464,0.22428359511834425,0.5746547996057992,-0.012820512820512775,0.0,3.1378581622109443,False,0.07692307692307693,0.24141947480515055,0.07692307692307693,0.24141947480515055,0.0,0.12873304380462175,0.15384615384615385,0.33531584418313565,0.15384615384615385,0.33531584418313565,1.962669357257396,1.7027648939368196,1.31727259919567,0.769309258162072
D1,M'gladbach,Casa,Lay Cantos Over 10.5,Total de cantos Over 10.5,13,0.23076923076923078,0.08179379092465708,0.5025687399512693,-0.14529914529914528,0.0,2.773500981126145,False,0.23076923076923078,0.5025687399512693,0.07692307692307693,0.3331453392824736,0.23076923076923078,0.5025687399512693,0.46153846153846156,0.7085656756816795,0.23076923076923078,0.5025687399512693,2.2373907034229212,2.567433733581329,1.2498520622516862,1.1989578808281796
D1,M'gladbach,Casa,Lay Vitória,Equipa vence o jogo,13,0.3076923076923077,0.1268049716161809,0.5763111218666236,-0.14529914529914528,0.0,2.496150883013531,False,0.23076923076923078,0.5025687399512693,0.07692307692307693,0.3331453392824736,0.23076923076923078,0.5025687399512693,0.46153846153846156,0.7085656756816795,0.23076923076923078,0.5025687399512693,2.2373907034229212,2.567433733581329,1.2498520622516862,1.1989578808281796
D1,M'gladbach,Casa,Lay Empate,Jogo termina empatado,13,0.3076923076923077,0.1268049716161809,0.5763111218666236,0.06410256410256412,0.0,2.496150883013531,False,0.23076923076923078,0.5025687399512693,0.07692307692307693,0.3331453392824736,0.23076923076923078,0.5025687399512693,0.46153846153846156,0.7085656756816795,0.23076923076923078,0.5025687399512693,2.2373907034229212,2.567433733581329,1.2498520622516862,1.1989578808281796
D1,M'gladbach,Casa,Lay BTTS,Ambas as equipas marcam,13,0.3076923076923077,0.1268049716161809,0.5763111218666236,-0.27350427350427353,0.0,2.496150883013531,False,0.23076923076923078,0.5025687399512693,0.07692307692307693,0.3331453392824736,0.23076923076923078,0.5025687399512693,0.46153846153846156,0.7085656756816795,0.23076923076923078,0.5025687399512693,2.2373907034229212,2.567433733581329,1.2498520622516862,1.1989578808281796
D1,M'gladbach,Casa,Lay Derrota,Equipa perde o jogo,13,0.38461538461538464,0.17709446581236818,0.6447751902773147,0.08119658119658124,0.0,2.2188007849009166,False,0.23076923076923078,0.5025687399512693,0.07692307692307693,0.3331453392824736,0.23076923076923078,0.5025687399512693,0.46153846153846156,0.7085656756816795,0.23076923076923078,0.5025687399512693,2.2373907034229212,2.567433733581329,1.2498520622516862,1.1989578808281796
D1,M'gladbach,Fora,Lay Vitória,Equipa vence o jogo,13,0.23076923076923078,0.08179379092465708,0.5025687399512693,-0.07264957264957261,0.0,2.773500981126145,False,0.23076923076923078,0.5025687399512693,0.15384615384615385,0.4223517050863101,0.07692307692307693,0.3331453392824736,0.3076923076923077,0.5763111218666236,0.23076923076923078,0.5025687399512693,2.2373907034229212,1.6245163139956058,1.2064913185660093,1.0594569267279519
D1,M'gladbach,Fora,Lay Empate,Jogo termina empatado,13,0.23076923076923078,0.08179379092465708,0.5025687399512693,-0.012820512820512803,0.0,2.773500981126145,False,0.23076923076923078,0.5025687399512693,0.15384615384615385,0.4223517050863101,0.07692307692307693,0.3331453392824736,0.3076923076923077,0.5763111218666236,0.23076923076923078,0.5025687399512693,2.2373907034229212,1.6245163139956058,1.2064913185660093,1.0594569267279519
D1,M'gladbach,Fora,Lay Cantos Over 10.5,Total de cantos Over 10.5,13,0.23076923076923078,0.08179379092465708,0.5025687399512693,-0.14529914529914528,0.0,2.773500981126145,False,0.23076923076923078,0.5025687399512693,0.15384615384615385,0.4223517050863101,0.07692307692307693,0.3331453392824736,0.3076923076923077,0.5763111218666236,0.23076923076923078,0.5025687399512693,2.2373907034229212,1.6245163139956058,1.2064913185660093,1.0594569267279519
D1,M'gladbach,Fora,Lay Over 3.5,Mais de 3.5 golos no jogo,13,0.3076923076923077,0.1268049716161809,0.5763111218666236,-0.0897435897435897,0.0,2.496150883013531,False,0.23076923076923078,0.5025687399512693,0.15384615384615385,0.4223517050863101,0.07692307692307693,0.3331453392824736,0.3076923076923077,0.5763111218666236,0.23076923076923078,0.5025687399512693,2.2373907034229212,1.6245163139956058,1.2064913185660093,1.0594569267279519
D1,M'gladbach,Fora,Lay Clean Sheet,Equipa não sofre golos (clean sheet),13,0.3076923076923077,0.1268049716161809,0.5763111218666236,0.11538461538461539,0.0,2.496150883013531,False,0.23076923076923078,0.5025687399512693,0.15384615384615385,0.4223517050863101,0.07692307692307693,0.3331453392824736,0.3076923076923077,0.5763111218666236,0.23076923076923078,0.5025687399512693,2.2373907034229212,1.6245163139956058,1.2064913185660093,1.0594569267279519
D1,M'gladbach,Total,Lay Cantos Over 10.5,Total de cantos Over 10.5,26,0.23076923076923078,0.11033699683676688,0.42051925751956787,-0.14529914529914528,0.0,3.92232270276368,False,0.23076923076923078,0.42051925751956787,0.11538461538461539,0.28976293086898336,0.15384615384615385,0.33531584418313565,0.38461538461538464,0.5746547996057992,0.23076923076923078,0.42051925751956787,2.2403639814170306,2.148688880532834,1.2379597645716216,1.1450376024878446
D1,M'gladbach,Total,Lay Vitória,Equipa vence o jogo,26,0.2692307692307692,0.13704275525067386,0.46083403419761304,-0.10897435897435898,0.0,3.7262065676254967,False,0.23076923076923078,0.42051925751956787,0.11538461538461539,0.28976293086898336,0.15384615384615385,0.33531584418313565,0.38461538461538464,0.5746547996057992,0.23076923076923078,0.42051925751956787,2.2403639814170306,2.148688880532834,1.2379597645716216,1.1450376024878446
D1,M'gladbach,Total,Lay Empate,Jogo termina empatado,26,0.2692307692307692,0.13704275525067386,0.46083403419761304,0.025641025641025633,0.0,3.7262065676254967,False,0.23076923076923078,0.42051925751956787,0.11538461538461539,0.28976293086898336,0.15384615384615385,0.33531584418313565,0.38461538461538464,0.5746547996057992,0.23076923076923078,0.42051925751956787,2.2403639814170306,2.148688880532834,1.2379597645716216,1.1450376024878446
D1,M'gladbach,Total,Lay Over 3.5,Mais de 3.5 golos no jogo,26,0.34615384615384615,0.19412014972852126,0.53779770990367,-0.051282051282051266,0.0,3.3339742973491284,False,0.23076923076923078,0.42051925751956787,0.11538461538461539,0.28976293086898336,0.15384615384615385,0.33531584418313565,0.38461538461538464,0.5746547996057992,0.23076923076923078,0.42051925751956787,2.2403639814170306,2.148688880532834,1.2379597645716216,1.1450376024878446
D1,M'gladbach,Total,Lay BTTS,Ambas as equipas marcam,26,0.38461538461538464,0.22428359511834425,0.5746547996057992,-0.1965811965811966,0.0,3.1378581622109443,False,0.23076923076923078,0.42051925751956787,0.11538461538461539,0.28976293086898336,0.15384615384615385,0.33531584418313565,0.38461538461538464,0.5746547996057992,0.23076923076923078,0.42051925751956787,2.2403639814170306,2.148688880532834,1.2379597645716216,1.1450376024878446
D1,Mainz,Casa,Lay Clean Sheet,Equipa não sofre golos (clean sheet),13,0.15384615384615385,0.04325726318273798,0.4223517050863101,-0.11965811965811968,0.0,3.05085107923876,False,0.0,0.22810184305529166,0.0,0.22810184305529166,0.07692307692307693,0.3331453392824736,0.38461538461538464,0.6447751902773147,0.3076923076923077,0.5763111218666236,1.1409536133993328,1.733758103013022,1.1409536133993328,0.9521904571390467
D1,Mainz,Casa,Lay Vitória,Equipa vence o jogo,13,0.23076923076923078,0.08179379092465708,0.5025687399512693,-0.2222222222222222,0.0,2.773500981126145,False,0.0,0.22810184305529166,0.0,0.22810184305529166,0.07692307692307693,0.3331453392824736,0.38461538461538464,0.6447751902773147,0.3076923076923077,0.5763111218666236,1.1409536133993328,1.733758103013022,1.1409536133993328,0.9521904571390467
D1,Mainz,Casa,Lay Over 3.5,Mais de 3.5 golos no jogo,13,0.23076923076923078,0.08179379092465708,0.5025687399512693,-0.16666666666666663,0.0,2.773500981126145,False,0.0,0.22810184305529166,0.0,0.22810184305529166,0.07692307692307693,0.3331453392824736,0.38461538461538464,0.6447751902773147,0.3076923076923077,0.5763111218666236,1.1409536133993328,1.733758103013022,1.1409536133993328,0.9521904571390467
D1,Mainz,Casa,Lay Over 2.5,Mais de 2.5 golos no jogo,13,0.3076923076923077,0.1268049716161809,0.5763111218666236,-0.30341880341880345,0.0,2.496150883013531,False,0.0,0.22810184305529166,0.0,0.22810184305529166,0.07692307692307693,0.3331453392824736,0.38461538461538464,0.6447751902773147,0.3076923076923077,0.5763111218666236,1.1409536133993328,1.733758103013022,1.1409536133993328,0.9521904571390467
D1,Mainz,Casa,Lay Derrota,Equipa perde o jogo,13,0.38461538461538464,0.17709446581236818,0.6447751902773147,0.08119658119658124,0.0,2.2188007849009166,False,0.0,0.22810184305529166,0.0,0.22810184305529166,0.07692307692307693,0.3331453392824736,0.38461538461538464,0.6447751902773147,0.3076923076923077,0.5763111218666236,1.1409536133993328,1.733758103013022,1.1409536133993328,0.9521904571390467
D1,Mainz,Fora,Lay Clean Sheet,Equipa não sofre golos (clean sheet),13,0.07692307692307693,0.013710066379696304,0.3331453392824736,-0.11538461538461539,0.1671366517938161,3.88446557863012,True,0.23076923076923078,0.5025687399512693,0.07692307692307693,0.3331453392824736,0.0,0.22810184305529166,0.3076923076923077,0.5763111218666236,0.3076923076923077,0.5763111218666236,2.12619614785927,1.0986812966989,1.1766968108291043,0.9100137361600648
D1,Mainz,Total,Lay Clean Sheet,Equipa não sofre golos (clean sheet),26,0.11538461538461539,0.04003171821149494,0.28976293086898336,-0.11752136752136752,0.27559267282754163,5.753779015127041,True,0.11538461538461539,0.28976293086898336,0.038461538461538464,0.18893176991958402,0.038461538461538464,0.18893176991958402,0.34615384615384615,0.53779770990367,0.3076923076923077,0.4998861151423124,1.7337581030130225,1.501478561226395,1.1596010332062565,0.9310238509459234
D1,RB Leipzig,Casa,Lay Empate,Jogo termina empatado,13,0.15384615384615385,0.04325726318273798,0.4223517050863101,-0.08974358974358973,0.0,3.05085107923876,False,0.07692307692307693,0.3331453392824736,0.07692307692307693,0.3331453392824736,0.0,0.22810184305529166,0.0,0.22810184305529166,0.0,0.22810184305529166,2.315371837429602,1.2733034890189883,1.3008872711759818,0.5602785106645489
D1,RB Leipzig,Casa,Lay Derrota,Equipa perde o jogo,13,0.23076923076923078,0.08179379092465708,0.5025687399512693,-0.07264957264957261,0.0,2.773500981126145,False,0.07692307692307693,0.3331453392824736,0.07692307692307693,0.3331453392824736,0.0,0.22810184305529166,0.0,0.22810184305529166,0.0,0.22810184305529166,2.315371837429602,1.2733034890189883,1.3008872711759818,0.5602785106645489
D1,RB Leipzig,Casa,Lay Under 2.5,Menos de 2.5 golos no jogo,13,0.23076923076923078,0.08179379092465708,0.5025687399512693,-0.1581196581196581,0.0,2.773500981126145,False,0.07692307692307693,0.3331453392824736,0.07692307692307693,0.3331453392824736,0.0,0.22810184305529166,0.0,0.22810184305529166,0.0,0.22810184305529166,2.315371837429602,1.2733034890189883,1.3008872711759818,0.5602785106645489
D1,RB Leipzig,Casa,Lay Clean Sheet,Equipa não sofre golos (clean sheet),13,0.3076923076923077,0.1268049716161809,0.5763111218666236,0.03418803418803418,0.0,2.496150883013531,False,0.07692307692307693,0.3331453392824736,0.07692307692307693,0.3331453392824736,0.0,0.22810184305529166,0.0,0.22810184305529166,0.0,0.22810184305529166,2.315371837429602,1.2733034890189883,1.3008872711759818,0.5602785106645489
D1,RB Leipzig,Casa,Lay Cantos Over 10.5,Total de cantos Over 10.5,13,0.3076923076923077,0.1268049716161809,0.5763111218666236,-0.06837606837606836,0.0,2.496150883013531,False,0.07692307692307693,0.3331453392824736,0.07692307692307693,0.3331453392824736,0.0,0.22810184305529166,0.0,0.22810184305529166,0.0,0.22810184305529166,2.315371837429602,1.2733034890189883,1.3008872711759818,0.5602785106645489
D1,RB Leipzig,Fora,Lay Empate,Jogo termina empatado,13,0.23076923076923078,0.08179379092465708,0.5025687399512693,-0.012820512820512803,0.0,2.773500981126145,False,0.07692307692307693,0.3331453392824736,0.15384615384615385,0.4223517050863101,0.07692307692307693,0.3331453392824736,0.23076923076923078,0.5025687399512693,0.15384615384615385,0.4223517050863101,2.684604364094638,1.80400606147055,1.3323467750529825,1.0604969305057834
D1,RB Leipzig,Fora,Lay Derrota,Equipa perde o jogo,13,0.3076923076923077,0.1268049716161809,0.5763111218666236,-0.14529914529914528,0.0,2.496150883013531,False,0.07692307692307693,0.3331453392824736,0.15384615384615385,0.4223517050863101,0.07692307692307693,0.3331453392824736,0.23076923076923078,0.5025687399512693,0.15384615384615385,0.4223517050863101,2.684604364094638,1.80400606147055,1.3323467750529825,1.0604969305057834
D1,RB Leipzig,Fora,Lay Over 3.5,Mais de 3.5 golos no jogo,13,0.3076923076923077,0.1268049716161809,0.5763111218666236,-0.0897435897435897,0.0,2.496150883013531,False,0.07692307692307693,0.3331453392824736,0.15384615384615385,0.4223517050863101,0.07692307692307693,0.3331453392824736,0.23076923076923078,0.5025687399512693,0.15384615384615385,0.4223517050863101,2.684604364094638,1.80400606147055,1.3323467750529825,1.0604969305057834
D1,RB Leipzig,Fora,Lay Clean Sheet,Equipa não sofre golos (clean sheet),13,0.38461538461538464,0.17709446581236818,0.6447751902773147,0.19230769230769232,0.0,2.2188007849009166,False,0.07692307692307693,0.3331453392824736,0.15384615384615385,0.4223517050863101,0.07692307692307693,0.3331453392824736,0.23076923076923078,0.5025687399512693,0.15384615384615385,0.4223517050863101,2.684604364094638,1.80400606147055,1.3323467750529825,1.0604969305057834
D1,RB Leipzig,Fora,Lay Cantos Over 10.5,Total de cantos Over 10.5,13,0.38461538461538464,0.17709446581236818,0.6447751902773147,0.008547008547008572,0.0,2.2188007849009166,False,0.07692307692307693,0.3331453392824736,0.15384615384615385,0.4223517050863101,0.07692307692307693,0.3331453392824736,0.23076923076923078,0.5025687399512693,0.15384615384615385,0.4223517050863101,2.684604364094638,1.80400606147055,1.3323467750529825,1.0604969305057834
D1,RB Leipzig,Total,Lay Empate,Jogo termina empatado,26,0.19230769230769232,0.08506935771788268,0.3787663615465,-0.051282051282051266,0.053084096133750036,4.337062441094017,True,0.07692307692307693,0.24141947480515055,0.11538461538461539,0.28976293086898336,0.038461538461538464,0.18893176991958402,0.11538461538461539,0.28976293086898336,0.07692307692307693,0.24141947480515055,2.5305821768609205,1.6176723726779298,1.330680299385092,0.7905694150420948
D1,St Pauli,Casa,Lay Over 3.5,Mais de 3.5 golos no jogo,12,0.16666666666666666,0.046964147614822246,0.44803635738467273,-0.23076923076923075,0.0,2.8867513459481287,False,0.16666666666666666,0.44803635738467273,0.0,0.2425007574992425,0.16666666666666666,0.44803635738467273,0.4166666666666667,0.6804926643446271,0.25,0.53231033912066,1.552328000849763,1.6051133570215186,1.247219128924647,0.9576845844606718
D1,St Pauli,Casa,Lay Clean Sheet,Equipa não sofre golos (clean sheet),12,0.16666666666666666,0.046964147614822246,0.44803635738467273,-0.10683760683760687,0.0,2.8867513459481287,False,0.16666666666666666,0.44803635738467273,0.0,0.2425007574992425,0.16666666666666666,0.44803635738467273,0.4166666666666667,0.6804926643446271,0.25,0.53231033912066,1.552328000849763,1.6051133570215186,1.247219128924647,0.9576845844606718
D1,St Pauli,Casa,Lay Vitória,Equipa vence o jogo,12,0.3333333333333333,0.13811783989736134,0.609382412602386,-0.11965811965811968,0.0,2.3094010767585034,False,0.16666666666666666,0.44803635738467273,0.0,0.2425007574992425,0.16666666666666666,0.44803635738467273,0.4166666666666667,0.6804926643446271,0.25,0.53231033912066,1.552328000849763,1.6051133570215186,1.247219128924647,0.9576845844606718
D1,St Pauli,Casa,Lay Derrota,Equipa perde o jogo,12,0.3333333333333333,0.13811783989736134,0.609382412602386,0.02991452991452992,0.0,2.3094010767585034,False,0.16666666666666666,0.44803635738467273,0.0,0.2425007574992425,0.16666666666666666,0.44803635738467273,0.4166666666666667,0.6804926643446271,0.25,0.53231033912066,1.552328000849763,1.6051133570215186,1.247219128924647,0.9576845844606718
D1,St Pauli,Casa,Lay Empate,Jogo termina empatado,12,0.3333333333333333,0.13811783989736134,0.609382412602386,0.08974358974358973,0.0,2.3094010767585034,False,0.16666666666666666,0.44803635738467273,0.0,0.2425007574992425,0.16666666666666666,0.44803635738467273,0.4166666666666667,0.6804926643446271,0.25,0.53231033912066,1.552328000849763,1.6051133570215186,1.247219128924647,0.9576845844606718
D1,St Pauli,Fora,Lay Vitória,Equipa vence o jogo,14,0.14285714285714285,0.04009307373792117,0.399419077638637,-0.16056166056166055,0.0014523059034075858,3.21179264390167,True,0.07142857142857142,0.3146926955395781,0.0,0.21531701192718142,0.07142857142857142,0.3146926955395781,0.42857142857142855,0.6740973309713064,0.35714285714285715,0.6123599531785959,1.4142135623730951,1.2936264483053452,1.049781318335648,0.9797958971132713
D1,St Pauli,Fora,Lay Empate,Jogo termina empatado,14,0.14285714285714285,0.04009307373792117,0.399419077638637,-0.10073260073260074,0.0014523059034075858,3.21179264390167,True,0.07142857142857142,0.3146926955395781,0.0,0.21531701192718142,0.07142857142857142,0.3146926955395781,0.42857142857142855,0.6740973309713064,0.35714285714285715,0.6123599531785959,1.4142135623730951,1.2936264483053452,1.049781318335648,0.9797958971132713
D1,St Pauli,Total,Lay Over 3.5,Mais de 3.5 golos no jogo,26,0.19230769230769232,0.08506935771788268,0.3787663615465,-0.2051282051282051,0.053084096133750036,4.337062441094017,True,0.11538461538461539,0.28976293086898336,0.0,0.12873304380462175,0.11538461538461539,0.28976293086898336,0.4230769230769231,0.6105170307888017,0.3076923076923077,0.4998861151423124,1.5078689064548199,1.4478100172860549,1.2064913185660093,1.0075330631527364
D1,St Pauli,Total,Lay Clean Sheet,Equipa não sofre golos (clean sheet),26,0.19230769230769232,0.08506935771788268,0.3787663615465,-0.04059829059829059,0.053084096133750036,4.337062441094017,True,0.11538461538461539,0.28976293086898336,0.0,0.12873304380462175,0.11538461538461539,0.28976293086898336,0.4230769230769231,0.6105170307888017,0.3076923076923077,0.4998861151423124,1.5078689064548199,1.4478100172860549,1.2064913185660093,1.0075330631527364
D1,Stuttgart,Casa,Lay Derrota,Equipa perde o jogo,13,0.07692307692307693,0.013710066379696304,0.3331453392824736,-0.22649572649572647,0.1671366517938161,3.88446557863012,True,0.07692307692307693,0.3331453392824736,0.07692307692307693,0.3331453392824736,0.07692307692307693,0.3331453392824736,0.15384615384615385,0.4223517050863101,0.07692307692307693,0.3331453392824736,1.9276867824833335,1.733758103013022,1.0088366960464616,0.7100226978096958
D1,Stuttgart,Fora,Lay Under 2.5,Menos de 2.5 golos no jogo,13,0.0,0.0,0.22810184305529166,-0.3888888888888889,0.4297453923617709,5.155020323018745,True,0.0,0.22810184305529166,0.3076923076923077,0.5763111218666236,0.0,0.22810184305529166,0.0,0.22810184305529166,0.0,0.22810184305529166,1.9851519847021446,1.0714144828603167,1.3323467750529825,0.5020765440883116
D1,Stuttgart,Total,Lay Empate,Jogo termina empatado,26,0.19230769230769232,0.08506935771788268,0.3787663615465,-0.051282051282051266,0.053084096133750036,4.337062441094017,True,0.038461538461538464,0.18893176991958402,0.19230769230769232,0.3787663615465,0.038461538461538464,0.18893176991958402,0.07692307692307693,0.24141947480515055,0.038461538461538464,0.18893176991958402,1.9600295855755239,1.58254158549546,1.2986110012410872,0.607843137254902
D1,Union Berlin,Casa,Lay Clean Sheet,Equipa não sofre golos (clean sheet),13,0.23076923076923078,0.08179379092465708,0.5025687399512693,-0.04273504273504275,0.0,2.773500981126145,False,0.15384615384615385,0.4223517050863101,0.0,0.22810184305529166,0.15384615384615385,0.4223517050863101,0.23076923076923078,0.5025687399512693,0.07692307692307693,0.3331453392824736,1.5764539639937842,1.7541160386140584,1.2015768732164083,0.7243558228002942
D1,Union Berlin,Casa,Lay Vitória,Equipa vence o jogo,13,0.3076923076923077,0.1268049716161809,0.5763111218666236,-0.14529914529914528,0.0,2.496150883013531,False,0.15384615384615385,0.4223517050863101,0.0,0.22810184305529166,0.15384615384615385,0.4223517050863101,0.23076923076923078,0.5025687399512693,0.07692307692307693,0.3331453392824736,1.5764539639937842,1.7541160386140584,1.2015768732164083,0.7243558228002942
D1,Union Berlin,Casa,Lay Derrota,Equipa perde o jogo,13,0.3076923076923077,0.1268049716161809,0.5763111218666236,0.004273504273504314,0.0,2.496150883013531,False,0.15384615384615385,0.4223517050863101,0.0,0.22810184305529166,0.15384615384615385,0.4223517050863101,0.23076923076923078,0.5025687399512693,0.07692307692307693,0.3331453392824736,1.5764539639937842,1.7541160386140584,1.2015768732164083,0.7243558228002942
D1,Union Berlin,Casa,Lay Under 2.5,Menos de 2.5 golos no jogo,13,0.3076923076923077,0.1268049716161809,0.5763111218666236,-0.08119658119658119,0.0,2.496150883013531,False,0.15384615384615385,0.4223517050863101,0.0,0.22810184305529166,0.15384615384615385,0.4223517050863101,0.23076923076923078,0.5025687399512693,0.07692307692307693,0.3331453392824736,1.5764539639937842,1.7541160386140584,1.2015768732164083,0.7243558228002942
D1,Union Berlin,Casa,Lay Cantos Over 10.5,Total de cantos Over 10.5,13,0.3076923076923077,0.1268049716161809,0.5763111218666236,-0.06837606837606836,0.0,2.496150883013531,False,0.15384615384615385,0.4223517050863101,0.0,0.22810184305529166,0.15384615384615385,0.4223517050863101,0.23076923076923078,0.5025687399512693,0.07692307692307693,0.3331453392824736,1.5764539639937842,1.7541160386140584,1.2015768732164083,0.7243558228002942
D1,Union Berlin,Fora,Lay Empate,Jogo termina empatado,13,0.15384615384615385,0.04325726318273798,0.4223517050863101,-0.08974358974358973,0.0,3.05085107923876,False,0.07692307692307693,0.3331453392824736,0.0,0.22810184305529166,0.0,0.22810184305529166,0.3076923076923077,0.5763111218666236,0.3076923076923077,0.5763111218666236,1.3323467750529825,1.820332240953728,1.327898192433236,1.0377490433255416
D1,Union Berlin,Fora,Lay Clean Sheet,Equipa não sofre golos (clean sheet),13,0.23076923076923078,0.08179379092465708,0.5025687399512693,0.038461538461538464,0.0,2.773500981126145,False,0.07692307692307693,0.3331453392824736,0.0,0.22810184305529166,0.0,0.22810184305529166,0.3076923076923077,0.5763111218666236,0.3076923076923077,0.5763111218666236,1.3323467750529825,1.820332240953728,1.327898192433236,1.0377490433255416
D1,Union Berlin,Fora,Lay Vitória,Equipa vence o jogo,13,0.3076923076923077,0.1268049716161809,0.5763111218666236,0.004273504273504314,0.0,2.496150883013531,False,0.07692307692307693,0.3331453392824736,0.0,0.22810184305529166,0.0,0.22810184305529166,0.3076923076923077,0.5763111218666236,0.3076923076923077,0.5763111218666236,1.3323467750529825,1.820332240953728,1.327898192433236,1.0377490433255416
D1,Union Berlin,Fora,Lay Over 3.5,Mais de 3.5 golos no jogo,13,0.3076923076923077,0.1268049716161809,0.5763111218666236,-0.0897435897435897,0.0,2.496150883013531,False,0.07692307692307693,0.3331453392824736,0.0,0.22810184305529166,0.0,0.22810184305529166,0.3076923076923077,0.5763111218666236,0.3076923076923077,0.5763111218666236,1.3323467750529825,1.820332240953728,1.327898192433236,1.0377490433255416
D1,Union Berlin,Fora,Lay Cantos Over 10.5,Total de cantos Over 10.5,13,0.3076923076923077,0.1268049716161809,0.5763111218666236,-0.06837606837606836,0.0,2.496150883013531,False,0.07692307692307693,0.3331453392824736,0.0,0.22810184305529166,0.0,0.22810184305529166,0.3076923076923077,0.5763111218666236,0.3076923076923077,0.5763111218666236,1.3323467750529825,1.820332240953728,1.327898192433236,1.0377490433255416
D1,Union Berlin,Total,Lay Clean Sheet,Equipa não sofre golos (clean sheet),26,0.23076923076923078,0.11033699683676688,0.42051925751956787,-0.002136752136752129,0.0,3.92232270276368,False,0.11538461538461539,0.28976293086898336,0.0,0.12873304380462175,0.07692307692307693,0.24141947480515055,0.2692307692307692,0.46083403419761304,0.19230769230769232,0.3787663615465,1.472127631461895,1.7978455219261913,1.2715596349858878,0.870967741935484
D1,Union Berlin,Total,Lay Empate,Jogo termina empatado,26,0.2692307692307692,0.13704275525067386,0.46083403419761304,0.025641025641025633,0.0,3.7262065676254967,False,0.11538461538461539,0.28976293086898336,0.0,0.12873304380462175,0.07692307692307693,0.24141947480515055,0.2692307692307692,0.46083403419761304,0.19230769230769232,0.3787663615465,1.472127631461895,1.7978455219261913,1.2715596349858878,0.870967741935484
D1,Union Berlin,Total,Lay Vitória,Equipa vence o jogo,26,0.3076923076923077,0.1650112093979267,0.4998861151423124,-0.07051282051282048,0.0,3.530090432487312,False,0.11538461538461539,0.28976293086898336,0.0,0.12873304380462175,0.07692307692307693,0.24141947480515055,0.2692307692307692,0.46083403419761304,0.19230769230769232,0.3787663615465,1.472127631461895,1.7978455219261913,1.2715596349858878,0.870967741935484
D1,Union Berlin,Total,Lay Cantos Over 10.5,Total de cantos Over 10.5,26,0.3076923076923077,0.1650112093979267,0.4998861151423124,-0.06837606837606836,0.0,3.530090432487312,False,0.11538461538461539,0.28976293086898336,0.0,0.12873304380462175,0.07692307692307693,0.24141947480515055,0.2692307692307692,0.46083403419761304,0.19230769230769232,0.3787663615465,1.472127631461895,1.7978455219261913,1.2715596349858878,0.870967741935484
D1,Union Berlin,Total,Lay Over 3.5,Mais de 3.5 golos no jogo,26,0.38461538461538464,0.22428359511834425,0.5746547996057992,-0.012820512820512775,0.0,3.1378581622109443,False,0.11538461538461539,0.28976293086898336,0.0,0.12873304380462175,0.07692307692307693,0.24141947480515055,0.2692307692307692,0.46083403419761304,0.19230769230769232,0.3787663615465,1.472127631461895,1.7978455219261913,1.2715596349858878,0.870967741935484
D1,Werder Bremen,Casa,Lay Over 3.5,Mais de 3.5 golos no jogo,13,0.23076923076923078,0.08179379092465708,0.5025687399512693,-0.16666666666666663,0.0,2.773500981126145,False,0.23076923076923078,0.5025687399512693,0.0,0.22810184305529166,0.0,0.22810184305529166,0.38461538461538464,0.6447751902773147,0.38461538461538464,0.6447751902773147,1.8138194034694763,1.5613679330911105,1.2498520622516862,0.9948848769417229
D1,Werder Bremen,Casa,Lay Clean Sheet,Equipa não sofre golos (clean sheet),13,0.23076923076923078,0.08179379092465708,0.5025687399512693,-0.04273504273504275,0.0,2.773500981126145,False,0.23076923076923078,0.5025687399512693,0.0,0.22810184305529166,0.0,0.22810184305529166,0.38461538461538464,0.6447751902773147,0.38461538461538464,0.6447751902773147,1.8138194034694763,1.5613679330911105,1.2498520622516862,0.9948848769417229
D1,Werder Bremen,Casa,Lay Vitória,Equipa vence o jogo,13,0.3076923076923077,0.1268049716161809,0.5763111218666236,-0.14529914529914528,0.0,2.496150883013531,False,0.23076923076923078,0.5025687399512693,0.0,0.22810184305529166,0.0,0.22810184305529166,0.38461538461538464,0.6447751902773147,0.38461538461538464,0.6447751902773147,1.8138194034694763,1.5613679330911105,1.2498520622516862,0.9948848769417229
D1,Werder Bremen,Casa,Lay Empate,Jogo termina empatado,13,0.3076923076923077,0.1268049716161809,0.5763111218666236,0.06410256410256412,0.0,2.496150883013531,False,0.23076923076923078,0.5025687399512693,0.0,0.22810184305529166,0.0,0.22810184305529166,0.38461538461538464,0.6447751902773147,0.38461538461538464,0.6447751902773147,1.8138194034694763,1.5613679330911105,1.2498520622516862,0.9948848769417229
D1,Werder Bremen,Casa,Lay Cantos Over 10.5,Total de cantos Over 10.5,13,0.3076923076923077,0.1268049716161809,0.5763111218666236,-0.06837606837606836,0.0,2.496150883013531,False,0.23076923076923078,0.5025687399512693,0.0,0.22810184305529166,0.0,0.22810184305529166,0.38461538461538464,0.6447751902773147,0.38461538461538464,0.6447751902773147,1.8138194034694763,1.5613679330911105,1.2498520622516862,0.9948848769417229
D1,Werder Bremen,Fora,Lay Vitória,Equipa vence o jogo,13,0.15384615384615385,0.04325726318273798,0.4223517050863101,-0.14957264957264954,0.0,3.05085107923876,False,0.23076923076923078,0.5025687399512693,0.15384615384615385,0.4223517050863101,0.07692307692307693,0.3331453392824736,0.46153846153846156,0.7085656756816795,0.38461538461538464,0.6447751902773147,2.16207220347003,1.6172150801252798,1.0658774200423857,1.2183777921664711
D1,Werder Bremen,Fora,Lay Clean Sheet,Equipa não sofre golos (clean sheet),13,0.15384615384615385,0.04325726318273798,0.4223517050863101,-0.038461538461538464,0.0,3.05085107923876,False,0.23076923076923078,0.5025687399512693,0.15384615384615385,0.4223517050863101,0.07692307692307693,0.3331453392824736,0.46153846153846156,0.7085656756816795,0.38461538461538464,0.6447751902773147,2.16207220347003,1.6172150801252798,1.0658774200423857,1.2183777921664711
D1,Werder Bremen,Fora,Lay Empate,Jogo termina empatado,13,0.23076923076923078,0.08179379092465708,0.5025687399512693,-0.012820512820512803,0.0,2.773500981126145,False,0.23076923076923078,0.5025687399512693,0.15384615384615385,0.4223517050863101,0.07692307692307693,0.3331453392824736,0.46153846153846156,0.7085656756816795,0.38461538461538464,0.6447751902773147,2.16207220347003,1.6172150801252798,1.0658774200423857,1.2183777921664711
D1,Werder Bremen,Fora,Lay Under 2.5,Menos de 2.5 golos no jogo,13,0.38461538461538464,0.17709446581236818,0.6447751902773147,-0.004273504273504258,0.0,2.2188007849009166,False,0.23076923076923078,0.5025687399512693,0.15384615384615385,0.4223517050863101,0.07692307692307693,0.3331453392824736,0.46153846153846156,0.7085656756816795,0.38461538461538464,0.6447751902773147,2.16207220347003,1.6172150801252798,1.0658774200423857,1.2183777921664711
D1,Werder Bremen,Fora,Lay Over 3.5,Mais de 3.5 golos no jogo,13,0.46153846153846156,0.23205754301488138,0.7085656756816795,0.06410256410256415,0.0,1.9414506867883017,False,0.23076923076923078,0.5025687399512693,0.15384615384615385,0.4223517050863101,0.07692307692307693,0.3331453392824736,0.46153846153846156,0.7085656756816795,0.38461538461538464,0.6447751902773147,2.16207220347003,1.6172150801252798,1.0658774200423857,1.2183777921664711
D1,Werder Bremen,Total,Lay Clean Sheet,Equipa não sofre golos (clean sheet),26,0.19230769230769232,0.08506935771788268,0.3787663615465,-0.04059829059829059,0.053084096133750036,4.337062441094017,True,0.23076923076923078,0.42051925751956787,0.07692307692307693,0.24141947480515055,0.038461538461538464,0.18893176991958402,0.4230769230769231,0.6105170307888017,0.38461538461538464,0.5746547996057992,1.9955571955496687,1.5913969896597846,1.1923076923076923,1.121087462552335
D1,Wolfsburg,Casa,Lay Clean Sheet,Equipa não sofre golos (clean sheet),13,0.0,0.0,0.22810184305529166,-0.27350427350427353,0.4297453923617709,5.155020323018745,True,0.07692307692307693,0.3331453392824736,0.0,0.22810184305529166,0.0,0.22810184305529166,0.15384615384615385,0.4223517050863101,0.15384615384615385,0.4223517050863101,1.2113858267710478,1.635407048113023,1.0658774200423857,0.6557438524302001
D1,Wolfsburg,Fora,Lay Clean Sheet,Equipa não sofre golos (clean sheet),13,0.07692307692307693,0.013710066379696304,0.3331453392824736,-0.11538461538461539,0.1671366517938161,3.88446557863012,True,0.15384615384615385,0.4223517050863101,0.0,0.22810184305529166,0.0,0.22810184305529166,0.23076923076923078,0.5025687399512693,0.23076923076923078,0.5025687399512693,2.3533936216582085,2.0525637021732823,1.2064913185660093,0.8219218670625302
D1,Wolfsburg,Total,Lay Clean Sheet,Equipa não sofre golos (clean sheet),26,0.038461538461538464,0.006821808976989882,0.18893176991958402,-0.19444444444444445,0.52767057520104,7.490021224318862,True,0.11538461538461539,0.28976293086898336,0.0,0.12873304380462175,0.0,0.12873304380462175,0.19230769230769232,0.3787663615465,0.19230769230769232,0.3787663615465,1.8814730474823091,1.8656819747130622,1.144190367741809,0.7412069583470199
D1,Wolfsburg,Total,Lay Vitória,Equipa vence o jogo,26,0.19230769230769232,0.08506935771788268,0.3787663615465,-0.18589743589743588,0.053084096133750036,4.337062441094017,True,0.11538461538461539,0.28976293086898336,0.0,0.12873304380462175,0.0,0.12873304380462175,0.19230769230769232,0.3787663615465,0.19230769230769232,0.3787663615465,1.8814730474823091,1.8656819747130622,1.144190367741809,0.7412069583470199
E0,Arsenal,Casa,Lay Derrota,Equipa perde o jogo,15,0.06666666666666667,0.011866588606194882,0.2981707755242399,-0.24562569213732005,0.2545730611894004,4.535011201081206,True,0.0,0.20388926630434784,0.3333333333333333,0.5828687484878702,0.06666666666666667,0.2981707755242399,0.06666666666666667,0.2981707755242399,0.0,0.20388926630434784,1.4817407180595246,1.4817407180595248,0.9568466729604883,0.5345224838248487
E0,Arsenal,Casa,Lay Empate,Jogo termina empatado,15,0.13333333333333333,0.037360469891359285,0.3788249920651624,-0.1390919158361019,0.05293751983709405,3.534274881735873,True,0.0,0.20388926630434784,0.3333333333333333,0.5828687484878702,0.06666666666666667,0.2981707755242399,0.06666666666666667,0.2981707755242399,0.0,0.20388926630434784,1.4817407180595246,1.4817407180595248,0.9568466729604883,0.5345224838248487
E0,Arsenal,Fora,Lay Derrota,Equipa perde o jogo,16,0.125,0.034976749337057134,0.3602333143674828,-0.2902823920265781,0.09941671408129307,3.847958499284526,True,0.0,0.19361341827271994,0.125,0.3602333143674828,0.0625,0.2832926836802987,0.125,0.3602333143674828,0.0625,0.2832926836802987,1.2854352375751958,1.539835624344365,1.1726039399558574,0.7174906963914474
E0,Arsenal,Total,Lay Derrota,Equipa perde o jogo,31,0.0967741935483871,0.03346403609464399,0.24900289998177033,-0.26701318186689527,0.3774927500455742,6.927340039525586,True,0.0,0.11025900073475385,0.22580645161290322,0.3981276005869738,0.06451612903225806,0.20718988318746434,0.0967741935483871,0.24900289998177033,0.03225806451612903,0.16194457176169624,1.458407039413847,1.5321731725210217,1.1062211741601449,0.6387134340583002
E0,Arsenal,Total,Lay Empate,Jogo termina empatado,31,0.22580645161290322,0.113949915944988,0.3981276005869738,-0.046618797556532005,0.004680998532565622,4.330704820368077,True,0.0,0.11025900073475385,0.22580645161290322,0.3981276005869738,0.06451612903225806,0.20718988318746434,0.0967741935483871,0.24900289998177033,0.03225806451612903,0.16194457176169624,1.458407039413847,1.5321731725210217,1.1062211741601449,0.6387134340583002
E0,Aston Villa,Casa,Lay Empate,Jogo termina empatado,15,0.13333333333333333,0.037360469891359285,0.3788249920651624,-0.1390919158361019,0.05293751983709405,3.534274881735873,True,0.13333333333333333,0.3788249920651624,0.06666666666666667,0.2981707755242399,0.06666666666666667,0.2981707755242399,0.26666666666666666,0.5195088965768675,0.2,0.4518593533465045,1.781385228784985,1.4514360704718163,1.3399834161494522,0.8571428571428573
E0,Aston Villa,Fora,Lay Clean Sheet,Equipa não sofre golos (clean sheet),15,0.2,0.07047420643610411,0.4518593533465045,-0.03920265780730897,0.0,3.0983866769659336,False,0.06666666666666667,0.2981707755242399,0.0,0.20388926630434784,0.13333333333333333,0.3788249920651624,0.3333333333333333,0.5828687484878702,0.2,0.4518593533465045,1.4236104336041748,1.8427033281447003,1.3097921802925665,0.9326339550878605
E0,Aston Villa,Fora,Lay Empate,Jogo termina empatado,15,0.26666666666666666,0.10897276103182815,0.5195088965768675,-0.005758582502768561,0.0,2.8401877872187726,False,0.06666666666666667,0.2981707755242399,0.0,0.20388926630434784,0.13333333333333333,0.3788249920651624,0.3333333333333333,0.5828687484878702,0.2,0.4518593533465045,1.4236104336041748,1.8427033281447003,1.3097921802925665,0.9326339550878605
E0,Aston Villa,Fora,Lay Over 3.5,Mais de 3.5 golos no jogo,15,0.26666666666666666,0.10897276103182815,0.5195088965768675,-0.019047619047619035,0.0,2.8401877872187726,False,0.06666666666666667,0.2981707755242399,0.0,0.20388926630434784,0.13333333333333333,0.3788249920651624,0.3333333333333333,0.5828687484878702,0.2,0.4518593533465045,1.4236104336041748,1.8427033281447003,1.3097921802925665,0.9326339550878605
E0,Aston Villa,Fora,Lay Derrota,Equipa perde o jogo,15,0.3333333333333333,0.15176100694691236,0.5828687484878702,-0.08194905869324476,0.0,2.5819888974716116,False,0.06666666666666667,0.2981707755242399,0.0,0.20388926630434784,0.13333333333333333,0.3788249920651624,0.3333333333333333,0.5828687484878702,0.2,0.4518593533465045,1.4236104336041748,1.8427033281447003,1.3097921802925665,0.9326339550878605
E0,Aston Villa,Fora,Lay Vitória,Equipa vence o jogo,15,0.4,0.19824228082594664,0.6425355724349229,0.08770764119601332,0.0,2.32379000772445,False,0.06666666666666667,0.2981707755242399,0.0,0.20388926630434784,0.13333333333333333,0.3788249920651624,0.3333333333333333,0.5828687484878702,0.2,0.4518593533465045,1.4236104336041748,1.8427033281447003,1.3097921802925665,0.9326339550878605
E0,Aston Villa,Total,Lay Empate,Jogo termina empatado,30,0.2,0.09504978102401236,0.37306047381027446,-0.07242524916943521,0.0673488154743139,4.676888183693607,True,0.1,0.2562144131526662,0.03333333333333333,0.16670751396958874,0.1,0.2562144131526662,0.3,0.47876121011660183,0.2,0.37306047381027446,1.6401219466856725,1.6669999666733315,1.3453624047073711,0.8944271909999161
E0,Bournemouth,Casa,Lay Derrota,Equipa perde o jogo,15,0.13333333333333333,0.037360469891359285,0.3788249920651624,-0.17895902547065337,0.05293751983709405,3.534274881735873,True,0.0,0.20388926630434784,0.0,0.20388926630434784,0.2,0.4518593533465045,0.26666666666666666,0.5195088965768675,0.06666666666666667,0.2981707755242399,0.8793937305515279,1.781385228784985,1.1352924243950933,0.773717943298663
E0,Bournemouth,Fora,Lay Vitória,Equipa vence o jogo,15,0.2,0.07047420643610411,0.4518593533465045,-0.11229235880398669,0.0,3.0983866769659336,False,0.13333333333333333,0.3788249920651624,0.0,0.20388926630434784,0.13333333333333333,0.3788249920651624,0.2,0.4518593533465045,0.06666666666666667,0.2981707755242399,1.5434449203720302,2.2150996967781533,1.0624918300339485,0.7091089752304387
E0,Bournemouth,Fora,Lay Clean Sheet,Equipa não sofre golos (clean sheet),15,0.26666666666666666,0.10897276103182815,0.5195088965768675,0.02746400885935768,0.0,2.8401877872187726,False,0.13333333333333333,0.3788249920651624,0.0,0.20388926630434784,0.13333333333333333,0.3788249920651624,0.2,0.4518593533465045,0.06666666666666667,0.2981707755242399,1.5434449203720302,2.2150996967781533,1.0624918300339485,0.7091089752304387
E0,Bournemouth,Fora,Lay Derrota,Equipa perde o jogo,15,0.3333333333333333,0.15176100694691236,0.5828687484878702,-0.08194905869324476,0.0,2.5819888974716116,False,0.13333333333333333,0.3788249920651624,0.0,0.20388926630434784,0.13333333333333333,0.3788249920651624,0.2,0.4518593533465045,0.06666666666666667,0.2981707755242399,1.5434449203720302,2.2150996967781533,1.0624918300339485,0.7091089752304387
E0,Bournemouth,Fora,Lay Under 2.5,Menos de 2.5 golos no jogo,15,0.3333333333333333,0.15176100694691236,0.5828687484878702,-0.13842746400885936,0.0,2.5819888974716116,False,0.13333333333333333,0.3788249920651624,0.0,0.20388926630434784,0.13333333333333333,0.3788249920651624,0.2,0.4518593533465045,0.06666666666666667,0.2981707755242399,1.5434449203720302,2.2150996967781533,1.0624918300339485,0.7091089752304387
E0,Bournemouth,Fora,Lay Empate,Jogo termina empatado,15,0.4666666666666667,0.24809225259746442,0.6988336984894922,0.19424141749723145,0.0,2.0655911179772892,False,0.13333333333333333,0.3788249920651624,0.0,0.20388926630434784,0.13333333333333333,0.3788249920651624,0.2,0.4518593533465045,0.06666666666666667,0.2981707755242399,1.5434449203720302,2.2150996967781533,1.0624918300339485,0.7091089752304387
E0,Bournemouth,Total,Lay Derrota,Equipa perde o jogo,30,0.23333333333333334,0.11792239210501229,0.40928672330324267,-0.13045404208194905,0.0,4.199206274206273,False,0.06666666666666667,0.21323817721072086,0.0,0.11351709139047801,0.16666666666666666,0.33564705185680177,0.23333333333333334,0.40928672330324267,0.06666666666666667,0.21323817721072086,1.339983416149452,2.0976176963403033,1.139688066485251,0.7413412013772769
E0,Bournemouth,Total,Lay Vitória,Equipa vence o jogo,30,0.3,0.16664562643958936,0.47876121011660183,-0.0637873754152824,0.0,3.8340579025361627,False,0.06666666666666667,0.21323817721072086,0.0,0.11351709139047801,0.16666666666666666,0.33564705185680177,0.23333333333333334,0.40928672330324267,0.06666666666666667,0.21323817721072086,1.339983416149452,2.0976176963403033,1.139688066485251,0.7413412013772769
E0,Bournemouth,Total,Lay Clean Sheet,Equipa não sofre golos (clean sheet),30,0.3,0.16664562643958936,0.47876121011660183,0.040863787375415295,0.0,3.8340579025361627,False,0.06666666666666667,0.21323817721072086,0.0,0.11351709139047801,0.16666666666666666,0.33564705185680177,0.23333333333333334,0.40928672330324267,0.06666666666666667,0.21323817721072086,1.339983416149452,2.0976176963403033,1.139688066485251,0.7413412013772769
E0,Bournemouth,Total,Lay Empate,Jogo termina empatado,30,0.4666666666666667,0.3023212722412823,0.6385798671847496,0.19424141749723145,0.0,2.9211869733608857,False,0.06666666666666667,0.21323817721072086,0.0,0.11351709139047801,0.16666666666666666,0.33564705185680177,0.23333333333333334,0.40928672330324267,0.06666666666666667,0.21323817721072086,1.339983416149452,2.0976176963403033,1.139688066485251,0.7413412013772769
E0,Bournemouth,Total,Lay Over 3.5,Mais de 3.5 golos no jogo,30,0.4666666666666667,0.3023212722412823,0.6385798671847496,0.18095238095238098,0.0,2.9211869733608857,False,0.06666666666666667,0.21323817721072086,0.0,0.11351709139047801,0.16666666666666666,0.33564705185680177,0.23333333333333334,0.40928672330324267,0.06666666666666667,0.21323817721072086,1.339983416149452,2.0976176963403033,1.139688066485251,0.7413412013772769
E0,Brentford,Casa,Lay Derrota,Equipa perde o jogo,15,0.2,0.07047420643610411,0.4518593533465045,-0.11229235880398669,0.0,3.0983866769659336,False,0.0,0.20388926630434784,0.13333333333333333,0.3788249920651624,0.06666666666666667,0.2981707755242399,0.26666666666666666,0.5195088965768675,0.2,0.4518593533465045,1.540562667772179,1.4996295838935991,1.2364824660660938,0.7730673554708376
E0,Brentford,Casa,Lay Clean Sheet,Equipa não sofre golos (clean sheet),15,0.2,0.07047420643610411,0.4518593533465045,-0.07906976744186045,0.0,3.0983866769659336,False,0.0,0.20388926630434784,0.13333333333333333,0.3788249920651624,0.06666666666666667,0.2981707755242399,0.26666666666666666,0.5195088965768675,0.2,0.4518593533465045,1.540562667772179,1.4996295838935991,1.2364824660660938,0.7730673554708376
E0,Brentford,Casa,Lay Empate,Jogo termina empatado,15,0.3333333333333333,0.15176100694691236,0.5828687484878702,0.06090808416389809,0.0,2.5819888974716116,False,0.0,0.20388926630434784,0.13333333333333333,0.3788249920651624,0.06666666666666667,0.2981707755242399,0.26666666666666666,0.5195088965768675,0.2,0.4518593533465045,1.540562667772179,1.4996295838935991,1.2364824660660938,0.7730673554708376
E0,Brentford,Casa,Lay Cantos Over 10.5,Total de cantos Over 10.5,15,0.4,0.19824228082594664,0.6425355724349229,-0.021926910299003288,0.0,2.32379000772445,False,0.0,0.20388926630434784,0.13333333333333333,0.3788249920651624,0.06666666666666667,0.2981707755242399,0.26666666666666666,0.5195088965768675,0.2,0.4518593533465045,1.540562667772179,1.4996295838935991,1.2364824660660938,0.7730673554708376
E0,Brentford,Casa,Lay Vitória,Equipa vence o jogo,15,0.4666666666666667,0.24809225259746442,0.6988336984894922,0.0513842746400886,0.0,2.0655911179772892,False,0.0,0.20388926630434784,0.13333333333333333,0.3788249920651624,0.06666666666666667,0.2981707755242399,0.26666666666666666,0.5195088965768675,0.2,0.4518593533465045,1.540562667772179,1.4996295838935991,1.2364824660660938,0.7730673554708376
E0,Brentford,Fora,Lay Empate,Jogo termina empatado,15,0.06666666666666667,0.011866588606194882,0.2981707755242399,-0.20575858250276857,0.2545730611894004,4.535011201081206,True,0.0,0.20388926630434784,0.0,0.20388926630434784,0.06666666666666667,0.2981707755242399,0.3333333333333333,0.5828687484878702,0.26666666666666666,0.5195088965768675,1.6193277068654828,1.8257418583505538,1.4360439485692011,1.0124228365658294
E0,Brentford,Total,Lay Empate,Jogo termina empatado,30,0.2,0.09504978102401236,0.37306047381027446,-0.07242524916943521,0.0673488154743139,4.676888183693607,True,0.0,0.11351709139047801,0.06666666666666667,0.21323817721072086,0.06666666666666667,0.21323817721072086,0.3,0.47876121011660183,0.23333333333333334,0.40928672330324267,1.6478942792411035,1.6719914938645934,1.3601470508735443,0.8867860023639627
E0,Brighton,Casa,Lay Over 3.5,Mais de 3.5 golos no jogo,15,0.13333333333333333,0.037360469891359285,0.3788249920651624,-0.15238095238095237,0.05293751983709405,3.534274881735873,True,0.0,0.20388926630434784,0.06666666666666667,0.2981707755242399,0.06666666666666667,0.2981707755242399,0.2,0.4518593533465045,0.13333333333333333,0.3788249920651624,1.0832051206181281,1.54344492037203,1.2000000000000002,0.6523954588366966
E0,Brighton,Fora,Lay Over 3.5,Mais de 3.5 golos no jogo,15,0.2,0.07047420643610411,0.4518593533465045,-0.08571428571428569,0.0,3.0983866769659336,False,0.0,0.20388926630434784,0.0,0.20388926630434784,0.06666666666666667,0.2981707755242399,0.26666666666666666,0.5195088965768675,0.2,0.4518593533465045,1.3759844960366863,1.4079141387961915,1.236482466066094,0.7803823036130352
E0,Brighton,Fora,Lay Vitória,Equipa vence o jogo,15,0.26666666666666666,0.10897276103182815,0.5195088965768675,-0.04562569213732004,0.0,2.8401877872187726,False,0.0,0.20388926630434784,0.0,0.20388926630434784,0.06666666666666667,0.2981707755242399,0.26666666666666666,0.5195088965768675,0.2,0.4518593533465045,1.3759844960366863,1.4079141387961915,1.236482466066094,0.7803823036130352
E0,Brighton,Fora,Lay Empate,Jogo termina empatado,15,0.26666666666666666,0.10897276103182815,0.5195088965768675,-0.005758582502768561,0.0,2.8401877872187726,False,0.0,0.20388926630434784,0.0,0.20388926630434784,0.06666666666666667,0.2981707755242399,0.26666666666666666,0.5195088965768675,0.2,0.4518593533465045,1.3759844960366863,1.4079141387961915,1.236482466066094,0.7803823036130352
E0,Brighton,Fora,Lay Clean Sheet,Equipa não sofre golos (clean sheet),15,0.26666666666666666,0.10897276103182815,0.5195088965768675,0.02746400885935768,0.0,2.8401877872187726,False,0.0,0.20388926630434784,0.0,0.20388926630434784,0.06666666666666667,0.2981707755242399,0.26666666666666666,0.5195088965768675,0.2,0.4518593533465045,1.3759844960366863,1.4079141387961915,1.236482466066094,0.7803823036130352
E0,Brighton,Fora,Lay Cantos Over 10.5,Total de cantos Over 10.5,15,0.3333333333333333,0.15176100694691236,0.5828687484878702,-0.08859357696567,0.0,2.5819888974716116,False,0.0,0.20388926630434784,0.0,0.20388926630434784,0.06666666666666667,0.2981707755242399,0.26666666666666666,0.5195088965768675,0.2,0.4518593533465045,1.3759844960366863,1.4079141387961915,1.236482466066094,0.7803823036130352
E0,Brighton,Total,Lay Over 3.5,Mais de 3.5 golos no jogo,30,0.16666666666666666,0.07336434240351683,0.33564705185680177,-0.11904761904761904,0.16088237035799563,5.298678840459506,True,0.0,0.11351709139047801,0.03333333333333333,0.16670751396958874,0.06666666666666667,0.21323817721072086,0.23333333333333334,0.40928672330324267,0.16666666666666666,0.33564705185680177,1.274100990241093,1.4776106839534333,1.2472191289246473,0.7202344566763148
E0,Burnley,Casa,Lay Vitória,Equipa vence o jogo,15,0.13333333333333333,0.037360469891359285,0.3788249920651624,-0.2819490586932447,0.05293751983709405,3.534274881735873,True,0.0,0.20388926630434784,0.0,0.20388926630434784,0.13333333333333333,0.3788249920651624,0.4666666666666667,0.6988336984894922,0.3333333333333333,0.5828687484878702,1.2578641509408803,1.8571184369578826,0.9977753031397177,1.0327955589886444
E0,Burnley,Fora,Lay Clean Sheet,Equipa não sofre golos (clean sheet),15,0.0,0.0,0.20388926630434784,-0.23920265780730898,0.49027683423913043,5.771817360246863,True,0.2,0.4518593533465045,0.0,0.20388926630434784,0.0,0.20388926630434784,0.26666666666666666,0.5195088965768675,0.26666666666666666,0.5195088965768675,1.4236104336041748,1.3597385369580761,1.0198039027185568,0.8442764761416073
E0,Burnley,Fora,Lay Vitória,Equipa vence o jogo,15,0.13333333333333333,0.037360469891359285,0.3788249920651624,-0.17895902547065337,0.05293751983709405,3.534274881735873,True,0.2,0.4518593533465045,0.0,0.20388926630434784,0.0,0.20388926630434784,0.26666666666666666,0.5195088965768675,0.26666666666666666,0.5195088965768675,1.4236104336041748,1.3597385369580761,1.0198039027185568,0.8442764761416073
E0,Burnley,Total,Lay Vitória,Equipa vence o jogo,30,0.13333333333333333,0.05309569424218104,0.2968168394441695,-0.23045404208194906,0.25795790138957636,5.971436631185396,True,0.1,0.2562144131526662,0.0,0.11351709139047801,0.06666666666666667,0.21323817721072086,0.36666666666666664,0.5448675356639506,0.3,0.47876121011660183,1.384035966135113,1.6931233465600393,1.0110500592068732,0.9354143466934854
E0,Burnley,Total,Lay Clean Sheet,Equipa não sofre golos (clean sheet),30,0.13333333333333333,0.05309569424218104,0.2968168394441695,-0.12580287929125136,0.25795790138957636,5.971436631185396,True,0.1,0.2562144131526662,0.0,0.11351709139047801,0.06666666666666667,0.21323817721072086,0.36666666666666664,0.5448675356639506,0.3,0.47876121011660183,1.384035966135113,1.6931233465600393,1.0110500592068732,0.9354143466934854
E0,Chelsea,Casa,Lay Derrota,Equipa perde o jogo,15,0.26666666666666666,0.10897276103182815,0.5195088965768675,-0.04562569213732004,0.0,2.8401877872187726,False,0.0,0.20388926630434784,0.06666666666666667,0.2981707755242399,0.06666666666666667,0.2981707755242399,0.13333333333333333,0.3788249920651624,0.06666666666666667,0.2981707755242399,1.3564659966250536,1.2472191289246473,1.2578641509408806,0.5768043113661565
E0,Chelsea,Casa,Lay Over 3.5,Mais de 3.5 golos no jogo,15,0.26666666666666666,0.10897276103182815,0.5195088965768675,-0.019047619047619035,0.0,2.8401877872187726,False,0.0,0.20388926630434784,0.06666666666666667,0.2981707755242399,0.06666666666666667,0.2981707755242399,0.13333333333333333,0.3788249920651624,0.06666666666666667,0.2981707755242399,1.3564659966250536,1.2472191289246473,1.2578641509408806,0.5768043113661565
E0,Chelsea,Casa,Lay Empate,Jogo termina empatado,15,0.3333333333333333,0.15176100694691236,0.5828687484878702,0.06090808416389809,0.0,2.5819888974716116,False,0.0,0.20388926630434784,0.06666666666666667,0.2981707755242399,0.06666666666666667,0.2981707755242399,0.13333333333333333,0.3788249920651624,0.06666666666666667,0.2981707755242399,1.3564659966250536,1.2472191289246473,1.2578641509408806,0.5768043113661565
E0,Chelsea,Casa,Lay Clean Sheet,Equipa não sofre golos (clean sheet),15,0.3333333333333333,0.15176100694691236,0.5828687484878702,0.054263565891472854,0.0,2.5819888974716116,False,0.0,0.20388926630434784,0.06666666666666667,0.2981707755242399,0.06666666666666667,0.2981707755242399,0.13333333333333333,0.3788249920651624,0.06666666666666667,0.2981707755242399,1.3564659966250536,1.2472191289246473,1.2578641509408806,0.5768043113661565
E0,Chelsea,Casa,Lay Vitória,Equipa vence o jogo,15,0.4,0.19824228082594664,0.6425355724349229,-0.015282392026578051,0.0,2.32379000772445,False,0.0,0.20388926630434784,0.06666666666666667,0.2981707755242399,0.06666666666666667,0.2981707755242399,0.13333333333333333,0.3788249920651624,0.06666666666666667,0.2981707755242399,1.3564659966250536,1.2472191289246473,1.2578641509408806,0.5768043113661565
E0,Chelsea,Fora,Lay Derrota,Equipa perde o jogo,15,0.26666666666666666,0.10897276103182815,0.5195088965768675,-0.1486157253599114,0.0,2.8401877872187726,False,0.0,0.20388926630434784,0.2,0.4518593533465045,0.06666666666666667,0.2981707755242399,0.06666666666666667,0.2981707755242399,0.0,0.20388926630434784,1.7204650534085255,1.4696938456699071,1.299572579307862,0.6582805886043833
E0,Chelsea,Fora,Lay Empate,Jogo termina empatado,15,0.26666666666666666,0.10897276103182815,0.5195088965768675,-0.005758582502768561,0.0,2.8401877872187726,False,0.0,0.20388926630434784,0.2,0.4518593533465045,0.06666666666666667,0.2981707755242399,0.06666666666666667,0.2981707755242399,0.0,0.20388926630434784,1.7204650534085255,1.4696938456699071,1.299572579307862,0.6582805886043833
E0,Chelsea,Fora,Lay Under 2.5,Menos de 2.5 golos no jogo,15,0.26666666666666666,0.10897276103182815,0.5195088965768675,-0.205094130675526,0.0,2.8401877872187726,False,0.0,0.20388926630434784,0.2,0.4518593533465045,0.06666666666666667,0.2981707755242399,0.06666666666666667,0.2981707755242399,0.0,0.20388926630434784,1.7204650534085255,1.4696938456699071,1.299572579307862,0.6582805886043833
E0,Chelsea,Fora,Lay Clean Sheet,Equipa não sofre golos (clean sheet),15,0.26666666666666666,0.10897276103182815,0.5195088965768675,0.02746400885935768,0.0,2.8401877872187726,False,0.0,0.20388926630434784,0.2,0.4518593533465045,0.06666666666666667,0.2981707755242399,0.06666666666666667,0.2981707755242399,0.0,0.20388926630434784,1.7204650534085255,1.4696938456699071,1.299572579307862,0.6582805886043833
E0,Chelsea,Fora,Lay Cantos Over 10.5,Total de cantos Over 10.5,15,0.4,0.19824228082594664,0.6425355724349229,-0.021926910299003288,0.0,2.32379000772445,False,0.0,0.20388926630434784,0.2,0.4518593533465045,0.06666666666666667,0.2981707755242399,0.06666666666666667,0.2981707755242399,0.0,0.20388926630434784,1.7204650534085255,1.4696938456699071,1.299572579307862,0.6582805886043833
E0,Chelsea,Total,Lay Derrota,Equipa perde o jogo,30,0.26666666666666666,0.14182495553910618,0.44448302044311694,-0.09712070874861573,0.0,4.016632088371218,False,0.0,0.11351709139047801,0.13333333333333333,0.2968168394441695,0.06666666666666667,0.21323817721072086,0.1,0.2562144131526662,0.03333333333333333,0.16670751396958874,1.562049935181331,1.3888444437333105,1.2806248474865698,0.6484090670731918
E0,Chelsea,Total,Lay Empate,Jogo termina empatado,30,0.3,0.16664562643958936,0.47876121011660183,0.027574750830564765,0.0,3.8340579025361627,False,0.0,0.11351709139047801,0.13333333333333333,0.2968168394441695,0.06666666666666667,0.21323817721072086,0.1,0.2562144131526662,0.03333333333333333,0.16670751396958874,1.562049935181331,1.3888444437333105,1.2806248474865698,0.6484090670731918
E0,Chelsea,Total,Lay Clean Sheet,Equipa não sofre golos (clean sheet),30,0.3,0.16664562643958936,0.47876121011660183,0.040863787375415295,0.0,3.8340579025361627,False,0.0,0.11351709139047801,0.13333333333333333,0.2968168394441695,0.06666666666666667,0.21323817721072086,0.1,0.2562144131526662,0.03333333333333333,0.16670751396958874,1.562049935181331,1.3888444437333105,1.2806248474865698,0.6484090670731918
E0,Chelsea,Total,Lay Over 3.5,Mais de 3.5 golos no jogo,30,0.36666666666666664,0.21873702204017684,0.5448675356639506,0.08095238095238094,0.0,3.468909530866052,False,0.0,0.11351709139047801,0.13333333333333333,0.2968168394441695,0.06666666666666667,0.21323817721072086,0.1,0.2562144131526662,0.03333333333333333,0.16670751396958874,1.562049935181331,1.3888444437333105,1.2806248474865698,0.6484090670731918
E0,Chelsea,Total,Lay Under 2.5,Menos de 2.5 golos no jogo,30,0.36666666666666664,0.21873702204017684,0.5448675356639506,-0.10509413067552603,0.0,3.468909530866052,False,0.0,0.11351709139047801,0.13333333333333333,0.2968168394441695,0.06666666666666667,0.21323817721072086,0.1,0.2562144131526662,0.03333333333333333,0.16670751396958874,1.562049935181331,1.3888444437333105,1.2806248474865698,0.6484090670731918
E0,Crystal Palace,Casa,Lay Vitória,Equipa vence o jogo,15,0.2,0.07047420643610411,0.4518593533465045,-0.21528239202657806,0.0,3.0983866769659336,False,0.06666666666666667,0.2981707755242399,0.0,0.20388926630434784,0.26666666666666666,0.5195088965768675,0.4,0.6425355724349229,0.13333333333333333,0.3788249920651624,1.18133634311129,1.8208667044996882,1.0624918300339485,0.9948848769417228
E0,Crystal Palace,Casa,Lay Over 3.5,Mais de 3.5 golos no jogo,15,0.2,0.07047420643610411,0.4518593533465045,-0.08571428571428569,0.0,3.0983866769659336,False,0.06666666666666667,0.2981707755242399,0.0,0.20388926630434784,0.26666666666666666,0.5195088965768675,0.4,0.6425355724349229,0.13333333333333333,0.3788249920651624,1.18133634311129,1.8208667044996882,1.0624918300339485,0.9948848769417228
E0,Crystal Palace,Casa,Lay Cantos Over 10.5,Total de cantos Over 10.5,15,0.26666666666666666,0.10897276103182815,0.5195088965768675,-0.15526024363233665,0.0,2.8401877872187726,False,0.06666666666666667,0.2981707755242399,0.0,0.20388926630434784,0.26666666666666666,0.5195088965768675,0.4,0.6425355724349229,0.13333333333333333,0.3788249920651624,1.18133634311129,1.8208667044996882,1.0624918300339485,0.9948848769417228
E0,Crystal Palace,Casa,Lay Derrota,Equipa perde o jogo,15,0.3333333333333333,0.15176100694691236,0.5828687484878702,0.021040974529346612,0.0,2.5819888974716116,False,0.06666666666666667,0.2981707755242399,0.0,0.20388926630434784,0.26666666666666666,0.5195088965768675,0.4,0.6425355724349229,0.13333333333333333,0.3788249920651624,1.18133634311129,1.8208667044996882,1.0624918300339485,0.9948848769417228
E0,Crystal Palace,Casa,Lay Over 2.5,Mais de 2.5 golos no jogo,15,0.4,0.19824228082594664,0.6425355724349229,-0.1282392026578073,0.0,2.32379000772445,False,0.06666666666666667,0.2981707755242399,0.0,0.20388926630434784,0.26666666666666666,0.5195088965768675,0.4,0.6425355724349229,0.13333333333333333,0.3788249920651624,1.18133634311129,1.8208667044996882,1.0624918300339485,0.9948848769417228
E0,Crystal Palace,Fora,Lay Empate,Jogo termina empatado,15,0.13333333333333333,0.037360469891359285,0.3788249920651624,-0.1390919158361019,0.05293751983709405,3.534274881735873,True,0.06666666666666667,0.2981707755242399,0.06666666666666667,0.2981707755242399,0.06666666666666667,0.2981707755242399,0.2,0.4518593533465045,0.13333333333333333,0.3788249920651624,1.586050300449376,1.254325848148452,1.4079141387961918,0.7330730672202169
E0,Crystal Palace,Fora,Lay Over 3.5,Mais de 3.5 golos no jogo,15,0.13333333333333333,0.037360469891359285,0.3788249920651624,-0.15238095238095237,0.05293751983709405,3.534274881735873,True,0.06666666666666667,0.2981707755242399,0.06666666666666667,0.2981707755242399,0.06666666666666667,0.2981707755242399,0.2,0.4518593533465045,0.13333333333333333,0.3788249920651624,1.586050300449376,1.254325848148452,1.4079141387961918,0.7330730672202169
E0,Crystal Palace,Total,Lay Over 3.5,Mais de 3.5 golos no jogo,30,0.16666666666666666,0.07336434240351683,0.33564705185680177,-0.11904761904761904,0.16088237035799563,5.298678840459506,True,0.06666666666666667,0.21323817721072086,0.03333333333333333,0.16670751396958874,0.16666666666666666,0.33564705185680177,0.3,0.47876121011660183,0.13333333333333333,0.2968168394441695,1.4126413400278062,1.5691469727919758,1.268857754044952,0.8576346483687822
E0,Everton,Casa,Lay Over 3.5,Mais de 3.5 golos no jogo,15,0.13333333333333333,0.037360469891359285,0.3788249920651624,-0.15238095238095237,0.05293751983709405,3.534274881735873,True,0.13333333333333333,0.3788249920651624,0.06666666666666667,0.2981707755242399,0.06666666666666667,0.2981707755242399,0.26666666666666666,0.5195088965768675,0.2,0.4518593533465045,1.7688665548562132,1.4544949486180951,1.2892719737209144,0.7576767609436587
E0,Everton,Fora,Lay Over 3.5,Mais de 3.5 golos no jogo,15,0.13333333333333333,0.037360469891359285,0.3788249920651624,-0.15238095238095237,0.05293751983709405,3.534274881735873,True,0.0,0.20388926630434784,0.0,0.20388926630434784,0.06666666666666667,0.2981707755242399,0.3333333333333333,0.5828687484878702,0.26666666666666666,0.5195088965768675,1.2649110640673518,1.359738536958076,1.3564659966250536,0.9354143466934854
E0,Everton,Total,Lay Over 3.5,Mais de 3.5 golos no jogo,30,0.13333333333333333,0.05309569424218104,0.2968168394441695,-0.15238095238095237,0.25795790138957636,5.971436631185396,True,0.06666666666666667,0.21323817721072086,0.03333333333333333,0.16670751396958874,0.06666666666666667,0.21323817721072086,0.3,0.47876121011660183,0.23333333333333334,0.40928672330324267,1.5380362660079103,1.4177446878757827,1.3337499349161703,0.8442764761416073
E0,Fulham,Casa,Lay Empate,Jogo termina empatado,15,0.13333333333333333,0.037360469891359285,0.3788249920651624,-0.1390919158361019,0.05293751983709405,3.534274881735873,True,0.0,0.20388926630434784,0.06666666666666667,0.2981707755242399,0.0,0.20388926630434784,0.13333333333333333,0.3788249920651624,0.13333333333333333,0.3788249920651624,1.2000000000000002,1.973153144926499,1.3888444437333105,0.67700320038633
E0,Fulham,Fora,Lay Clean Sheet,Equipa não sofre golos (clean sheet),15,0.13333333333333333,0.037360469891359285,0.3788249920651624,-0.10586932447397565,0.05293751983709405,3.534274881735873,True,0.06666666666666667,0.2981707755242399,0.0,0.20388926630434784,0.06666666666666667,0.2981707755242399,0.3333333333333333,0.5828687484878702,0.26666666666666666,0.5195088965768675,1.4047538337136984,1.4360439485692011,1.2649110640673518,0.9354143466934854
E0,Fulham,Fora,Lay Cantos Over 10.5,Total de cantos Over 10.5,15,0.13333333333333333,0.037360469891359285,0.3788249920651624,-0.28859357696567,0.05293751983709405,3.534274881735873,True,0.06666666666666667,0.2981707755242399,0.0,0.20388926630434784,0.06666666666666667,0.2981707755242399,0.3333333333333333,0.5828687484878702,0.26666666666666666,0.5195088965768675,1.4047538337136984,1.4360439485692011,1.2649110640673518,0.9354143466934854
E0,Fulham,Total,Lay Empate,Jogo termina empatado,30,0.16666666666666666,0.07336434240351683,0.33564705185680177,-0.10575858250276857,0.16088237035799563,5.298678840459506,True,0.03333333333333333,0.16670751396958874,0.03333333333333333,0.16670751396958874,0.03333333333333333,0.16670751396958874,0.23333333333333334,0.40928672330324267,0.2,0.37306047381027446,1.398809017223819,1.7259457954666158,1.3780017739062924,0.8062257748298549
E0,Fulham,Total,Lay Clean Sheet,Equipa não sofre golos (clean sheet),30,0.2,0.09504978102401236,0.37306047381027446,-0.05913621262458468,0.0673488154743139,4.676888183693607,True,0.03333333333333333,0.16670751396958874,0.03333333333333333,0.16670751396958874,0.03333333333333333,0.16670751396958874,0.23333333333333334,0.40928672330324267,0.2,0.37306047381027446,1.398809017223819,1.7259457954666158,1.3780017739062924,0.8062257748298549
E0,Leeds,Casa,Lay Clean Sheet,Equipa não sofre golos (clean sheet),15,0.2,0.07047420643610411,0.4518593533465045,-0.07906976744186045,0.0,3.0983866769659336,False,0.06666666666666667,0.2981707755242399,0.06666666666666667,0.2981707755242399,0.06666666666666667,0.2981707755242399,0.26666666666666666,0.5195088965768675,0.2,0.4518593533465045,1.627540748764494,1.6812693617224654,1.3097921802925665,0.8576346483687822
E0,Leeds,Casa,Lay Empate,Jogo termina empatado,15,0.26666666666666666,0.10897276103182815,0.5195088965768675,-0.005758582502768561,0.0,2.8401877872187726,False,0.06666666666666667,0.2981707755242399,0.06666666666666667,0.2981707755242399,0.06666666666666667,0.2981707755242399,0.26666666666666666,0.5195088965768675,0.2,0.4518593533465045,1.627540748764494,1.6812693617224654,1.3097921802925665,0.8576346483687822
E0,Leeds,Casa,Lay Derrota,Equipa perde o jogo,15,0.3333333333333333,0.15176100694691236,0.5828687484878702,0.021040974529346612,0.0,2.5819888974716116,False,0.06666666666666667,0.2981707755242399,0.06666666666666667,0.2981707755242399,0.06666666666666667,0.2981707755242399,0.26666666666666666,0.5195088965768675,0.2,0.4518593533465045,1.627540748764494,1.6812693617224654,1.3097921802925665,0.8576346483687822
E0,Leeds,Casa,Lay Cantos Over 10.5,Total de cantos Over 10.5,15,0.3333333333333333,0.15176100694691236,0.5828687484878702,-0.08859357696567,0.0,2.5819888974716116,False,0.06666666666666667,0.2981707755242399,0.06666666666666667,0.2981707755242399,0.06666666666666667,0.2981707755242399,0.26666666666666666,0.5195088965768675,0.2,0.4518593533465045,1.627540748764494,1.6812693617224654,1.3097921802925665,0.8576346483687822
E0,Leeds,Casa,Lay Vitória,Equipa vence o jogo,15,0.4,0.19824228082594664,0.6425355724349229,-0.015282392026578051,0.0,2.32379000772445,False,0.06666666666666667,0.2981707755242399,0.06666666666666667,0.2981707755242399,0.06666666666666667,0.2981707755242399,0.26666666666666666,0.5195088965768675,0.2,0.4518593533465045,1.627540748764494,1.6812693617224654,1.3097921802925665,0.8576346483687822
E0,Leeds,Fora,Lay Vitória,Equipa vence o jogo,15,0.06666666666666667,0.011866588606194882,0.2981707755242399,-0.24562569213732005,0.2545730611894004,4.535011201081206,True,0.13333333333333333,0.3788249920651624,0.0,0.20388926630434784,0.13333333333333333,0.3788249920651624,0.4,0.6425355724349229,0.26666666666666666,0.5195088965768675,1.5860503004493753,1.8926759422104518,0.7888106377466154,1.0327955589886444
E0,Leeds,Fora,Lay Clean Sheet,Equipa não sofre golos (clean sheet),15,0.13333333333333333,0.037360469891359285,0.3788249920651624,-0.10586932447397565,0.05293751983709405,3.534274881735873,True,0.13333333333333333,0.3788249920651624,0.0,0.20388926630434784,0.13333333333333333,0.3788249920651624,0.4,0.6425355724349229,0.26666666666666666,0.5195088965768675,1.5860503004493753,1.8926759422104518,0.7888106377466154,1.0327955589886444
E0,Leeds,Total,Lay Clean Sheet,Equipa não sofre golos (clean sheet),30,0.16666666666666666,0.07336434240351683,0.33564705185680177,-0.09246954595791804,0.16088237035799563,5.298678840459506,True,0.1,0.2562144131526662,0.03333333333333333,0.16670751396958874,0.1,0.2562144131526662,0.3333333333333333,0.5122027418616973,0.23333333333333334,0.40928672330324267,1.682920741515245,1.790406533599438,1.1527744310527055,0.9521035110166776
E0,Liverpool,Casa,Lay Derrota,Equipa perde o jogo,15,0.2,0.07047420643610411,0.4518593533465045,-0.11229235880398669,0.0,3.0983866769659336,False,0.06666666666666667,0.2981707755242399,0.13333333333333333,0.3788249920651624,0.06666666666666667,0.2981707755242399,0.13333333333333333,0.3788249920651624,0.06666666666666667,0.2981707755242399,1.5776212754932308,1.7688665548562132,1.2578641509408803,0.7908946853356527
E0,Liverpool,Casa,Lay Over 3.5,Mais de 3.5 golos no jogo,15,0.2,0.07047420643610411,0.4518593533465045,-0.08571428571428569,0.0,3.0983866769659336,False,0.06666666666666667,0.2981707755242399,0.13333333333333333,0.3788249920651624,0.06666666666666667,0.2981707755242399,0.13333333333333333,0.3788249920651624,0.06666666666666667,0.2981707755242399,1.5776212754932308,1.7688665548562132,1.2578641509408803,0.7908946853356527
E0,Liverpool,Casa,Lay Empate,Jogo termina empatado,15,0.26666666666666666,0.10897276103182815,0.5195088965768675,-0.005758582502768561,0.0,2.8401877872187726,False,0.06666666666666667,0.2981707755242399,0.13333333333333333,0.3788249920651624,0.06666666666666667,0.2981707755242399,0.13333333333333333,0.3788249920651624,0.06666666666666667,0.2981707755242399,1.5776212754932308,1.7688665548562132,1.2578641509408803,0.7908946853356527
E0,Liverpool,Casa,Lay Clean Sheet,Equipa não sofre golos (clean sheet),15,0.26666666666666666,0.10897276103182815,0.5195088965768675,-0.012403100775193798,0.0,2.8401877872187726,False,0.06666666666666667,0.2981707755242399,0.13333333333333333,0.3788249920651624,0.06666666666666667,0.2981707755242399,0.13333333333333333,0.3788249920651624,0.06666666666666667,0.2981707755242399,1.5776212754932308,1.7688665548562132,1.2578641509408803,0.7908946853356527
E0,Liverpool,Casa,Lay Under 2.5,Menos de 2.5 golos no jogo,15,0.4666666666666667,0.24809225259746442,0.6988336984894922,-0.0050941306755259985,0.0,2.0655911179772892,False,0.06666666666666667,0.2981707755242399,0.13333333333333333,0.3788249920651624,0.06666666666666667,0.2981707755242399,0.13333333333333333,0.3788249920651624,0.06666666666666667,0.2981707755242399,1.5776212754932308,1.7688665548562132,1.2578641509408803,0.7908946853356527
E0,Liverpool,Fora,Lay Empate,Jogo termina empatado,15,0.2,0.07047420643610411,0.4518593533465045,-0.07242524916943521,0.0,3.0983866769659336,False,0.06666666666666667,0.2981707755242399,0.0,0.20388926630434784,0.06666666666666667,0.2981707755242399,0.13333333333333333,0.3788249920651624,0.06666666666666667,0.2981707755242399,1.236482466066094,1.7126976771553504,1.3564659966250538,0.6030226891555273
E0,Liverpool,Fora,Lay Over 3.5,Mais de 3.5 golos no jogo,15,0.3333333333333333,0.15176100694691236,0.5828687484878702,0.047619047619047616,0.0,2.5819888974716116,False,0.06666666666666667,0.2981707755242399,0.0,0.20388926630434784,0.06666666666666667,0.2981707755242399,0.13333333333333333,0.3788249920651624,0.06666666666666667,0.2981707755242399,1.236482466066094,1.7126976771553504,1.3564659966250538,0.6030226891555273
E0,Liverpool,Fora,Lay Under 2.5,Menos de 2.5 golos no jogo,15,0.3333333333333333,0.15176100694691236,0.5828687484878702,-0.13842746400885936,0.0,2.5819888974716116,False,0.06666666666666667,0.2981707755242399,0.0,0.20388926630434784,0.06666666666666667,0.2981707755242399,0.13333333333333333,0.3788249920651624,0.06666666666666667,0.2981707755242399,1.236482466066094,1.7126976771553504,1.3564659966250538,0.6030226891555273
E0,Liverpool,Fora,Lay Clean Sheet,Equipa não sofre golos (clean sheet),15,0.3333333333333333,0.15176100694691236,0.5828687484878702,0.09413067552602433,0.0,2.5819888974716116,False,0.06666666666666667,0.2981707755242399,0.0,0.20388926630434784,0.06666666666666667,0.2981707755242399,0.13333333333333333,0.3788249920651624,0.06666666666666667,0.2981707755242399,1.236482466066094,1.7126976771553504,1.3564659966250538,0.6030226891555273
E0,Liverpool,Fora,Lay Vitória,Equipa vence o jogo,15,0.4,0.19824228082594664,0.6425355724349229,0.08770764119601332,0.0,2.32379000772445,False,0.06666666666666667,0.2981707755242399,0.0,0.20388926630434784,0.06666666666666667,0.2981707755242399,0.13333333333333333,0.3788249920651624,0.06666666666666667,0.2981707755242399,1.236482466066094,1.7126976771553504,1.3564659966250538,0.6030226891555273
E0,Liverpool,Total,Lay Empate,Jogo termina empatado,30,0.23333333333333334,0.11792239210501229,0.40928672330324267,-0.03909191583610189,0.0,4.199206274206273,False,0.06666666666666667,0.21323817721072086,0.06666666666666667,0.21323817721072086,0.06666666666666667,0.21323817721072086,0.13333333333333333,0.2968168394441695,0.06666666666666667,0.21323817721072086,1.46401275039985,1.7413277182145301,1.32874209519965,0.732707064123112
E0,Liverpool,Total,Lay Over 3.5,Mais de 3.5 golos no jogo,30,0.26666666666666666,0.14182495553910618,0.44448302044311694,-0.019047619047619035,0.0,4.016632088371218,False,0.06666666666666667,0.21323817721072086,0.06666666666666667,0.21323817721072086,0.06666666666666667,0.21323817721072086,0.13333333333333333,0.2968168394441695,0.06666666666666667,0.21323817721072086,1.46401275039985,1.7413277182145301,1.32874209519965,0.732707064123112
E0,Liverpool,Total,Lay Derrota,Equipa perde o jogo,30,0.3,0.16664562643958936,0.47876121011660183,-0.0637873754152824,0.0,3.8340579025361627,False,0.06666666666666667,0.21323817721072086,0.06666666666666667,0.21323817721072086,0.06666666666666667,0.21323817721072086,0.13333333333333333,0.2968168394441695,0.06666666666666667,0.21323817721072086,1.46401275039985,1.7413277182145301,1.32874209519965,0.732707064123112
E0,Liverpool,Total,Lay Clean Sheet,Equipa não sofre golos (clean sheet),30,0.3,0.16664562643958936,0.47876121011660183,0.040863787375415295,0.0,3.8340579025361627,False,0.06666666666666667,0.21323817721072086,0.06666666666666667,0.21323817721072086,0.06666666666666667,0.21323817721072086,0.13333333333333333,0.2968168394441695,0.06666666666666667,0.21323817721072086,1.46401275039985,1.7413277182145301,1.32874209519965,0.732707064123112
E0,Liverpool,Total,Lay Under 2.5,Menos de 2.5 golos no jogo,30,0.4,0.24590394326083398,0.5767994750172617,-0.07176079734219265,0.0,3.2863353450309964,False,0.06666666666666667,0.21323817721072086,0.06666666666666667,0.21323817721072086,0.06666666666666667,0.21323817721072086,0.13333333333333333,0.2968168394441695,0.06666666666666667,0.21323817721072086,1.46401275039985,1.7413277182145301,1.32874209519965,0.732707064123112
E0,Man City,Casa,Lay Derrota,Equipa perde o jogo,15,0.06666666666666667,0.011866588606194882,0.2981707755242399,-0.24562569213732005,0.2545730611894004,4.535011201081206,True,0.0,0.20388926630434784,0.4,0.6425355724349229,0.0,0.20388926630434784,0.06666666666666667,0.2981707755242399,0.06666666666666667,0.2981707755242399,1.577621275493231,1.14697670227235,1.0198039027185568,0.47628967220784024
E0,Man City,Fora,Lay Over 3.5,Mais de 3.5 golos no jogo,15,0.2,0.07047420643610411,0.4518593533465045,-0.08571428571428569,0.0,3.0983866769659336,False,0.0,0.20388926630434784,0.13333333333333333,0.3788249920651624,0.06666666666666667,0.2981707755242399,0.2,0.4518593533465045,0.13333333333333333,0.3788249920651624,1.4996295838935991,2.0154955277107964,1.2995725793078619,0.8779711460710615
E0,Man City,Fora,Lay Derrota,Equipa perde o jogo,15,0.26666666666666666,0.10897276103182815,0.5195088965768675,-0.1486157253599114,0.0,2.8401877872187726,False,0.0,0.20388926630434784,0.13333333333333333,0.3788249920651624,0.06666666666666667,0.2981707755242399,0.2,0.4518593533465045,0.13333333333333333,0.3788249920651624,1.4996295838935991,2.0154955277107964,1.2995725793078619,0.8779711460710615
E0,Man City,Fora,Lay Empate,Jogo termina empatado,15,0.26666666666666666,0.10897276103182815,0.5195088965768675,-0.005758582502768561,0.0,2.8401877872187726,False,0.0,0.20388926630434784,0.13333333333333333,0.3788249920651624,0.06666666666666667,0.2981707755242399,0.2,0.4518593533465045,0.13333333333333333,0.3788249920651624,1.4996295838935991,2.0154955277107964,1.2995725793078619,0.8779711460710615
E0,Man City,Fora,Lay Cantos Over 10.5,Total de cantos Over 10.5,15,0.26666666666666666,0.10897276103182815,0.5195088965768675,-0.15526024363233665,0.0,2.8401877872187726,False,0.0,0.20388926630434784,0.13333333333333333,0.3788249920651624,0.06666666666666667,0.2981707755242399,0.2,0.4518593533465045,0.13333333333333333,0.3788249920651624,1.4996295838935991,2.0154955277107964,1.2995725793078619,0.8779711460710615
E0,Man City,Fora,Lay Clean Sheet,Equipa não sofre golos (clean sheet),15,0.3333333333333333,0.15176100694691236,0.5828687484878702,0.09413067552602433,0.0,2.5819888974716116,False,0.0,0.20388926630434784,0.13333333333333333,0.3788249920651624,0.06666666666666667,0.2981707755242399,0.2,0.4518593533465045,0.13333333333333333,0.3788249920651624,1.4996295838935991,2.0154955277107964,1.2995725793078619,0.8779711460710615
E0,Man City,Total,Lay Derrota,Equipa perde o jogo,30,0.16666666666666666,0.07336434240351683,0.33564705185680177,-0.19712070874861573,0.16088237035799563,5.298678840459506,True,0.0,0.11351709139047801,0.26666666666666666,0.44448302044311694,0.03333333333333333,0.16670751396958874,0.13333333333333333,0.2968168394441695,0.1,0.2562144131526662,1.6519348924485153,1.6519348924485155,1.2242911781471306,0.6708203932499369
E0,Man United,Casa,Lay Derrota,Equipa perde o jogo,15,0.13333333333333333,0.037360469891359285,0.3788249920651624,-0.17895902547065337,0.05293751983709405,3.534274881735873,True,0.0,0.20388926630434784,0.0,0.20388926630434784,0.0,0.20388926630434784,0.13333333333333333,0.3788249920651624,0.13333333333333333,0.3788249920651624,1.024152766382481,1.9955506062794355,1.1661903789690602,0.6055300708194983
E0,Man United,Fora,Lay Clean Sheet,Equipa não sofre golos (clean sheet),15,0.06666666666666667,0.011866588606194882,0.2981707755242399,-0.17253599114064233,0.2545730611894004,4.535011201081206,True,0.06666666666666667,0.2981707755242399,0.06666666666666667,0.2981707755242399,0.0,0.20388926630434784,0.06666666666666667,0.2981707755242399,0.06666666666666667,0.2981707755242399,1.3662601021279464,1.1075498483890767,1.2000000000000002,0.595119035711904
E0,Man United,Total,Lay Clean Sheet,Equipa não sofre golos (clean sheet),30,0.16666666666666666,0.07336434240351683,0.33564705185680177,-0.09246954595791804,0.16088237035799563,5.298678840459506,True,0.03333333333333333,0.16670751396958874,0.03333333333333333,0.16670751396958874,0.0,0.11351709139047801,0.1,0.2562144131526662,0.1,0.2562144131526662,1.2827920936595902,1.6141733350404335,1.2489995996796797,0.6153054713272648
E0,Man United,Total,Lay Derrota,Equipa perde o jogo,30,0.2,0.09504978102401236,0.37306047381027446,-0.16378737541528238,0.0673488154743139,4.676888183693607,True,0.03333333333333333,0.16670751396958874,0.03333333333333333,0.16670751396958874,0.0,0.11351709139047801,0.1,0.2562144131526662,0.1,0.2562144131526662,1.2827920936595902,1.6141733350404335,1.2489995996796797,0.6153054713272648
E0,Newcastle,Casa,Lay Empate,Jogo termina empatado,15,0.13333333333333333,0.037360469891359285,0.3788249920651624,-0.1390919158361019,0.05293751983709405,3.534274881735873,True,0.0,0.20388926630434784,0.0,0.20388926630434784,0.0,0.20388926630434784,0.06666666666666667,0.2981707755242399,0.06666666666666667,0.2981707755242399,1.18133634311129,1.4996295838935991,1.3888444437333105,0.4315373561998061
E0,Newcastle,Fora,Lay Vitória,Equipa vence o jogo,15,0.26666666666666666,0.10897276103182815,0.5195088965768675,-0.04562569213732004,0.0,2.8401877872187726,False,0.06666666666666667,0.2981707755242399,0.06666666666666667,0.2981707755242399,0.26666666666666666,0.5195088965768675,0.4,0.6425355724349229,0.13333333333333333,0.3788249920651624,1.5260697523012796,1.8427033281447005,1.236482466066094,1.1547005383792515
E0,Newcastle,Fora,Lay Empate,Jogo termina empatado,15,0.26666666666666666,0.10897276103182815,0.5195088965768675,-0.005758582502768561,0.0,2.8401877872187726,False,0.06666666666666667,0.2981707755242399,0.06666666666666667,0.2981707755242399,0.26666666666666666,0.5195088965768675,0.4,0.6425355724349229,0.13333333333333333,0.3788249920651624,1.5260697523012796,1.8427033281447005,1.236482466066094,1.1547005383792515
E0,Newcastle,Fora,Lay Over 3.5,Mais de 3.5 golos no jogo,15,0.3333333333333333,0.15176100694691236,0.5828687484878702,0.047619047619047616,0.0,2.5819888974716116,False,0.06666666666666667,0.2981707755242399,0.06666666666666667,0.2981707755242399,0.26666666666666666,0.5195088965768675,0.4,0.6425355724349229,0.13333333333333333,0.3788249920651624,1.5260697523012796,1.8427033281447005,1.236482466066094,1.1547005383792515
E0,Newcastle,Fora,Lay Clean Sheet,Equipa não sofre golos (clean sheet),15,0.3333333333333333,0.15176100694691236,0.5828687484878702,0.09413067552602433,0.0,2.5819888974716116,False,0.06666666666666667,0.2981707755242399,0.06666666666666667,0.2981707755242399,0.26666666666666666,0.5195088965768675,0.4,0.6425355724349229,0.13333333333333333,0.3788249920651624,1.5260697523012796,1.8427033281447005,1.236482466066094,1.1547005383792515
E0,Newcastle,Fora,Lay Derrota,Equipa perde o jogo,15,0.4666666666666667,0.24809225259746442,0.6988336984894922,0.0513842746400886,0.0,2.0655911179772892,False,0.06666666666666667,0.2981707755242399,0.06666666666666667,0.2981707755242399,0.26666666666666666,0.5195088965768675,0.4,0.6425355724349229,0.13333333333333333,0.3788249920651624,1.5260697523012796,1.8427033281447005,1.236482466066094,1.1547005383792515
E0,Newcastle,Total,Lay Empate,Jogo termina empatado,30,0.2,0.09504978102401236,0.37306047381027446,-0.07242524916943521,0.0673488154743139,4.676888183693607,True,0.03333333333333333,0.16670751396958874,0.03333333333333333,0.16670751396958874,0.13333333333333333,0.2968168394441695,0.23333333333333334,0.40928672330324267,0.1,0.2562144131526662,1.390443574307614,1.7838784213679537,1.3564659966250538,0.7575115104605733
E0,Nott'm Forest,Casa,Lay Vitória,Equipa vence o jogo,15,0.2,0.07047420643610411,0.4518593533465045,-0.21528239202657806,0.0,3.0983866769659336,False,0.13333333333333333,0.3788249920651624,0.06666666666666667,0.2981707755242399,0.2,0.4518593533465045,0.6,0.8017577191740534,0.4,0.6425355724349229,1.7048949136725893,1.4079141387961918,1.1234866364235145,1.3888823142513682
E0,Nott'm Forest,Casa,Lay Over 3.5,Mais de 3.5 golos no jogo,15,0.2,0.07047420643610411,0.4518593533465045,-0.08571428571428569,0.0,3.0983866769659336,False,0.13333333333333333,0.3788249920651624,0.06666666666666667,0.2981707755242399,0.2,0.4518593533465045,0.6,0.8017577191740534,0.4,0.6425355724349229,1.7048949136725893,1.4079141387961918,1.1234866364235145,1.3888823142513682
E0,Nott'm Forest,Casa,Lay Clean Sheet,Equipa não sofre golos (clean sheet),15,0.26666666666666666,0.10897276103182815,0.5195088965768675,-0.012403100775193798,0.0,2.8401877872187726,False,0.13333333333333333,0.3788249920651624,0.06666666666666667,0.2981707755242399,0.2,0.4518593533465045,0.6,0.8017577191740534,0.4,0.6425355724349229,1.7048949136725893,1.4079141387961918,1.1234866364235145,1.3888823142513682
E0,Nott'm Forest,Casa,Lay Empate,Jogo termina empatado,15,0.3333333333333333,0.15176100694691236,0.5828687484878702,0.06090808416389809,0.0,2.5819888974716116,False,0.13333333333333333,0.3788249920651624,0.06666666666666667,0.2981707755242399,0.2,0.4518593533465045,0.6,0.8017577191740534,0.4,0.6425355724349229,1.7048949136725893,1.4079141387961918,1.1234866364235145,1.3888823142513682
E0,Nott'm Forest,Casa,Lay BTTS,Ambas as equipas marcam,15,0.3333333333333333,0.15176100694691236,0.5828687484878702,-0.2248062015503876,0.0,2.5819888974716116,False,0.13333333333333333,0.3788249920651624,0.06666666666666667,0.2981707755242399,0.2,0.4518593533465045,0.6,0.8017577191740534,0.4,0.6425355724349229,1.7048949136725893,1.4079141387961918,1.1234866364235145,1.3888823142513682
E0,Nott'm Forest,Fora,Lay Empate,Jogo termina empatado,15,0.2,0.07047420643610411,0.4518593533465045,-0.07242524916943521,0.0,3.0983866769659336,False,0.13333333333333333,0.3788249920651624,0.06666666666666667,0.2981707755242399,0.0,0.20388926630434784,0.3333333333333333,0.5828687484878702,0.3333333333333333,0.5828687484878702,1.7435595774162693,0.9521904571390466,1.2649110640673518,0.8944271909999159
E0,Nott'm Forest,Fora,Lay Over 3.5,Mais de 3.5 golos no jogo,15,0.2,0.07047420643610411,0.4518593533465045,-0.08571428571428569,0.0,3.0983866769659336,False,0.13333333333333333,0.3788249920651624,0.06666666666666667,0.2981707755242399,0.0,0.20388926630434784,0.3333333333333333,0.5828687484878702,0.3333333333333333,0.5828687484878702,1.7435595774162693,0.9521904571390466,1.2649110640673518,0.8944271909999159
E0,Nott'm Forest,Fora,Lay Clean Sheet,Equipa não sofre golos (clean sheet),15,0.2,0.07047420643610411,0.4518593533465045,-0.03920265780730897,0.0,3.0983866769659336,False,0.13333333333333333,0.3788249920651624,0.06666666666666667,0.2981707755242399,0.0,0.20388926630434784,0.3333333333333333,0.5828687484878702,0.3333333333333333,0.5828687484878702,1.7435595774162693,0.9521904571390466,1.2649110640673518,0.8944271909999159
E0,Nott'm Forest,Fora,Lay Vitória,Equipa vence o jogo,15,0.26666666666666666,0.10897276103182815,0.5195088965768675,-0.04562569213732004,0.0,2.8401877872187726,False,0.13333333333333333,0.3788249920651624,0.06666666666666667,0.2981707755242399,0.0,0.20388926630434784,0.3333333333333333,0.5828687484878702,0.3333333333333333,0.5828687484878702,1.7435595774162693,0.9521904571390466,1.2649110640673518,0.8944271909999159
E0,Nott'm Forest,Fora,Lay Cantos Over 10.5,Total de cantos Over 10.5,15,0.4,0.19824228082594664,0.6425355724349229,-0.021926910299003288,0.0,2.32379000772445,False,0.13333333333333333,0.3788249920651624,0.06666666666666667,0.2981707755242399,0.0,0.20388926630434784,0.3333333333333333,0.5828687484878702,0.3333333333333333,0.5828687484878702,1.7435595774162693,0.9521904571390466,1.2649110640673518,0.8944271909999159
E0,Nott'm Forest,Total,Lay Over 3.5,Mais de 3.5 golos no jogo,30,0.2,0.09504978102401236,0.37306047381027446,-0.08571428571428569,0.0673488154743139,4.676888183693607,True,0.13333333333333333,0.2968168394441695,0.06666666666666667,0.21323817721072086,0.1,0.2562144131526662,0.4666666666666667,0.6385798671847496,0.36666666666666664,0.5448675356639506,1.7272328544042153,1.2242911781471306,1.1967548714010827,1.138384103607802
E0,Sunderland,Casa,Lay Derrota,Equipa perde o jogo,15,0.2,0.07047420643610411,0.4518593533465045,-0.11229235880398669,0.0,3.0983866769659336,False,0.0,0.20388926630434784,0.13333333333333333,0.3788249920651624,0.06666666666666667,0.2981707755242399,0.2,0.4518593533465045,0.13333333333333333,0.3788249920651624,1.3597385369580761,1.3063945294843617,1.236482466066094,0.6982859770789646
E0,Sunderland,Casa,Lay Over 3.5,Mais de 3.5 golos no jogo,15,0.2,0.07047420643610411,0.4518593533465045,-0.08571428571428569,0.0,3.0983866769659336,False,0.0,0.20388926630434784,0.13333333333333333,0.3788249920651624,0.06666666666666667,0.2981707755242399,0.2,0.4518593533465045,0.13333333333333333,0.3788249920651624,1.3597385369580761,1.3063945294843617,1.236482466066094,0.6982859770789646
E0,Sunderland,Casa,Lay Cantos Over 10.5,Total de cantos Over 10.5,15,0.26666666666666666,0.10897276103182815,0.5195088965768675,-0.15526024363233665,0.0,2.8401877872187726,False,0.0,0.20388926630434784,0.13333333333333333,0.3788249920651624,0.06666666666666667,0.2981707755242399,0.2,0.4518593533465045,0.13333333333333333,0.3788249920651624,1.3597385369580761,1.3063945294843617,1.236482466066094,0.6982859770789646
E0,Sunderland,Casa,Lay Empate,Jogo termina empatado,15,0.3333333333333333,0.15176100694691236,0.5828687484878702,0.06090808416389809,0.0,2.5819888974716116,False,0.0,0.20388926630434784,0.13333333333333333,0.3788249920651624,0.06666666666666667,0.2981707755242399,0.2,0.4518593533465045,0.13333333333333333,0.3788249920651624,1.3597385369580761,1.3063945294843617,1.236482466066094,0.6982859770789646
E0,Sunderland,Casa,Lay Clean Sheet,Equipa não sofre golos (clean sheet),15,0.3333333333333333,0.15176100694691236,0.5828687484878702,0.054263565891472854,0.0,2.5819888974716116,False,0.0,0.20388926630434784,0.13333333333333333,0.3788249920651624,0.06666666666666667,0.2981707755242399,0.2,0.4518593533465045,0.13333333333333333,0.3788249920651624,1.3597385369580761,1.3063945294843617,1.236482466066094,0.6982859770789646
E0,Sunderland,Fora,Lay Over 3.5,Mais de 3.5 golos no jogo,15,0.06666666666666667,0.011866588606194882,0.2981707755242399,-0.21904761904761905,0.2545730611894004,4.535011201081206,True,0.2,0.4518593533465045,0.0,0.20388926630434784,0.13333333333333333,0.3788249920651624,0.5333333333333333,0.7519077474025356,0.4,0.6425355724349229,1.4544949486180951,1.1234866364235145,1.1234866364235143,1.1592023119369632
E0,Sunderland,Total,Lay Over 3.5,Mais de 3.5 golos no jogo,30,0.13333333333333333,0.05309569424218104,0.2968168394441695,-0.15238095238095237,0.25795790138957636,5.971436631185396,True,0.1,0.2562144131526662,0.06666666666666667,0.21323817721072086,0.1,0.2562144131526662,0.36666666666666664,0.5448675356639506,0.26666666666666666,0.44448302044311694,1.5723301886761005,1.2405196043952265,1.2472191289246473,0.9660917830792959
E0,Tottenham,Casa,Lay Vitória,Equipa vence o jogo,15,0.13333333333333333,0.037360469891359285,0.3788249920651624,-0.2819490586932447,0.05293751983709405,3.534274881735873,True,0.06666666666666667,0.2981707755242399,0.06666666666666667,0.2981707755242399,0.0,0.20388926630434784,0.13333333333333333,0.3788249920651624,0.13333333333333333,0.3788249920651624,1.4079141387961915,1.0873004286866725,1.0110500592068734,0.6236095644623234
E0,Tottenham,Casa,Lay Clean Sheet,Equipa não sofre golos (clean sheet),15,0.13333333333333333,0.037360469891359285,0.3788249920651624,-0.14573643410852713,0.05293751983709405,3.534274881735873,True,0.06666666666666667,0.2981707755242399,0.06666666666666667,0.2981707755242399,0.0,0.20388926630434784,0.13333333333333333,0.3788249920651624,0.13333333333333333,0.3788249920651624,1.4079141387961915,1.0873004286866725,1.0110500592068734,0.6236095644623234
E0,Tottenham,Fora,Lay Vitória,Equipa vence o jogo,15,0.3333333333333333,0.15176100694691236,0.5828687484878702,0.021040974529346612,0.0,2.5819888974716116,False,0.13333333333333333,0.3788249920651624,0.13333333333333333,0.3788249920651624,0.06666666666666667,0.2981707755242399,0.2,0.4518593533465045,0.13333333333333333,0.3788249920651624,1.7888543819998317,1.3399834161494522,1.2472191289246473,0.6523954588366966
E0,Tottenham,Fora,Lay Derrota,Equipa perde o jogo,15,0.3333333333333333,0.15176100694691236,0.5828687484878702,-0.08194905869324476,0.0,2.5819888974716116,False,0.13333333333333333,0.3788249920651624,0.13333333333333333,0.3788249920651624,0.06666666666666667,0.2981707755242399,0.2,0.4518593533465045,0.13333333333333333,0.3788249920651624,1.7888543819998317,1.3399834161494522,1.2472191289246473,0.6523954588366966
E0,Tottenham,Fora,Lay Empate,Jogo termina empatado,15,0.3333333333333333,0.15176100694691236,0.5828687484878702,0.06090808416389809,0.0,2.5819888974716116,False,0.13333333333333333,0.3788249920651624,0.13333333333333333,0.3788249920651624,0.06666666666666667,0.2981707755242399,0.2,0.4518593533465045,0.13333333333333333,0.3788249920651624,1.7888543819998317,1.3399834161494522,1.2472191289246473,0.6523954588366966
E0,Tottenham,Fora,Lay Over 3.5,Mais de 3.5 golos no jogo,15,0.3333333333333333,0.15176100694691236,0.5828687484878702,0.047619047619047616,0.0,2.5819888974716116,False,0.13333333333333333,0.3788249920651624,0.13333333333333333,0.3788249920651624,0.06666666666666667,0.2981707755242399,0.2,0.4518593533465045,0.13333333333333333,0.3788249920651624,1.7888543819998317,1.3399834161494522,1.2472191289246473,0.6523954588366966
E0,Tottenham,Fora,Lay Under 2.5,Menos de 2.5 golos no jogo,15,0.3333333333333333,0.15176100694691236,0.5828687484878702,-0.13842746400885936,0.0,2.5819888974716116,False,0.13333333333333333,0.3788249920651624,0.13333333333333333,0.3788249920651624,0.06666666666666667,0.2981707755242399,0.2,0.4518593533465045,0.13333333333333333,0.3788249920651624,1.7888543819998317,1.3399834161494522,1.2472191289246473,0.6523954588366966
E0,Tottenham,Total,Lay Vitória,Equipa vence o jogo,30,0.23333333333333334,0.11792239210501229,0.40928672330324267,-0.13045404208194905,0.0,4.199206274206273,False,0.1,0.2562144131526662,0.1,0.2562144131526662,0.03333333333333333,0.16670751396958874,0.16666666666666666,0.33564705185680177,0.13333333333333333,0.2968168394441695,1.62651638650078,1.2206555615733703,1.1832159566199232,0.651920240520265
E0,Tottenham,Total,Lay Clean Sheet,Equipa não sofre golos (clean sheet),30,0.23333333333333334,0.11792239210501229,0.40928672330324267,-0.025802879291251357,0.0,4.199206274206273,False,0.1,0.2562144131526662,0.1,0.2562144131526662,0.03333333333333333,0.16670751396958874,0.16666666666666666,0.33564705185680177,0.13333333333333333,0.2968168394441695,1.62651638650078,1.2206555615733703,1.1832159566199232,0.651920240520265
E0,Tottenham,Total,Lay Empate,Jogo termina empatado,30,0.3,0.16664562643958936,0.47876121011660183,0.027574750830564765,0.0,3.8340579025361627,False,0.1,0.2562144131526662,0.1,0.2562144131526662,0.03333333333333333,0.16670751396958874,0.16666666666666666,0.33564705185680177,0.13333333333333333,0.2968168394441695,1.62651638650078,1.2206555615733703,1.1832159566199232,0.651920240520265
E0,Tottenham,Total,Lay Over 3.5,Mais de 3.5 golos no jogo,30,0.3,0.16664562643958936,0.47876121011660183,0.01428571428571429,0.0,3.8340579025361627,False,0.1,0.2562144131526662,0.1,0.2562144131526662,0.03333333333333333,0.16670751396958874,0.16666666666666666,0.33564705185680177,0.13333333333333333,0.2968168394441695,1.62651638650078,1.2206555615733703,1.1832159566199232,0.651920240520265
E0,Tottenham,Total,Lay Under 2.5,Menos de 2.5 golos no jogo,30,0.3333333333333333,0.19230295526846194,0.5122027418616973,-0.13842746400885936,0.0,3.651483716701108,False,0.1,0.2562144131526662,0.1,0.2562144131526662,0.03333333333333333,0.16670751396958874,0.16666666666666666,0.33564705185680177,0.13333333333333333,0.2968168394441695,1.62651638650078,1.2206555615733703,1.1832159566199232,0.651920240520265
E0,West Ham,Casa,Lay Clean Sheet,Equipa não sofre golos (clean sheet),15,0.06666666666666667,0.011866588606194882,0.2981707755242399,-0.2124031007751938,0.2545730611894004,4.535011201081206,True,0.13333333333333333,0.3788249920651624,0.0,0.20388926630434784,0.06666666666666667,0.2981707755242399,0.3333333333333333,0.5828687484878702,0.26666666666666666,0.5195088965768675,1.6193277068654823,1.569146972791976,1.14697670227235,0.9229582069908973
E0,West Ham,Fora,Lay Over 3.5,Mais de 3.5 golos no jogo,15,0.2,0.07047420643610411,0.4518593533465045,-0.08571428571428569,0.0,3.0983866769659336,False,0.26666666666666666,0.5195088965768675,0.06666666666666667,0.2981707755242399,0.0,0.20388926630434784,0.26666666666666666,0.5195088965768675,0.26666666666666666,0.5195088965768675,1.8547236990991407,1.4142135623730951,1.236482466066094,0.7576767609436587
E0,West Ham,Fora,Lay Clean Sheet,Equipa não sofre golos (clean sheet),15,0.2,0.07047420643610411,0.4518593533465045,-0.03920265780730897,0.0,3.0983866769659336,False,0.26666666666666666,0.5195088965768675,0.06666666666666667,0.2981707755242399,0.0,0.20388926630434784,0.26666666666666666,0.5195088965768675,0.26666666666666666,0.5195088965768675,1.8547236990991407,1.4142135623730951,1.236482466066094,0.7576767609436587
E0,West Ham,Fora,Lay Vitória,Equipa vence o jogo,15,0.26666666666666666,0.10897276103182815,0.5195088965768675,-0.04562569213732004,0.0,2.8401877872187726,False,0.26666666666666666,0.5195088965768675,0.06666666666666667,0.2981707755242399,0.0,0.20388926630434784,0.26666666666666666,0.5195088965768675,0.26666666666666666,0.5195088965768675,1.8547236990991407,1.4142135623730951,1.236482466066094,0.7576767609436587
E0,West Ham,Fora,Lay Empate,Jogo termina empatado,15,0.26666666666666666,0.10897276103182815,0.5195088965768675,-0.005758582502768561,0.0,2.8401877872187726,False,0.26666666666666666,0.5195088965768675,0.06666666666666667,0.2981707755242399,0.0,0.20388926630434784,0.26666666666666666,0.5195088965768675,0.26666666666666666,0.5195088965768675,1.8547236990991407,1.4142135623730951,1.236482466066094,0.7576767609436587
E0,West Ham,Fora,Lay Under 2.5,Menos de 2.5 golos no jogo,15,0.4,0.19824228082594664,0.6425355724349229,-0.07176079734219265,0.0,2.32379000772445,False,0.26666666666666666,0.5195088965768675,0.06666666666666667,0.2981707755242399,0.0,0.20388926630434784,0.26666666666666666,0.5195088965768675,0.26666666666666666,0.5195088965768675,1.8547236990991407,1.4142135623730951,1.236482466066094,0.7576767609436587
E0,West Ham,Total,Lay Clean Sheet,Equipa não sofre golos (clean sheet),30,0.13333333333333333,0.05309569424218104,0.2968168394441695,-0.12580287929125136,0.25795790138957636,5.971436631185396,True,0.2,0.37306047381027446,0.03333333333333333,0.16670751396958874,0.03333333333333333,0.16670751396958874,0.3,0.47876121011660183,0.26666666666666666,0.44448302044311694,1.74132771821453,1.4940623220676648,1.1967548714010827,0.8443713418650369
E0,Wolves,Casa,Lay Vitória,Equipa vence o jogo,16,0.1875,0.06591478773586763,0.4300935986845823,-0.22778239202657807,0.0,3.25,False,0.125,0.3602333143674828,0.0625,0.2832926836802987,0.0625,0.2832926836802987,0.375,0.6135935290206519,0.3125,0.5559606813326594,1.7633419974582356,1.4577379737113252,1.14564392373896,0.909389696102371
E0,Wolves,Casa,Lay Empate,Jogo termina empatado,16,0.1875,0.06591478773586763,0.4300935986845823,-0.08492524916943522,0.0,3.25,False,0.125,0.3602333143674828,0.0625,0.2832926836802987,0.0625,0.2832926836802987,0.375,0.6135935290206519,0.3125,0.5559606813326594,1.7633419974582356,1.4577379737113252,1.14564392373896,0.909389696102371
E0,Wolves,Casa,Lay Clean Sheet,Equipa não sofre golos (clean sheet),16,0.1875,0.06591478773586763,0.4300935986845823,-0.09156976744186046,0.0,3.25,False,0.125,0.3602333143674828,0.0625,0.2832926836802987,0.0625,0.2832926836802987,0.375,0.6135935290206519,0.3125,0.5559606813326594,1.7633419974582356,1.4577379737113252,1.14564392373896,0.909389696102371
E0,Wolves,Casa,Lay Cantos Over 10.5,Total de cantos Over 10.5,16,0.3125,0.14164435051961052,0.5559606813326594,-0.10942691029900331,0.0,2.75,False,0.125,0.3602333143674828,0.0625,0.2832926836802987,0.0625,0.2832926836802987,0.375,0.6135935290206519,0.3125,0.5559606813326594,1.7633419974582356,1.4577379737113252,1.14564392373896,0.909389696102371
E0,Wolves,Casa,Lay Over 3.5,Mais de 3.5 golos no jogo,16,0.4375,0.2309836333518552,0.6682180439322348,0.1517857142857143,0.0,2.25,False,0.125,0.3602333143674828,0.0625,0.2832926836802987,0.0625,0.2832926836802987,0.375,0.6135935290206519,0.3125,0.5559606813326594,1.7633419974582356,1.4577379737113252,1.14564392373896,0.909389696102371
E0,Wolves,Fora,Lay Vitória,Equipa vence o jogo,15,0.0,0.0,0.20388926630434784,-0.3122923588039867,0.49027683423913043,5.771817360246863,True,0.13333333333333333,0.3788249920651624,0.0,0.20388926630434784,0.06666666666666667,0.2981707755242399,0.6,0.8017577191740534,0.5333333333333333,0.7519077474025356,0.9977753031397177,1.0327955589886444,0.47140452079103173,1.3248026422136718
E0,Wolves,Fora,Lay Over 3.5,Mais de 3.5 golos no jogo,15,0.06666666666666667,0.011866588606194882,0.2981707755242399,-0.21904761904761905,0.2545730611894004,4.535011201081206,True,0.13333333333333333,0.3788249920651624,0.0,0.20388926630434784,0.06666666666666667,0.2981707755242399,0.6,0.8017577191740534,0.5333333333333333,0.7519077474025356,0.9977753031397177,1.0327955589886444,0.47140452079103173,1.3248026422136718
E0,Wolves,Fora,Lay Clean Sheet,Equipa não sofre golos (clean sheet),15,0.06666666666666667,0.011866588606194882,0.2981707755242399,-0.17253599114064233,0.2545730611894004,4.535011201081206,True,0.13333333333333333,0.3788249920651624,0.0,0.20388926630434784,0.06666666666666667,0.2981707755242399,0.6,0.8017577191740534,0.5333333333333333,0.7519077474025356,0.9977753031397177,1.0327955589886444,0.47140452079103173,1.3248026422136718
E0,Wolves,Total,Lay Vitória,Equipa vence o jogo,31,0.0967741935483871,0.03346403609464399,0.24900289998177033,-0.26701318186689527,0.3774927500455742,6.927340039525586,True,0.12903225806451613,0.28852756954385356,0.03225806451612903,0.16194457176169624,0.06451612903225806,0.20718988318746434,0.4838709677419355,0.6515988171302682,0.41935483870967744,0.5923403564797902,1.4476648820849598,1.3647868258907212,0.9101119986881216,1.1226827987756234
E0,Wolves,Total,Lay Clean Sheet,Equipa não sofre golos (clean sheet),31,0.12903225806451613,0.05134201164644764,0.28852756954385356,-0.13010395456006857,0.27868107614036614,6.200763323655024,True,0.12903225806451613,0.28852756954385356,0.03225806451612903,0.16194457176169624,0.06451612903225806,0.20718988318746434,0.4838709677419355,0.6515988171302682,0.41935483870967744,0.5923403564797902,1.4476648820849598,1.3647868258907212,0.9101119986881216,1.1226827987756234
E1,Birmingham,Casa,Lay Derrota,Equipa perde o jogo,19,0.10526315789473684,0.029357941395096582,0.31394550494841694,-0.21781376518218626,0.2151362376289577,4.739113319042131,True,0.0,0.16818436536845052,0.15789473684210525,0.37565927643176683,0.05263157894736842,0.24639215336545212,0.05263157894736842,0.24639215336545212,0.0,0.16818436536845052,1.4811839241547673,1.481183924154767,1.1361596392064686,0.6694158192234704
E1,Birmingham,Fora,Lay Over 3.5,Mais de 3.5 golos no jogo,19,0.05263157894736842,0.00935175249052995,0.24639215336545212,-0.18912666281087334,0.38401961658636974,5.715285768547481,True,0.21052631578947367,0.43334714240266087,0.0,0.16818436536845052,0.0,0.16818436536845052,0.42105263157894735,0.637244485348399,0.42105263157894735,0.637244485348399,1.6170833153407596,0.8616160812497315,1.2762479634718045,0.9706813185707358
E1,Birmingham,Fora,Lay Empate,Jogo termina empatado,19,0.15789473684210525,0.05520371039927826,0.37565927643176683,-0.09485251590514748,0.06085180892058298,3.894017540342856,True,0.21052631578947367,0.43334714240266087,0.0,0.16818436536845052,0.0,0.16818436536845052,0.42105263157894735,0.637244485348399,0.42105263157894735,0.637244485348399,1.6170833153407596,0.8616160812497315,1.2762479634718045,0.9706813185707358
E1,Birmingham,Fora,Lay Clean Sheet,Equipa não sofre golos (clean sheet),19,0.15789473684210525,0.05520371039927826,0.37565927643176683,-0.06188548293811452,0.06085180892058298,3.894017540342856,True,0.21052631578947367,0.43334714240266087,0.0,0.16818436536845052,0.0,0.16818436536845052,0.42105263157894735,0.637244485348399,0.42105263157894735,0.637244485348399,1.6170833153407596,0.8616160812497315,1.2762479634718045,0.9706813185707358
E1,Birmingham,Total,Lay Over 3.5,Mais de 3.5 golos no jogo,38,0.21052631578947367,0.11074660352095932,0.3634608837644217,-0.031231925968768087,0.0913477905889458,5.311199686117698,True,0.10526315789473684,0.2413083120019447,0.07894736842105263,0.2079967892026529,0.02631578947368421,0.13495178436800256,0.23684210526315788,0.39207119165337856,0.21052631578947367,0.3634608837644217,1.7167901505579042,1.229823310057676,1.2883991226203837,0.8650224788344454
E1,Birmingham,Total,Lay Clean Sheet,Equipa não sofre golos (clean sheet),38,0.23684210526315788,0.12993561496969508,0.39207119165337856,-0.011509543088490476,0.019822020866553658,4.797672348237136,True,0.10526315789473684,0.2413083120019447,0.07894736842105263,0.2079967892026529,0.02631578947368421,0.13495178436800256,0.23684210526315788,0.39207119165337856,0.21052631578947367,0.3634608837644217,1.7167901505579042,1.229823310057676,1.2883991226203837,0.8650224788344454
E1,Blackburn,Casa,Lay Over 3.5,Mais de 3.5 golos no jogo,19,0.10526315789473684,0.029357941395096582,0.31394550494841694,-0.13649508386350492,0.2151362376289577,4.739113319042131,True,0.0,0.16818436536845052,0.0,0.16818436536845052,0.0,0.16818436536845052,0.21052631578947367,0.43334714240266087,0.21052631578947367,0.43334714240266087,1.0863035495026467,0.9085619211385301,1.1458705819514339,0.6382847385042254
E1,Blackburn,Casa,Lay Clean Sheet,Equipa não sofre golos (clean sheet),19,0.15789473684210525,0.05520371039927826,0.37565927643176683,-0.11902834008097168,0.06085180892058298,3.894017540342856,True,0.0,0.16818436536845052,0.0,0.16818436536845052,0.0,0.16818436536845052,0.21052631578947367,0.43334714240266087,0.21052631578947367,0.43334714240266087,1.0863035495026467,0.9085619211385301,1.1458705819514339,0.6382847385042254
E1,Blackburn,Fora,Lay Empate,Jogo termina empatado,19,0.15789473684210525,0.05520371039927826,0.37565927643176683,-0.09485251590514748,0.06085180892058298,3.894017540342856,True,0.10526315789473684,0.31394550494841694,0.05263157894736842,0.24639215336545212,0.10526315789473684,0.31394550494841694,0.42105263157894735,0.637244485348399,0.3157894736842105,0.5398998982493537,1.7184029176120534,1.2388002416778758,1.3704438490833197,1.0540925533894598
E1,Blackburn,Fora,Lay Over 3.5,Mais de 3.5 golos no jogo,19,0.15789473684210525,0.05520371039927826,0.37565927643176683,-0.0838635049161365,0.06085180892058298,3.894017540342856,True,0.10526315789473684,0.31394550494841694,0.05263157894736842,0.24639215336545212,0.10526315789473684,0.31394550494841694,0.42105263157894735,0.637244485348399,0.3157894736842105,0.5398998982493537,1.7184029176120534,1.2388002416778758,1.3704438490833197,1.0540925533894598
E1,Blackburn,Total,Lay Over 3.5,Mais de 3.5 golos no jogo,38,0.13157894736842105,0.05753782875731436,0.2732717005149888,-0.11017929438982071,0.3168207487125281,7.049345596610494,True,0.05263157894736842,0.17285766881068843,0.02631578947368421,0.13495178436800256,0.05263157894736842,0.17285766881068843,0.3157894736842105,0.4745605643994851,0.2631578947368421,0.42009150206375323,1.4377671978576563,1.0866222537927672,1.2729880655208237,0.8713548411865624
E1,Blackburn,Total,Lay Empate,Jogo termina empatado,38,0.23684210526315788,0.12993561496969508,0.39207119165337856,-0.015905147484094856,0.019822020866553658,4.797672348237136,True,0.05263157894736842,0.17285766881068843,0.02631578947368421,0.13495178436800256,0.05263157894736842,0.17285766881068843,0.3157894736842105,0.4745605643994851,0.2631578947368421,0.42009150206375323,1.4377671978576563,1.0866222537927672,1.2729880655208237,0.8713548411865624
E1,Blackburn,Total,Lay Clean Sheet,Equipa não sofre golos (clean sheet),38,0.23684210526315788,0.12993561496969508,0.39207119165337856,-0.011509543088490476,0.019822020866553658,4.797672348237136,True,0.05263157894736842,0.17285766881068843,0.02631578947368421,0.13495178436800256,0.05263157894736842,0.17285766881068843,0.3157894736842105,0.4745605643994851,0.2631578947368421,0.42009150206375323,1.4377671978576563,1.0866222537927672,1.2729880655208237,0.8713548411865624
E1,Bristol City,Casa,Lay Empate,Jogo termina empatado,19,0.21052631578947367,0.08507538491591575,0.43334714240266087,-0.042220936957779065,0.0,3.4412360080584268,False,0.05263157894736842,0.24639215336545212,0.10526315789473684,0.31394550494841694,0.05263157894736842,0.24639215336545212,0.3157894736842105,0.5398998982493537,0.2631578947368421,0.48791968441070643,2.1979592650338002,1.5648493418230007,1.3397812696166163,0.9689042833036098
E1,Bristol City,Casa,Lay Clean Sheet,Equipa não sofre golos (clean sheet),19,0.3157894736842105,0.15364171004428598,0.5398998982493537,0.03886639676113357,0.0,2.982404540317303,False,0.05263157894736842,0.24639215336545212,0.10526315789473684,0.31394550494841694,0.05263157894736842,0.24639215336545212,0.3157894736842105,0.5398998982493537,0.2631578947368421,0.48791968441070643,2.1979592650338002,1.5648493418230007,1.3397812696166163,0.9689042833036098
E1,Bristol City,Casa,Lay Vitória,Equipa vence o jogo,19,0.3684210526315789,0.19149272376273838,0.5896084250184327,-0.05575477154424524,0.0,2.752988806446741,False,0.05263157894736842,0.24639215336545212,0.10526315789473684,0.31394550494841694,0.05263157894736842,0.24639215336545212,0.3157894736842105,0.5398998982493537,0.2631578947368421,0.48791968441070643,2.1979592650338002,1.5648493418230007,1.3397812696166163,0.9689042833036098
E1,Bristol City,Casa,Lay Over 3.5,Mais de 3.5 golos no jogo,19,0.3684210526315789,0.19149272376273838,0.5896084250184327,0.12666281087333717,0.0,2.752988806446741,False,0.05263157894736842,0.24639215336545212,0.10526315789473684,0.31394550494841694,0.05263157894736842,0.24639215336545212,0.3157894736842105,0.5398998982493537,0.2631578947368421,0.48791968441070643,2.1979592650338002,1.5648493418230007,1.3397812696166163,0.9689042833036098
E1,Bristol City,Casa,Lay Cantos Over 10.5,Total de cantos Over 10.5,19,0.3684210526315789,0.19149272376273838,0.5896084250184327,-0.08212839791787163,0.0,2.752988806446741,False,0.05263157894736842,0.24639215336545212,0.10526315789473684,0.31394550494841694,0.05263157894736842,0.24639215336545212,0.3157894736842105,0.5398998982493537,0.2631578947368421,0.48791968441070643,2.1979592650338002,1.5648493418230007,1.3397812696166163,0.9689042833036098
E1,Bristol City,Fora,Lay Over 3.5,Mais de 3.5 golos no jogo,19,0.15789473684210525,0.05520371039927826,0.37565927643176683,-0.0838635049161365,0.06085180892058298,3.894017540342856,True,0.05263157894736842,0.24639215336545212,0.10526315789473684,0.31394550494841694,0.10526315789473684,0.31394550494841694,0.3684210526315789,0.5896084250184327,0.2631578947368421,0.48791968441070643,1.6825649855942928,1.5911806797716814,1.30628143642009,1.0540925533894598
E1,Bristol City,Total,Lay Empate,Jogo termina empatado,38,0.23684210526315788,0.12993561496969508,0.39207119165337856,-0.015905147484094856,0.019822020866553658,4.797672348237136,True,0.05263157894736842,0.17285766881068843,0.10526315789473684,0.2413083120019447,0.07894736842105263,0.2079967892026529,0.34210526315789475,0.5010818837092545,0.2631578947368421,0.42009150206375323,1.9601288894248496,1.5998614898495436,1.3233990484926481,1.0206122244938767
E1,Charlton,Casa,Lay Over 3.5,Mais de 3.5 golos no jogo,18,0.1111111111111111,0.031018868453582777,0.3280024486660421,-0.13064713064713065,0.17999387833489477,4.4500355900224955,True,0.05555555555555555,0.2575779980200754,0.05555555555555555,0.2575779980200754,0.05555555555555555,0.2575779980200754,0.16666666666666666,0.3922249963835924,0.1111111111111111,0.3280024486660421,1.4907119849998598,1.4142135623730951,1.3425606637327303,0.6666666666666666
E1,Charlton,Fora,Lay Vitória,Equipa vence o jogo,20,0.2,0.08065635327119998,0.4160217220257599,-0.12307692307692308,0.0,3.577708763999664,False,0.1,0.30103820641179335,0.05,0.23613589351256678,0.05,0.23613589351256678,0.3,0.5189767762289793,0.25,0.4687050099580635,1.5960889699512368,1.1346805717910218,1.0954451150103321,0.8534606386520676
E1,Charlton,Fora,Lay Over 3.5,Mais de 3.5 golos no jogo,20,0.2,0.08065635327119998,0.4160217220257599,-0.04175824175824175,0.0,3.577708763999664,False,0.1,0.30103820641179335,0.05,0.23613589351256678,0.05,0.23613589351256678,0.3,0.5189767762289793,0.25,0.4687050099580635,1.5960889699512368,1.1346805717910218,1.0954451150103321,0.8534606386520676
E1,Charlton,Fora,Lay Clean Sheet,Equipa não sofre golos (clean sheet),20,0.25,0.11186005278940306,0.4687050099580635,0.030219780219780223,0.0,3.3541019662496847,False,0.1,0.30103820641179335,0.05,0.23613589351256678,0.05,0.23613589351256678,0.3,0.5189767762289793,0.25,0.4687050099580635,1.5960889699512368,1.1346805717910218,1.0954451150103321,0.8534606386520676
E1,Charlton,Fora,Lay Cantos Over 10.5,Total de cantos Over 10.5,20,0.3,0.14547527396899385,0.5189767762289793,-0.15054945054945057,0.0,3.1304951684997055,False,0.1,0.30103820641179335,0.05,0.23613589351256678,0.05,0.23613589351256678,0.3,0.5189767762289793,0.25,0.4687050099580635,1.5960889699512368,1.1346805717910218,1.0954451150103321,0.8534606386520676
E1,Charlton,Fora,Lay Over 2.5,Mais de 2.5 golos no jogo,20,0.35,0.1811895478679446,0.5671494897805353,-0.1532967032967033,0.0,2.906888370749727,False,0.1,0.30103820641179335,0.05,0.23613589351256678,0.05,0.23613589351256678,0.3,0.5189767762289793,0.25,0.4687050099580635,1.5960889699512368,1.1346805717910218,1.0954451150103321,0.8534606386520676
E1,Charlton,Total,Lay Over 3.5,Mais de 3.5 golos no jogo,38,0.15789473684210525,0.07443762223722684,0.30417122637276883,-0.0838635049161365,0.23957193406807797,6.434723863626607,True,0.07894736842105263,0.2079967892026529,0.05263157894736842,0.17285766881068843,0.05263157894736842,0.17285766881068843,0.23684210526315788,0.39207119165337856,0.18421052631578946,0.33419168341511346,1.5632996568714892,1.2808519498566273,1.249930746003991,0.7637626158259734
E1,Coventry,Casa,Lay Derrota,Equipa perde o jogo,19,0.10526315789473684,0.029357941395096582,0.31394550494841694,-0.21781376518218626,0.2151362376289577,4.739113319042131,True,0.0,0.16818436536845052,0.15789473684210525,0.37565927643176683,0.10526315789473684,0.31394550494841694,0.15789473684210525,0.37565927643176683,0.05263157894736842,0.24639215336545212,1.6560139707949764,1.8033517577907172,1.086303549502647,0.7533259586659683
E1,Coventry,Casa,Lay Empate,Jogo termina empatado,19,0.15789473684210525,0.05520371039927826,0.37565927643176683,-0.09485251590514748,0.06085180892058298,3.894017540342856,True,0.0,0.16818436536845052,0.15789473684210525,0.37565927643176683,0.10526315789473684,0.31394550494841694,0.15789473684210525,0.37565927643176683,0.05263157894736842,0.24639215336545212,1.6560139707949764,1.8033517577907172,1.086303549502647,0.7533259586659683
E1,Coventry,Fora,Lay Derrota,Equipa perde o jogo,19,0.2631578947368421,0.11806238339540162,0.48791968441070643,-0.16101792943898208,0.0,3.211820274187865,False,0.05263157894736842,0.24639215336545212,0.10526315789473684,0.31394550494841694,0.05263157894736842,0.24639215336545212,0.10526315789473684,0.31394550494841694,0.05263157894736842,0.24639215336545212,1.8368345649068578,1.8368345649068578,1.2999041089714178,0.7254762501100116
E1,Coventry,Fora,Lay Empate,Jogo termina empatado,19,0.2631578947368421,0.11806238339540162,0.48791968441070643,0.010410641989589353,0.0,3.211820274187865,False,0.05263157894736842,0.24639215336545212,0.10526315789473684,0.31394550494841694,0.05263157894736842,0.24639215336545212,0.10526315789473684,0.31394550494841694,0.05263157894736842,0.24639215336545212,1.8368345649068578,1.8368345649068578,1.2999041089714178,0.7254762501100116
E1,Coventry,Fora,Lay Clean Sheet,Equipa não sofre golos (clean sheet),19,0.3157894736842105,0.15364171004428598,0.5398998982493537,0.09600925390399073,0.0,2.982404540317303,False,0.05263157894736842,0.24639215336545212,0.10526315789473684,0.31394550494841694,0.05263157894736842,0.24639215336545212,0.10526315789473684,0.31394550494841694,0.05263157894736842,0.24639215336545212,1.8368345649068578,1.8368345649068578,1.2999041089714178,0.7254762501100116
E1,Coventry,Fora,Lay Over 3.5,Mais de 3.5 golos no jogo,19,0.3684210526315789,0.19149272376273838,0.5896084250184327,0.12666281087333717,0.0,2.752988806446741,False,0.05263157894736842,0.24639215336545212,0.10526315789473684,0.31394550494841694,0.05263157894736842,0.24639215336545212,0.10526315789473684,0.31394550494841694,0.05263157894736842,0.24639215336545212,1.8368345649068578,1.8368345649068578,1.2999041089714178,0.7254762501100116
E1,Coventry,Fora,Lay Under 2.5,Menos de 2.5 golos no jogo,19,0.3684210526315789,0.19149272376273838,0.5896084250184327,-0.1282822440717178,0.0,2.752988806446741,False,0.05263157894736842,0.24639215336545212,0.10526315789473684,0.31394550494841694,0.05263157894736842,0.24639215336545212,0.10526315789473684,0.31394550494841694,0.05263157894736842,0.24639215336545212,1.8368345649068578,1.8368345649068578,1.2999041089714178,0.7254762501100116
E1,Coventry,Total,Lay Derrota,Equipa perde o jogo,38,0.18421052631578946,0.0922164845325749,0.33419168341511346,-0.18941584731058417,0.1645207914622164,5.856216749546954,True,0.02631578947368421,0.13495178436800256,0.13157894736842105,0.2732717005149888,0.07894736842105263,0.2079967892026529,0.13157894736842105,0.2732717005149888,0.05263157894736842,0.17285766881068843,1.7770466332772772,1.8323047563714958,1.2457684608994342,0.7409324757333274
E1,Coventry,Total,Lay Empate,Jogo termina empatado,38,0.21052631578947367,0.11074660352095932,0.3634608837644217,-0.042220936957779065,0.0913477905889458,5.311199686117698,True,0.02631578947368421,0.13495178436800256,0.13157894736842105,0.2732717005149888,0.07894736842105263,0.2079967892026529,0.13157894736842105,0.2732717005149888,0.05263157894736842,0.17285766881068843,1.7770466332772772,1.8323047563714958,1.2457684608994342,0.7409324757333274
E1,Derby,Casa,Lay Over 3.5,Mais de 3.5 golos no jogo,19,0.21052631578947367,0.08507538491591575,0.43334714240266087,-0.031231925968768087,0.0,3.4412360080584268,False,0.0,0.16818436536845052,0.0,0.16818436536845052,0.0,0.16818436536845052,0.05263157894736842,0.24639215336545212,0.05263157894736842,0.24639215336545212,1.1458705819514339,1.6560139707949761,1.2697197980857704,0.541201818441165
E1,Derby,Casa,Lay Clean Sheet,Equipa não sofre golos (clean sheet),19,0.21052631578947367,0.08507538491591575,0.43334714240266087,-0.06639676113360327,0.0,3.4412360080584268,False,0.0,0.16818436536845052,0.0,0.16818436536845052,0.0,0.16818436536845052,0.05263157894736842,0.24639215336545212,0.05263157894736842,0.24639215336545212,1.1458705819514339,1.6560139707949761,1.2697197980857704,0.541201818441165
E1,Derby,Casa,Lay Derrota,Equipa perde o jogo,19,0.3157894736842105,0.15364171004428598,0.5398998982493537,-0.007287449392712586,0.0,2.982404540317303,False,0.0,0.16818436536845052,0.0,0.16818436536845052,0.0,0.16818436536845052,0.05263157894736842,0.24639215336545212,0.05263157894736842,0.24639215336545212,1.1458705819514339,1.6560139707949761,1.2697197980857704,0.541201818441165
E1,Derby,Casa,Lay Empate,Jogo termina empatado,19,0.3157894736842105,0.15364171004428598,0.5398998982493537,0.06304222093695777,0.0,2.982404540317303,False,0.0,0.16818436536845052,0.0,0.16818436536845052,0.0,0.16818436536845052,0.05263157894736842,0.24639215336545212,0.05263157894736842,0.24639215336545212,1.1458705819514339,1.6560139707949761,1.2697197980857704,0.541201818441165
E1,Derby,Casa,Lay Vitória,Equipa vence o jogo,19,0.3684210526315789,0.19149272376273838,0.5896084250184327,-0.05575477154424524,0.0,2.752988806446741,False,0.0,0.16818436536845052,0.0,0.16818436536845052,0.0,0.16818436536845052,0.05263157894736842,0.24639215336545212,0.05263157894736842,0.24639215336545212,1.1458705819514339,1.6560139707949761,1.2697197980857704,0.541201818441165
E1,Derby,Fora,Lay Empate,Jogo termina empatado,19,0.15789473684210525,0.05520371039927826,0.37565927643176683,-0.09485251590514748,0.06085180892058298,3.894017540342856,True,0.0,0.16818436536845052,0.10526315789473684,0.31394550494841694,0.0,0.16818436536845052,0.15789473684210525,0.37565927643176683,0.15789473684210525,0.37565927643176683,1.7487629185090685,1.4083250695010159,1.3885164166603075,0.7772019082472169
E1,Derby,Total,Lay Empate,Jogo termina empatado,38,0.23684210526315788,0.12993561496969508,0.39207119165337856,-0.015905147484094856,0.019822020866553658,4.797672348237136,True,0.0,0.09181293258383999,0.05263157894736842,0.17285766881068843,0.0,0.09181293258383999,0.10526315789473684,0.2413083120019447,0.10526315789473684,0.2413083120019447,1.4842198581266919,1.537391754629319,1.332784974957958,0.6853846118171186
E1,Derby,Total,Lay Over 3.5,Mais de 3.5 golos no jogo,38,0.23684210526315788,0.12993561496969508,0.39207119165337856,-0.004916136495083878,0.019822020866553658,4.797672348237136,True,0.0,0.09181293258383999,0.05263157894736842,0.17285766881068843,0.0,0.09181293258383999,0.10526315789473684,0.2413083120019447,0.10526315789473684,0.2413083120019447,1.4842198581266919,1.537391754629319,1.332784974957958,0.6853846118171186
E1,Derby,Total,Lay Clean Sheet,Equipa não sofre golos (clean sheet),38,0.23684210526315788,0.12993561496969508,0.39207119165337856,-0.011509543088490476,0.019822020866553658,4.797672348237136,True,0.0,0.09181293258383999,0.05263157894736842,0.17285766881068843,0.0,0.09181293258383999,0.10526315789473684,0.2413083120019447,0.10526315789473684,0.2413083120019447,1.4842198581266919,1.537391754629319,1.332784974957958,0.6853846118171186
E1,Hull,Casa,Lay Empate,Jogo termina empatado,19,0.15789473684210525,0.05520371039927826,0.37565927643176683,-0.09485251590514748,0.06085180892058298,3.894017540342856,True,0.10526315789473684,0.31394550494841694,0.0,0.16818436536845052,0.05263157894736842,0.24639215336545212,0.21052631578947367,0.43334714240266087,0.15789473684210525,0.37565927643176683,1.6187954209715472,1.6626914735717173,1.3885164166603075,0.7475683927130621
E1,Hull,Fora,Lay Empate,Jogo termina empatado,19,0.15789473684210525,0.05520371039927826,0.37565927643176683,-0.09485251590514748,0.06085180892058298,3.894017540342856,True,0.05263157894736842,0.24639215336545212,0.05263157894736842,0.24639215336545212,0.05263157894736842,0.24639215336545212,0.15789473684210525,0.37565927643176683,0.10526315789473684,0.31394550494841694,1.445213707131156,1.5524085477634344,1.3704438490833197,0.5925462944877059
E1,Hull,Total,Lay Empate,Jogo termina empatado,38,0.15789473684210525,0.07443762223722684,0.30417122637276883,-0.09485251590514748,0.23957193406807797,6.434723863626607,True,0.07894736842105263,0.2079967892026529,0.02631578947368421,0.13495178436800256,0.05263157894736842,0.17285766881068843,0.18421052631578946,0.33419168341511346,0.13157894736842105,0.2732717005149888,1.5454786168448444,1.6138682217328384,1.3817669045079028,0.672221424239049
E1,Ipswich,Casa,Lay Derrota,Equipa perde o jogo,19,0.05263157894736842,0.00935175249052995,0.24639215336545212,-0.2704453441295547,0.38401961658636974,5.715285768547481,True,0.05263157894736842,0.24639215336545212,0.21052631578947367,0.43334714240266087,0.05263157894736842,0.24639215336545212,0.10526315789473684,0.31394550494841694,0.05263157894736842,0.24639215336545212,1.6626914735717173,1.229823310057676,1.0552598766191275,0.6651683843898752
E1,Ipswich,Fora,Lay Cantos Over 10.5,Total de cantos Over 10.5,18,0.2222222222222222,0.09000781913382,0.4521502645230549,-0.22832722832722835,0.0,3.2998316455372216,False,0.0,0.1758845505823749,0.1111111111111111,0.3280024486660421,0.05555555555555555,0.2575779980200754,0.1111111111111111,0.3280024486660421,0.05555555555555555,0.2575779980200754,1.632993161855452,1.8823415940108241,1.3005222123021807,0.6650170363899452
E1,Ipswich,Fora,Lay Empate,Jogo termina empatado,18,0.2777777777777778,0.12499569146355476,0.5087307754619452,0.025030525030525053,0.0,3.0641293851417055,False,0.0,0.1758845505823749,0.1111111111111111,0.3280024486660421,0.05555555555555555,0.2575779980200754,0.1111111111111111,0.3280024486660421,0.05555555555555555,0.2575779980200754,1.632993161855452,1.8823415940108241,1.3005222123021807,0.6650170363899452
E1,Ipswich,Fora,Lay Clean Sheet,Equipa não sofre golos (clean sheet),18,0.2777777777777778,0.12499569146355476,0.5087307754619452,0.057997557997558014,0.0,3.0641293851417055,False,0.0,0.1758845505823749,0.1111111111111111,0.3280024486660421,0.05555555555555555,0.2575779980200754,0.1111111111111111,0.3280024486660421,0.05555555555555555,0.2575779980200754,1.632993161855452,1.8823415940108241,1.3005222123021807,0.6650170363899452
E1,Ipswich,Fora,Lay Derrota,Equipa perde o jogo,18,0.3333333333333333,0.16278554363662856,0.5625093065574964,-0.09084249084249085,0.0,2.8284271247461903,False,0.0,0.1758845505823749,0.1111111111111111,0.3280024486660421,0.05555555555555555,0.2575779980200754,0.1111111111111111,0.3280024486660421,0.05555555555555555,0.2575779980200754,1.632993161855452,1.8823415940108241,1.3005222123021807,0.6650170363899452
E1,Ipswich,Fora,Lay Over 3.5,Mais de 3.5 golos no jogo,18,0.3333333333333333,0.16278554363662856,0.5625093065574964,0.09157509157509156,0.0,2.8284271247461903,False,0.0,0.1758845505823749,0.1111111111111111,0.3280024486660421,0.05555555555555555,0.2575779980200754,0.1111111111111111,0.3280024486660421,0.05555555555555555,0.2575779980200754,1.632993161855452,1.8823415940108241,1.3005222123021807,0.6650170363899452
E1,Ipswich,Total,Lay Derrota,Equipa perde o jogo,37,0.1891891891891892,0.09479858757337126,0.342050115709556,-0.18443718443718443,0.14487471072611002,5.646487291046591,True,0.02702702702702703,0.13824378437563367,0.16216216216216217,0.31136799295455864,0.05405405405405406,0.17704965063539913,0.10810810810810811,0.24708846415167166,0.05405405405405406,0.17704965063539913,1.6990522860001847,1.6080513276371369,1.2414793597682001,0.6663222250695763
E1,Leicester,Casa,Lay Clean Sheet,Equipa não sofre golos (clean sheet),19,0.15789473684210525,0.05520371039927826,0.37565927643176683,-0.11902834008097168,0.06085180892058298,3.894017540342856,True,0.0,0.16818436536845052,0.0,0.16818436536845052,0.05263157894736842,0.24639215336545212,0.21052631578947367,0.43334714240266087,0.15789473684210525,0.37565927643176683,1.372463664253189,1.4239736061545982,1.3397812696166163,0.6793662204867574
E1,Leicester,Fora,Lay Clean Sheet,Equipa não sofre golos (clean sheet),19,0.05263157894736842,0.00935175249052995,0.24639215336545212,-0.16714864083285136,0.38401961658636974,5.715285768547481,True,0.10526315789473684,0.31394550494841694,0.0,0.16818436536845052,0.0,0.16818436536845052,0.10526315789473684,0.31394550494841694,0.10526315789473684,0.31394550494841694,1.3459696686888865,1.0760551736979407,1.1239029738980326,0.606630035524124
E1,Leicester,Total,Lay Clean Sheet,Equipa não sofre golos (clean sheet),38,0.10526315789473684,0.04170189793266581,0.2413083120019447,-0.14308849045691152,0.3967292199951383,7.703699566084075,True,0.05263157894736842,0.17285766881068843,0.0,0.09181293258383999,0.02631578947368421,0.13495178436800256,0.15789473684210525,0.30417122637276883,0.13157894736842105,0.2732717005149888,1.3656348152978026,1.2645277659719962,1.2466020297186329,0.6458693761568864
E1,Middlesbrough,Casa,Lay Derrota,Equipa perde o jogo,19,0.15789473684210525,0.05520371039927826,0.37565927643176683,-0.16518218623481784,0.06085180892058298,3.894017540342856,True,0.0,0.16818436536845052,0.10526315789473684,0.31394550494841694,0.15789473684210525,0.37565927643176683,0.2631578947368421,0.48791968441070643,0.10526315789473684,0.31394550494841694,1.4528603938781326,1.598129100072524,1.2093816097974799,0.8638447251622667
E1,Middlesbrough,Fora,Lay Clean Sheet,Equipa não sofre golos (clean sheet),19,0.15789473684210525,0.05520371039927826,0.37565927643176683,-0.06188548293811452,0.06085180892058298,3.894017540342856,True,0.05263157894736842,0.24639215336545212,0.15789473684210525,0.37565927643176683,0.0,0.16818436536845052,0.21052631578947367,0.43334714240266087,0.21052631578947367,0.43334714240266087,1.7582413777357964,1.2093816097974797,1.3210421471590665,0.7473912964438375
E1,Middlesbrough,Total,Lay Derrota,Equipa perde o jogo,38,0.21052631578947367,0.11074660352095932,0.3634608837644217,-0.16310005783689996,0.0913477905889458,5.311199686117698,True,0.02631578947368421,0.13495178436800256,0.13157894736842105,0.2732717005149888,0.07894736842105263,0.2079967892026529,0.23684210526315788,0.39207119165337856,0.15789473684210525,0.30417122637276883,1.6162265823983248,1.4642555519203746,1.2675362714518204,0.8052185437437087
E1,Millwall,Casa,Lay Empate,Jogo termina empatado,20,0.15,0.05236779195949582,0.36042329588695743,-0.10274725274725274,0.09894176028260648,4.177424414818818,True,0.1,0.30103820641179335,0.15,0.36042329588695743,0.05,0.23613589351256678,0.2,0.4160217220257599,0.15,0.36042329588695743,2.021756661915573,1.2835497652993435,1.3638181696985856,0.7953949089757173
E1,Millwall,Fora,Lay Derrota,Equipa perde o jogo,18,0.2222222222222222,0.09000781913382,0.4521502645230549,-0.20195360195360196,0.0,3.2998316455372216,False,0.05555555555555555,0.2575779980200754,0.0,0.1758845505823749,0.05555555555555555,0.2575779980200754,0.16666666666666666,0.3922249963835924,0.1111111111111111,0.3280024486660421,1.5830896498638898,1.11665284679121,1.2717247935843996,0.6123724356957946
E1,Millwall,Fora,Lay Over 3.5,Mais de 3.5 golos no jogo,18,0.2222222222222222,0.09000781913382,0.4521502645230549,-0.01953601953601955,0.0,3.2998316455372216,False,0.05555555555555555,0.2575779980200754,0.0,0.1758845505823749,0.05555555555555555,0.2575779980200754,0.16666666666666666,0.3922249963835924,0.1111111111111111,0.3280024486660421,1.5830896498638898,1.11665284679121,1.2717247935843996,0.6123724356957946
E1,Millwall,Fora,Lay Empate,Jogo termina empatado,18,0.2777777777777778,0.12499569146355476,0.5087307754619452,0.025030525030525053,0.0,3.0641293851417055,False,0.05555555555555555,0.2575779980200754,0.0,0.1758845505823749,0.05555555555555555,0.2575779980200754,0.16666666666666666,0.3922249963835924,0.1111111111111111,0.3280024486660421,1.5830896498638898,1.11665284679121,1.2717247935843996,0.6123724356957946
E1,Millwall,Fora,Lay Clean Sheet,Equipa não sofre golos (clean sheet),18,0.3333333333333333,0.16278554363662856,0.5625093065574964,0.11355311355311354,0.0,2.8284271247461903,False,0.05555555555555555,0.2575779980200754,0.0,0.1758845505823749,0.05555555555555555,0.2575779980200754,0.16666666666666666,0.3922249963835924,0.1111111111111111,0.3280024486660421,1.5830896498638898,1.11665284679121,1.2717247935843996,0.6123724356957946
E1,Millwall,Fora,Lay Cantos Over 10.5,Total de cantos Over 10.5,18,0.3888888888888889,0.2030499192693116,0.6138133141934383,-0.061660561660561664,0.0,2.592724864350674,False,0.05555555555555555,0.2575779980200754,0.0,0.1758845505823749,0.05555555555555555,0.2575779980200754,0.16666666666666666,0.3922249963835924,0.1111111111111111,0.3280024486660421,1.5830896498638898,1.11665284679121,1.2717247935843996,0.6123724356957946
E1,Millwall,Total,Lay Empate,Jogo termina empatado,38,0.21052631578947367,0.11074660352095932,0.3634608837644217,-0.042220936957779065,0.0913477905889458,5.311199686117698,True,0.07894736842105263,0.2079967892026529,0.07894736842105263,0.2079967892026529,0.05263157894736842,0.17285766881068843,0.18421052631578946,0.33419168341511346,0.13157894736842105,0.2732717005149888,1.827195298614732,1.2085223687584246,1.3210421471590665,0.7195494974565272
E1,Millwall,Total,Lay Over 3.5,Mais de 3.5 golos no jogo,38,0.23684210526315788,0.12993561496969508,0.39207119165337856,-0.004916136495083878,0.019822020866553658,4.797672348237136,True,0.07894736842105263,0.2079967892026529,0.07894736842105263,0.2079967892026529,0.05263157894736842,0.17285766881068843,0.18421052631578946,0.33419168341511346,0.13157894736842105,0.2732717005149888,1.827195298614732,1.2085223687584246,1.3210421471590665,0.7195494974565272
E1,Norwich,Casa,Lay Empate,Jogo termina empatado,19,0.05263157894736842,0.00935175249052995,0.24639215336545212,-0.20011567379988432,0.38401961658636974,5.715285768547481,True,0.0,0.16818436536845052,0.0,0.16818436536845052,0.0,0.16818436536845052,0.2631578947368421,0.48791968441070643,0.2631578947368421,0.48791968441070643,1.3764944032233706,1.0420520985907016,1.4528603938781328,0.7378505542816148
E1,Norwich,Casa,Lay Over 3.5,Mais de 3.5 golos no jogo,19,0.10526315789473684,0.029357941395096582,0.31394550494841694,-0.13649508386350492,0.2151362376289577,4.739113319042131,True,0.0,0.16818436536845052,0.0,0.16818436536845052,0.0,0.16818436536845052,0.2631578947368421,0.48791968441070643,0.2631578947368421,0.48791968441070643,1.3764944032233706,1.0420520985907016,1.4528603938781328,0.7378505542816148
E1,Norwich,Fora,Lay Over 3.5,Mais de 3.5 golos no jogo,19,0.21052631578947367,0.08507538491591575,0.43334714240266087,-0.031231925968768087,0.0,3.4412360080584268,False,0.05263157894736842,0.24639215336545212,0.10526315789473684,0.31394550494841694,0.0,0.16818436536845052,0.15789473684210525,0.37565927643176683,0.15789473684210525,0.37565927643176683,1.8018150282761778,1.2587642887475157,1.30628143642009,0.7742672638813858
E1,Norwich,Fora,Lay Clean Sheet,Equipa não sofre golos (clean sheet),19,0.21052631578947367,0.08507538491591575,0.43334714240266087,-0.009253903990746104,0.0,3.4412360080584268,False,0.05263157894736842,0.24639215336545212,0.10526315789473684,0.31394550494841694,0.0,0.16818436536845052,0.15789473684210525,0.37565927643176683,0.15789473684210525,0.37565927643176683,1.8018150282761778,1.2587642887475157,1.30628143642009,0.7742672638813858
E1,Norwich,Fora,Lay Empate,Jogo termina empatado,19,0.2631578947368421,0.11806238339540162,0.48791968441070643,0.010410641989589353,0.0,3.211820274187865,False,0.05263157894736842,0.24639215336545212,0.10526315789473684,0.31394550494841694,0.0,0.16818436536845052,0.15789473684210525,0.37565927643176683,0.15789473684210525,0.37565927643176683,1.8018150282761778,1.2587642887475157,1.30628143642009,0.7742672638813858
E1,Norwich,Fora,Lay Vitória,Equipa vence o jogo,19,0.3684210526315789,0.19149272376273838,0.5896084250184327,0.04534412955465583,0.0,2.752988806446741,False,0.05263157894736842,0.24639215336545212,0.10526315789473684,0.31394550494841694,0.0,0.16818436536845052,0.15789473684210525,0.37565927643176683,0.15789473684210525,0.37565927643176683,1.8018150282761778,1.2587642887475157,1.30628143642009,0.7742672638813858
E1,Norwich,Fora,Lay Derrota,Equipa perde o jogo,19,0.3684210526315789,0.19149272376273838,0.5896084250184327,-0.05575477154424524,0.0,2.752988806446741,False,0.05263157894736842,0.24639215336545212,0.10526315789473684,0.31394550494841694,0.0,0.16818436536845052,0.15789473684210525,0.37565927643176683,0.15789473684210525,0.37565927643176683,1.8018150282761778,1.2587642887475157,1.30628143642009,0.7742672638813858
E1,Norwich,Total,Lay Empate,Jogo termina empatado,38,0.15789473684210525,0.07443762223722684,0.30417122637276883,-0.09485251590514748,0.23957193406807797,6.434723863626607,True,0.02631578947368421,0.13495178436800256,0.05263157894736842,0.17285766881068843,0.0,0.09181293258383999,0.21052631578947367,0.3634608837644217,0.21052631578947367,0.3634608837644217,1.6087107069029394,1.1629673575781239,1.3817669045079028,0.7697171147604128
E1,Norwich,Total,Lay Over 3.5,Mais de 3.5 golos no jogo,38,0.15789473684210525,0.07443762223722684,0.30417122637276883,-0.0838635049161365,0.23957193406807797,6.434723863626607,True,0.02631578947368421,0.13495178436800256,0.05263157894736842,0.17285766881068843,0.0,0.09181293258383999,0.21052631578947367,0.3634608837644217,0.21052631578947367,0.3634608837644217,1.6087107069029394,1.1629673575781239,1.3817669045079028,0.7697171147604128
E1,Norwich,Total,Lay Clean Sheet,Equipa não sofre golos (clean sheet),38,0.21052631578947367,0.11074660352095932,0.3634608837644217,-0.037825332562174685,0.0913477905889458,5.311199686117698,True,0.02631578947368421,0.13495178436800256,0.05263157894736842,0.17285766881068843,0.0,0.09181293258383999,0.21052631578947367,0.3634608837644217,0.21052631578947367,0.3634608837644217,1.6087107069029394,1.1629673575781239,1.3817669045079028,0.7697171147604128
E1,Oxford,Casa,Lay Over 3.5,Mais de 3.5 golos no jogo,19,0.15789473684210525,0.05520371039927826,0.37565927643176683,-0.0838635049161365,0.06085180892058298,3.894017540342856,True,0.10526315789473684,0.31394550494841694,0.0,0.16818436536845052,0.10526315789473684,0.31394550494841694,0.42105263157894735,0.637244485348399,0.3157894736842105,0.5398998982493537,1.2230473724865527,1.2675362714518206,1.1815760168759815,0.9521420033081556
E1,Oxford,Fora,Lay Clean Sheet,Equipa não sofre golos (clean sheet),19,0.15789473684210525,0.05520371039927826,0.37565927643176683,-0.06188548293811452,0.06085180892058298,3.894017540342856,True,0.0,0.16818436536845052,0.0,0.16818436536845052,0.15789473684210525,0.37565927643176683,0.3684210526315789,0.5896084250184327,0.21052631578947367,0.43334714240266087,1.1263649767911945,1.4528603938781326,1.165049664272561,0.9733285267845752
E1,Oxford,Total,Lay Over 3.5,Mais de 3.5 golos no jogo,38,0.18421052631578946,0.0922164845325749,0.33419168341511346,-0.057547715442452296,0.1645207914622164,5.856216749546954,True,0.05263157894736842,0.17285766881068843,0.0,0.09181293258383999,0.13157894736842105,0.2732717005149888,0.39473684210526316,0.5528241300130402,0.2631578947368421,0.42009150206375323,1.17599489323707,1.3656348152978024,1.1806965407460295,0.9670497325294006
E1,Oxford,Total,Lay Clean Sheet,Equipa não sofre golos (clean sheet),38,0.18421052631578946,0.0922164845325749,0.33419168341511346,-0.0641411220358589,0.1645207914622164,5.856216749546954,True,0.05263157894736842,0.17285766881068843,0.0,0.09181293258383999,0.13157894736842105,0.2732717005149888,0.39473684210526316,0.5528241300130402,0.2631578947368421,0.42009150206375323,1.17599489323707,1.3656348152978024,1.1806965407460295,0.9670497325294006
E1,Oxford,Total,Lay Vitória,Equipa vence o jogo,38,0.23684210526315788,0.12993561496969508,0.39207119165337856,-0.13678426836321575,0.019822020866553658,4.797672348237136,True,0.05263157894736842,0.17285766881068843,0.0,0.09181293258383999,0.13157894736842105,0.2732717005149888,0.39473684210526316,0.5528241300130402,0.2631578947368421,0.42009150206375323,1.17599489323707,1.3656348152978024,1.1806965407460295,0.9670497325294006
E1,Portsmouth,Casa,Lay Over 3.5,Mais de 3.5 golos no jogo,19,0.10526315789473684,0.029357941395096582,0.31394550494841694,-0.13649508386350492,0.2151362376289577,4.739113319042131,True,0.0,0.16818436536845052,0.05263157894736842,0.24639215336545212,0.05263157894736842,0.24639215336545212,0.3684210526315789,0.5896084250184327,0.3157894736842105,0.5398998982493537,1.2343199367956394,1.1458705819514337,1.3084003047006372,0.9733285267845752
E1,Portsmouth,Fora,Lay Clean Sheet,Equipa não sofre golos (clean sheet),18,0.16666666666666666,0.058364704004657555,0.3922249963835924,-0.05311355311355312,0.019437509041019124,3.604255878194134,True,0.16666666666666666,0.3922249963835924,0.0,0.1758845505823749,0.05555555555555555,0.2575779980200754,0.3333333333333333,0.5625093065574964,0.2777777777777778,0.5087307754619452,1.7993483045224052,1.4240006242195884,1.1547005383792515,0.9647776156974543
E1,Portsmouth,Total,Lay Over 3.5,Mais de 3.5 golos no jogo,37,0.1891891891891892,0.09479858757337126,0.342050115709556,-0.05256905256905256,0.14487471072611002,5.646487291046591,True,0.08108108108108109,0.21300992498501528,0.02702702702702703,0.13824378437563367,0.05405405405405406,0.17704965063539913,0.35135135135135137,0.5124127048243045,0.2972972972972973,0.45783439172043583,1.5605621657569784,1.30795174406085,1.2385339716096866,0.9702360664762768
E1,Portsmouth,Total,Lay Clean Sheet,Equipa não sofre golos (clean sheet),37,0.1891891891891892,0.09479858757337126,0.342050115709556,-0.05916245916245916,0.14487471072611002,5.646487291046591,True,0.08108108108108109,0.21300992498501528,0.02702702702702703,0.13824378437563367,0.05405405405405406,0.17704965063539913,0.35135135135135137,0.5124127048243045,0.2972972972972973,0.45783439172043583,1.5605621657569784,1.30795174406085,1.2385339716096866,0.9702360664762768
E1,Preston,Casa,Lay Over 3.5,Mais de 3.5 golos no jogo,19,0.21052631578947367,0.08507538491591575,0.43334714240266087,-0.031231925968768087,0.0,3.4412360080584268,False,0.05263157894736842,0.24639215336545212,0.05263157894736842,0.24639215336545212,0.05263157894736842,0.24639215336545212,0.2631578947368421,0.48791968441070643,0.21052631578947367,0.43334714240266087,1.4142135623730951,1.2697197980857704,1.2697197980857704,0.7850204384899039
E1,Preston,Casa,Lay Clean Sheet,Equipa não sofre golos (clean sheet),19,0.2631578947368421,0.11806238339540162,0.48791968441070643,-0.013765182186234848,0.0,3.211820274187865,False,0.05263157894736842,0.24639215336545212,0.05263157894736842,0.24639215336545212,0.05263157894736842,0.24639215336545212,0.2631578947368421,0.48791968441070643,0.21052631578947367,0.43334714240266087,1.4142135623730951,1.2697197980857704,1.2697197980857704,0.7850204384899039
E1,Preston,Casa,Lay Derrota,Equipa perde o jogo,19,0.3157894736842105,0.15364171004428598,0.5398998982493537,-0.007287449392712586,0.0,2.982404540317303,False,0.05263157894736842,0.24639215336545212,0.05263157894736842,0.24639215336545212,0.05263157894736842,0.24639215336545212,0.2631578947368421,0.48791968441070643,0.21052631578947367,0.43334714240266087,1.4142135623730951,1.2697197980857704,1.2697197980857704,0.7850204384899039
E1,Preston,Casa,Lay Empate,Jogo termina empatado,19,0.3157894736842105,0.15364171004428598,0.5398998982493537,0.06304222093695777,0.0,2.982404540317303,False,0.05263157894736842,0.24639215336545212,0.05263157894736842,0.24639215336545212,0.05263157894736842,0.24639215336545212,0.2631578947368421,0.48791968441070643,0.21052631578947367,0.43334714240266087,1.4142135623730951,1.2697197980857704,1.2697197980857704,0.7850204384899039
E1,Preston,Casa,Lay Vitória,Equipa vence o jogo,19,0.3684210526315789,0.19149272376273838,0.5896084250184327,-0.05575477154424524,0.0,2.752988806446741,False,0.05263157894736842,0.24639215336545212,0.05263157894736842,0.24639215336545212,0.05263157894736842,0.24639215336545212,0.2631578947368421,0.48791968441070643,0.21052631578947367,0.43334714240266087,1.4142135623730951,1.2697197980857704,1.2697197980857704,0.7850204384899039
E1,Preston,Fora,Lay Over 3.5,Mais de 3.5 golos no jogo,19,0.15789473684210525,0.05520371039927826,0.37565927643176683,-0.0838635049161365,0.06085180892058298,3.894017540342856,True,0.10526315789473684,0.31394550494841694,0.0,0.16818436536845052,0.05263157894736842,0.24639215336545212,0.3157894736842105,0.5398998982493537,0.2631578947368421,0.48791968441070643,1.4886458551295738,1.172160918490531,1.1815760168759815,0.8583950752789521
E1,Preston,Total,Lay Over 3.5,Mais de 3.5 golos no jogo,38,0.18421052631578946,0.0922164845325749,0.33419168341511346,-0.057547715442452296,0.1645207914622164,5.856216749546954,True,0.07894736842105263,0.2079967892026529,0.02631578947368421,0.13495178436800256,0.05263157894736842,0.17285766881068843,0.2894736842105263,0.4475743826618976,0.23684210526315788,0.39207119165337856,1.4604670447906956,1.2230473724865527,1.2334780679218909,0.8247860988423225
E1,Preston,Total,Lay Clean Sheet,Equipa não sofre golos (clean sheet),38,0.23684210526315788,0.12993561496969508,0.39207119165337856,-0.011509543088490476,0.019822020866553658,4.797672348237136,True,0.07894736842105263,0.2079967892026529,0.02631578947368421,0.13495178436800256,0.05263157894736842,0.17285766881068843,0.2894736842105263,0.4475743826618976,0.23684210526315788,0.39207119165337856,1.4604670447906956,1.2230473724865527,1.2334780679218909,0.8247860988423225
E1,QPR,Casa,Lay Empate,Jogo termina empatado,18,0.1111111111111111,0.031018868453582777,0.3280024486660421,-0.14163614163614163,0.17999387833489477,4.4500355900224955,True,0.1111111111111111,0.3280024486660421,0.1111111111111111,0.3280024486660421,0.05555555555555555,0.2575779980200754,0.16666666666666666,0.3922249963835924,0.1111111111111111,0.3280024486660421,1.928506106412198,1.3664859862498715,1.4229164972072998,0.7208463779436852
E1,QPR,Casa,Lay Clean Sheet,Equipa não sofre golos (clean sheet),18,0.16666666666666666,0.058364704004657555,0.3922249963835924,-0.11025641025641028,0.019437509041019124,3.604255878194134,True,0.1111111111111111,0.3280024486660421,0.1111111111111111,0.3280024486660421,0.05555555555555555,0.2575779980200754,0.16666666666666666,0.3922249963835924,0.1111111111111111,0.3280024486660421,1.928506106412198,1.3664859862498715,1.4229164972072998,0.7208463779436852
E1,QPR,Fora,Lay Vitória,Equipa vence o jogo,20,0.3,0.14547527396899385,0.5189767762289793,-0.023076923076923106,0.0,3.1304951684997055,False,0.1,0.30103820641179335,0.0,0.1611301254949332,0.2,0.4160217220257599,0.35,0.5671494897805353,0.15,0.36042329588695743,2.0371548787463363,2.0371548787463363,1.2489995996796797,1.0
E1,QPR,Fora,Lay Empate,Jogo termina empatado,20,0.3,0.14547527396899385,0.5189767762289793,0.04725274725274725,0.0,3.1304951684997055,False,0.1,0.30103820641179335,0.0,0.1611301254949332,0.2,0.4160217220257599,0.35,0.5671494897805353,0.15,0.36042329588695743,2.0371548787463363,2.0371548787463363,1.2489995996796797,1.0
E1,QPR,Fora,Lay Clean Sheet,Equipa não sofre golos (clean sheet),20,0.3,0.14547527396899385,0.5189767762289793,0.08021978021978021,0.0,3.1304951684997055,False,0.1,0.30103820641179335,0.0,0.1611301254949332,0.2,0.4160217220257599,0.35,0.5671494897805353,0.15,0.36042329588695743,2.0371548787463363,2.0371548787463363,1.2489995996796797,1.0
E1,QPR,Fora,Lay Over 3.5,Mais de 3.5 golos no jogo,20,0.35,0.1811895478679446,0.5671494897805353,0.10824175824175822,0.0,2.906888370749727,False,0.1,0.30103820641179335,0.0,0.1611301254949332,0.2,0.4160217220257599,0.35,0.5671494897805353,0.15,0.36042329588695743,2.0371548787463363,2.0371548787463363,1.2489995996796797,1.0
E1,QPR,Fora,Lay Derrota,Equipa perde o jogo,20,0.4,0.21880396741419272,0.613422057684794,-0.024175824175824145,0.0,2.6832815729997477,False,0.1,0.30103820641179335,0.0,0.1611301254949332,0.2,0.4160217220257599,0.35,0.5671494897805353,0.15,0.36042329588695743,2.0371548787463363,2.0371548787463363,1.2489995996796797,1.0
E1,QPR,Total,Lay Empate,Jogo termina empatado,38,0.21052631578947367,0.11074660352095932,0.3634608837644217,-0.042220936957779065,0.0913477905889458,5.311199686117698,True,0.10526315789473684,0.2413083120019447,0.05263157894736842,0.17285766881068843,0.13157894736842105,0.2732717005149888,0.2631578947368421,0.42009150206375323,0.13157894736842105,0.2732717005149888,1.9987877212377096,1.7943046246032406,1.3397812696166165,0.8699241422835557
E1,QPR,Total,Lay Clean Sheet,Equipa não sofre golos (clean sheet),38,0.23684210526315788,0.12993561496969508,0.39207119165337856,-0.011509543088490476,0.019822020866553658,4.797672348237136,True,0.10526315789473684,0.2413083120019447,0.05263157894736842,0.17285766881068843,0.13157894736842105,0.2732717005149888,0.2631578947368421,0.42009150206375323,0.13157894736842105,0.2732717005149888,1.9987877212377096,1.7943046246032406,1.3397812696166165,0.8699241422835557
E1,Sheffield United,Casa,Lay Empate,Jogo termina empatado,18,0.16666666666666666,0.058364704004657555,0.3922249963835924,-0.08608058608058608,0.019437509041019124,3.604255878194134,True,0.05555555555555555,0.2575779980200754,0.16666666666666666,0.3922249963835924,0.05555555555555555,0.2575779980200754,0.16666666666666666,0.3922249963835924,0.1111111111111111,0.3280024486660421,1.8625616238044678,1.314684396244359,1.3844373104863459,0.7499504541700533
E1,Sheffield United,Fora,Lay Empate,Jogo termina empatado,20,0.1,0.027865893984153196,0.30103820641179335,-0.15274725274725273,0.24740448397051668,5.020706198873021,True,0.05,0.23613589351256678,0.05,0.23613589351256678,0.0,0.1611301254949332,0.35,0.5671494897805353,0.35,0.5671494897805353,1.7684739183827396,1.8674849396983098,1.388344337691482,0.9354143466934852
E1,Sheffield United,Total,Lay Empate,Jogo termina empatado,38,0.13157894736842105,0.05753782875731436,0.2732717005149888,-0.12116830537883169,0.3168207487125281,7.049345596610494,True,0.05263157894736842,0.17285766881068843,0.10526315789473684,0.2413083120019447,0.02631578947368421,0.13495178436800256,0.2631578947368421,0.42009150206375323,0.23684210526315788,0.39207119165337856,1.8565225288902392,1.629242809701485,1.3974650576159737,0.8473777952032309
E1,Sheffield United,Total,Lay Clean Sheet,Equipa não sofre golos (clean sheet),38,0.23684210526315788,0.12993561496969508,0.39207119165337856,-0.011509543088490476,0.019822020866553658,4.797672348237136,True,0.05263157894736842,0.17285766881068843,0.10526315789473684,0.2413083120019447,0.02631578947368421,0.13495178436800256,0.2631578947368421,0.42009150206375323,0.23684210526315788,0.39207119165337856,1.8565225288902392,1.629242809701485,1.3974650576159737,0.8473777952032309
E1,Sheffield Weds,Casa,Lay Vitória,Equipa vence o jogo,20,0.0,0.0,0.1611301254949332,-0.42417582417582417,0.597174686262667,7.142782340850446,True,0.25,0.4687050099580635,0.0,0.1611301254949332,0.05,0.23613589351256678,0.6,0.7811960325858073,0.55,0.741804979142907,1.3219304066402287,1.2835497652993437,0.4330127018922193,1.3416407864998738
E1,Sheffield Weds,Casa,Lay Clean Sheet,Equipa não sofre golos (clean sheet),20,0.05,0.008881219432873143,0.23613589351256678,-0.22692307692307695,0.4096602662185831,5.988982742845884,True,0.25,0.4687050099580635,0.0,0.1611301254949332,0.05,0.23613589351256678,0.6,0.7811960325858073,0.55,0.741804979142907,1.3219304066402287,1.2835497652993437,0.4330127018922193,1.3416407864998738
E1,Sheffield Weds,Fora,Lay Vitória,Equipa vence o jogo,18,0.05555555555555555,0.009874935830924522,0.2575779980200754,-0.26752136752136757,0.3560550049498115,5.433628908084491,True,0.16666666666666666,0.3922249963835924,0.0,0.1758845505823749,0.05555555555555555,0.2575779980200754,0.4444444444444444,0.6628393057174836,0.3888888888888889,0.6138133141934383,1.3562839573037446,1.1547005383792515,0.7556372504853025,1.0117651106127619
E1,Sheffield Weds,Fora,Lay Clean Sheet,Equipa não sofre golos (clean sheet),18,0.1111111111111111,0.031018868453582777,0.3280024486660421,-0.10866910866910867,0.17999387833489477,4.4500355900224955,True,0.16666666666666666,0.3922249963835924,0.0,0.1758845505823749,0.05555555555555555,0.2575779980200754,0.4444444444444444,0.6628393057174836,0.3888888888888889,0.6138133141934383,1.3562839573037446,1.1547005383792515,0.7556372504853025,1.0117651106127619
E1,Sheffield Weds,Total,Lay Vitória,Equipa vence o jogo,38,0.02631578947368421,0.004660467553530041,0.13495178436800256,-0.34731058415268945,0.6626205390799935,9.97936866607779,True,0.21052631578947367,0.3634608837644217,0.0,0.09181293258383999,0.05263157894736842,0.17285766881068843,0.5263157894736842,0.675212211910584,0.47368421052631576,0.6274128925728913,1.3482829955209998,1.225592739178423,0.6115236862432764,1.170688001550979
E1,Sheffield Weds,Total,Lay Clean Sheet,Equipa não sofre golos (clean sheet),38,0.07894736842105263,0.027214101394264934,0.2079967892026529,-0.16940427993059573,0.48000802699336775,8.403115189833002,True,0.21052631578947367,0.3634608837644217,0.0,0.09181293258383999,0.05263157894736842,0.17285766881068843,0.5263157894736842,0.675212211910584,0.47368421052631576,0.6274128925728913,1.3482829955209998,1.225592739178423,0.6115236862432764,1.170688001550979
E1,Sheffield Weds,Total,Lay Empate,Jogo termina empatado,38,0.23684210526315788,0.12993561496969508,0.39207119165337856,-0.015905147484094856,0.019822020866553658,4.797672348237136,True,0.21052631578947367,0.3634608837644217,0.0,0.09181293258383999,0.05263157894736842,0.17285766881068843,0.5263157894736842,0.675212211910584,0.47368421052631576,0.6274128925728913,1.3482829955209998,1.225592739178423,0.6115236862432764,1.170688001550979
E1,Sheffield Weds,Total,Lay Over 3.5,Mais de 3.5 golos no jogo,38,0.23684210526315788,0.12993561496969508,0.39207119165337856,-0.004916136495083878,0.019822020866553658,4.797672348237136,True,0.21052631578947367,0.3634608837644217,0.0,0.09181293258383999,0.05263157894736842,0.17285766881068843,0.5263157894736842,0.675212211910584,0.47368421052631576,0.6274128925728913,1.3482829955209998,1.225592739178423,0.6115236862432764,1.170688001550979
E1,Southampton,Casa,Lay Derrota,Equipa perde o jogo,18,0.16666666666666666,0.058364704004657555,0.3922249963835924,-0.15641025641025644,0.019437509041019124,3.604255878194134,True,0.0,0.1758845505823749,0.1111111111111111,0.3280024486660421,0.16666666666666666,0.3922249963835924,0.2222222222222222,0.4521502645230549,0.05555555555555555,0.2575779980200754,1.5565473029024333,1.5565473029024335,1.2133516482134197,0.8958064164776166
E1,Southampton,Fora,Lay Clean Sheet,Equipa não sofre golos (clean sheet),20,0.05,0.008881219432873143,0.23613589351256678,-0.1697802197802198,0.4096602662185831,5.988982742845884,True,0.05,0.23613589351256678,0.05,0.23613589351256678,0.0,0.1611301254949332,0.05,0.23613589351256678,0.05,0.23613589351256678,1.6733200530681511,1.3564659966250536,1.2757350822173072,0.673266067191741
E1,Southampton,Total,Lay Clean Sheet,Equipa não sofre golos (clean sheet),38,0.23684210526315788,0.12993561496969508,0.39207119165337856,-0.011509543088490476,0.019822020866553658,4.797672348237136,True,0.02631578947368421,0.13495178436800256,0.07894736842105263,0.2079967892026529,0.07894736842105263,0.2079967892026529,0.13157894736842105,0.2732717005149888,0.05263157894736842,0.17285766881068843,1.6587299483494131,1.5588634968020931,1.2697197980857704,0.7767447698676809
E1,Stoke,Casa,Lay Empate,Jogo termina empatado,19,0.2631578947368421,0.11806238339540162,0.48791968441070643,0.010410641989589353,0.0,3.211820274187865,False,0.0,0.16818436536845052,0.10526315789473684,0.31394550494841694,0.10526315789473684,0.31394550494841694,0.2631578947368421,0.48791968441070643,0.15789473684210525,0.37565927643176683,1.4979209969218639,1.69241423061195,1.3126277803515711,0.8858781088734571
E1,Stoke,Casa,Lay Over 3.5,Mais de 3.5 golos no jogo,19,0.2631578947368421,0.11806238339540162,0.48791968441070643,0.02139965297860033,0.0,3.211820274187865,False,0.0,0.16818436536845052,0.10526315789473684,0.31394550494841694,0.10526315789473684,0.31394550494841694,0.2631578947368421,0.48791968441070643,0.15789473684210525,0.37565927643176683,1.4979209969218639,1.69241423061195,1.3126277803515711,0.8858781088734571
E1,Stoke,Casa,Lay Clean Sheet,Equipa não sofre golos (clean sheet),19,0.2631578947368421,0.11806238339540162,0.48791968441070643,-0.013765182186234848,0.0,3.211820274187865,False,0.0,0.16818436536845052,0.10526315789473684,0.31394550494841694,0.10526315789473684,0.31394550494841694,0.2631578947368421,0.48791968441070643,0.15789473684210525,0.37565927643176683,1.4979209969218639,1.69241423061195,1.3126277803515711,0.8858781088734571
E1,Stoke,Casa,Lay Derrota,Equipa perde o jogo,19,0.3157894736842105,0.15364171004428598,0.5398998982493537,-0.007287449392712586,0.0,2.982404540317303,False,0.0,0.16818436536845052,0.10526315789473684,0.31394550494841694,0.10526315789473684,0.31394550494841694,0.2631578947368421,0.48791968441070643,0.15789473684210525,0.37565927643176683,1.4979209969218639,1.69241423061195,1.3126277803515711,0.8858781088734571
E1,Stoke,Casa,Lay Vitória,Equipa vence o jogo,19,0.42105263157894735,0.2314162039203038,0.637244485348399,-0.0031231925968768226,0.0,2.5235730725761796,False,0.0,0.16818436536845052,0.10526315789473684,0.31394550494841694,0.10526315789473684,0.31394550494841694,0.2631578947368421,0.48791968441070643,0.15789473684210525,0.37565927643176683,1.4979209969218639,1.69241423061195,1.3126277803515711,0.8858781088734571
E1,Stoke,Fora,Lay Over 3.5,Mais de 3.5 golos no jogo,19,0.05263157894736842,0.00935175249052995,0.24639215336545212,-0.18912666281087334,0.38401961658636974,5.715285768547481,True,0.05263157894736842,0.24639215336545212,0.10526315789473684,0.31394550494841694,0.10526315789473684,0.31394550494841694,0.47368421052631576,0.6829251748817489,0.3684210526315789,0.5896084250184327,1.6940502041506402,1.0888505718724844,1.3084003047006372,1.1726039399558574
E1,Stoke,Total,Lay Over 3.5,Mais de 3.5 golos no jogo,38,0.15789473684210525,0.07443762223722684,0.30417122637276883,-0.0838635049161365,0.23957193406807797,6.434723863626607,True,0.02631578947368421,0.13495178436800256,0.10526315789473684,0.2413083120019447,0.10526315789473684,0.2413083120019447,0.3684210526315789,0.5271632717573987,0.2631578947368421,0.42009150206375323,1.6249866822382033,1.4767355627998109,1.3233990484926481,1.0406550643527197
E1,Stoke,Total,Lay Empate,Jogo termina empatado,38,0.23684210526315788,0.12993561496969508,0.39207119165337856,-0.015905147484094856,0.019822020866553658,4.797672348237136,True,0.02631578947368421,0.13495178436800256,0.10526315789473684,0.2413083120019447,0.10526315789473684,0.2413083120019447,0.3684210526315789,0.5271632717573987,0.2631578947368421,0.42009150206375323,1.6249866822382033,1.4767355627998109,1.3233990484926481,1.0406550643527197
E1,Swansea,Casa,Lay Derrota,Equipa perde o jogo,19,0.21052631578947367,0.08507538491591575,0.43334714240266087,-0.11255060728744942,0.0,3.4412360080584268,False,0.05263157894736842,0.24639215336545212,0.05263157894736842,0.24639215336545212,0.0,0.16818436536845052,0.05263157894736842,0.24639215336545212,0.05263157894736842,0.24639215336545212,1.5344610249592896,1.229823310057676,1.2675362714518206,0.5976143046671969
E1,Swansea,Casa,Lay Empate,Jogo termina empatado,19,0.2631578947368421,0.11806238339540162,0.48791968441070643,0.010410641989589353,0.0,3.211820274187865,False,0.05263157894736842,0.24639215336545212,0.05263157894736842,0.24639215336545212,0.0,0.16818436536845052,0.05263157894736842,0.24639215336545212,0.05263157894736842,0.24639215336545212,1.5344610249592896,1.229823310057676,1.2675362714518206,0.5976143046671969
E1,Swansea,Casa,Lay Over 3.5,Mais de 3.5 golos no jogo,19,0.2631578947368421,0.11806238339540162,0.48791968441070643,0.02139965297860033,0.0,3.211820274187865,False,0.05263157894736842,0.24639215336545212,0.05263157894736842,0.24639215336545212,0.0,0.16818436536845052,0.05263157894736842,0.24639215336545212,0.05263157894736842,0.24639215336545212,1.5344610249592896,1.229823310057676,1.2675362714518206,0.5976143046671969
E1,Swansea,Casa,Lay Cantos Over 10.5,Total de cantos Over 10.5,19,0.3157894736842105,0.15364171004428598,0.5398998982493537,-0.13475997686524005,0.0,2.982404540317303,False,0.05263157894736842,0.24639215336545212,0.05263157894736842,0.24639215336545212,0.0,0.16818436536845052,0.05263157894736842,0.24639215336545212,0.05263157894736842,0.24639215336545212,1.5344610249592896,1.229823310057676,1.2675362714518206,0.5976143046671969
E1,Swansea,Casa,Lay Clean Sheet,Equipa não sofre golos (clean sheet),19,0.3684210526315789,0.19149272376273838,0.5896084250184327,0.09149797570850199,0.0,2.752988806446741,False,0.05263157894736842,0.24639215336545212,0.05263157894736842,0.24639215336545212,0.0,0.16818436536845052,0.05263157894736842,0.24639215336545212,0.05263157894736842,0.24639215336545212,1.5344610249592896,1.229823310057676,1.2675362714518206,0.5976143046671969
E1,Swansea,Fora,Lay Over 3.5,Mais de 3.5 golos no jogo,19,0.05263157894736842,0.00935175249052995,0.24639215336545212,-0.18912666281087334,0.38401961658636974,5.715285768547481,True,0.10526315789473684,0.31394550494841694,0.0,0.16818436536845052,0.05263157894736842,0.24639215336545212,0.42105263157894735,0.637244485348399,0.3684210526315789,0.5896084250184327,1.4259175983309544,1.1164843913471802,1.2934953397310007,0.9642030387838446
E1,Swansea,Fora,Lay Empate,Jogo termina empatado,19,0.10526315789473684,0.029357941395096582,0.31394550494841694,-0.1474840948525159,0.2151362376289577,4.739113319042131,True,0.10526315789473684,0.31394550494841694,0.0,0.16818436536845052,0.05263157894736842,0.24639215336545212,0.42105263157894735,0.637244485348399,0.3684210526315789,0.5896084250184327,1.4259175983309544,1.1164843913471802,1.2934953397310007,0.9642030387838446
E1,Swansea,Total,Lay Over 3.5,Mais de 3.5 golos no jogo,38,0.15789473684210525,0.07443762223722684,0.30417122637276883,-0.0838635049161365,0.23957193406807797,6.434723863626607,True,0.07894736842105263,0.2079967892026529,0.02631578947368421,0.13495178436800256,0.02631578947368421,0.13495178436800256,0.23684210526315788,0.39207119165337856,0.21052631578947367,0.3634608837644217,1.5719141603229558,1.1792292896004253,1.3653812390602997,0.7807074562417122
E1,Swansea,Total,Lay Empate,Jogo termina empatado,38,0.18421052631578946,0.0922164845325749,0.33419168341511346,-0.06853672643146327,0.1645207914622164,5.856216749546954,True,0.07894736842105263,0.2079967892026529,0.02631578947368421,0.13495178436800256,0.02631578947368421,0.13495178436800256,0.23684210526315788,0.39207119165337856,0.21052631578947367,0.3634608837644217,1.5719141603229558,1.1792292896004253,1.3653812390602997,0.7807074562417122
E1,Watford,Casa,Lay Over 3.5,Mais de 3.5 golos no jogo,19,0.15789473684210525,0.05520371039927826,0.37565927643176683,-0.0838635049161365,0.06085180892058298,3.894017540342856,True,0.0,0.16818436536845052,0.10526315789473684,0.31394550494841694,0.0,0.16818436536845052,0.21052631578947367,0.43334714240266087,0.21052631578947367,0.43334714240266087,1.4642555519203744,0.9902572485382515,1.2675362714518206,0.6844632152165244
E1,Watford,Fora,Lay Clean Sheet,Equipa não sofre golos (clean sheet),19,0.10526315789473684,0.029357941395096582,0.31394550494841694,-0.11451706188548294,0.2151362376289577,4.739113319042131,True,0.0,0.16818436536845052,0.0,0.16818436536845052,0.05263157894736842,0.24639215336545212,0.2631578947368421,0.48791968441070643,0.21052631578947367,0.43334714240266087,0.90856192113853,1.3905099803813585,1.0989796325169001,0.7707816217256498
E1,Watford,Total,Lay Clean Sheet,Equipa não sofre golos (clean sheet),38,0.15789473684210525,0.07443762223722684,0.30417122637276883,-0.0904569115095431,0.23957193406807797,6.434723863626607,True,0.0,0.09181293258383999,0.05263157894736842,0.17285766881068843,0.02631578947368421,0.13495178436800256,0.23684210526315788,0.39207119165337856,0.21052631578947367,0.3634608837644217,1.2729880655208237,1.208235819289368,1.250207738970495,0.7418894796396561
E1,Watford,Total,Lay Over 3.5,Mais de 3.5 golos no jogo,38,0.23684210526315788,0.12993561496969508,0.39207119165337856,-0.004916136495083878,0.019822020866553658,4.797672348237136,True,0.0,0.09181293258383999,0.05263157894736842,0.17285766881068843,0.02631578947368421,0.13495178436800256,0.23684210526315788,0.39207119165337856,0.21052631578947367,0.3634608837644217,1.2729880655208237,1.208235819289368,1.250207738970495,0.7418894796396561
E1,West Brom,Casa,Lay Over 3.5,Mais de 3.5 golos no jogo,19,0.15789473684210525,0.05520371039927826,0.37565927643176683,-0.0838635049161365,0.06085180892058298,3.894017540342856,True,0.05263157894736842,0.24639215336545212,0.05263157894736842,0.24639215336545212,0.10526315789473684,0.31394550494841694,0.2631578947368421,0.48791968441070643,0.15789473684210525,0.37565927643176683,1.6222142113076254,1.4259175983309544,1.229823310057676,0.7850204384899038
E1,West Brom,Fora,Lay Vitória,Equipa vence o jogo,19,0.15789473684210525,0.05520371039927826,0.37565927643176683,-0.16518218623481784,0.06085180892058298,3.894017540342856,True,0.10526315789473684,0.31394550494841694,0.0,0.16818436536845052,0.05263157894736842,0.24639215336545212,0.3684210526315789,0.5896084250184327,0.3157894736842105,0.5398998982493537,1.1040093138633174,1.4997691419763164,1.086303549502647,0.9642030387838447
E1,West Brom,Fora,Lay Empate,Jogo termina empatado,19,0.15789473684210525,0.05520371039927826,0.37565927643176683,-0.09485251590514748,0.06085180892058298,3.894017540342856,True,0.10526315789473684,0.31394550494841694,0.0,0.16818436536845052,0.05263157894736842,0.24639215336545212,0.3684210526315789,0.5896084250184327,0.3157894736842105,0.5398998982493537,1.1040093138633174,1.4997691419763164,1.086303549502647,0.9642030387838447
E1,West Brom,Fora,Lay Clean Sheet,Equipa não sofre golos (clean sheet),19,0.15789473684210525,0.05520371039927826,0.37565927643176683,-0.06188548293811452,0.06085180892058298,3.894017540342856,True,0.10526315789473684,0.31394550494841694,0.0,0.16818436536845052,0.05263157894736842,0.24639215336545212,0.3684210526315789,0.5896084250184327,0.3157894736842105,0.5398998982493537,1.1040093138633174,1.4997691419763164,1.086303549502647,0.9642030387838447
E1,West Brom,Total,Lay Over 3.5,Mais de 3.5 golos no jogo,38,0.18421052631578946,0.0922164845325749,0.33419168341511346,-0.057547715442452296,0.1645207914622164,5.856216749546954,True,0.07894736842105263,0.2079967892026529,0.02631578947368421,0.13495178436800256,0.07894736842105263,0.2079967892026529,0.3157894736842105,0.4745605643994851,0.23684210526315788,0.39207119165337856,1.4425757972279734,1.463545953840456,1.2343199367956392,0.8796777845337662
E1,West Brom,Total,Lay Clean Sheet,Equipa não sofre golos (clean sheet),38,0.21052631578947367,0.11074660352095932,0.3634608837644217,-0.037825332562174685,0.0913477905889458,5.311199686117698,True,0.07894736842105263,0.2079967892026529,0.02631578947368421,0.13495178436800256,0.07894736842105263,0.2079967892026529,0.3157894736842105,0.4745605643994851,0.23684210526315788,0.39207119165337856,1.4425757972279734,1.463545953840456,1.2343199367956392,0.8796777845337662
E1,Wrexham,Casa,Lay Clean Sheet,Equipa não sofre golos (clean sheet),20,0.2,0.08065635327119998,0.4160217220257599,-0.07692307692307693,0.0,3.577708763999664,False,0.0,0.1611301254949332,0.0,0.1611301254949332,0.0,0.1611301254949332,0.05,0.23613589351256678,0.05,0.23613589351256678,1.2288205727444508,1.9261360284258224,1.2757350822173075,0.693888666488711
E1,Wrexham,Casa,Lay Derrota,Equipa perde o jogo,20,0.25,0.11186005278940306,0.4687050099580635,-0.0730769230769231,0.0,3.3541019662496847,False,0.0,0.1611301254949332,0.0,0.1611301254949332,0.0,0.1611301254949332,0.05,0.23613589351256678,0.05,0.23613589351256678,1.2288205727444508,1.9261360284258224,1.2757350822173075,0.693888666488711
E1,Wrexham,Casa,Lay Empate,Jogo termina empatado,20,0.3,0.14547527396899385,0.5189767762289793,0.04725274725274725,0.0,3.1304951684997055,False,0.0,0.1611301254949332,0.0,0.1611301254949332,0.0,0.1611301254949332,0.05,0.23613589351256678,0.05,0.23613589351256678,1.2288205727444508,1.9261360284258224,1.2757350822173075,0.693888666488711
E1,Wrexham,Casa,Lay Cantos Over 10.5,Total de cantos Over 10.5,20,0.3,0.14547527396899385,0.5189767762289793,-0.15054945054945057,0.0,3.1304951684997055,False,0.0,0.1611301254949332,0.0,0.1611301254949332,0.0,0.1611301254949332,0.05,0.23613589351256678,0.05,0.23613589351256678,1.2288205727444508,1.9261360284258224,1.2757350822173075,0.693888666488711
E1,Wrexham,Casa,Lay Over 3.5,Mais de 3.5 golos no jogo,20,0.35,0.1811895478679446,0.5671494897805353,0.10824175824175822,0.0,2.906888370749727,False,0.0,0.1611301254949332,0.0,0.1611301254949332,0.0,0.1611301254949332,0.05,0.23613589351256678,0.05,0.23613589351256678,1.2288205727444508,1.9261360284258224,1.2757350822173075,0.693888666488711
E1,Wrexham,Fora,Lay Over 3.5,Mais de 3.5 golos no jogo,18,0.2222222222222222,0.09000781913382,0.4521502645230549,-0.01953601953601955,0.0,3.2998316455372216,False,0.0,0.1758845505823749,0.0,0.1758845505823749,0.1111111111111111,0.3280024486660421,0.2222222222222222,0.4521502645230549,0.1111111111111111,0.3280024486660421,1.1493422703098446,1.452966314513558,1.2583057392117916,0.7496555682941201
E1,Wrexham,Fora,Lay Derrota,Equipa perde o jogo,18,0.2777777777777778,0.12499569146355476,0.5087307754619452,-0.14639804639804638,0.0,3.0641293851417055,False,0.0,0.1758845505823749,0.0,0.1758845505823749,0.1111111111111111,0.3280024486660421,0.2222222222222222,0.4521502645230549,0.1111111111111111,0.3280024486660421,1.1493422703098446,1.452966314513558,1.2583057392117916,0.7496555682941201
E1,Wrexham,Fora,Lay Empate,Jogo termina empatado,18,0.3333333333333333,0.16278554363662856,0.5625093065574964,0.08058608058608058,0.0,2.8284271247461903,False,0.0,0.1758845505823749,0.0,0.1758845505823749,0.1111111111111111,0.3280024486660421,0.2222222222222222,0.4521502645230549,0.1111111111111111,0.3280024486660421,1.1493422703098446,1.452966314513558,1.2583057392117916,0.7496555682941201
E1,Wrexham,Fora,Lay Clean Sheet,Equipa não sofre golos (clean sheet),18,0.3333333333333333,0.16278554363662856,0.5625093065574964,0.11355311355311354,0.0,2.8284271247461903,False,0.0,0.1758845505823749,0.0,0.1758845505823749,0.1111111111111111,0.3280024486660421,0.2222222222222222,0.4521502645230549,0.1111111111111111,0.3280024486660421,1.1493422703098446,1.452966314513558,1.2583057392117916,0.7496555682941201
E1,Wrexham,Fora,Lay Vitória,Equipa vence o jogo,18,0.3888888888888889,0.2030499192693116,0.6138133141934383,0.0658119658119658,0.0,2.592724864350674,False,0.0,0.1758845505823749,0.0,0.1758845505823749,0.1111111111111111,0.3280024486660421,0.2222222222222222,0.4521502645230549,0.1111111111111111,0.3280024486660421,1.1493422703098446,1.452966314513558,1.2583057392117916,0.7496555682941201
E1,Wrexham,Total,Lay Derrota,Equipa perde o jogo,38,0.2631578947368421,0.14971462389701298,0.42009150206375323,-0.11046847888953154,0.0,4.542199791661351,False,0.0,0.09181293258383999,0.0,0.09181293258383999,0.05263157894736842,0.17285766881068843,0.13157894736842105,0.2732717005149888,0.07894736842105263,0.2079967892026529,1.195559651747426,1.7848236797698074,1.2697197980857706,0.7475683927130621
E1,Wrexham,Total,Lay Clean Sheet,Equipa não sofre golos (clean sheet),38,0.2631578947368421,0.14971462389701298,0.42009150206375323,0.014806246385193733,0.0,4.542199791661351,False,0.0,0.09181293258383999,0.0,0.09181293258383999,0.05263157894736842,0.17285766881068843,0.13157894736842105,0.2732717005149888,0.07894736842105263,0.2079967892026529,1.195559651747426,1.7848236797698074,1.2697197980857706,0.7475683927130621
E1,Wrexham,Total,Lay Over 3.5,Mais de 3.5 golos no jogo,38,0.2894736842105263,0.1700310626365613,0.4475743826618976,0.04771544245228457,0.0,4.379978370530588,False,0.0,0.09181293258383999,0.0,0.09181293258383999,0.05263157894736842,0.17285766881068843,0.13157894736842105,0.2732717005149888,0.07894736842105263,0.2079967892026529,1.195559651747426,1.7848236797698074,1.2697197980857706,0.7475683927130621
E1,Wrexham,Total,Lay Empate,Jogo termina empatado,38,0.3157894736842105,0.1908442002366664,0.4745605643994851,0.06304222093695777,0.0,4.217756949399826,False,0.0,0.09181293258383999,0.0,0.09181293258383999,0.05263157894736842,0.17285766881068843,0.13157894736842105,0.2732717005149888,0.07894736842105263,0.2079967892026529,1.195559651747426,1.7848236797698074,1.2697197980857706,0.7475683927130621
E1,Wrexham,Total,Lay Cantos Over 10.5,Total de cantos Over 10.5,38,0.34210526315789475,0.21212220026458956,0.5010818837092545,-0.10844418739155581,0.0,4.055535528269063,False,0.0,0.09181293258383999,0.0,0.09181293258383999,0.05263157894736842,0.17285766881068843,0.13157894736842105,0.2732717005149888,0.07894736842105263,0.2079967892026529,1.195559651747426,1.7848236797698074,1.2697197980857706,0.7475683927130621
F1,Angers,Casa,Lay Empate,Jogo termina empatado,13,0.15384615384615385,0.04325726318273798,0.4223517050863101,-0.07362165731264442,0.0,3.05085107923876,False,0.07692307692307693,0.3331453392824736,0.07692307692307693,0.3331453392824736,0.0,0.22810184305529166,0.23076923076923078,0.5025687399512693,0.23076923076923078,0.5025687399512693,1.7303418275695372,1.6888075692384725,1.393136175098064,0.8523863560616161
F1,Angers,Casa,Lay Over 3.5,Mais de 3.5 golos no jogo,13,0.15384615384615385,0.04325726318273798,0.4223517050863101,-0.16375041267745127,0.0,3.05085107923876,False,0.07692307692307693,0.3331453392824736,0.07692307692307693,0.3331453392824736,0.0,0.22810184305529166,0.23076923076923078,0.5025687399512693,0.23076923076923078,0.5025687399512693,1.7303418275695372,1.6888075692384725,1.393136175098064,0.8523863560616161
F1,Angers,Casa,Lay Over 2.5,Mais de 2.5 golos no jogo,13,0.23076923076923078,0.08179379092465708,0.5025687399512693,-0.2670848464839881,0.0,2.773500981126145,False,0.07692307692307693,0.3331453392824736,0.07692307692307693,0.3331453392824736,0.0,0.22810184305529166,0.23076923076923078,0.5025687399512693,0.23076923076923078,0.5025687399512693,1.7303418275695372,1.6888075692384725,1.393136175098064,0.8523863560616161
F1,Angers,Casa,Lay Cantos Over 10.5,Total de cantos Over 10.5,13,0.23076923076923078,0.08179379092465708,0.5025687399512693,-0.11257840871574776,0.0,2.773500981126145,False,0.07692307692307693,0.3331453392824736,0.07692307692307693,0.3331453392824736,0.0,0.22810184305529166,0.23076923076923078,0.5025687399512693,0.23076923076923078,0.5025687399512693,1.7303418275695372,1.6888075692384725,1.393136175098064,0.8523863560616161
F1,Angers,Casa,Lay Derrota,Equipa perde o jogo,13,0.38461538461538464,0.17709446581236818,0.6447751902773147,0.09276989105315286,0.0,2.2188007849009166,False,0.07692307692307693,0.3331453392824736,0.07692307692307693,0.3331453392824736,0.0,0.22810184305529166,0.23076923076923078,0.5025687399512693,0.23076923076923078,0.5025687399512693,1.7303418275695372,1.6888075692384725,1.393136175098064,0.8523863560616161
F1,Angers,Fora,Lay Over 3.5,Mais de 3.5 golos no jogo,13,0.15384615384615385,0.04325726318273798,0.4223517050863101,-0.16375041267745127,0.0,3.05085107923876,False,0.07692307692307693,0.3331453392824736,0.0,0.22810184305529166,0.07692307692307693,0.3331453392824736,0.5384615384615384,0.7679424569851186,0.46153846153846156,0.7085656756816795,1.5764539639937842,1.3499945211372495,1.2064913185660096,1.178030178747903
F1,Angers,Fora,Lay Vitória,Equipa vence o jogo,13,0.23076923076923078,0.08179379092465708,0.5025687399512693,-0.06107626279300099,0.0,2.773500981126145,False,0.07692307692307693,0.3331453392824736,0.0,0.22810184305529166,0.07692307692307693,0.3331453392824736,0.5384615384615384,0.7679424569851186,0.46153846153846156,0.7085656756816795,1.5764539639937842,1.3499945211372495,1.2064913185660096,1.178030178747903
F1,Angers,Fora,Lay Empate,Jogo termina empatado,13,0.23076923076923078,0.08179379092465708,0.5025687399512693,0.00330141961043251,0.0,2.773500981126145,False,0.07692307692307693,0.3331453392824736,0.0,0.22810184305529166,0.07692307692307693,0.3331453392824736,0.5384615384615384,0.7679424569851186,0.46153846153846156,0.7085656756816795,1.5764539639937842,1.3499945211372495,1.2064913185660096,1.178030178747903
F1,Angers,Fora,Lay Over 2.5,Mais de 2.5 golos no jogo,13,0.23076923076923078,0.08179379092465708,0.5025687399512693,-0.2670848464839881,0.0,2.773500981126145,False,0.07692307692307693,0.3331453392824736,0.0,0.22810184305529166,0.07692307692307693,0.3331453392824736,0.5384615384615384,0.7679424569851186,0.46153846153846156,0.7085656756816795,1.5764539639937842,1.3499945211372495,1.2064913185660096,1.178030178747903
F1,Angers,Fora,Lay BTTS,Ambas as equipas marcam,13,0.23076923076923078,0.08179379092465708,0.5025687399512693,-0.24562561901617697,0.0,2.773500981126145,False,0.07692307692307693,0.3331453392824736,0.0,0.22810184305529166,0.07692307692307693,0.3331453392824736,0.5384615384615384,0.7679424569851186,0.46153846153846156,0.7085656756816795,1.5764539639937842,1.3499945211372495,1.2064913185660096,1.178030178747903
F1,Angers,Total,Lay Over 3.5,Mais de 3.5 golos no jogo,26,0.15384615384615385,0.06149933998929479,0.33531584418313565,-0.16375041267745127,0.16171038954216094,5.012263338431423,True,0.07692307692307693,0.24141947480515055,0.038461538461538464,0.18893176991958402,0.038461538461538464,0.18893176991958402,0.38461538461538464,0.5746547996057992,0.34615384615384615,0.53779770990367,1.7084024857317546,1.5523412362008129,1.3389919373484007,1.0551879216966606
F1,Angers,Total,Lay Empate,Jogo termina empatado,26,0.19230769230769232,0.08506935771788268,0.3787663615465,-0.035160118851105954,0.053084096133750036,4.337062441094017,True,0.07692307692307693,0.24141947480515055,0.038461538461538464,0.18893176991958402,0.038461538461538464,0.18893176991958402,0.38461538461538464,0.5746547996057992,0.34615384615384615,0.53779770990367,1.7084024857317546,1.5523412362008129,1.3389919373484007,1.0551879216966606
F1,Auxerre,Casa,Lay Over 3.5,Mais de 3.5 golos no jogo,13,0.15384615384615385,0.04325726318273798,0.4223517050863101,-0.16375041267745127,0.0,3.05085107923876,False,0.07692307692307693,0.3331453392824736,0.0,0.22810184305529166,0.23076923076923078,0.5025687399512693,0.5384615384615384,0.7679424569851186,0.3076923076923077,0.5763111218666236,1.2113858267710478,1.9399261866028448,1.2064913185660093,1.3638181696985858
F1,Auxerre,Casa,Lay Vitória,Equipa vence o jogo,13,0.23076923076923078,0.08179379092465708,0.5025687399512693,-0.24991746450973917,0.0,2.773500981126145,False,0.07692307692307693,0.3331453392824736,0.0,0.22810184305529166,0.23076923076923078,0.5025687399512693,0.5384615384615384,0.7679424569851186,0.3076923076923077,0.5763111218666236,1.2113858267710478,1.9399261866028448,1.2064913185660093,1.3638181696985858
F1,Auxerre,Casa,Lay Empate,Jogo termina empatado,13,0.23076923076923078,0.08179379092465708,0.5025687399512693,0.00330141961043251,0.0,2.773500981126145,False,0.07692307692307693,0.3331453392824736,0.0,0.22810184305529166,0.23076923076923078,0.5025687399512693,0.5384615384615384,0.7679424569851186,0.3076923076923077,0.5763111218666236,1.2113858267710478,1.9399261866028448,1.2064913185660093,1.3638181696985858
F1,Auxerre,Casa,Lay BTTS,Ambas as equipas marcam,13,0.3076923076923077,0.1268049716161809,0.5763111218666236,-0.16870254209310004,0.0,2.496150883013531,False,0.07692307692307693,0.3331453392824736,0.0,0.22810184305529166,0.23076923076923078,0.5025687399512693,0.5384615384615384,0.7679424569851186,0.3076923076923077,0.5763111218666236,1.2113858267710478,1.9399261866028448,1.2064913185660093,1.3638181696985858
F1,Auxerre,Casa,Lay Over 1.5,Mais de 1.5 golos no jogo,13,0.38461538461538464,0.17709446581236818,0.6447751902773147,-0.31066358534169686,0.0,2.2188007849009166,False,0.07692307692307693,0.3331453392824736,0.0,0.22810184305529166,0.23076923076923078,0.5025687399512693,0.5384615384615384,0.7679424569851186,0.3076923076923077,0.5763111218666236,1.2113858267710478,1.9399261866028448,1.2064913185660093,1.3638181696985858
F1,Auxerre,Fora,Lay Vitória,Equipa vence o jogo,13,0.07692307692307693,0.013710066379696304,0.3331453392824736,-0.21492241663915485,0.1671366517938161,3.88446557863012,True,0.07692307692307693,0.3331453392824736,0.0,0.22810184305529166,0.07692307692307693,0.3331453392824736,0.6153846153846154,0.8229055341876319,0.5384615384615384,0.7679424569851186,1.2686478848054341,1.3234346564680965,0.8426500884694864,1.4315665251916807
F1,Auxerre,Fora,Lay Clean Sheet,Equipa não sofre golos (clean sheet),13,0.07692307692307693,0.013710066379696304,0.3331453392824736,-0.14625288874215914,0.1671366517938161,3.88446557863012,True,0.07692307692307693,0.3331453392824736,0.0,0.22810184305529166,0.07692307692307693,0.3331453392824736,0.6153846153846154,0.8229055341876319,0.5384615384615384,0.7679424569851186,1.2686478848054341,1.3234346564680965,0.8426500884694864,1.4315665251916807
F1,Auxerre,Total,Lay Vitória,Equipa vence o jogo,26,0.15384615384615385,0.06149933998929479,0.33531584418313565,-0.23241994057444698,0.16171038954216094,5.012263338431423,True,0.07692307692307693,0.24141947480515055,0.0,0.12873304380462175,0.15384615384615385,0.33531584418313565,0.5769230769230769,0.7445581009727059,0.4230769230769231,0.6105170307888017,1.2692307692307692,1.6716395240077484,1.0582166532459696,1.3974650576159742
F1,Brest,Casa,Lay Derrota,Equipa perde o jogo,13,0.23076923076923078,0.08179379092465708,0.5025687399512693,-0.06107626279300099,0.0,2.773500981126145,False,0.07692307692307693,0.3331453392824736,0.07692307692307693,0.3331453392824736,0.15384615384615385,0.4223517050863101,0.3076923076923077,0.5763111218666236,0.15384615384615385,0.4223517050863101,1.692307692307692,1.78089798504465,1.2917581249035897,0.8306623862918073
F1,Brest,Casa,Lay Empate,Jogo termina empatado,13,0.23076923076923078,0.08179379092465708,0.5025687399512693,0.00330141961043251,0.0,2.773500981126145,False,0.07692307692307693,0.3331453392824736,0.07692307692307693,0.3331453392824736,0.15384615384615385,0.4223517050863101,0.3076923076923077,0.5763111218666236,0.15384615384615385,0.4223517050863101,1.692307692307692,1.78089798504465,1.2917581249035897,0.8306623862918073
F1,Brest,Casa,Lay Over 3.5,Mais de 3.5 golos no jogo,13,0.23076923076923078,0.08179379092465708,0.5025687399512693,-0.08682733575437435,0.0,2.773500981126145,False,0.07692307692307693,0.3331453392824736,0.07692307692307693,0.3331453392824736,0.15384615384615385,0.4223517050863101,0.3076923076923077,0.5763111218666236,0.15384615384615385,0.4223517050863101,1.692307692307692,1.78089798504465,1.2917581249035897,0.8306623862918073
F1,Brest,Casa,Lay BTTS,Ambas as equipas marcam,13,0.3076923076923077,0.1268049716161809,0.5763111218666236,-0.16870254209310004,0.0,2.496150883013531,False,0.07692307692307693,0.3331453392824736,0.07692307692307693,0.3331453392824736,0.15384615384615385,0.4223517050863101,0.3076923076923077,0.5763111218666236,0.15384615384615385,0.4223517050863101,1.692307692307692,1.78089798504465,1.2917581249035897,0.8306623862918073
F1,Brest,Casa,Lay Cantos Over 10.5,Total de cantos Over 10.5,13,0.3076923076923077,0.1268049716161809,0.5763111218666236,-0.03565533179267083,0.0,2.496150883013531,False,0.07692307692307693,0.3331453392824736,0.07692307692307693,0.3331453392824736,0.15384615384615385,0.4223517050863101,0.3076923076923077,0.5763111218666236,0.15384615384615385,0.4223517050863101,1.692307692307692,1.78089798504465,1.2917581249035897,0.8306623862918073
F1,Brest,Fora,Lay Clean Sheet,Equipa não sofre golos (clean sheet),13,0.15384615384615385,0.04325726318273798,0.4223517050863101,-0.06932981181908221,0.0,3.05085107923876,False,0.07692307692307693,0.3331453392824736,0.0,0.22810184305529166,0.0,0.22810184305529166,0.3076923076923077,0.5763111218666236,0.3076923076923077,0.5763111218666236,1.4349813927828945,1.3499945211372495,1.2064913185660093,0.8511696634152133
F1,Brest,Fora,Lay Vitória,Equipa vence o jogo,13,0.23076923076923078,0.08179379092465708,0.5025687399512693,-0.06107626279300099,0.0,2.773500981126145,False,0.07692307692307693,0.3331453392824736,0.0,0.22810184305529166,0.0,0.22810184305529166,0.3076923076923077,0.5763111218666236,0.3076923076923077,0.5763111218666236,1.4349813927828945,1.3499945211372495,1.2064913185660093,0.8511696634152133
F1,Brest,Fora,Lay Empate,Jogo termina empatado,13,0.23076923076923078,0.08179379092465708,0.5025687399512693,0.00330141961043251,0.0,2.773500981126145,False,0.07692307692307693,0.3331453392824736,0.0,0.22810184305529166,0.0,0.22810184305529166,0.3076923076923077,0.5763111218666236,0.3076923076923077,0.5763111218666236,1.4349813927828945,1.3499945211372495,1.2064913185660093,0.8511696634152133
F1,Brest,Fora,Lay Over 3.5,Mais de 3.5 golos no jogo,13,0.3076923076923077,0.1268049716161809,0.5763111218666236,-0.009904258831297419,0.0,2.496150883013531,False,0.07692307692307693,0.3331453392824736,0.0,0.22810184305529166,0.0,0.22810184305529166,0.3076923076923077,0.5763111218666236,0.3076923076923077,0.5763111218666236,1.4349813927828945,1.3499945211372495,1.2064913185660093,0.8511696634152133
F1,Brest,Fora,Lay Under 2.5,Menos de 2.5 golos no jogo,13,0.46153846153846156,0.23205754301488138,0.7085656756816795,-0.040607461208319595,0.0,1.9414506867883017,False,0.07692307692307693,0.3331453392824736,0.0,0.22810184305529166,0.0,0.22810184305529166,0.3076923076923077,0.5763111218666236,0.3076923076923077,0.5763111218666236,1.4349813927828945,1.3499945211372495,1.2064913185660093,0.8511696634152133
F1,Brest,Total,Lay Empate,Jogo termina empatado,26,0.23076923076923078,0.11033699683676688,0.42051925751956787,0.00330141961043251,0.0,3.92232270276368,False,0.07692307692307693,0.24141947480515055,0.038461538461538464,0.18893176991958402,0.07692307692307693,0.24141947480515055,0.3076923076923077,0.4998861151423124,0.23076923076923078,0.42051925751956787,1.6853001769389728,1.587674418503869,1.3323467750529825,0.8685190035431413
F1,Brest,Total,Lay Over 3.5,Mais de 3.5 golos no jogo,26,0.2692307692307692,0.13704275525067386,0.46083403419761304,-0.04836579729283591,0.0,3.7262065676254967,False,0.07692307692307693,0.24141947480515055,0.038461538461538464,0.18893176991958402,0.07692307692307693,0.24141947480515055,0.3076923076923077,0.4998861151423124,0.23076923076923078,0.42051925751956787,1.6853001769389728,1.587674418503869,1.3323467750529825,0.8685190035431413
F1,Brest,Total,Lay Clean Sheet,Equipa não sofre golos (clean sheet),26,0.34615384615384615,0.19412014972852126,0.53779770990367,0.04787058435127106,0.0,3.3339742973491284,False,0.07692307692307693,0.24141947480515055,0.038461538461538464,0.18893176991958402,0.07692307692307693,0.24141947480515055,0.3076923076923077,0.4998861151423124,0.23076923076923078,0.42051925751956787,1.6853001769389728,1.587674418503869,1.3323467750529825,0.8685190035431413
F1,Brest,Total,Lay Vitória,Equipa vence o jogo,26,0.38461538461538464,0.22428359511834425,0.5746547996057992,-0.0016507098052161995,0.0,3.1378581622109443,False,0.07692307692307693,0.24141947480515055,0.038461538461538464,0.18893176991958402,0.07692307692307693,0.24141947480515055,0.3076923076923077,0.4998861151423124,0.23076923076923078,0.42051925751956787,1.6853001769389728,1.587674418503869,1.3323467750529825,0.8685190035431413
F1,Brest,Total,Lay Derrota,Equipa perde o jogo,26,0.38461538461538464,0.22428359511834425,0.5746547996057992,-0.0016507098052161995,0.0,3.1378581622109443,False,0.07692307692307693,0.24141947480515055,0.038461538461538464,0.18893176991958402,0.07692307692307693,0.24141947480515055,0.3076923076923077,0.4998861151423124,0.23076923076923078,0.42051925751956787,1.6853001769389728,1.587674418503869,1.3323467750529825,0.8685190035431413
F1,Le Havre,Casa,Lay Over 3.5,Mais de 3.5 golos no jogo,14,0.14285714285714285,0.04009307373792117,0.399419077638637,-0.17473942366646228,0.0014523059034075858,3.21179264390167,True,0.0,0.21531701192718142,0.0,0.21531701192718142,0.21428571428571427,0.4758972377320828,0.35714285714285715,0.6123599531785959,0.14285714285714285,0.399419077638637,0.860113898485164,1.386891988496257,1.1801936887041646,0.896908269804914
F1,Le Havre,Fora,Lay Vitória,Equipa vence o jogo,12,0.08333333333333333,0.014864709450773488,0.35388592179859524,-0.20851216022889846,0.11528519550351196,3.541506143159363,True,0.16666666666666666,0.44803635738467273,0.0,0.2425007574992425,0.16666666666666666,0.44803635738467273,0.6666666666666666,0.8618821601026386,0.5,0.7462218296065778,1.3616778865306827,2.0999338613923584,0.8660254037844386,1.5362291495737215
F1,Le Havre,Total,Lay Over 3.5,Mais de 3.5 golos no jogo,26,0.15384615384615385,0.06149933998929479,0.33531584418313565,-0.16375041267745127,0.16171038954216094,5.012263338431423,True,0.07692307692307693,0.24141947480515055,0.0,0.12873304380462175,0.19230769230769232,0.3787663615465,0.5,0.6793969368499793,0.3076923076923077,0.4998861151423124,1.3367805536140591,1.7541160386140584,1.1596010332062565,1.1575836902790224
F1,Lens,Casa,Lay Empate,Jogo termina empatado,13,0.0,0.0,0.22810184305529166,-0.22746781115879827,0.4297453923617709,5.155020323018745,True,0.0,0.22810184305529166,0.23076923076923078,0.5025687399512693,0.0,0.22810184305529166,0.07692307692307693,0.3331453392824736,0.07692307692307693,0.3331453392824736,1.2733034890189885,1.2733034890189885,1.08240363688233,0.4803844614152614
F1,Lens,Fora,Lay Empate,Jogo termina empatado,13,0.15384615384615385,0.04325726318273798,0.4223517050863101,-0.07362165731264442,0.0,3.05085107923876,False,0.0,0.22810184305529166,0.23076923076923078,0.5025687399512693,0.07692307692307693,0.3331453392824736,0.23076923076923078,0.5025687399512693,0.15384615384615385,0.4223517050863101,2.058321255424562,1.2686478848054341,1.3674145257408599,0.8340576562282991
F1,Lens,Fora,Lay Over 3.5,Mais de 3.5 golos no jogo,13,0.23076923076923078,0.08179379092465708,0.5025687399512693,-0.08682733575437435,0.0,2.773500981126145,False,0.0,0.22810184305529166,0.23076923076923078,0.5025687399512693,0.07692307692307693,0.3331453392824736,0.23076923076923078,0.5025687399512693,0.15384615384615385,0.4223517050863101,2.058321255424562,1.2686478848054341,1.3674145257408599,0.8340576562282991
F1,Lens,Fora,Lay Clean Sheet,Equipa não sofre golos (clean sheet),13,0.23076923076923078,0.08179379092465708,0.5025687399512693,0.0075932651039947174,0.0,2.773500981126145,False,0.0,0.22810184305529166,0.23076923076923078,0.5025687399512693,0.07692307692307693,0.3331453392824736,0.23076923076923078,0.5025687399512693,0.15384615384615385,0.4223517050863101,2.058321255424562,1.2686478848054341,1.3674145257408599,0.8340576562282991
F1,Lens,Fora,Lay Cantos Over 10.5,Total de cantos Over 10.5,13,0.23076923076923078,0.08179379092465708,0.5025687399512693,-0.11257840871574776,0.0,2.773500981126145,False,0.0,0.22810184305529166,0.23076923076923078,0.5025687399512693,0.07692307692307693,0.3331453392824736,0.23076923076923078,0.5025687399512693,0.15384615384615385,0.4223517050863101,2.058321255424562,1.2686478848054341,1.3674145257408599,0.8340576562282991
F1,Lens,Fora,Lay Derrota,Equipa perde o jogo,13,0.3076923076923077,0.1268049716161809,0.5763111218666236,-0.17299438758666225,0.0,2.496150883013531,False,0.0,0.22810184305529166,0.23076923076923078,0.5025687399512693,0.07692307692307693,0.3331453392824736,0.23076923076923078,0.5025687399512693,0.15384615384615385,0.4223517050863101,2.058321255424562,1.2686478848054341,1.3674145257408599,0.8340576562282991
F1,Lens,Total,Lay Empate,Jogo termina empatado,26,0.07692307692307693,0.021354639183375553,0.24141947480515055,-0.15054473423572134,0.39645131298712366,6.572799225880255,True,0.0,0.12873304380462175,0.23076923076923078,0.42051925751956787,0.038461538461538464,0.18893176991958402,0.15384615384615385,0.33531584418313565,0.11538461538461539,0.28976293086898336,1.7541160386140584,1.2802551520840952,1.2917581249035897,0.6635007431432188
F1,Lille,Casa,Lay Derrota,Equipa perde o jogo,13,0.23076923076923078,0.08179379092465708,0.5025687399512693,-0.06107626279300099,0.0,2.773500981126145,False,0.07692307692307693,0.3331453392824736,0.07692307692307693,0.3331453392824736,0.0,0.22810184305529166,0.15384615384615385,0.4223517050863101,0.15384615384615385,0.4223517050863101,1.8652854850741756,1.9821690348807888,1.2917581249035894,1.0392304845413263
F1,Lille,Casa,Lay Empate,Jogo termina empatado,13,0.23076923076923078,0.08179379092465708,0.5025687399512693,0.00330141961043251,0.0,2.773500981126145,False,0.07692307692307693,0.3331453392824736,0.07692307692307693,0.3331453392824736,0.0,0.22810184305529166,0.15384615384615385,0.4223517050863101,0.15384615384615385,0.4223517050863101,1.8652854850741756,1.9821690348807888,1.2917581249035894,1.0392304845413263
F1,Lille,Casa,Lay Over 3.5,Mais de 3.5 golos no jogo,13,0.23076923076923078,0.08179379092465708,0.5025687399512693,-0.08682733575437435,0.0,2.773500981126145,False,0.07692307692307693,0.3331453392824736,0.07692307692307693,0.3331453392824736,0.0,0.22810184305529166,0.15384615384615385,0.4223517050863101,0.15384615384615385,0.4223517050863101,1.8652854850741756,1.9821690348807888,1.2917581249035894,1.0392304845413263
F1,Lille,Casa,Lay Over 2.5,Mais de 2.5 golos no jogo,13,0.3076923076923077,0.1268049716161809,0.5763111218666236,-0.1901617695609112,0.0,2.496150883013531,False,0.07692307692307693,0.3331453392824736,0.07692307692307693,0.3331453392824736,0.0,0.22810184305529166,0.15384615384615385,0.4223517050863101,0.15384615384615385,0.4223517050863101,1.8652854850741756,1.9821690348807888,1.2917581249035894,1.0392304845413263
F1,Lille,Casa,Lay Clean Sheet,Equipa não sofre golos (clean sheet),13,0.3076923076923077,0.1268049716161809,0.5763111218666236,-0.06569825024760645,0.0,2.496150883013531,False,0.07692307692307693,0.3331453392824736,0.07692307692307693,0.3331453392824736,0.0,0.22810184305529166,0.15384615384615385,0.4223517050863101,0.15384615384615385,0.4223517050863101,1.8652854850741756,1.9821690348807888,1.2917581249035894,1.0392304845413263
F1,Lille,Fora,Lay Empate,Jogo termina empatado,13,0.15384615384615385,0.04325726318273798,0.4223517050863101,-0.07362165731264442,0.0,3.05085107923876,False,0.15384615384615385,0.4223517050863101,0.07692307692307693,0.3331453392824736,0.07692307692307693,0.3331453392824736,0.46153846153846156,0.7085656756816795,0.38461538461538464,0.6447751902773147,2.3357271462598423,2.385855756810896,1.3931361750980642,1.3152946437965907
F1,Lille,Fora,Lay Over 3.5,Mais de 3.5 golos no jogo,13,0.23076923076923078,0.08179379092465708,0.5025687399512693,-0.08682733575437435,0.0,2.773500981126145,False,0.15384615384615385,0.4223517050863101,0.07692307692307693,0.3331453392824736,0.07692307692307693,0.3331453392824736,0.46153846153846156,0.7085656756816795,0.38461538461538464,0.6447751902773147,2.3357271462598423,2.385855756810896,1.3931361750980642,1.3152946437965907
F1,Lille,Fora,Lay BTTS,Ambas as equipas marcam,13,0.3076923076923077,0.1268049716161809,0.5763111218666236,-0.16870254209310004,0.0,2.496150883013531,False,0.15384615384615385,0.4223517050863101,0.07692307692307693,0.3331453392824736,0.07692307692307693,0.3331453392824736,0.46153846153846156,0.7085656756816795,0.38461538461538464,0.6447751902773147,2.3357271462598423,2.385855756810896,1.3931361750980642,1.3152946437965907
F1,Lille,Fora,Lay Clean Sheet,Equipa não sofre golos (clean sheet),13,0.3076923076923077,0.1268049716161809,0.5763111218666236,0.08451634202707164,0.0,2.496150883013531,False,0.15384615384615385,0.4223517050863101,0.07692307692307693,0.3331453392824736,0.07692307692307693,0.3331453392824736,0.46153846153846156,0.7085656756816795,0.38461538461538464,0.6447751902773147,2.3357271462598423,2.385855756810896,1.3931361750980642,1.3152946437965907
F1,Lille,Fora,Lay Derrota,Equipa perde o jogo,13,0.38461538461538464,0.17709446581236818,0.6447751902773147,-0.09607131066358532,0.0,2.2188007849009166,False,0.15384615384615385,0.4223517050863101,0.07692307692307693,0.3331453392824736,0.07692307692307693,0.3331453392824736,0.46153846153846156,0.7085656756816795,0.38461538461538464,0.6447751902773147,2.3357271462598423,2.385855756810896,1.3931361750980642,1.3152946437965907
F1,Lille,Total,Lay Empate,Jogo termina empatado,26,0.19230769230769232,0.08506935771788268,0.3787663615465,-0.035160118851105954,0.053084096133750036,4.337062441094017,True,0.11538461538461539,0.28976293086898336,0.07692307692307693,0.24141947480515055,0.038461538461538464,0.18893176991958402,0.3076923076923077,0.4998861151423124,0.2692307692307692,0.46083403419761304,2.122366101741753,2.201734120209494,1.3521842947113036,1.1853269591129698
F1,Lorient,Casa,Lay Derrota,Equipa perde o jogo,13,0.07692307692307693,0.013710066379696304,0.3331453392824736,-0.21492241663915485,0.1671366517938161,3.88446557863012,True,0.07692307692307693,0.3331453392824736,0.07692307692307693,0.3331453392824736,0.0,0.22810184305529166,0.0,0.22810184305529166,0.0,0.22810184305529166,2.205426336435608,1.8235799370968766,1.1094003924504583,0.4803844614152614
F1,Lorient,Fora,Lay Vitória,Equipa vence o jogo,13,0.15384615384615385,0.04325726318273798,0.4223517050863101,-0.13799933971607792,0.0,3.05085107923876,False,0.15384615384615385,0.4223517050863101,0.0,0.22810184305529166,0.07692307692307693,0.3331453392824736,0.5384615384615384,0.7679424569851186,0.46153846153846156,0.7085656756816795,1.7166087388016458,1.4472990555559062,1.0262818510866412,1.2984415324623362
F1,Lorient,Fora,Lay Clean Sheet,Equipa não sofre golos (clean sheet),13,0.15384615384615385,0.04325726318273798,0.4223517050863101,-0.06932981181908221,0.0,3.05085107923876,False,0.15384615384615385,0.4223517050863101,0.0,0.22810184305529166,0.07692307692307693,0.3331453392824736,0.5384615384615384,0.7679424569851186,0.46153846153846156,0.7085656756816795,1.7166087388016458,1.4472990555559062,1.0262818510866412,1.2984415324623362
F1,Lorient,Fora,Lay Over 3.5,Mais de 3.5 golos no jogo,13,0.23076923076923078,0.08179379092465708,0.5025687399512693,-0.08682733575437435,0.0,2.773500981126145,False,0.15384615384615385,0.4223517050863101,0.0,0.22810184305529166,0.07692307692307693,0.3331453392824736,0.5384615384615384,0.7679424569851186,0.46153846153846156,0.7085656756816795,1.7166087388016458,1.4472990555559062,1.0262818510866412,1.2984415324623362
F1,Lorient,Fora,Lay Over 2.5,Mais de 2.5 golos no jogo,13,0.3076923076923077,0.1268049716161809,0.5763111218666236,-0.1901617695609112,0.0,2.496150883013531,False,0.15384615384615385,0.4223517050863101,0.0,0.22810184305529166,0.07692307692307693,0.3331453392824736,0.5384615384615384,0.7679424569851186,0.46153846153846156,0.7085656756816795,1.7166087388016458,1.4472990555559062,1.0262818510866412,1.2984415324623362
F1,Lorient,Fora,Lay Cantos Over 10.5,Total de cantos Over 10.5,13,0.3076923076923077,0.1268049716161809,0.5763111218666236,-0.03565533179267083,0.0,2.496150883013531,False,0.15384615384615385,0.4223517050863101,0.0,0.22810184305529166,0.07692307692307693,0.3331453392824736,0.5384615384615384,0.7679424569851186,0.46153846153846156,0.7085656756816795,1.7166087388016458,1.4472990555559062,1.0262818510866412,1.2984415324623362
F1,Lorient,Total,Lay Clean Sheet,Equipa não sofre golos (clean sheet),26,0.19230769230769232,0.08506935771788268,0.3787663615465,-0.10597556949488277,0.053084096133750036,4.337062441094017,True,0.11538461538461539,0.28976293086898336,0.038461538461538464,0.18893176991958402,0.038461538461538464,0.18893176991958402,0.2692307692307692,0.46083403419761304,0.23076923076923078,0.42051925751956787,2.0815475581130474,1.7204822497188494,1.2144348772189957,0.8308338458886162
F1,Lyon,Casa,Lay Empate,Jogo termina empatado,12,0.08333333333333333,0.014864709450773488,0.35388592179859524,-0.14413447782546496,0.11528519550351196,3.541506143159363,True,0.0,0.2425007574992425,0.16666666666666666,0.44803635738467273,0.0,0.2425007574992425,0.0,0.2425007574992425,0.0,0.2425007574992425,1.224744871391589,1.1785113019775793,1.1785113019775793,0.4472135954999579
F1,Lyon,Casa,Lay Over 3.5,Mais de 3.5 golos no jogo,12,0.08333333333333333,0.014864709450773488,0.35388592179859524,-0.2342632331902718,0.11528519550351196,3.541506143159363,True,0.0,0.2425007574992425,0.16666666666666666,0.44803635738467273,0.0,0.2425007574992425,0.0,0.2425007574992425,0.0,0.2425007574992425,1.224744871391589,1.1785113019775793,1.1785113019775793,0.4472135954999579
F1,Lyon,Fora,Lay Empate,Jogo termina empatado,14,0.2857142857142857,0.11721187910109102,0.546495411724844,0.058246474555487426,0.0,2.6726124191242437,False,0.0,0.21531701192718142,0.07142857142857142,0.3146926955395781,0.21428571428571427,0.4758972377320828,0.2857142857142857,0.546495411724844,0.07142857142857142,0.3146926955395781,1.386891988496257,2.3657850230970277,1.287696884094282,0.9797958971132713
F1,Lyon,Fora,Lay Cantos Over 10.5,Total de cantos Over 10.5,14,0.2857142857142857,0.11721187910109102,0.546495411724844,-0.05763335377069284,0.0,2.6726124191242437,False,0.0,0.21531701192718142,0.07142857142857142,0.3146926955395781,0.21428571428571427,0.4758972377320828,0.2857142857142857,0.546495411724844,0.07142857142857142,0.3146926955395781,1.386891988496257,2.3657850230970277,1.287696884094282,0.9797958971132713
F1,Lyon,Fora,Lay Vitória,Equipa vence o jogo,14,0.35714285714285715,0.16344490737202735,0.6123599531785959,0.06529736358062538,0.0,2.405351177211819,False,0.0,0.21531701192718142,0.07142857142857142,0.3146926955395781,0.21428571428571427,0.4758972377320828,0.2857142857142857,0.546495411724844,0.07142857142857142,0.3146926955395781,1.386891988496257,2.3657850230970277,1.287696884094282,0.9797958971132713
F1,Lyon,Fora,Lay Derrota,Equipa perde o jogo,14,0.35714285714285715,0.16344490737202735,0.6123599531785959,-0.1235438381361128,0.0,2.405351177211819,False,0.0,0.21531701192718142,0.07142857142857142,0.3146926955395781,0.21428571428571427,0.4758972377320828,0.2857142857142857,0.546495411724844,0.07142857142857142,0.3146926955395781,1.386891988496257,2.3657850230970277,1.287696884094282,0.9797958971132713
F1,Lyon,Fora,Lay Clean Sheet,Equipa não sofre golos (clean sheet),14,0.42857142857142855,0.21380509930400526,0.6740973309713064,0.20539546290619248,0.0,2.1380899352993947,False,0.0,0.21531701192718142,0.07142857142857142,0.3146926955395781,0.21428571428571427,0.4758972377320828,0.2857142857142857,0.546495411724844,0.07142857142857142,0.3146926955395781,1.386891988496257,2.3657850230970277,1.287696884094282,0.9797958971132713
F1,Lyon,Total,Lay Empate,Jogo termina empatado,26,0.19230769230769232,0.08506935771788268,0.3787663615465,-0.035160118851105954,0.053084096133750036,4.337062441094017,True,0.0,0.12873304380462175,0.11538461538461539,0.28976293086898336,0.11538461538461539,0.28976293086898336,0.15384615384615385,0.33531584418313565,0.038461538461538464,0.18893176991958402,1.3936669947687261,1.9249990394218768,1.330680299385092,0.7483314773547883
F1,Marseille,Casa,Lay Derrota,Equipa perde o jogo,13,0.07692307692307693,0.013710066379696304,0.3331453392824736,-0.21492241663915485,0.1671366517938161,3.88446557863012,True,0.0,0.22810184305529166,0.3076923076923077,0.5763111218666236,0.0,0.22810184305529166,0.07692307692307693,0.3331453392824736,0.07692307692307693,0.3331453392824736,1.688807569238473,2.0897042626470963,1.065877420042386,0.6485131684555363
F1,Marseille,Casa,Lay Cantos Over 10.5,Total de cantos Over 10.5,13,0.07692307692307693,0.013710066379696304,0.3331453392824736,-0.2664245625619016,0.1671366517938161,3.88446557863012,True,0.0,0.22810184305529166,0.3076923076923077,0.5763111218666236,0.0,0.22810184305529166,0.07692307692307693,0.3331453392824736,0.07692307692307693,0.3331453392824736,1.688807569238473,2.0897042626470963,1.065877420042386,0.6485131684555363
F1,Marseille,Fora,Lay Empate,Jogo termina empatado,13,0.07692307692307693,0.013710066379696304,0.3331453392824736,-0.15054473423572134,0.1671366517938161,3.88446557863012,True,0.07692307692307693,0.3331453392824736,0.23076923076923078,0.5025687399512693,0.0,0.22810184305529166,0.38461538461538464,0.6447751902773147,0.38461538461538464,0.6447751902773147,2.315371837429602,1.9791815892720932,1.4472990555559062,1.1291589790636216
F1,Marseille,Total,Lay Empate,Jogo termina empatado,26,0.15384615384615385,0.06149933998929479,0.33531584418313565,-0.07362165731264442,0.16171038954216094,5.012263338431423,True,0.038461538461538464,0.18893176991958402,0.2692307692307692,0.46083403419761304,0.0,0.12873304380462175,0.23076923076923078,0.42051925751956787,0.23076923076923078,0.42051925751956787,2.1178307535286467,2.071217233513271,1.339544212866769,0.865665641279582
F1,Marseille,Total,Lay Cantos Over 10.5,Total de cantos Over 10.5,26,0.19230769230769232,0.08506935771788268,0.3787663615465,-0.15103994717728622,0.053084096133750036,4.337062441094017,True,0.038461538461538464,0.18893176991958402,0.2692307692307692,0.46083403419761304,0.0,0.12873304380462175,0.23076923076923078,0.42051925751956787,0.23076923076923078,0.42051925751956787,2.1178307535286467,2.071217233513271,1.339544212866769,0.865665641279582
F1,Metz,Casa,Lay Cantos Over 10.5,Total de cantos Over 10.5,13,0.07692307692307693,0.013710066379696304,0.3331453392824736,-0.2664245625619016,0.1671366517938161,3.88446557863012,True,0.15384615384615385,0.4223517050863101,0.0,0.22810184305529166,0.15384615384615385,0.4223517050863101,0.46153846153846156,0.7085656756816795,0.3076923076923077,0.5763111218666236,1.3674145257408596,2.292256065500206,1.0658774200423857,1.0377490433255416
F1,Metz,Fora,Lay Vitória,Equipa vence o jogo,13,0.07692307692307693,0.013710066379696304,0.3331453392824736,-0.21492241663915485,0.1671366517938161,3.88446557863012,True,0.46153846153846156,0.7085656756816795,0.0,0.22810184305529166,0.0,0.22810184305529166,0.38461538461538464,0.6447751902773147,0.38461538461538464,0.6447751902773147,1.7742403991801226,1.760849714193784,0.8213137116947163,0.8975274678557508
F1,Metz,Fora,Lay Empate,Jogo termina empatado,13,0.07692307692307693,0.013710066379696304,0.3331453392824736,-0.15054473423572134,0.1671366517938161,3.88446557863012,True,0.46153846153846156,0.7085656756816795,0.0,0.22810184305529166,0.0,0.22810184305529166,0.38461538461538464,0.6447751902773147,0.38461538461538464,0.6447751902773147,1.7742403991801226,1.760849714193784,0.8213137116947163,0.8975274678557508
F1,Metz,Fora,Lay Clean Sheet,Equipa não sofre golos (clean sheet),13,0.07692307692307693,0.013710066379696304,0.3331453392824736,-0.14625288874215914,0.1671366517938161,3.88446557863012,True,0.46153846153846156,0.7085656756816795,0.0,0.22810184305529166,0.0,0.22810184305529166,0.38461538461538464,0.6447751902773147,0.38461538461538464,0.6447751902773147,1.7742403991801226,1.760849714193784,0.8213137116947163,0.8975274678557508
F1,Metz,Total,Lay Vitória,Equipa vence o jogo,26,0.11538461538461539,0.04003171821149494,0.28976293086898336,-0.2708814790359855,0.27559267282754163,5.753779015127041,True,0.3076923076923077,0.4998861151423124,0.0,0.12873304380462175,0.07692307692307693,0.24141947480515055,0.4230769230769231,0.6105170307888017,0.34615384615384615,0.53779770990367,1.6857390000623944,2.1041660563984506,0.970725343394151,0.9773433378296492
F1,Metz,Total,Lay Empate,Jogo termina empatado,26,0.15384615384615385,0.06149933998929479,0.33531584418313565,-0.07362165731264442,0.16171038954216094,5.012263338431423,True,0.3076923076923077,0.4998861151423124,0.0,0.12873304380462175,0.07692307692307693,0.24141947480515055,0.4230769230769231,0.6105170307888017,0.34615384615384615,0.53779770990367,1.6857390000623944,2.1041660563984506,0.970725343394151,0.9773433378296492
F1,Metz,Total,Lay Clean Sheet,Equipa não sofre golos (clean sheet),26,0.15384615384615385,0.06149933998929479,0.33531584418313565,-0.14443710795642123,0.16171038954216094,5.012263338431423,True,0.3076923076923077,0.4998861151423124,0.0,0.12873304380462175,0.07692307692307693,0.24141947480515055,0.4230769230769231,0.6105170307888017,0.34615384615384615,0.53779770990367,1.6857390000623944,2.1041660563984506,0.970725343394151,0.9773433378296492
F1,Metz,Total,Lay Cantos Over 10.5,Total de cantos Over 10.5,26,0.15384615384615385,0.06149933998929479,0.33531584418313565,-0.18950148563882468,0.16171038954216094,5.012263338431423,True,0.3076923076923077,0.4998861151423124,0.0,0.12873304380462175,0.07692307692307693,0.24141947480515055,0.4230769230769231,0.6105170307888017,0.34615384615384615,0.53779770990367,1.6857390000623944,2.1041660563984506,0.970725343394151,0.9773433378296492
F1,Monaco,Casa,Lay Empate,Jogo termina empatado,14,0.07142857142857142,0.012721886112291648,0.3146926955395781,-0.15603923973022685,0.21326826115105474,4.215374569226061,True,0.07142857142857142,0.3146926955395781,0.14285714285714285,0.399419077638637,0.0,0.21531701192718142,0.07142857142857142,0.3146926955395781,0.07142857142857142,0.3146926955395781,1.979486637221574,1.7202277969703277,1.3627702877384937,0.644191092836876
F1,Monaco,Fora,Lay Clean Sheet,Equipa não sofre golos (clean sheet),12,0.16666666666666666,0.046964147614822246,0.44803635738467273,-0.05650929899856941,0.0,2.8867513459481287,False,0.08333333333333333,0.35388592179859524,0.0,0.2425007574992425,0.16666666666666666,0.44803635738467273,0.4166666666666667,0.6804926643446271,0.25,0.53231033912066,1.4624940645653537,2.3392781412697,1.299038105676658,1.1592023119369632
F1,Monaco,Fora,Lay Empate,Jogo termina empatado,12,0.25,0.08894003962896137,0.53231033912066,0.022532188841201728,0.0,2.598076211353316,False,0.08333333333333333,0.35388592179859524,0.0,0.2425007574992425,0.16666666666666666,0.44803635738467273,0.4166666666666667,0.6804926643446271,0.25,0.53231033912066,1.4624940645653537,2.3392781412697,1.299038105676658,1.1592023119369632
F1,Monaco,Fora,Lay Vitória,Equipa vence o jogo,12,0.3333333333333333,0.13811783989736134,0.609382412602386,0.04148783977110154,0.0,2.3094010767585034,False,0.08333333333333333,0.35388592179859524,0.0,0.2425007574992425,0.16666666666666666,0.44803635738467273,0.4166666666666667,0.6804926643446271,0.25,0.53231033912066,1.4624940645653537,2.3392781412697,1.299038105676658,1.1592023119369632
F1,Monaco,Fora,Lay Derrota,Equipa perde o jogo,12,0.4166666666666667,0.19325746190524654,0.6804926643446271,-0.06402002861230327,0.0,2.02072594216369,False,0.08333333333333333,0.35388592179859524,0.0,0.2425007574992425,0.16666666666666666,0.44803635738467273,0.4166666666666667,0.6804926643446271,0.25,0.53231033912066,1.4624940645653537,2.3392781412697,1.299038105676658,1.1592023119369632
F1,Monaco,Fora,Lay Over 3.5,Mais de 3.5 golos no jogo,12,0.4166666666666667,0.19325746190524654,0.6804926643446271,0.09907010014306156,0.0,2.02072594216369,False,0.08333333333333333,0.35388592179859524,0.0,0.2425007574992425,0.16666666666666666,0.44803635738467273,0.4166666666666667,0.6804926643446271,0.25,0.53231033912066,1.4624940645653537,2.3392781412697,1.299038105676658,1.1592023119369632
F1,Monaco,Total,Lay Empate,Jogo termina empatado,26,0.15384615384615385,0.06149933998929479,0.33531584418313565,-0.07362165731264442,0.16171038954216094,5.012263338431423,True,0.07692307692307693,0.24141947480515055,0.07692307692307693,0.24141947480515055,0.07692307692307693,0.24141947480515055,0.23076923076923078,0.42051925751956787,0.15384615384615385,0.33531584418313565,1.8138194034694763,2.05112178861129,1.3851494696437774,0.8563488385776753
F1,Nantes,Casa,Lay Vitória,Equipa vence o jogo,13,0.15384615384615385,0.04325726318273798,0.4223517050863101,-0.3268405414328161,0.0,3.05085107923876,False,0.07692307692307693,0.3331453392824736,0.0,0.22810184305529166,0.0,0.22810184305529166,0.38461538461538464,0.6447751902773147,0.38461538461538464,0.6447751902773147,1.2917581249035897,1.9368735864637185,1.076923076923077,0.9930312739844155
F1,Nantes,Casa,Lay Empate,Jogo termina empatado,13,0.15384615384615385,0.04325726318273798,0.4223517050863101,-0.07362165731264442,0.0,3.05085107923876,False,0.07692307692307693,0.3331453392824736,0.0,0.22810184305529166,0.0,0.22810184305529166,0.38461538461538464,0.6447751902773147,0.38461538461538464,0.6447751902773147,1.2917581249035897,1.9368735864637185,1.076923076923077,0.9930312739844155
F1,Nantes,Casa,Lay Clean Sheet,Equipa não sofre golos (clean sheet),13,0.15384615384615385,0.04325726318273798,0.4223517050863101,-0.2195444040937603,0.0,3.05085107923876,False,0.07692307692307693,0.3331453392824736,0.0,0.22810184305529166,0.0,0.22810184305529166,0.38461538461538464,0.6447751902773147,0.38461538461538464,0.6447751902773147,1.2917581249035897,1.9368735864637185,1.076923076923077,0.9930312739844155
F1,Nantes,Casa,Lay Over 3.5,Mais de 3.5 golos no jogo,13,0.23076923076923078,0.08179379092465708,0.5025687399512693,-0.08682733575437435,0.0,2.773500981126145,False,0.07692307692307693,0.3331453392824736,0.0,0.22810184305529166,0.0,0.22810184305529166,0.38461538461538464,0.6447751902773147,0.38461538461538464,0.6447751902773147,1.2917581249035897,1.9368735864637185,1.076923076923077,0.9930312739844155
F1,Nantes,Casa,Lay Over 2.5,Mais de 2.5 golos no jogo,13,0.38461538461538464,0.17709446581236818,0.6447751902773147,-0.11323869263783426,0.0,2.2188007849009166,False,0.07692307692307693,0.3331453392824736,0.0,0.22810184305529166,0.0,0.22810184305529166,0.38461538461538464,0.6447751902773147,0.38461538461538464,0.6447751902773147,1.2917581249035897,1.9368735864637185,1.076923076923077,0.9930312739844155
F1,Nantes,Fora,Lay Vitória,Equipa vence o jogo,12,0.16666666666666666,0.046964147614822246,0.44803635738467273,-0.12517882689556512,0.0,2.8867513459481287,False,0.16666666666666666,0.44803635738467273,0.0,0.2425007574992425,0.08333333333333333,0.35388592179859524,0.4166666666666667,0.6804926643446271,0.3333333333333333,0.609382412602386,1.4215601757693317,1.4409680388158819,1.0897247358851685,0.9591663046625438
F1,Nantes,Fora,Lay Clean Sheet,Equipa não sofre golos (clean sheet),12,0.16666666666666666,0.046964147614822246,0.44803635738467273,-0.05650929899856941,0.0,2.8867513459481287,False,0.16666666666666666,0.44803635738467273,0.0,0.2425007574992425,0.08333333333333333,0.35388592179859524,0.4166666666666667,0.6804926643446271,0.3333333333333333,0.609382412602386,1.4215601757693317,1.4409680388158819,1.0897247358851685,0.9591663046625438
F1,Nantes,Fora,Lay Empate,Jogo termina empatado,12,0.25,0.08894003962896137,0.53231033912066,0.022532188841201728,0.0,2.598076211353316,False,0.16666666666666666,0.44803635738467273,0.0,0.2425007574992425,0.08333333333333333,0.35388592179859524,0.4166666666666667,0.6804926643446271,0.3333333333333333,0.609382412602386,1.4215601757693317,1.4409680388158819,1.0897247358851685,0.9591663046625438
F1,Nantes,Fora,Lay Over 3.5,Mais de 3.5 golos no jogo,12,0.25,0.08894003962896137,0.53231033912066,-0.06759656652360513,0.0,2.598076211353316,False,0.16666666666666666,0.44803635738467273,0.0,0.2425007574992425,0.08333333333333333,0.35388592179859524,0.4166666666666667,0.6804926643446271,0.3333333333333333,0.609382412602386,1.4215601757693317,1.4409680388158819,1.0897247358851685,0.9591663046625438
F1,Nantes,Fora,Lay Cantos Over 10.5,Total de cantos Over 10.5,12,0.4166666666666667,0.19325746190524654,0.6804926643446271,0.07331902718168815,0.0,2.02072594216369,False,0.16666666666666666,0.44803635738467273,0.0,0.2425007574992425,0.08333333333333333,0.35388592179859524,0.4166666666666667,0.6804926643446271,0.3333333333333333,0.609382412602386,1.4215601757693317,1.4409680388158819,1.0897247358851685,0.9591663046625438
F1,Nantes,Total,Lay Vitória,Equipa vence o jogo,25,0.16,0.06403347608577989,0.34654013980238163,-0.22626609442060083,0.13364965049404598,4.761328532074993,True,0.12,0.29956192183373487,0.0,0.13319649395317873,0.04,0.19544472405022525,0.4,0.5926087221487266,0.36,0.5548184539895337,1.3564659966250538,1.7223240113288787,1.085172797300043,0.9812287793146774
F1,Nantes,Total,Lay Clean Sheet,Equipa não sofre golos (clean sheet),25,0.16,0.06403347608577989,0.34654013980238163,-0.13828326180257508,0.13364965049404598,4.761328532074993,True,0.12,0.29956192183373487,0.0,0.13319649395317873,0.04,0.19544472405022525,0.4,0.5926087221487266,0.36,0.5548184539895337,1.3564659966250538,1.7223240113288787,1.085172797300043,0.9812287793146774
F1,Nantes,Total,Lay Empate,Jogo termina empatado,25,0.2,0.08860454100652486,0.3913133553653824,-0.02746781115879826,0.021716611586544005,4.086866446346176,True,0.12,0.29956192183373487,0.0,0.13319649395317873,0.04,0.19544472405022525,0.4,0.5926087221487266,0.36,0.5548184539895337,1.3564659966250538,1.7223240113288787,1.085172797300043,0.9812287793146774
F1,Nice,Casa,Lay Clean Sheet,Equipa não sofre golos (clean sheet),13,0.23076923076923078,0.08179379092465708,0.5025687399512693,-0.14262132717068338,0.0,2.773500981126145,False,0.15384615384615385,0.4223517050863101,0.0,0.22810184305529166,0.07692307692307693,0.3331453392824736,0.3076923076923077,0.5763111218666236,0.23076923076923078,0.5025687399512693,1.8138194034694763,1.9399261866028448,1.2015768732164085,0.868519003543141
F1,Nice,Casa,Lay Vitória,Equipa vence o jogo,13,0.3076923076923077,0.1268049716161809,0.5763111218666236,-0.17299438758666225,0.0,2.496150883013531,False,0.15384615384615385,0.4223517050863101,0.0,0.22810184305529166,0.07692307692307693,0.3331453392824736,0.3076923076923077,0.5763111218666236,0.23076923076923078,0.5025687399512693,1.8138194034694763,1.9399261866028448,1.2015768732164085,0.868519003543141
F1,Nice,Casa,Lay Derrota,Equipa perde o jogo,13,0.3076923076923077,0.1268049716161809,0.5763111218666236,0.015846814130075937,0.0,2.496150883013531,False,0.15384615384615385,0.4223517050863101,0.0,0.22810184305529166,0.07692307692307693,0.3331453392824736,0.3076923076923077,0.5763111218666236,0.23076923076923078,0.5025687399512693,1.8138194034694763,1.9399261866028448,1.2015768732164085,0.868519003543141
F1,Nice,Casa,Lay Empate,Jogo termina empatado,13,0.38461538461538464,0.17709446581236818,0.6447751902773147,0.15714757345658636,0.0,2.2188007849009166,False,0.15384615384615385,0.4223517050863101,0.0,0.22810184305529166,0.07692307692307693,0.3331453392824736,0.3076923076923077,0.5763111218666236,0.23076923076923078,0.5025687399512693,1.8138194034694763,1.9399261866028448,1.2015768732164085,0.868519003543141
F1,Nice,Casa,Lay Over 2.5,Mais de 2.5 golos no jogo,13,0.46153846153846156,0.23205754301488138,0.7085656756816795,-0.03631561571475733,0.0,1.9414506867883017,False,0.15384615384615385,0.4223517050863101,0.0,0.22810184305529166,0.07692307692307693,0.3331453392824736,0.3076923076923077,0.5763111218666236,0.23076923076923078,0.5025687399512693,1.8138194034694763,1.9399261866028448,1.2015768732164085,0.868519003543141
F1,Nice,Fora,Lay Empate,Jogo termina empatado,13,0.07692307692307693,0.013710066379696304,0.3331453392824736,-0.15054473423572134,0.1671366517938161,3.88446557863012,True,0.15384615384615385,0.4223517050863101,0.07692307692307693,0.3331453392824736,0.0,0.22810184305529166,0.3076923076923077,0.5763111218666236,0.3076923076923077,0.5763111218666236,1.8998598515736107,1.5268794800984007,1.2498520622516862,0.9521904571390467
F1,Nice,Fora,Lay Clean Sheet,Equipa não sofre golos (clean sheet),13,0.07692307692307693,0.013710066379696304,0.3331453392824736,-0.14625288874215914,0.1671366517938161,3.88446557863012,True,0.15384615384615385,0.4223517050863101,0.07692307692307693,0.3331453392824736,0.0,0.22810184305529166,0.3076923076923077,0.5763111218666236,0.3076923076923077,0.5763111218666236,1.8998598515736107,1.5268794800984007,1.2498520622516862,0.9521904571390467
F1,Nice,Total,Lay Clean Sheet,Equipa não sofre golos (clean sheet),26,0.15384615384615385,0.06149933998929479,0.33531584418313565,-0.14443710795642123,0.16171038954216094,5.012263338431423,True,0.15384615384615385,0.33531584418313565,0.038461538461538464,0.18893176991958402,0.038461538461538464,0.18893176991958402,0.3076923076923077,0.4998861151423124,0.2692307692307692,0.46083403419761304,1.8826520385416026,1.7524285769068488,1.2551668363139015,0.9100137361600648
F1,Paris FC,Casa,Lay Vitória,Equipa vence o jogo,12,0.25,0.08894003962896137,0.53231033912066,-0.23068669527896996,0.0,2.598076211353316,False,0.16666666666666666,0.44803635738467273,0.0,0.2425007574992425,0.08333333333333333,0.35388592179859524,0.3333333333333333,0.609382412602386,0.25,0.53231033912066,1.8008485654145259,1.846543317180028,1.1873172373979173,0.8717797887081348
F1,Paris FC,Casa,Lay Clean Sheet,Equipa não sofre golos (clean sheet),12,0.25,0.08894003962896137,0.53231033912066,-0.12339055793991416,0.0,2.598076211353316,False,0.16666666666666666,0.44803635738467273,0.0,0.2425007574992425,0.08333333333333333,0.35388592179859524,0.3333333333333333,0.609382412602386,0.25,0.53231033912066,1.8008485654145259,1.846543317180028,1.1873172373979173,0.8717797887081348
F1,Paris FC,Casa,Lay Empate,Jogo termina empatado,12,0.3333333333333333,0.13811783989736134,0.609382412602386,0.10586552217453504,0.0,2.3094010767585034,False,0.16666666666666666,0.44803635738467273,0.0,0.2425007574992425,0.08333333333333333,0.35388592179859524,0.3333333333333333,0.609382412602386,0.25,0.53231033912066,1.8008485654145259,1.846543317180028,1.1873172373979173,0.8717797887081348
F1,Paris FC,Casa,Lay Cantos Over 10.5,Total de cantos Over 10.5,12,0.3333333333333333,0.13811783989736134,0.609382412602386,-0.010014306151645225,0.0,2.3094010767585034,False,0.16666666666666666,0.44803635738467273,0.0,0.2425007574992425,0.08333333333333333,0.35388592179859524,0.3333333333333333,0.609382412602386,0.25,0.53231033912066,1.8008485654145259,1.846543317180028,1.1873172373979173,0.8717797887081348
F1,Paris FC,Casa,Lay Derrota,Equipa perde o jogo,12,0.4166666666666667,0.19325746190524654,0.6804926643446271,0.12482117310443491,0.0,2.02072594216369,False,0.16666666666666666,0.44803635738467273,0.0,0.2425007574992425,0.08333333333333333,0.35388592179859524,0.3333333333333333,0.609382412602386,0.25,0.53231033912066,1.8008485654145259,1.846543317180028,1.1873172373979173,0.8717797887081348
F1,Paris FC,Fora,Lay Over 3.5,Mais de 3.5 golos no jogo,14,0.14285714285714285,0.04009307373792117,0.399419077638637,-0.17473942366646228,0.0014523059034075858,3.21179264390167,True,0.07142857142857142,0.3146926955395781,0.0,0.21531701192718142,0.21428571428571427,0.4758972377320828,0.2857142857142857,0.546495411724844,0.07142857142857142,0.3146926955395781,1.1088696211614302,2.021567385440701,1.099628879881475,0.7559289460184544
F1,Paris FC,Total,Lay Vitória,Equipa vence o jogo,26,0.23076923076923078,0.11033699683676688,0.42051925751956787,-0.15549686365137005,0.0,3.92232270276368,False,0.11538461538461539,0.28976293086898336,0.0,0.12873304380462175,0.15384615384615385,0.33531584418313565,0.3076923076923077,0.4998861151423124,0.15384615384615385,0.33531584418313565,1.4736341585129245,1.9761896274869428,1.1409536133993328,0.8368731792766618
F1,Paris FC,Total,Lay Over 3.5,Mais de 3.5 golos no jogo,26,0.2692307692307692,0.13704275525067386,0.46083403419761304,-0.04836579729283591,0.0,3.7262065676254967,False,0.11538461538461539,0.28976293086898336,0.0,0.12873304380462175,0.15384615384615385,0.33531584418313565,0.3076923076923077,0.4998861151423124,0.15384615384615385,0.33531584418313565,1.4736341585129245,1.9761896274869428,1.1409536133993328,0.8368731792766618
F1,Paris FC,Total,Lay Clean Sheet,Equipa não sofre golos (clean sheet),26,0.2692307692307692,0.13704275525067386,0.46083403419761304,-0.029052492571805866,0.0,3.7262065676254967,False,0.11538461538461539,0.28976293086898336,0.0,0.12873304380462175,0.15384615384615385,0.33531584418313565,0.3076923076923077,0.4998861151423124,0.15384615384615385,0.33531584418313565,1.4736341585129245,1.9761896274869428,1.1409536133993328,0.8368731792766618
F1,Paris FC,Total,Lay Cantos Over 10.5,Total de cantos Over 10.5,26,0.34615384615384615,0.19412014972852126,0.53779770990367,0.0028062066688676057,0.0,3.3339742973491284,False,0.11538461538461539,0.28976293086898336,0.0,0.12873304380462175,0.15384615384615385,0.33531584418313565,0.3076923076923077,0.4998861151423124,0.15384615384615385,0.33531584418313565,1.4736341585129245,1.9761896274869428,1.1409536133993328,0.8368731792766618
F1,Paris FC,Total,Lay Derrota,Equipa perde o jogo,26,0.38461538461538464,0.22428359511834425,0.5746547996057992,-0.0016507098052161995,0.0,3.1378581622109443,False,0.11538461538461539,0.28976293086898336,0.0,0.12873304380462175,0.15384615384615385,0.33531584418313565,0.3076923076923077,0.4998861151423124,0.15384615384615385,0.33531584418313565,1.4736341585129245,1.9761896274869428,1.1409536133993328,0.8368731792766618
F1,Paris SG,Casa,Lay Derrota,Equipa perde o jogo,12,0.08333333333333333,0.014864709450773488,0.35388592179859524,-0.20851216022889846,0.11528519550351196,3.541506143159363,True,0.0,0.2425007574992425,0.4166666666666667,0.6804926643446271,0.0,0.2425007574992425,0.0,0.2425007574992425,0.0,0.2425007574992425,1.9148542155126762,1.5184055965240497,0.9537935951882998,0.511063855411447
F1,Paris SG,Casa,Lay Empate,Jogo termina empatado,12,0.08333333333333333,0.014864709450773488,0.35388592179859524,-0.14413447782546496,0.11528519550351196,3.541506143159363,True,0.0,0.2425007574992425,0.4166666666666667,0.6804926643446271,0.0,0.2425007574992425,0.0,0.2425007574992425,0.0,0.2425007574992425,1.9148542155126762,1.5184055965240497,0.9537935951882998,0.511063855411447
F1,Paris SG,Fora,Lay Empate,Jogo termina empatado,13,0.15384615384615385,0.04325726318273798,0.4223517050863101,-0.07362165731264442,0.0,3.05085107923876,False,0.0,0.22810184305529166,0.15384615384615385,0.4223517050863101,0.0,0.22810184305529166,0.15384615384615385,0.4223517050863101,0.15384615384615385,0.4223517050863101,1.3888823142513682,2.268904800577327,1.3008872711759818,0.891039197039965
F1,Paris SG,Fora,Lay Derrota,Equipa perde o jogo,13,0.23076923076923078,0.08179379092465708,0.5025687399512693,-0.24991746450973917,0.0,2.773500981126145,False,0.0,0.22810184305529166,0.15384615384615385,0.4223517050863101,0.0,0.22810184305529166,0.15384615384615385,0.4223517050863101,0.15384615384615385,0.4223517050863101,1.3888823142513682,2.268904800577327,1.3008872711759818,0.891039197039965
F1,Paris SG,Fora,Lay Cantos Over 10.5,Total de cantos Over 10.5,13,0.23076923076923078,0.08179379092465708,0.5025687399512693,-0.11257840871574776,0.0,2.773500981126145,False,0.0,0.22810184305529166,0.15384615384615385,0.4223517050863101,0.0,0.22810184305529166,0.15384615384615385,0.4223517050863101,0.15384615384615385,0.4223517050863101,1.3888823142513682,2.268904800577327,1.3008872711759818,0.891039197039965
F1,Paris SG,Fora,Lay Over 3.5,Mais de 3.5 golos no jogo,13,0.3076923076923077,0.1268049716161809,0.5763111218666236,-0.009904258831297419,0.0,2.496150883013531,False,0.0,0.22810184305529166,0.15384615384615385,0.4223517050863101,0.0,0.22810184305529166,0.15384615384615385,0.4223517050863101,0.15384615384615385,0.4223517050863101,1.3888823142513682,2.268904800577327,1.3008872711759818,0.891039197039965
F1,Paris SG,Fora,Lay Clean Sheet,Equipa não sofre golos (clean sheet),13,0.3076923076923077,0.1268049716161809,0.5763111218666236,0.08451634202707164,0.0,2.496150883013531,False,0.0,0.22810184305529166,0.15384615384615385,0.4223517050863101,0.0,0.22810184305529166,0.15384615384615385,0.4223517050863101,0.15384615384615385,0.4223517050863101,1.3888823142513682,2.268904800577327,1.3008872711759818,0.891039197039965
F1,Paris SG,Total,Lay Empate,Jogo termina empatado,25,0.12,0.04166741357068093,0.29956192183373487,-0.10746781115879828,0.2510951954156629,5.504818859828917,True,0.0,0.13319649395317873,0.28,0.47576971896558296,0.0,0.13319649395317873,0.08,0.2496651212295782,0.08,0.2496651212295782,1.8004443895883038,1.9489484344127734,1.1838918869558994,0.7012628232874626
F1,Paris SG,Total,Lay Derrota,Equipa perde o jogo,25,0.16,0.06403347608577989,0.34654013980238163,-0.22626609442060083,0.13364965049404598,4.761328532074993,True,0.0,0.13319649395317873,0.28,0.47576971896558296,0.0,0.13319649395317873,0.08,0.2496651212295782,0.08,0.2496651212295782,1.8004443895883038,1.9489484344127734,1.1838918869558994,0.7012628232874626
F1,Rennes,Casa,Lay Derrota,Equipa perde o jogo,13,0.23076923076923078,0.08179379092465708,0.5025687399512693,-0.06107626279300099,0.0,2.773500981126145,False,0.0,0.22810184305529166,0.15384615384615385,0.4223517050863101,0.07692307692307693,0.3331453392824736,0.15384615384615385,0.4223517050863101,0.07692307692307693,0.3331453392824736,1.5268794800984007,1.5423028965971863,1.2917581249035897,0.7312470322826766
F1,Rennes,Casa,Lay Empate,Jogo termina empatado,13,0.23076923076923078,0.08179379092465708,0.5025687399512693,0.00330141961043251,0.0,2.773500981126145,False,0.0,0.22810184305529166,0.15384615384615385,0.4223517050863101,0.07692307692307693,0.3331453392824736,0.15384615384615385,0.4223517050863101,0.07692307692307693,0.3331453392824736,1.5268794800984007,1.5423028965971863,1.2917581249035897,0.7312470322826766
F1,Rennes,Casa,Lay Clean Sheet,Equipa não sofre golos (clean sheet),13,0.23076923076923078,0.08179379092465708,0.5025687399512693,-0.14262132717068338,0.0,2.773500981126145,False,0.0,0.22810184305529166,0.15384615384615385,0.4223517050863101,0.07692307692307693,0.3331453392824736,0.15384615384615385,0.4223517050863101,0.07692307692307693,0.3331453392824736,1.5268794800984007,1.5423028965971863,1.2917581249035897,0.7312470322826766
F1,Rennes,Casa,Lay Under 2.5,Menos de 2.5 golos no jogo,13,0.38461538461538464,0.17709446581236818,0.6447751902773147,-0.11753053813139652,0.0,2.2188007849009166,False,0.0,0.22810184305529166,0.15384615384615385,0.4223517050863101,0.07692307692307693,0.3331453392824736,0.15384615384615385,0.4223517050863101,0.07692307692307693,0.3331453392824736,1.5268794800984007,1.5423028965971863,1.2917581249035897,0.7312470322826766
F1,Rennes,Casa,Lay Over 3.5,Mais de 3.5 golos no jogo,13,0.46153846153846156,0.23205754301488138,0.7085656756816795,0.14394189501485644,0.0,1.9414506867883017,False,0.0,0.22810184305529166,0.15384615384615385,0.4223517050863101,0.07692307692307693,0.3331453392824736,0.15384615384615385,0.4223517050863101,0.07692307692307693,0.3331453392824736,1.5268794800984007,1.5423028965971863,1.2917581249035897,0.7312470322826766
F1,Rennes,Fora,Lay Derrota,Equipa perde o jogo,13,0.3076923076923077,0.1268049716161809,0.5763111218666236,-0.17299438758666225,0.0,2.496150883013531,False,0.23076923076923078,0.5025687399512693,0.15384615384615385,0.4223517050863101,0.0,0.22810184305529166,0.23076923076923078,0.5025687399512693,0.23076923076923078,0.5025687399512693,2.642394467279641,1.2498520622516862,1.277942132756627,0.7877173445839876
F1,Rennes,Fora,Lay Empate,Jogo termina empatado,13,0.3076923076923077,0.1268049716161809,0.5763111218666236,0.08022449653350944,0.0,2.496150883013531,False,0.23076923076923078,0.5025687399512693,0.15384615384615385,0.4223517050863101,0.0,0.22810184305529166,0.23076923076923078,0.5025687399512693,0.23076923076923078,0.5025687399512693,2.642394467279641,1.2498520622516862,1.277942132756627,0.7877173445839876
F1,Rennes,Fora,Lay Under 2.5,Menos de 2.5 golos no jogo,13,0.3076923076923077,0.1268049716161809,0.5763111218666236,-0.19445361505447345,0.0,2.496150883013531,False,0.23076923076923078,0.5025687399512693,0.15384615384615385,0.4223517050863101,0.0,0.22810184305529166,0.23076923076923078,0.5025687399512693,0.23076923076923078,0.5025687399512693,2.642394467279641,1.2498520622516862,1.277942132756627,0.7877173445839876
F1,Rennes,Fora,Lay Cantos Over 10.5,Total de cantos Over 10.5,13,0.3076923076923077,0.1268049716161809,0.5763111218666236,-0.03565533179267083,0.0,2.496150883013531,False,0.23076923076923078,0.5025687399512693,0.15384615384615385,0.4223517050863101,0.0,0.22810184305529166,0.23076923076923078,0.5025687399512693,0.23076923076923078,0.5025687399512693,2.642394467279641,1.2498520622516862,1.277942132756627,0.7877173445839876
F1,Rennes,Fora,Lay Vitória,Equipa vence o jogo,13,0.38461538461538464,0.17709446581236818,0.6447751902773147,0.09276989105315286,0.0,2.2188007849009166,False,0.23076923076923078,0.5025687399512693,0.15384615384615385,0.4223517050863101,0.0,0.22810184305529166,0.23076923076923078,0.5025687399512693,0.23076923076923078,0.5025687399512693,2.642394467279641,1.2498520622516862,1.277942132756627,0.7877173445839876
F1,Rennes,Total,Lay Derrota,Equipa perde o jogo,26,0.2692307692307692,0.13704275525067386,0.46083403419761304,-0.11703532518983162,0.0,3.7262065676254967,False,0.11538461538461539,0.28976293086898336,0.15384615384615385,0.33531584418313565,0.038461538461538464,0.18893176991958402,0.19230769230769232,0.3787663615465,0.15384615384615385,0.33531584418313565,2.2241280453539938,1.4121199808219862,1.2991804426195797,0.7674418604651163
F1,Rennes,Total,Lay Empate,Jogo termina empatado,26,0.2692307692307692,0.13704275525067386,0.46083403419761304,0.041762958071970946,0.0,3.7262065676254967,False,0.11538461538461539,0.28976293086898336,0.15384615384615385,0.33531584418313565,0.038461538461538464,0.18893176991958402,0.19230769230769232,0.3787663615465,0.15384615384615385,0.33531584418313565,2.2241280453539938,1.4121199808219862,1.2991804426195797,0.7674418604651163
F1,Rennes,Total,Lay Clean Sheet,Equipa não sofre golos (clean sheet),26,0.3076923076923077,0.1650112093979267,0.4998861151423124,0.009409045889732626,0.0,3.530090432487312,False,0.11538461538461539,0.28976293086898336,0.15384615384615385,0.33531584418313565,0.038461538461538464,0.18893176991958402,0.19230769230769232,0.3787663615465,0.15384615384615385,0.33531584418313565,2.2241280453539938,1.4121199808219862,1.2991804426195797,0.7674418604651163
F1,Rennes,Total,Lay Under 2.5,Menos de 2.5 golos no jogo,26,0.34615384615384615,0.19412014972852126,0.53779770990367,-0.15599207659293501,0.0,3.3339742973491284,False,0.11538461538461539,0.28976293086898336,0.15384615384615385,0.33531584418313565,0.038461538461538464,0.18893176991958402,0.19230769230769232,0.3787663615465,0.15384615384615385,0.33531584418313565,2.2241280453539938,1.4121199808219862,1.2991804426195797,0.7674418604651163
F1,Rennes,Total,Lay Cantos Over 10.5,Total de cantos Over 10.5,26,0.4230769230769231,0.255441899027294,0.6105170307888017,0.07972928359194453,0.0,2.94174202707276,False,0.11538461538461539,0.28976293086898336,0.15384615384615385,0.33531584418313565,0.038461538461538464,0.18893176991958402,0.19230769230769232,0.3787663615465,0.15384615384615385,0.33531584418313565,2.2241280453539938,1.4121199808219862,1.2991804426195797,0.7674418604651163
F1,Strasbourg,Casa,Lay Over 3.5,Mais de 3.5 golos no jogo,13,0.15384615384615385,0.04325726318273798,0.4223517050863101,-0.16375041267745127,0.0,3.05085107923876,False,0.0,0.22810184305529166,0.15384615384615385,0.4223517050863101,0.15384615384615385,0.4223517050863101,0.15384615384615385,0.4223517050863101,0.0,0.22810184305529166,1.6853001769389728,1.4349813927828945,1.2917581249035897,0.8247860988423225
F1,Strasbourg,Casa,Lay Derrota,Equipa perde o jogo,13,0.23076923076923078,0.08179379092465708,0.5025687399512693,-0.06107626279300099,0.0,2.773500981126145,False,0.0,0.22810184305529166,0.15384615384615385,0.4223517050863101,0.15384615384615385,0.4223517050863101,0.15384615384615385,0.4223517050863101,0.0,0.22810184305529166,1.6853001769389728,1.4349813927828945,1.2917581249035897,0.8247860988423225
F1,Strasbourg,Casa,Lay Empate,Jogo termina empatado,13,0.23076923076923078,0.08179379092465708,0.5025687399512693,0.00330141961043251,0.0,2.773500981126145,False,0.0,0.22810184305529166,0.15384615384615385,0.4223517050863101,0.15384615384615385,0.4223517050863101,0.15384615384615385,0.4223517050863101,0.0,0.22810184305529166,1.6853001769389728,1.4349813927828945,1.2917581249035897,0.8247860988423225
F1,Strasbourg,Casa,Lay Cantos Over 10.5,Total de cantos Over 10.5,13,0.3076923076923077,0.1268049716161809,0.5763111218666236,-0.03565533179267083,0.0,2.496150883013531,False,0.0,0.22810184305529166,0.15384615384615385,0.4223517050863101,0.15384615384615385,0.4223517050863101,0.15384615384615385,0.4223517050863101,0.0,0.22810184305529166,1.6853001769389728,1.4349813927828945,1.2917581249035897,0.8247860988423225
F1,Strasbourg,Casa,Lay Under 2.5,Menos de 2.5 golos no jogo,13,0.46153846153846156,0.23205754301488138,0.7085656756816795,-0.040607461208319595,0.0,1.9414506867883017,False,0.0,0.22810184305529166,0.15384615384615385,0.4223517050863101,0.15384615384615385,0.4223517050863101,0.15384615384615385,0.4223517050863101,0.0,0.22810184305529166,1.6853001769389728,1.4349813927828945,1.2917581249035897,0.8247860988423225
F1,Strasbourg,Fora,Lay Clean Sheet,Equipa não sofre golos (clean sheet),13,0.15384615384615385,0.04325726318273798,0.4223517050863101,-0.06932981181908221,0.0,3.05085107923876,False,0.07692307692307693,0.3331453392824736,0.07692307692307693,0.3331453392824736,0.07692307692307693,0.3331453392824736,0.23076923076923078,0.5025687399512693,0.15384615384615385,0.4223517050863101,1.3674145257408596,1.9153691689213437,1.1766968108291043,0.8321783316232576
F1,Strasbourg,Fora,Lay Vitória,Equipa vence o jogo,13,0.23076923076923078,0.08179379092465708,0.5025687399512693,-0.06107626279300099,0.0,2.773500981126145,False,0.07692307692307693,0.3331453392824736,0.07692307692307693,0.3331453392824736,0.07692307692307693,0.3331453392824736,0.23076923076923078,0.5025687399512693,0.15384615384615385,0.4223517050863101,1.3674145257408596,1.9153691689213437,1.1766968108291043,0.8321783316232576
F1,Strasbourg,Fora,Lay Empate,Jogo termina empatado,13,0.3076923076923077,0.1268049716161809,0.5763111218666236,0.08022449653350944,0.0,2.496150883013531,False,0.07692307692307693,0.3331453392824736,0.07692307692307693,0.3331453392824736,0.07692307692307693,0.3331453392824736,0.23076923076923078,0.5025687399512693,0.15384615384615385,0.4223517050863101,1.3674145257408596,1.9153691689213437,1.1766968108291043,0.8321783316232576
F1,Strasbourg,Fora,Lay Cantos Over 10.5,Total de cantos Over 10.5,13,0.3076923076923077,0.1268049716161809,0.5763111218666236,-0.03565533179267083,0.0,2.496150883013531,False,0.07692307692307693,0.3331453392824736,0.07692307692307693,0.3331453392824736,0.07692307692307693,0.3331453392824736,0.23076923076923078,0.5025687399512693,0.15384615384615385,0.4223517050863101,1.3674145257408596,1.9153691689213437,1.1766968108291043,0.8321783316232576
F1,Strasbourg,Fora,Lay Under 2.5,Menos de 2.5 golos no jogo,13,0.38461538461538464,0.17709446581236818,0.6447751902773147,-0.11753053813139652,0.0,2.2188007849009166,False,0.07692307692307693,0.3331453392824736,0.07692307692307693,0.3331453392824736,0.07692307692307693,0.3331453392824736,0.23076923076923078,0.5025687399512693,0.15384615384615385,0.4223517050863101,1.3674145257408596,1.9153691689213437,1.1766968108291043,0.8321783316232576
F1,Strasbourg,Total,Lay Empate,Jogo termina empatado,26,0.2692307692307692,0.13704275525067386,0.46083403419761304,0.041762958071970946,0.0,3.7262065676254967,False,0.038461538461538464,0.18893176991958402,0.11538461538461539,0.28976293086898336,0.11538461538461539,0.28976293086898336,0.19230769230769232,0.3787663615465,0.07692307692307693,0.24141947480515055,1.639472421995932,1.7443908416074718,1.3059943727961265,0.8306623862918074
F1,Strasbourg,Total,Lay Over 3.5,Mais de 3.5 golos no jogo,26,0.3076923076923077,0.1650112093979267,0.4998861151423124,-0.009904258831297419,0.0,3.530090432487312,False,0.038461538461538464,0.18893176991958402,0.11538461538461539,0.28976293086898336,0.11538461538461539,0.28976293086898336,0.19230769230769232,0.3787663615465,0.07692307692307693,0.24141947480515055,1.639472421995932,1.7443908416074718,1.3059943727961265,0.8306623862918074
F1,Strasbourg,Total,Lay Cantos Over 10.5,Total de cantos Over 10.5,26,0.3076923076923077,0.1650112093979267,0.4998861151423124,-0.03565533179267083,0.0,3.530090432487312,False,0.038461538461538464,0.18893176991958402,0.11538461538461539,0.28976293086898336,0.11538461538461539,0.28976293086898336,0.19230769230769232,0.3787663615465,0.07692307692307693,0.24141947480515055,1.639472421995932,1.7443908416074718,1.3059943727961265,0.8306623862918074
F1,Strasbourg,Total,Lay Derrota,Equipa perde o jogo,26,0.34615384615384615,0.19412014972852126,0.53779770990367,-0.04011224826675469,0.0,3.3339742973491284,False,0.038461538461538464,0.18893176991958402,0.11538461538461539,0.28976293086898336,0.11538461538461539,0.28976293086898336,0.19230769230769232,0.3787663615465,0.07692307692307693,0.24141947480515055,1.639472421995932,1.7443908416074718,1.3059943727961265,0.8306623862918074
F1,Strasbourg,Total,Lay Clean Sheet,Equipa não sofre golos (clean sheet),26,0.34615384615384615,0.19412014972852126,0.53779770990367,0.04787058435127106,0.0,3.3339742973491284,False,0.038461538461538464,0.18893176991958402,0.11538461538461539,0.28976293086898336,0.11538461538461539,0.28976293086898336,0.19230769230769232,0.3787663615465,0.07692307692307693,0.24141947480515055,1.639472421995932,1.7443908416074718,1.3059943727961265,0.8306623862918074
F1,Toulouse,Casa,Lay Vitória,Equipa vence o jogo,13,0.3076923076923077,0.1268049716161809,0.5763111218666236,-0.17299438758666225,0.0,2.496150883013531,False,0.15384615384615385,0.4223517050863101,0.15384615384615385,0.4223517050863101,0.15384615384615385,0.4223517050863101,0.38461538461538464,0.6447751902773147,0.23076923076923078,0.5025687399512693,2.081192193610567,2.4759195291432436,1.2015768732164083,1.0392304845413263
F1,Toulouse,Casa,Lay Derrota,Equipa perde o jogo,13,0.3076923076923077,0.1268049716161809,0.5763111218666236,0.015846814130075937,0.0,2.496150883013531,False,0.15384615384615385,0.4223517050863101,0.15384615384615385,0.4223517050863101,0.15384615384615385,0.4223517050863101,0.38461538461538464,0.6447751902773147,0.23076923076923078,0.5025687399512693,2.081192193610567,2.4759195291432436,1.2015768732164083,1.0392304845413263
F1,Toulouse,Casa,Lay Empate,Jogo termina empatado,13,0.38461538461538464,0.17709446581236818,0.6447751902773147,0.15714757345658636,0.0,2.2188007849009166,False,0.15384615384615385,0.4223517050863101,0.15384615384615385,0.4223517050863101,0.15384615384615385,0.4223517050863101,0.38461538461538464,0.6447751902773147,0.23076923076923078,0.5025687399512693,2.081192193610567,2.4759195291432436,1.2015768732164083,1.0392304845413263
F1,Toulouse,Casa,Lay Over 3.5,Mais de 3.5 golos no jogo,13,0.38461538461538464,0.17709446581236818,0.6447751902773147,0.06701881809177951,0.0,2.2188007849009166,False,0.15384615384615385,0.4223517050863101,0.15384615384615385,0.4223517050863101,0.15384615384615385,0.4223517050863101,0.38461538461538464,0.6447751902773147,0.23076923076923078,0.5025687399512693,2.081192193610567,2.4759195291432436,1.2015768732164083,1.0392304845413263
F1,Toulouse,Casa,Lay BTTS,Ambas as equipas marcam,13,0.38461538461538464,0.17709446581236818,0.6447751902773147,-0.09177946517002311,0.0,2.2188007849009166,False,0.15384615384615385,0.4223517050863101,0.15384615384615385,0.4223517050863101,0.15384615384615385,0.4223517050863101,0.38461538461538464,0.6447751902773147,0.23076923076923078,0.5025687399512693,2.081192193610567,2.4759195291432436,1.2015768732164083,1.0392304845413263
F1,Toulouse,Fora,Lay Empate,Jogo termina empatado,13,0.15384615384615385,0.04325726318273798,0.4223517050863101,-0.07362165731264442,0.0,3.05085107923876,False,0.0,0.22810184305529166,0.07692307692307693,0.3331453392824736,0.0,0.22810184305529166,0.3076923076923077,0.5763111218666236,0.3076923076923077,0.5763111218666236,1.2917581249035897,1.6462257353102072,1.3803352649943357,0.9188529030478417
F1,Toulouse,Fora,Lay Over 3.5,Mais de 3.5 golos no jogo,13,0.15384615384615385,0.04325726318273798,0.4223517050863101,-0.16375041267745127,0.0,3.05085107923876,False,0.0,0.22810184305529166,0.07692307692307693,0.3331453392824736,0.0,0.22810184305529166,0.3076923076923077,0.5763111218666236,0.3076923076923077,0.5763111218666236,1.2917581249035897,1.6462257353102072,1.3803352649943357,0.9188529030478417
F1,Toulouse,Fora,Lay Clean Sheet,Equipa não sofre golos (clean sheet),13,0.23076923076923078,0.08179379092465708,0.5025687399512693,0.0075932651039947174,0.0,2.773500981126145,False,0.0,0.22810184305529166,0.07692307692307693,0.3331453392824736,0.0,0.22810184305529166,0.3076923076923077,0.5763111218666236,0.3076923076923077,0.5763111218666236,1.2917581249035897,1.6462257353102072,1.3803352649943357,0.9188529030478417
F1,Toulouse,Fora,Lay Vitória,Equipa vence o jogo,13,0.38461538461538464,0.17709446581236818,0.6447751902773147,0.09276989105315286,0.0,2.2188007849009166,False,0.0,0.22810184305529166,0.07692307692307693,0.3331453392824736,0.0,0.22810184305529166,0.3076923076923077,0.5763111218666236,0.3076923076923077,0.5763111218666236,1.2917581249035897,1.6462257353102072,1.3803352649943357,0.9188529030478417
F1,Toulouse,Fora,Lay Cantos Over 10.5,Total de cantos Over 10.5,13,0.38461538461538464,0.17709446581236818,0.6447751902773147,0.0412677451304061,0.0,2.2188007849009166,False,0.0,0.22810184305529166,0.07692307692307693,0.3331453392824736,0.0,0.22810184305529166,0.3076923076923077,0.5763111218666236,0.3076923076923077,0.5763111218666236,1.2917581249035897,1.6462257353102072,1.3803352649943357,0.9188529030478417
F1,Toulouse,Total,Lay Empate,Jogo termina empatado,26,0.2692307692307692,0.13704275525067386,0.46083403419761304,0.041762958071970946,0.0,3.7262065676254967,False,0.07692307692307693,0.24141947480515055,0.11538461538461539,0.28976293086898336,0.07692307692307693,0.24141947480515055,0.34615384615384615,0.53779770990367,0.2692307692307692,0.46083403419761304,1.7324777891623395,2.1111846417866857,1.294046449327748,0.9970738781457683
F1,Toulouse,Total,Lay Over 3.5,Mais de 3.5 golos no jogo,26,0.2692307692307692,0.13704275525067386,0.46083403419761304,-0.04836579729283591,0.0,3.7262065676254967,False,0.07692307692307693,0.24141947480515055,0.11538461538461539,0.28976293086898336,0.07692307692307693,0.24141947480515055,0.34615384615384615,0.53779770990367,0.2692307692307692,0.46083403419761304,1.7324777891623395,2.1111846417866857,1.294046449327748,0.9970738781457683
F1,Toulouse,Total,Lay Clean Sheet,Equipa não sofre golos (clean sheet),26,0.3076923076923077,0.1650112093979267,0.4998861151423124,0.009409045889732626,0.0,3.530090432487312,False,0.07692307692307693,0.24141947480515055,0.11538461538461539,0.28976293086898336,0.07692307692307693,0.24141947480515055,0.34615384615384615,0.53779770990367,0.2692307692307692,0.46083403419761304,1.7324777891623395,2.1111846417866857,1.294046449327748,0.9970738781457683
F1,Toulouse,Total,Lay Vitória,Equipa vence o jogo,26,0.34615384615384615,0.19412014972852126,0.53779770990367,-0.04011224826675469,0.0,3.3339742973491284,False,0.07692307692307693,0.24141947480515055,0.11538461538461539,0.28976293086898336,0.07692307692307693,0.24141947480515055,0.34615384615384615,0.53779770990367,0.2692307692307692,0.46083403419761304,1.7324777891623395,2.1111846417866857,1.294046449327748,0.9970738781457683
F1,Toulouse,Total,Lay Derrota,Equipa perde o jogo,26,0.38461538461538464,0.22428359511834425,0.5746547996057992,-0.0016507098052161995,0.0,3.1378581622109443,False,0.07692307692307693,0.24141947480515055,0.11538461538461539,0.28976293086898336,0.07692307692307693,0.24141947480515055,0.34615384615384615,0.53779770990367,0.2692307692307692,0.46083403419761304,1.7324777891623395,2.1111846417866857,1.294046449327748,0.9970738781457683
I1,Atalanta,Casa,Lay Derrota,Equipa perde o jogo,15,0.13333333333333333,0.037360469891359285,0.3788249920651624,-0.2045977011494253,0.05293751983709405,3.534274881735873,True,0.06666666666666667,0.2981707755242399,0.13333333333333333,0.3788249920651624,0.06666666666666667,0.2981707755242399,0.2,0.4518593533465045,0.13333333333333333,0.3788249920651624,1.6110727964792761,1.2578641509408803,1.18133634311129,0.7500000000000001
I1,Atalanta,Fora,Lay Over 3.5,Mais de 3.5 golos no jogo,14,0.14285714285714285,0.04009307373792117,0.399419077638637,-0.0916256157635468,0.0014523059034075858,3.21179264390167,True,0.0,0.21531701192718142,0.07142857142857142,0.3146926955395781,0.07142857142857142,0.3146926955395781,0.14285714285714285,0.399419077638637,0.07142857142857142,0.3146926955395781,1.406979685970872,1.0594569267279519,1.1605769149479943,0.6495190528383289
I1,Atalanta,Total,Lay Over 3.5,Mais de 3.5 golos no jogo,29,0.1724137931034483,0.07597745271479932,0.3454880057281511,-0.062068965517241365,0.13627998567962235,5.064045508910235,True,0.034482758620689655,0.17175891064700252,0.10344827586206896,0.26385447247069155,0.06896551724137931,0.21964947595851925,0.1724137931034483,0.3454880057281511,0.10344827586206896,0.26385447247069155,1.5444272880385306,1.1774738675147498,1.2152420818417995,0.7474958193863025
I1,Atalanta,Total,Lay Derrota,Equipa perde o jogo,29,0.20689655172413793,0.09845936515585209,0.3839044660825772,-0.1603448275862069,0.040238834793557,4.442852550873515,True,0.034482758620689655,0.17175891064700252,0.10344827586206896,0.26385447247069155,0.06896551724137931,0.21964947595851925,0.1724137931034483,0.3454880057281511,0.10344827586206896,0.26385447247069155,1.5444272880385306,1.1774738675147498,1.2152420818417995,0.7474958193863025
I1,Bologna,Casa,Lay Empate,Jogo termina empatado,14,0.14285714285714285,0.04009307373792117,0.399419077638637,-0.12266009852216747,0.0014523059034075858,3.21179264390167,True,0.07142857142857142,0.3146926955395781,0.07142857142857142,0.3146926955395781,0.07142857142857142,0.3146926955395781,0.35714285714285715,0.6123599531785959,0.2857142857142857,0.546495411724844,1.7670452681218547,1.1866605518454394,1.3720980508784675,1.0690449676496976
I1,Bologna,Casa,Lay Over 3.5,Mais de 3.5 golos no jogo,14,0.14285714285714285,0.04009307373792117,0.399419077638637,-0.0916256157635468,0.0014523059034075858,3.21179264390167,True,0.07142857142857142,0.3146926955395781,0.07142857142857142,0.3146926955395781,0.07142857142857142,0.3146926955395781,0.35714285714285715,0.6123599531785959,0.2857142857142857,0.546495411724844,1.7670452681218547,1.1866605518454394,1.3720980508784675,1.0690449676496976
I1,Bologna,Fora,Lay Derrota,Equipa perde o jogo,15,0.26666666666666666,0.10897276103182815,0.5195088965768675,-0.1298850574712644,0.0,2.8401877872187726,False,0.0,0.20388926630434784,0.06666666666666667,0.2981707755242399,0.0,0.20388926630434784,0.13333333333333333,0.3788249920651624,0.13333333333333333,0.3788249920651624,1.3063945294843615,1.4236104336041748,1.299572579307862,0.595119035711904
I1,Bologna,Fora,Lay Empate,Jogo termina empatado,15,0.26666666666666666,0.10897276103182815,0.5195088965768675,0.0011494252873563426,0.0,2.8401877872187726,False,0.0,0.20388926630434784,0.06666666666666667,0.2981707755242399,0.0,0.20388926630434784,0.13333333333333333,0.3788249920651624,0.13333333333333333,0.3788249920651624,1.3063945294843615,1.4236104336041748,1.299572579307862,0.595119035711904
I1,Bologna,Fora,Lay Clean Sheet,Equipa não sofre golos (clean sheet),15,0.26666666666666666,0.10897276103182815,0.5195088965768675,-0.033333333333333326,0.0,2.8401877872187726,False,0.0,0.20388926630434784,0.06666666666666667,0.2981707755242399,0.0,0.20388926630434784,0.13333333333333333,0.3788249920651624,0.13333333333333333,0.3788249920651624,1.3063945294843615,1.4236104336041748,1.299572579307862,0.595119035711904
I1,Bologna,Fora,Lay Cantos Over 10.5,Total de cantos Over 10.5,15,0.3333333333333333,0.15176100694691236,0.5828687484878702,0.04022988505747127,0.0,2.5819888974716116,False,0.0,0.20388926630434784,0.06666666666666667,0.2981707755242399,0.0,0.20388926630434784,0.13333333333333333,0.3788249920651624,0.13333333333333333,0.3788249920651624,1.3063945294843615,1.4236104336041748,1.299572579307862,0.595119035711904
I1,Bologna,Fora,Lay Over 3.5,Mais de 3.5 golos no jogo,15,0.4,0.19824228082594664,0.6425355724349229,0.16551724137931037,0.0,2.32379000772445,False,0.0,0.20388926630434784,0.06666666666666667,0.2981707755242399,0.0,0.20388926630434784,0.13333333333333333,0.3788249920651624,0.13333333333333333,0.3788249920651624,1.3063945294843615,1.4236104336041748,1.299572579307862,0.595119035711904
I1,Bologna,Total,Lay Empate,Jogo termina empatado,29,0.20689655172413793,0.09845936515585209,0.3839044660825772,-0.05862068965517239,0.040238834793557,4.442852550873515,True,0.034482758620689655,0.17175891064700252,0.06896551724137931,0.21964947595851925,0.034482758620689655,0.17175891064700252,0.2413793103448276,0.4210795221832869,0.20689655172413793,0.3839044660825772,1.5696285071366958,1.354957427888862,1.354079580418749,0.804247725786112
I1,Cagliari,Casa,Lay Over 3.5,Mais de 3.5 golos no jogo,14,0.21428571428571427,0.07571248336916371,0.4758972377320828,-0.020197044334975378,0.0,2.939873661036668,False,0.0,0.21531701192718142,0.07142857142857142,0.3146926955395781,0.07142857142857142,0.3146926955395781,0.35714285714285715,0.6123599531785959,0.2857142857142857,0.546495411724844,1.6241167144145818,1.493181782883348,1.2453996981544782,1.0383279828647596
I1,Cagliari,Casa,Lay Cantos Over 10.5,Total de cantos Over 10.5,14,0.21428571428571427,0.07571248336916371,0.4758972377320828,-0.07881773399014777,0.0,2.939873661036668,False,0.0,0.21531701192718142,0.07142857142857142,0.3146926955395781,0.07142857142857142,0.3146926955395781,0.35714285714285715,0.6123599531785959,0.2857142857142857,0.546495411724844,1.6241167144145818,1.493181782883348,1.2453996981544782,1.0383279828647596
I1,Cagliari,Casa,Lay Vitória,Equipa vence o jogo,14,0.2857142857142857,0.11721187910109102,0.546495411724844,-0.11083743842364535,0.0,2.6726124191242437,False,0.0,0.21531701192718142,0.07142857142857142,0.3146926955395781,0.07142857142857142,0.3146926955395781,0.35714285714285715,0.6123599531785959,0.2857142857142857,0.546495411724844,1.6241167144145818,1.493181782883348,1.2453996981544782,1.0383279828647596
I1,Cagliari,Casa,Lay Empate,Jogo termina empatado,14,0.2857142857142857,0.11721187910109102,0.546495411724844,0.020197044334975378,0.0,2.6726124191242437,False,0.0,0.21531701192718142,0.07142857142857142,0.3146926955395781,0.07142857142857142,0.3146926955395781,0.35714285714285715,0.6123599531785959,0.2857142857142857,0.546495411724844,1.6241167144145818,1.493181782883348,1.2453996981544782,1.0383279828647596
I1,Cagliari,Casa,Lay Over 2.5,Mais de 2.5 golos no jogo,14,0.35714285714285715,0.16344490737202735,0.6123599531785959,-0.1187192118226601,0.0,2.405351177211819,False,0.0,0.21531701192718142,0.07142857142857142,0.3146926955395781,0.07142857142857142,0.3146926955395781,0.35714285714285715,0.6123599531785959,0.2857142857142857,0.546495411724844,1.6241167144145818,1.493181782883348,1.2453996981544782,1.0383279828647596
I1,Cagliari,Fora,Lay Clean Sheet,Equipa não sofre golos (clean sheet),15,0.06666666666666667,0.011866588606194882,0.2981707755242399,-0.23333333333333334,0.2545730611894004,4.535011201081206,True,0.06666666666666667,0.2981707755242399,0.0,0.20388926630434784,0.06666666666666667,0.2981707755242399,0.3333333333333333,0.5828687484878702,0.26666666666666666,0.5195088965768675,1.2000000000000002,1.0832051206181281,1.1234866364235145,0.816496580927726
I1,Cagliari,Total,Lay Over 3.5,Mais de 3.5 golos no jogo,29,0.20689655172413793,0.09845936515585209,0.3839044660825772,-0.027586206896551724,0.040238834793557,4.442852550873515,True,0.034482758620689655,0.17175891064700252,0.034482758620689655,0.17175891064700252,0.06896551724137931,0.21964947595851925,0.3448275862068966,0.52655223492844,0.27586206896551724,0.4571747634443597,1.4449880579142733,1.3030650777718058,1.188530202732006,0.9492863851330428
I1,Cagliari,Total,Lay Clean Sheet,Equipa não sofre golos (clean sheet),29,0.20689655172413793,0.09845936515585209,0.3839044660825772,-0.10344827586206898,0.040238834793557,4.442852550873515,True,0.034482758620689655,0.17175891064700252,0.034482758620689655,0.17175891064700252,0.06896551724137931,0.21964947595851925,0.3448275862068966,0.52655223492844,0.27586206896551724,0.4571747634443597,1.4449880579142733,1.3030650777718058,1.188530202732006,0.9492863851330428
I1,Como,Casa,Lay Cantos Over 10.5,Total de cantos Over 10.5,15,0.06666666666666667,0.011866588606194882,0.2981707755242399,-0.2264367816091954,0.2545730611894004,4.535011201081206,True,0.0,0.20388926630434784,0.06666666666666667,0.2981707755242399,0.13333333333333333,0.3788249920651624,0.13333333333333333,0.3788249920651624,0.0,0.20388926630434784,1.7888543819998317,1.5434449203720302,1.18133634311129,0.8284868934053083
I1,Como,Casa,Lay Derrota,Equipa perde o jogo,15,0.13333333333333333,0.037360469891359285,0.3788249920651624,-0.2045977011494253,0.05293751983709405,3.534274881735873,True,0.0,0.20388926630434784,0.06666666666666667,0.2981707755242399,0.13333333333333333,0.3788249920651624,0.13333333333333333,0.3788249920651624,0.0,0.20388926630434784,1.7888543819998317,1.5434449203720302,1.18133634311129,0.8284868934053083
I1,Como,Casa,Lay Cantos Over 8.5,Total de cantos Over 8.5,15,0.13333333333333333,0.037360469891359285,0.3788249920651624,-0.3908045977011495,0.05293751983709405,3.534274881735873,True,0.0,0.20388926630434784,0.06666666666666667,0.2981707755242399,0.13333333333333333,0.3788249920651624,0.13333333333333333,0.3788249920651624,0.0,0.20388926630434784,1.7888543819998317,1.5434449203720302,1.18133634311129,0.8284868934053083
I1,Como,Fora,Lay Over 3.5,Mais de 3.5 golos no jogo,14,0.14285714285714285,0.04009307373792117,0.399419077638637,-0.0916256157635468,0.0014523059034075858,3.21179264390167,True,0.07142857142857142,0.3146926955395781,0.2857142857142857,0.546495411724844,0.14285714285714285,0.399419077638637,0.35714285714285715,0.6123599531785959,0.21428571428571427,0.4758972377320828,2.0416579897080647,1.5402756180605588,1.2637004294967236,0.9534625892455926
I1,Como,Total,Lay Cantos Over 10.5,Total de cantos Over 10.5,29,0.13793103448275862,0.05497350852047822,0.30559357712699325,-0.15517241379310343,0.23601605718251692,5.7380604932693435,True,0.034482758620689655,0.17175891064700252,0.1724137931034483,0.3454880057281511,0.13793103448275862,0.30559357712699325,0.2413793103448276,0.4210795221832869,0.10344827586206896,0.26385447247069155,1.9180598600239145,1.542886711806696,1.2240165068481965,0.887314143293619
I1,Como,Total,Lay Derrota,Equipa perde o jogo,29,0.1724137931034483,0.07597745271479932,0.3454880057281511,-0.19482758620689655,0.13627998567962235,5.064045508910235,True,0.034482758620689655,0.17175891064700252,0.1724137931034483,0.3454880057281511,0.13793103448275862,0.30559357712699325,0.2413793103448276,0.4210795221832869,0.10344827586206896,0.26385447247069155,1.9180598600239145,1.542886711806696,1.2240165068481965,0.887314143293619
I1,Como,Total,Lay Over 3.5,Mais de 3.5 golos no jogo,29,0.20689655172413793,0.09845936515585209,0.3839044660825772,-0.027586206896551724,0.040238834793557,4.442852550873515,True,0.034482758620689655,0.17175891064700252,0.1724137931034483,0.3454880057281511,0.13793103448275862,0.30559357712699325,0.2413793103448276,0.4210795221832869,0.10344827586206896,0.26385447247069155,1.9180598600239145,1.542886711806696,1.2240165068481965,0.887314143293619
I1,Cremonese,Casa,Lay Vitória,Equipa vence o jogo,14,0.14285714285714285,0.04009307373792117,0.399419077638637,-0.2536945812807882,0.0014523059034075858,3.21179264390167,True,0.07142857142857142,0.3146926955395781,0.0,0.21531701192718142,0.21428571428571427,0.4758972377320828,0.42857142857142855,0.6740973309713064,0.21428571428571427,0.4758972377320828,1.3420210162897097,1.630387458644761,0.989743318610787,1.0671873729054748
I1,Cremonese,Fora,Lay Vitória,Equipa vence o jogo,15,0.2,0.07047420643610411,0.4518593533465045,-0.13793103448275862,0.0,3.0983866769659336,False,0.2,0.4518593533465045,0.0,0.20388926630434784,0.13333333333333333,0.3788249920651624,0.5333333333333333,0.7519077474025356,0.4,0.6425355724349229,1.7962924780409972,1.569146972791976,1.1661903789690602,1.2662171161076472
I1,Cremonese,Fora,Lay Empate,Jogo termina empatado,15,0.2,0.07047420643610411,0.4518593533465045,-0.06551724137931031,0.0,3.0983866769659336,False,0.2,0.4518593533465045,0.0,0.20388926630434784,0.13333333333333333,0.3788249920651624,0.5333333333333333,0.7519077474025356,0.4,0.6425355724349229,1.7962924780409972,1.569146972791976,1.1661903789690602,1.2662171161076472
I1,Cremonese,Fora,Lay Over 3.5,Mais de 3.5 golos no jogo,15,0.2,0.07047420643610411,0.4518593533465045,-0.03448275862068964,0.0,3.0983866769659336,False,0.2,0.4518593533465045,0.0,0.20388926630434784,0.13333333333333333,0.3788249920651624,0.5333333333333333,0.7519077474025356,0.4,0.6425355724349229,1.7962924780409972,1.569146972791976,1.1661903789690602,1.2662171161076472
I1,Cremonese,Fora,Lay Clean Sheet,Equipa não sofre golos (clean sheet),15,0.2,0.07047420643610411,0.4518593533465045,-0.09999999999999998,0.0,3.0983866769659336,False,0.2,0.4518593533465045,0.0,0.20388926630434784,0.13333333333333333,0.3788249920651624,0.5333333333333333,0.7519077474025356,0.4,0.6425355724349229,1.7962924780409972,1.569146972791976,1.1661903789690602,1.2662171161076472
I1,Cremonese,Fora,Lay BTTS,Ambas as equipas marcam,15,0.4,0.19824228082594664,0.6425355724349229,-0.07241379310344825,0.0,2.32379000772445,False,0.2,0.4518593533465045,0.0,0.20388926630434784,0.13333333333333333,0.3788249920651624,0.5333333333333333,0.7519077474025356,0.4,0.6425355724349229,1.7962924780409972,1.569146972791976,1.1661903789690602,1.2662171161076472
I1,Cremonese,Total,Lay Vitória,Equipa vence o jogo,29,0.1724137931034483,0.07597745271479932,0.3454880057281511,-0.19482758620689655,0.13627998567962235,5.064045508910235,True,0.13793103448275862,0.30559357712699325,0.0,0.11697359446555587,0.1724137931034483,0.3454880057281511,0.4827586206896552,0.6556926202943085,0.3103448275862069,0.49230470472718546,1.5951770353407417,1.599643242033545,1.0849746705208465,1.1650226962586316
I1,Fiorentina,Casa,Lay Vitória,Equipa vence o jogo,14,0.21428571428571427,0.07571248336916371,0.4758972377320828,-0.18226600985221678,0.0,2.939873661036668,False,0.0,0.21531701192718142,0.07142857142857142,0.3146926955395781,0.07142857142857142,0.3146926955395781,0.14285714285714285,0.399419077638637,0.07142857142857142,0.3146926955395781,1.3868919884962567,1.540275618060559,1.1338934190276817,0.90267093384844
I1,Fiorentina,Casa,Lay Clean Sheet,Equipa não sofre golos (clean sheet),14,0.21428571428571427,0.07571248336916371,0.4758972377320828,-0.1064039408866995,0.0,2.939873661036668,False,0.0,0.21531701192718142,0.07142857142857142,0.3146926955395781,0.07142857142857142,0.3146926955395781,0.14285714285714285,0.399419077638637,0.07142857142857142,0.3146926955395781,1.3868919884962567,1.540275618060559,1.1338934190276817,0.90267093384844
I1,Fiorentina,Casa,Lay Over 3.5,Mais de 3.5 golos no jogo,14,0.2857142857142857,0.11721187910109102,0.546495411724844,0.051231527093596047,0.0,2.6726124191242437,False,0.0,0.21531701192718142,0.07142857142857142,0.3146926955395781,0.07142857142857142,0.3146926955395781,0.14285714285714285,0.399419077638637,0.07142857142857142,0.3146926955395781,1.3868919884962567,1.540275618060559,1.1338934190276817,0.90267093384844
I1,Fiorentina,Casa,Lay Empate,Jogo termina empatado,14,0.35714285714285715,0.16344490737202735,0.6123599531785959,0.09162561576354683,0.0,2.405351177211819,False,0.0,0.21531701192718142,0.07142857142857142,0.3146926955395781,0.07142857142857142,0.3146926955395781,0.14285714285714285,0.399419077638637,0.07142857142857142,0.3146926955395781,1.3868919884962567,1.540275618060559,1.1338934190276817,0.90267093384844
I1,Fiorentina,Casa,Lay Derrota,Equipa perde o jogo,14,0.42857142857142855,0.21380509930400526,0.6740973309713064,0.09064039408866992,0.0,2.1380899352993947,False,0.0,0.21531701192718142,0.07142857142857142,0.3146926955395781,0.07142857142857142,0.3146926955395781,0.14285714285714285,0.399419077638637,0.07142857142857142,0.3146926955395781,1.3868919884962567,1.540275618060559,1.1338934190276817,0.90267093384844
I1,Fiorentina,Fora,Lay Clean Sheet,Equipa não sofre golos (clean sheet),15,0.13333333333333333,0.037360469891359285,0.3788249920651624,-0.16666666666666666,0.05293751983709405,3.534274881735873,True,0.13333333333333333,0.3788249920651624,0.06666666666666667,0.2981707755242399,0.13333333333333333,0.3788249920651624,0.4,0.6425355724349229,0.26666666666666666,0.5195088965768675,1.5434449203720302,1.3984117975602022,1.1234866364235143,1.0532687216470449
I1,Fiorentina,Fora,Lay Cantos Over 10.5,Total de cantos Over 10.5,15,0.13333333333333333,0.037360469891359285,0.3788249920651624,-0.1597701149425287,0.05293751983709405,3.534274881735873,True,0.13333333333333333,0.3788249920651624,0.06666666666666667,0.2981707755242399,0.13333333333333333,0.3788249920651624,0.4,0.6425355724349229,0.26666666666666666,0.5195088965768675,1.5434449203720302,1.3984117975602022,1.1234866364235143,1.0532687216470449
I1,Fiorentina,Total,Lay Clean Sheet,Equipa não sofre golos (clean sheet),29,0.1724137931034483,0.07597745271479932,0.3454880057281511,-0.13793103448275862,0.13627998567962235,5.064045508910235,True,0.06896551724137931,0.21964947595851925,0.06896551724137931,0.21964947595851925,0.10344827586206896,0.26385447247069155,0.27586206896551724,0.4571747634443597,0.1724137931034483,0.3454880057281511,1.4879620007166496,1.4686578923480589,1.1290141754306828,0.9781346557832876
I1,Fiorentina,Total,Lay Vitória,Equipa vence o jogo,29,0.20689655172413793,0.09845936515585209,0.3839044660825772,-0.1603448275862069,0.040238834793557,4.442852550873515,True,0.06896551724137931,0.21964947595851925,0.06896551724137931,0.21964947595851925,0.10344827586206896,0.26385447247069155,0.27586206896551724,0.4571747634443597,0.1724137931034483,0.3454880057281511,1.4879620007166496,1.4686578923480589,1.1290141754306828,0.9781346557832876
I1,Genoa,Casa,Lay Cantos Over 10.5,Total de cantos Over 10.5,15,0.06666666666666667,0.011866588606194882,0.2981707755242399,-0.2264367816091954,0.2545730611894004,4.535011201081206,True,0.06666666666666667,0.2981707755242399,0.13333333333333333,0.3788249920651624,0.13333333333333333,0.3788249920651624,0.4,0.6425355724349229,0.26666666666666666,0.5195088965768675,1.591644851508443,1.499629583893599,1.2892719737209144,0.9326339550878605
I1,Genoa,Fora,Lay Vitória,Equipa vence o jogo,14,0.21428571428571427,0.07571248336916371,0.4758972377320828,-0.12364532019704436,0.0,2.939873661036668,False,0.0,0.21531701192718142,0.0,0.21531701192718142,0.14285714285714285,0.399419077638637,0.21428571428571427,0.4758972377320828,0.07142857142857142,0.3146926955395781,1.097306535409801,1.577908716741037,1.1338934190276817,0.7083290928701351
I1,Genoa,Fora,Lay Over 3.5,Mais de 3.5 golos no jogo,14,0.21428571428571427,0.07571248336916371,0.4758972377320828,-0.020197044334975378,0.0,2.939873661036668,False,0.0,0.21531701192718142,0.0,0.21531701192718142,0.14285714285714285,0.399419077638637,0.21428571428571427,0.4758972377320828,0.07142857142857142,0.3146926955395781,1.097306535409801,1.577908716741037,1.1338934190276817,0.7083290928701351
I1,Genoa,Fora,Lay Clean Sheet,Equipa não sofre golos (clean sheet),14,0.21428571428571427,0.07571248336916371,0.4758972377320828,-0.08571428571428572,0.0,2.939873661036668,False,0.0,0.21531701192718142,0.0,0.21531701192718142,0.14285714285714285,0.399419077638637,0.21428571428571427,0.4758972377320828,0.07142857142857142,0.3146926955395781,1.097306535409801,1.577908716741037,1.1338934190276817,0.7083290928701351
I1,Genoa,Fora,Lay Cantos Over 10.5,Total de cantos Over 10.5,14,0.2857142857142857,0.11721187910109102,0.546495411724844,-0.007389162561576346,0.0,2.6726124191242437,False,0.0,0.21531701192718142,0.0,0.21531701192718142,0.14285714285714285,0.399419077638637,0.21428571428571427,0.4758972377320828,0.07142857142857142,0.3146926955395781,1.097306535409801,1.577908716741037,1.1338934190276817,0.7083290928701351
I1,Genoa,Fora,Lay Empate,Jogo termina empatado,14,0.35714285714285715,0.16344490737202735,0.6123599531785959,0.09162561576354683,0.0,2.405351177211819,False,0.0,0.21531701192718142,0.0,0.21531701192718142,0.14285714285714285,0.399419077638637,0.21428571428571427,0.4758972377320828,0.07142857142857142,0.3146926955395781,1.097306535409801,1.577908716741037,1.1338934190276817,0.7083290928701351
I1,Genoa,Total,Lay Cantos Over 10.5,Total de cantos Over 10.5,29,0.1724137931034483,0.07597745271479932,0.3454880057281511,-0.12068965517241376,0.13627998567962235,5.064045508910235,True,0.034482758620689655,0.17175891064700252,0.06896551724137931,0.21964947595851925,0.13793103448275862,0.30559357712699325,0.3103448275862069,0.49230470472718546,0.1724137931034483,0.3454880057281511,1.3827543210871325,1.5405729588750812,1.2240165068481965,0.8370288429621868
I1,Genoa,Total,Lay Over 3.5,Mais de 3.5 golos no jogo,29,0.20689655172413793,0.09845936515585209,0.3839044660825772,-0.027586206896551724,0.040238834793557,4.442852550873515,True,0.034482758620689655,0.17175891064700252,0.06896551724137931,0.21964947595851925,0.13793103448275862,0.30559357712699325,0.3103448275862069,0.49230470472718546,0.1724137931034483,0.3454880057281511,1.3827543210871325,1.5405729588750812,1.2240165068481965,0.8370288429621868
I1,Inter,Casa,Lay Derrota,Equipa perde o jogo,15,0.13333333333333333,0.037360469891359285,0.3788249920651624,-0.2045977011494253,0.05293751983709405,3.534274881735873,True,0.0,0.20388926630434784,0.3333333333333333,0.5828687484878702,0.0,0.20388926630434784,0.06666666666666667,0.2981707755242399,0.06666666666666667,0.2981707755242399,1.7688665548562132,1.7838784213679537,1.1352924243950933,0.6089406198480982
I1,Inter,Casa,Lay Empate,Jogo termina empatado,15,0.13333333333333333,0.037360469891359285,0.3788249920651624,-0.132183908045977,0.05293751983709405,3.534274881735873,True,0.0,0.20388926630434784,0.3333333333333333,0.5828687484878702,0.0,0.20388926630434784,0.06666666666666667,0.2981707755242399,0.06666666666666667,0.2981707755242399,1.7688665548562132,1.7838784213679537,1.1352924243950933,0.6089406198480982
I1,Inter,Fora,Lay Empate,Jogo termina empatado,14,0.0,0.0,0.21531701192718142,-0.2655172413793103,0.4617074701820465,5.469208553109305,True,0.0,0.21531701192718142,0.07142857142857142,0.3146926955395781,0.0,0.21531701192718142,0.07142857142857142,0.3146926955395781,0.07142857142857142,0.3146926955395781,1.6413036132965795,1.6781914463529615,1.2309777099724348,0.605692913385524
I1,Inter,Total,Lay Empate,Jogo termina empatado,29,0.06896551724137931,0.019120864097994437,0.21964947595851925,-0.196551724137931,0.45087631010370194,7.274366110560061,True,0.0,0.11697359446555587,0.20689655172413793,0.3839044660825772,0.0,0.11697359446555587,0.06896551724137931,0.21964947595851925,0.06896551724137931,0.21964947595851925,1.733766219307108,1.7904489635513339,1.1825122896194653,0.6380443493331606
I1,Inter,Total,Lay Derrota,Equipa perde o jogo,29,0.1724137931034483,0.07597745271479932,0.3454880057281511,-0.19482758620689655,0.13627998567962235,5.064045508910235,True,0.0,0.11697359446555587,0.20689655172413793,0.3839044660825772,0.0,0.11697359446555587,0.06896551724137931,0.21964947595851925,0.06896551724137931,0.21964947595851925,1.733766219307108,1.7904489635513339,1.1825122896194653,0.6380443493331606
I1,Juventus,Casa,Lay Derrota,Equipa perde o jogo,14,0.07142857142857142,0.012721886112291648,0.3146926955395781,-0.26650246305418723,0.21326826115105474,4.215374569226061,True,0.0,0.21531701192718142,0.21428571428571427,0.4758972377320828,0.14285714285714285,0.399419077638637,0.21428571428571427,0.4758972377320828,0.07142857142857142,0.3146926955395781,1.7799908277681589,1.7914194577120646,1.099628879881475,0.7403762259856511
I1,Juventus,Fora,Lay Cantos Over 10.5,Total de cantos Over 10.5,15,0.06666666666666667,0.011866588606194882,0.2981707755242399,-0.2264367816091954,0.2545730611894004,4.535011201081206,True,0.0,0.20388926630434784,0.13333333333333333,0.3788249920651624,0.0,0.20388926630434784,0.2,0.4518593533465045,0.2,0.4518593533465045,1.451436070471816,1.586050300449376,1.3564659966250538,0.7820295697311478
I1,Juventus,Total,Lay Derrota,Equipa perde o jogo,29,0.20689655172413793,0.09845936515585209,0.3839044660825772,-0.1603448275862069,0.040238834793557,4.442852550873515,True,0.0,0.11697359446555587,0.1724137931034483,0.3454880057281511,0.06896551724137931,0.21964947595851925,0.20689655172413793,0.3839044660825772,0.13793103448275862,0.30559357712699325,1.6687660182845325,1.6998286267401705,1.2613338729773713,0.7852935056666975
I1,Juventus,Total,Lay Cantos Over 10.5,Total de cantos Over 10.5,29,0.20689655172413793,0.09845936515585209,0.3839044660825772,-0.08620689655172412,0.040238834793557,4.442852550873515,True,0.0,0.11697359446555587,0.1724137931034483,0.3454880057281511,0.06896551724137931,0.21964947595851925,0.20689655172413793,0.3839044660825772,0.13793103448275862,0.30559357712699325,1.6687660182845325,1.6998286267401705,1.2613338729773713,0.7852935056666975
I1,Lazio,Casa,Lay Cantos Over 10.5,Total de cantos Over 10.5,15,0.06666666666666667,0.011866588606194882,0.2981707755242399,-0.2264367816091954,0.2545730611894004,4.535011201081206,True,0.06666666666666667,0.2981707755242399,0.06666666666666667,0.2981707755242399,0.06666666666666667,0.2981707755242399,0.3333333333333333,0.5828687484878702,0.26666666666666666,0.5195088965768675,1.730767331432956,1.5860503004493758,1.2995725793078619,0.8959470343917515
I1,Lazio,Fora,Lay Over 3.5,Mais de 3.5 golos no jogo,14,0.07142857142857142,0.012721886112291648,0.3146926955395781,-0.16305418719211823,0.21326826115105474,4.215374569226061,True,0.0,0.21531701192718142,0.07142857142857142,0.3146926955395781,0.2857142857142857,0.546495411724844,0.6428571428571429,0.8365550926279727,0.35714285714285715,0.6123599531785959,1.3190132366156706,1.1715156762040517,1.0996288798814753,1.58113883008419
I1,Lazio,Fora,Lay Over 2.5,Mais de 2.5 golos no jogo,14,0.14285714285714285,0.04009307373792117,0.399419077638637,-0.3330049261083744,0.0014523059034075858,3.21179264390167,True,0.0,0.21531701192718142,0.07142857142857142,0.3146926955395781,0.2857142857142857,0.546495411724844,0.6428571428571429,0.8365550926279727,0.35714285714285715,0.6123599531785959,1.3190132366156706,1.1715156762040517,1.0996288798814753,1.58113883008419
I1,Lazio,Fora,Lay BTTS,Ambas as equipas marcam,14,0.14285714285714285,0.04009307373792117,0.399419077638637,-0.3295566502463054,0.0014523059034075858,3.21179264390167,True,0.0,0.21531701192718142,0.07142857142857142,0.3146926955395781,0.2857142857142857,0.546495411724844,0.6428571428571429,0.8365550926279727,0.35714285714285715,0.6123599531785959,1.3190132366156706,1.1715156762040517,1.0996288798814753,1.58113883008419
I1,Lazio,Fora,Lay Cantos Over 10.5,Total de cantos Over 10.5,14,0.14285714285714285,0.04009307373792117,0.399419077638637,-0.1502463054187192,0.0014523059034075858,3.21179264390167,True,0.0,0.21531701192718142,0.07142857142857142,0.3146926955395781,0.2857142857142857,0.546495411724844,0.6428571428571429,0.8365550926279727,0.35714285714285715,0.6123599531785959,1.3190132366156706,1.1715156762040517,1.0996288798814753,1.58113883008419
I1,Lazio,Total,Lay Cantos Over 10.5,Total de cantos Over 10.5,29,0.10344827586206896,0.03581424038130106,0.26385447247069155,-0.1896551724137931,0.34036381882327116,6.471382128033472,True,0.034482758620689655,0.17175891064700252,0.06896551724137931,0.21964947595851925,0.1724137931034483,0.3454880057281511,0.4827586206896552,0.6556926202943085,0.3103448275862069,0.49230470472718546,1.5643167203053454,1.5195906576917726,1.2432935432634447,1.174440439029407
I1,Lazio,Total,Lay Over 3.5,Mais de 3.5 golos no jogo,29,0.1724137931034483,0.07597745271479932,0.3454880057281511,-0.062068965517241365,0.13627998567962235,5.064045508910235,True,0.034482758620689655,0.17175891064700252,0.06896551724137931,0.21964947595851925,0.1724137931034483,0.3454880057281511,0.4827586206896552,0.6556926202943085,0.3103448275862069,0.49230470472718546,1.5643167203053454,1.5195906576917726,1.2432935432634447,1.174440439029407
I1,Lecce,Casa,Lay Over 3.5,Mais de 3.5 golos no jogo,15,0.06666666666666667,0.011866588606194882,0.2981707755242399,-0.16781609195402297,0.2545730611894004,4.535011201081206,True,0.06666666666666667,0.2981707755242399,0.0,0.20388926630434784,0.2,0.4518593533465045,0.5333333333333333,0.7519077474025356,0.3333333333333333,0.5828687484878702,1.2578641509408806,1.2649110640673518,1.236482466066094,1.1642044068059727
I1,Lecce,Fora,Lay Empate,Jogo termina empatado,14,0.14285714285714285,0.04009307373792117,0.399419077638637,-0.12266009852216747,0.0014523059034075858,3.21179264390167,True,0.07142857142857142,0.3146926955395781,0.0,0.21531701192718142,0.07142857142857142,0.3146926955395781,0.42857142857142855,0.6740973309713064,0.35714285714285715,0.6123599531785959,1.3324827218698307,1.505093393264677,1.2058530725810095,0.9797958971132713
I1,Lecce,Total,Lay Over 3.5,Mais de 3.5 golos no jogo,29,0.13793103448275862,0.05497350852047822,0.30559357712699325,-0.09655172413793103,0.23601605718251692,5.7380604932693435,True,0.06896551724137931,0.21964947595851925,0.0,0.11697359446555587,0.13793103448275862,0.30559357712699325,0.4827586206896552,0.6556926202943085,0.3448275862068966,0.52655223492844,1.2975784636018468,1.3879042618964212,1.2298313448363456,1.0816968277714807
I1,Lecce,Total,Lay Empate,Jogo termina empatado,29,0.20689655172413793,0.09845936515585209,0.3839044660825772,-0.05862068965517239,0.040238834793557,4.442852550873515,True,0.06896551724137931,0.21964947595851925,0.0,0.11697359446555587,0.13793103448275862,0.30559357712699325,0.4827586206896552,0.6556926202943085,0.3448275862068966,0.52655223492844,1.2975784636018468,1.3879042618964212,1.2298313448363456,1.0816968277714807
I1,Milan,Casa,Lay Derrota,Equipa perde o jogo,14,0.14285714285714285,0.04009307373792117,0.399419077638637,-0.19507389162561578,0.0014523059034075858,3.21179264390167,True,0.0,0.21531701192718142,0.07142857142857142,0.3146926955395781,0.0,0.21531701192718142,0.07142857142857142,0.3146926955395781,0.07142857142857142,0.3146926955395781,0.9793792286287207,1.124858267715973,1.1952286093343936,0.5289408221642574
I1,Milan,Casa,Lay Over 3.5,Mais de 3.5 golos no jogo,14,0.14285714285714285,0.04009307373792117,0.399419077638637,-0.0916256157635468,0.0014523059034075858,3.21179264390167,True,0.0,0.21531701192718142,0.07142857142857142,0.3146926955395781,0.0,0.21531701192718142,0.07142857142857142,0.3146926955395781,0.07142857142857142,0.3146926955395781,0.9793792286287207,1.124858267715973,1.1952286093343936,0.5289408221642574
I1,Milan,Fora,Lay Derrota,Equipa perde o jogo,15,0.06666666666666667,0.011866588606194882,0.2981707755242399,-0.3298850574712644,0.2545730611894004,4.535011201081206,True,0.0,0.20388926630434784,0.13333333333333333,0.3788249920651624,0.06666666666666667,0.2981707755242399,0.13333333333333333,0.3788249920651624,0.06666666666666667,0.2981707755242399,1.1547005383792515,1.2995725793078619,1.0873004286866728,0.606630035524124
I1,Milan,Total,Lay Derrota,Equipa perde o jogo,29,0.10344827586206896,0.03581424038130106,0.26385447247069155,-0.2637931034482759,0.34036381882327116,6.471382128033472,True,0.0,0.11697359446555587,0.10344827586206896,0.26385447247069155,0.034482758620689655,0.17175891064700252,0.10344827586206896,0.26385447247069155,0.06896551724137931,0.21964947595851925,1.0947936459577616,1.222072079080645,1.1426235535021305,0.5900343175339623
I1,Milan,Total,Lay Over 3.5,Mais de 3.5 golos no jogo,29,0.1724137931034483,0.07597745271479932,0.3454880057281511,-0.062068965517241365,0.13627998567962235,5.064045508910235,True,0.0,0.11697359446555587,0.10344827586206896,0.26385447247069155,0.034482758620689655,0.17175891064700252,0.10344827586206896,0.26385447247069155,0.06896551724137931,0.21964947595851925,1.0947936459577616,1.222072079080645,1.1426235535021305,0.5900343175339623
I1,Napoli,Casa,Lay Derrota,Equipa perde o jogo,14,0.0,0.0,0.21531701192718142,-0.33793103448275863,0.4617074701820465,5.469208553109305,True,0.0,0.21531701192718142,0.0,0.21531701192718142,0.14285714285714285,0.399419077638637,0.14285714285714285,0.399419077638637,0.0,0.21531701192718142,0.6388765649999398,1.5319721849662298,0.9035079029052513,0.5261178575186363
I1,Napoli,Fora,Lay Empate,Jogo termina empatado,15,0.06666666666666667,0.011866588606194882,0.2981707755242399,-0.19885057471264367,0.2545730611894004,4.535011201081206,True,0.06666666666666667,0.2981707755242399,0.0,0.20388926630434784,0.0,0.20388926630434784,0.26666666666666666,0.5195088965768675,0.26666666666666666,0.5195088965768675,1.5577761927397231,1.2036980056845192,1.4452988925785866,0.7582875444051551
I1,Napoli,Total,Lay Empate,Jogo termina empatado,29,0.1724137931034483,0.07597745271479932,0.3454880057281511,-0.09310344827586203,0.13627998567962235,5.064045508910235,True,0.034482758620689655,0.17175891064700252,0.0,0.11697359446555587,0.06896551724137931,0.21964947595851925,0.20689655172413793,0.3839044660825772,0.13793103448275862,0.30559357712699325,1.2490186397430918,1.3775851279612537,1.2725960060169612,0.6463573143221772
I1,Napoli,Total,Lay Derrota,Equipa perde o jogo,29,0.20689655172413793,0.09845936515585209,0.3839044660825772,-0.1603448275862069,0.040238834793557,4.442852550873515,True,0.034482758620689655,0.17175891064700252,0.0,0.11697359446555587,0.06896551724137931,0.21964947595851925,0.20689655172413793,0.3839044660825772,0.13793103448275862,0.30559357712699325,1.2490186397430918,1.3775851279612537,1.2725960060169612,0.6463573143221772
I1,Parma,Casa,Lay Vitória,Equipa vence o jogo,14,0.21428571428571427,0.07571248336916371,0.4758972377320828,-0.18226600985221678,0.0,2.939873661036668,False,0.07142857142857142,0.3146926955395781,0.0,0.21531701192718142,0.14285714285714285,0.399419077638637,0.42857142857142855,0.6740973309713064,0.2857142857142857,0.546495411724844,1.2371791482634837,1.4568627181693672,1.1338934190276817,0.9833321660356334
I1,Parma,Casa,Lay Over 3.5,Mais de 3.5 golos no jogo,14,0.21428571428571427,0.07571248336916371,0.4758972377320828,-0.020197044334975378,0.0,2.939873661036668,False,0.07142857142857142,0.3146926955395781,0.0,0.21531701192718142,0.14285714285714285,0.399419077638637,0.42857142857142855,0.6740973309713064,0.2857142857142857,0.546495411724844,1.2371791482634837,1.4568627181693672,1.1338934190276817,0.9833321660356334
I1,Parma,Casa,Lay Clean Sheet,Equipa não sofre golos (clean sheet),14,0.21428571428571427,0.07571248336916371,0.4758972377320828,-0.1064039408866995,0.0,2.939873661036668,False,0.07142857142857142,0.3146926955395781,0.0,0.21531701192718142,0.14285714285714285,0.399419077638637,0.42857142857142855,0.6740973309713064,0.2857142857142857,0.546495411724844,1.2371791482634837,1.4568627181693672,1.1338934190276817,0.9833321660356334
I1,Parma,Casa,Lay Cantos Over 10.5,Total de cantos Over 10.5,14,0.2857142857142857,0.11721187910109102,0.546495411724844,-0.007389162561576346,0.0,2.6726124191242437,False,0.07142857142857142,0.3146926955395781,0.0,0.21531701192718142,0.14285714285714285,0.399419077638637,0.42857142857142855,0.6740973309713064,0.2857142857142857,0.546495411724844,1.2371791482634837,1.4568627181693672,1.1338934190276817,0.9833321660356334
I1,Parma,Casa,Lay Empate,Jogo termina empatado,14,0.35714285714285715,0.16344490737202735,0.6123599531785959,0.09162561576354683,0.0,2.405351177211819,False,0.07142857142857142,0.3146926955395781,0.0,0.21531701192718142,0.14285714285714285,0.399419077638637,0.42857142857142855,0.6740973309713064,0.2857142857142857,0.546495411724844,1.2371791482634837,1.4568627181693672,1.1338934190276817,0.9833321660356334
I1,Parma,Fora,Lay Over 3.5,Mais de 3.5 golos no jogo,15,0.13333333333333333,0.037360469891359285,0.3788249920651624,-0.10114942528735632,0.05293751983709405,3.534274881735873,True,0.13333333333333333,0.3788249920651624,0.0,0.20388926630434784,0.26666666666666666,0.5195088965768675,0.4666666666666667,0.6988336984894922,0.2,0.4518593533465045,1.5434449203720302,1.5143755588800731,1.2472191289246473,1.0488088481701516
I1,Parma,Total,Lay Over 3.5,Mais de 3.5 golos no jogo,29,0.1724137931034483,0.07597745271479932,0.3454880057281511,-0.062068965517241365,0.13627998567962235,5.064045508910235,True,0.10344827586206896,0.26385447247069155,0.0,0.11697359446555587,0.20689655172413793,0.3839044660825772,0.4482758620689655,0.6245233293193238,0.2413793103448276,0.4210795221832869,1.4049343991354044,1.4967265113248762,1.2054178133067956,1.0190921218587001
I1,Pisa,Casa,Lay Vitória,Equipa vence o jogo,15,0.13333333333333333,0.037360469891359285,0.3788249920651624,-0.26321839080459775,0.05293751983709405,3.534274881735873,True,0.06666666666666667,0.2981707755242399,0.0,0.20388926630434784,0.2,0.4518593533465045,0.6666666666666666,0.8482389930530875,0.4666666666666667,0.6988336984894922,1.2364824660660938,1.2995725793078619,1.0110500592068734,1.7261494247992244
I1,Pisa,Casa,Lay Over 3.5,Mais de 3.5 golos no jogo,15,0.13333333333333333,0.037360469891359285,0.3788249920651624,-0.10114942528735632,0.05293751983709405,3.534274881735873,True,0.06666666666666667,0.2981707755242399,0.0,0.20388926630434784,0.2,0.4518593533465045,0.6666666666666666,0.8482389930530875,0.4666666666666667,0.6988336984894922,1.2364824660660938,1.2995725793078619,1.0110500592068734,1.7261494247992244
I1,Pisa,Fora,Lay Vitória,Equipa vence o jogo,14,0.0,0.0,0.21531701192718142,-0.33793103448275863,0.4617074701820465,5.469208553109305,True,0.21428571428571427,0.4758972377320828,0.0,0.21531701192718142,0.07142857142857142,0.3146926955395781,0.35714285714285715,0.6123599531785959,0.2857142857142857,0.546495411724844,1.5795245991068558,1.9496205805651685,0.4948716593053935,0.8003905296791062
I1,Pisa,Fora,Lay Clean Sheet,Equipa não sofre golos (clean sheet),14,0.07142857142857142,0.012721886112291648,0.3146926955395781,-0.22857142857142856,0.21326826115105474,4.215374569226061,True,0.21428571428571427,0.4758972377320828,0.0,0.21531701192718142,0.07142857142857142,0.3146926955395781,0.35714285714285715,0.6123599531785959,0.2857142857142857,0.546495411724844,1.5795245991068558,1.9496205805651685,0.4948716593053935,0.8003905296791062
I1,Pisa,Total,Lay Vitória,Equipa vence o jogo,29,0.06896551724137931,0.019120864097994437,0.21964947595851925,-0.2982758620689655,0.45087631010370194,7.274366110560061,True,0.13793103448275862,0.30559357712699325,0.0,0.11697359446555587,0.13793103448275862,0.30559357712699325,0.5172413793103449,0.6861418066920479,0.3793103448275862,0.5599777379071503,1.4225966444645703,1.8498963560002286,0.8057463065895119,1.1650226962586316
I1,Pisa,Total,Lay Clean Sheet,Equipa não sofre golos (clean sheet),29,0.1724137931034483,0.07597745271479932,0.3454880057281511,-0.13793103448275862,0.13627998567962235,5.064045508910235,True,0.13793103448275862,0.30559357712699325,0.0,0.11697359446555587,0.13793103448275862,0.30559357712699325,0.5172413793103449,0.6861418066920479,0.3793103448275862,0.5599777379071503,1.4225966444645703,1.8498963560002286,0.8057463065895119,1.1650226962586316
I1,Roma,Casa,Lay Empate,Jogo termina empatado,14,0.14285714285714285,0.04009307373792117,0.399419077638637,-0.12266009852216747,0.0014523059034075858,3.21179264390167,True,0.0,0.21531701192718142,0.07142857142857142,0.3146926955395781,0.0,0.21531701192718142,0.21428571428571427,0.4758972377320828,0.21428571428571427,0.4758972377320828,1.2797480619406367,1.3720980508784675,1.279748061940637,0.6680426571226851
I1,Roma,Casa,Lay Over 3.5,Mais de 3.5 golos no jogo,14,0.14285714285714285,0.04009307373792117,0.399419077638637,-0.0916256157635468,0.0014523059034075858,3.21179264390167,True,0.0,0.21531701192718142,0.07142857142857142,0.3146926955395781,0.0,0.21531701192718142,0.21428571428571427,0.4758972377320828,0.21428571428571427,0.4758972377320828,1.2797480619406367,1.3720980508784675,1.279748061940637,0.6680426571226851
I1,Roma,Casa,Lay Cantos Over 10.5,Total de cantos Over 10.5,14,0.14285714285714285,0.04009307373792117,0.399419077638637,-0.1502463054187192,0.0014523059034075858,3.21179264390167,True,0.0,0.21531701192718142,0.07142857142857142,0.3146926955395781,0.0,0.21531701192718142,0.21428571428571427,0.4758972377320828,0.21428571428571427,0.4758972377320828,1.2797480619406367,1.3720980508784675,1.279748061940637,0.6680426571226851
I1,Roma,Fora,Lay Empate,Jogo termina empatado,15,0.06666666666666667,0.011866588606194882,0.2981707755242399,-0.19885057471264367,0.2545730611894004,4.535011201081206,True,0.0,0.20388926630434784,0.0,0.20388926630434784,0.0,0.20388926630434784,0.26666666666666666,0.5195088965768675,0.26666666666666666,0.5195088965768675,1.2220201853215573,1.1234866364235145,1.4544949486180951,0.7803823036130353
I1,Roma,Fora,Lay Over 3.5,Mais de 3.5 golos no jogo,15,0.13333333333333333,0.037360469891359285,0.3788249920651624,-0.10114942528735632,0.05293751983709405,3.534274881735873,True,0.0,0.20388926630434784,0.0,0.20388926630434784,0.0,0.20388926630434784,0.26666666666666666,0.5195088965768675,0.26666666666666666,0.5195088965768675,1.2220201853215573,1.1234866364235145,1.4544949486180951,0.7803823036130353
I1,Roma,Total,Lay Empate,Jogo termina empatado,29,0.10344827586206896,0.03581424038130106,0.26385447247069155,-0.16206896551724137,0.34036381882327116,6.471382128033472,True,0.0,0.11697359446555587,0.034482758620689655,0.17175891064700252,0.0,0.11697359446555587,0.2413793103448276,0.4210795221832869,0.2413793103448276,0.4210795221832869,1.3021522474827039,1.2518713697014723,1.4057804903889317,0.7378202343558029
I1,Roma,Total,Lay Over 3.5,Mais de 3.5 golos no jogo,29,0.13793103448275862,0.05497350852047822,0.30559357712699325,-0.09655172413793103,0.23601605718251692,5.7380604932693435,True,0.0,0.11697359446555587,0.034482758620689655,0.17175891064700252,0.0,0.11697359446555587,0.2413793103448276,0.4210795221832869,0.2413793103448276,0.4210795221832869,1.3021522474827039,1.2518713697014723,1.4057804903889317,0.7378202343558029
I1,Roma,Total,Lay Cantos Over 10.5,Total de cantos Over 10.5,29,0.20689655172413793,0.09845936515585209,0.3839044660825772,-0.08620689655172412,0.040238834793557,4.442852550873515,True,0.0,0.11697359446555587,0.034482758620689655,0.17175891064700252,0.0,0.11697359446555587,0.2413793103448276,0.4210795221832869,0.2413793103448276,0.4210795221832869,1.3021522474827039,1.2518713697014723,1.4057804903889317,0.7378202343558029
I1,Sassuolo,Casa,Lay Empate,Jogo termina empatado,15,0.13333333333333333,0.037360469891359285,0.3788249920651624,-0.132183908045977,0.05293751983709405,3.534274881735873,True,0.13333333333333333,0.3788249920651624,0.06666666666666667,0.2981707755242399,0.0,0.20388926630434784,0.4,0.6425355724349229,0.4,0.6425355724349229,2.0154955277107964,1.3097921802925665,1.3984117975602022,1.0120382667108971
I1,Sassuolo,Fora,Lay Cantos Over 10.5,Total de cantos Over 10.5,14,0.14285714285714285,0.04009307373792117,0.399419077638637,-0.1502463054187192,0.0014523059034075858,3.21179264390167,True,0.0,0.21531701192718142,0.07142857142857142,0.3146926955395781,0.07142857142857142,0.3146926955395781,0.2857142857142857,0.546495411724844,0.21428571428571427,0.4758972377320828,1.4142135623730951,1.2936264483053452,1.3324827218698307,0.8012336167697752
I1,Sassuolo,Total,Lay Empate,Jogo termina empatado,29,0.1724137931034483,0.07597745271479932,0.3454880057281511,-0.09310344827586203,0.13627998567962235,5.064045508910235,True,0.06896551724137931,0.21964947595851925,0.06896551724137931,0.21964947595851925,0.034482758620689655,0.17175891064700252,0.3448275862068966,0.52655223492844,0.3103448275862069,0.49230470472718546,1.7562526314823232,1.3021522474827039,1.3671881104551042,0.9071147352221454
I1,Sassuolo,Total,Lay Clean Sheet,Equipa não sofre golos (clean sheet),29,0.20689655172413793,0.09845936515585209,0.3839044660825772,-0.10344827586206898,0.040238834793557,4.442852550873515,True,0.06896551724137931,0.21964947595851925,0.06896551724137931,0.21964947595851925,0.034482758620689655,0.17175891064700252,0.3448275862068966,0.52655223492844,0.3103448275862069,0.49230470472718546,1.7562526314823232,1.3021522474827039,1.3671881104551042,0.9071147352221454
I1,Torino,Casa,Lay Empate,Jogo termina empatado,15,0.13333333333333333,0.037360469891359285,0.3788249920651624,-0.132183908045977,0.05293751983709405,3.534274881735873,True,0.13333333333333333,0.3788249920651624,0.06666666666666667,0.2981707755242399,0.06666666666666667,0.2981707755242399,0.2,0.4518593533465045,0.13333333333333333,0.3788249920651624,1.8061622912192088,1.6411378166788229,1.3984117975602022,0.7877173445839877
I1,Torino,Fora,Lay Vitória,Equipa vence o jogo,14,0.21428571428571427,0.07571248336916371,0.4758972377320828,-0.12364532019704436,0.0,2.939873661036668,False,0.21428571428571427,0.4758972377320828,0.07142857142857142,0.3146926955395781,0.14285714285714285,0.399419077638637,0.42857142857142855,0.6740973309713064,0.2857142857142857,0.546495411724844,2.29906813420444,1.8844151368961317,1.1627728997214073,1.1120640226769967
I1,Torino,Fora,Lay Empate,Jogo termina empatado,14,0.2857142857142857,0.11721187910109102,0.546495411724844,0.020197044334975378,0.0,2.6726124191242437,False,0.21428571428571427,0.4758972377320828,0.07142857142857142,0.3146926955395781,0.14285714285714285,0.399419077638637,0.42857142857142855,0.6740973309713064,0.2857142857142857,0.546495411724844,2.29906813420444,1.8844151368961317,1.1627728997214073,1.1120640226769967
I1,Torino,Fora,Lay Over 3.5,Mais de 3.5 golos no jogo,14,0.2857142857142857,0.11721187910109102,0.546495411724844,0.051231527093596047,0.0,2.6726124191242437,False,0.21428571428571427,0.4758972377320828,0.07142857142857142,0.3146926955395781,0.14285714285714285,0.399419077638637,0.42857142857142855,0.6740973309713064,0.2857142857142857,0.546495411724844,2.29906813420444,1.8844151368961317,1.1627728997214073,1.1120640226769967
I1,Torino,Fora,Lay Under 2.5,Menos de 2.5 golos no jogo,14,0.35714285714285715,0.16344490737202735,0.6123599531785959,-0.16699507389162566,0.0,2.405351177211819,False,0.21428571428571427,0.4758972377320828,0.07142857142857142,0.3146926955395781,0.14285714285714285,0.399419077638637,0.42857142857142855,0.6740973309713064,0.2857142857142857,0.546495411724844,2.29906813420444,1.8844151368961317,1.1627728997214073,1.1120640226769967
I1,Torino,Fora,Lay BTTS,Ambas as equipas marcam,14,0.35714285714285715,0.16344490737202735,0.6123599531785959,-0.11527093596059113,0.0,2.405351177211819,False,0.21428571428571427,0.4758972377320828,0.07142857142857142,0.3146926955395781,0.14285714285714285,0.399419077638637,0.42857142857142855,0.6740973309713064,0.2857142857142857,0.546495411724844,2.29906813420444,1.8844151368961317,1.1627728997214073,1.1120640226769967
I1,Torino,Total,Lay Empate,Jogo termina empatado,29,0.20689655172413793,0.09845936515585209,0.3839044660825772,-0.05862068965517239,0.040238834793557,4.442852550873515,True,0.1724137931034483,0.3454880057281511,0.06896551724137931,0.21964947595851925,0.10344827586206896,0.26385447247069155,0.3103448275862069,0.49230470472718546,0.20689655172413793,0.3839044660825772,2.0912592000077663,1.7630100732640297,1.3057997399145853,0.9322771181360185
I1,Udinese,Casa,Lay Over 3.5,Mais de 3.5 golos no jogo,15,0.13333333333333333,0.037360469891359285,0.3788249920651624,-0.10114942528735632,0.05293751983709405,3.534274881735873,True,0.13333333333333333,0.3788249920651624,0.06666666666666667,0.2981707755242399,0.0,0.20388926630434784,0.26666666666666666,0.5195088965768675,0.26666666666666666,0.5195088965768675,1.5143755588800731,1.1925695879998877,1.2892719737209144,0.8705242673240075
I1,Udinese,Fora,Lay Empate,Jogo termina empatado,14,0.14285714285714285,0.04009307373792117,0.399419077638637,-0.12266009852216747,0.0014523059034075858,3.21179264390167,True,0.07142857142857142,0.3146926955395781,0.0,0.21531701192718142,0.0,0.21531701192718142,0.21428571428571427,0.4758972377320828,0.21428571428571427,0.4758972377320828,1.6781914463529615,1.406979685970872,1.3720980508784675,0.7083290928701351
I1,Udinese,Fora,Lay Clean Sheet,Equipa não sofre golos (clean sheet),14,0.14285714285714285,0.04009307373792117,0.399419077638637,-0.15714285714285714,0.0014523059034075858,3.21179264390167,True,0.07142857142857142,0.3146926955395781,0.0,0.21531701192718142,0.0,0.21531701192718142,0.21428571428571427,0.4758972377320828,0.21428571428571427,0.4758972377320828,1.6781914463529615,1.406979685970872,1.3720980508784675,0.7083290928701351
I1,Udinese,Total,Lay Empate,Jogo termina empatado,29,0.20689655172413793,0.09845936515585209,0.3839044660825772,-0.05862068965517239,0.040238834793557,4.442852550873515,True,0.10344827586206896,0.26385447247069155,0.034482758620689655,0.17175891064700252,0.0,0.11697359446555587,0.2413793103448276,0.4210795221832869,0.2413793103448276,0.4210795221832869,1.599643242033545,1.326578211149748,1.330158725654201,0.7902063521457755
I1,Udinese,Total,Lay Clean Sheet,Equipa não sofre golos (clean sheet),29,0.20689655172413793,0.09845936515585209,0.3839044660825772,-0.10344827586206898,0.040238834793557,4.442852550873515,True,0.10344827586206896,0.26385447247069155,0.034482758620689655,0.17175891064700252,0.0,0.11697359446555587,0.2413793103448276,0.4210795221832869,0.2413793103448276,0.4210795221832869,1.599643242033545,1.326578211149748,1.330158725654201,0.7902063521457755
I1,Verona,Casa,Lay Vitória,Equipa vence o jogo,14,0.07142857142857142,0.012721886112291648,0.3146926955395781,-0.32512315270935965,0.21326826115105474,4.215374569226061,True,0.07142857142857142,0.3146926955395781,0.0,0.21531701192718142,0.14285714285714285,0.399419077638637,0.42857142857142855,0.6740973309713064,0.2857142857142857,0.546495411724844,1.1450871101343856,1.5,0.823754471047914,1.0671873729054748
I1,Verona,Casa,Lay Clean Sheet,Equipa não sofre golos (clean sheet),14,0.14285714285714285,0.04009307373792117,0.399419077638637,-0.17783251231527092,0.0014523059034075858,3.21179264390167,True,0.07142857142857142,0.3146926955395781,0.0,0.21531701192718142,0.14285714285714285,0.399419077638637,0.42857142857142855,0.6740973309713064,0.2857142857142857,0.546495411724844,1.1450871101343856,1.5,0.823754471047914,1.0671873729054748
I1,Verona,Fora,Lay Vitória,Equipa vence o jogo,15,0.13333333333333333,0.037360469891359285,0.3788249920651624,-0.2045977011494253,0.05293751983709405,3.534274881735873,True,0.26666666666666666,0.5195088965768675,0.0,0.20388926630434784,0.2,0.4518593533465045,0.5333333333333333,0.7519077474025356,0.3333333333333333,0.5828687484878702,1.6411378166788229,1.4079141387961918,0.9977753031397177,1.1832159566199234
I1,Verona,Total,Lay Vitória,Equipa vence o jogo,29,0.10344827586206896,0.03581424038130106,0.26385447247069155,-0.2637931034482759,0.34036381882327116,6.471382128033472,True,0.1724137931034483,0.3454880057281511,0.0,0.11697359446555587,0.1724137931034483,0.3454880057281511,0.4827586206896552,0.6556926202943085,0.3103448275862069,0.49230470472718546,1.4383899044561526,1.4531936210831364,0.9252695079309474,1.1299820813323684
I1,Verona,Total,Lay Clean Sheet,Equipa não sofre golos (clean sheet),29,0.1724137931034483,0.07597745271479932,0.3454880057281511,-0.13793103448275862,0.13627998567962235,5.064045508910235,True,0.1724137931034483,0.3454880057281511,0.0,0.11697359446555587,0.1724137931034483,0.3454880057281511,0.4827586206896552,0.6556926202943085,0.3103448275862069,0.49230470472718546,1.4383899044561526,1.4531936210831364,0.9252695079309474,1.1299820813323684
N1,AZ Alkmaar,Casa,Lay Derrota,Equipa perde o jogo,13,0.15384615384615385,0.04325726318273798,0.4223517050863101,-0.14656536878759102,0.0,3.05085107923876,False,0.07692307692307693,0.3331453392824736,0.23076923076923078,0.5025687399512693,0.0,0.22810184305529166,0.0,0.22810184305529166,0.0,0.22810184305529166,2.058321255424562,1.4595127662315597,1.186711432349347,0.5319740903635004
N1,AZ Alkmaar,Casa,Lay Clean Sheet,Equipa não sofre golos (clean sheet),13,0.15384615384615385,0.04325726318273798,0.4223517050863101,-0.07660652105096549,0.0,3.05085107923876,False,0.07692307692307693,0.3331453392824736,0.23076923076923078,0.5025687399512693,0.0,0.22810184305529166,0.0,0.22810184305529166,0.0,0.22810184305529166,2.058321255424562,1.4595127662315597,1.186711432349347,0.5319740903635004
N1,AZ Alkmaar,Casa,Lay Cantos Over 10.5,Total de cantos Over 10.5,13,0.15384615384615385,0.04325726318273798,0.4223517050863101,-0.2988287432731877,0.0,3.05085107923876,False,0.07692307692307693,0.3331453392824736,0.23076923076923078,0.5025687399512693,0.0,0.22810184305529166,0.0,0.22810184305529166,0.0,0.22810184305529166,2.058321255424562,1.4595127662315597,1.186711432349347,0.5319740903635004
N1,AZ Alkmaar,Casa,Lay Under 2.5,Menos de 2.5 golos no jogo,13,0.23076923076923078,0.08179379092465708,0.5025687399512693,-0.13960113960113957,0.0,2.773500981126145,False,0.07692307692307693,0.3331453392824736,0.23076923076923078,0.5025687399512693,0.0,0.22810184305529166,0.0,0.22810184305529166,0.0,0.22810184305529166,2.058321255424562,1.4595127662315597,1.186711432349347,0.5319740903635004
N1,AZ Alkmaar,Casa,Lay Empate,Jogo termina empatado,13,0.38461538461538464,0.17709446581236818,0.6447751902773147,0.13358657803102247,0.0,2.2188007849009166,False,0.07692307692307693,0.3331453392824736,0.23076923076923078,0.5025687399512693,0.0,0.22810184305529166,0.0,0.22810184305529166,0.0,0.22810184305529166,2.058321255424562,1.4595127662315597,1.186711432349347,0.5319740903635004
N1,AZ Alkmaar,Fora,Lay Empate,Jogo termina empatado,14,0.07142857142857142,0.012721886112291648,0.3146926955395781,-0.17960023515579074,0.21326826115105474,4.215374569226061,True,0.0,0.21531701192718142,0.0,0.21531701192718142,0.0,0.21531701192718142,0.14285714285714285,0.399419077638637,0.14285714285714285,0.399419077638637,1.3190132366156706,1.6115020246683538,1.4445534582969062,0.6186404847588912
N1,AZ Alkmaar,Total,Lay Empate,Jogo termina empatado,27,0.2222222222222222,0.10607095489408955,0.4075729546307081,-0.028806584362139953,0.0,4.041451884327381,False,0.037037037037037035,0.18283853934156521,0.1111111111111111,0.2805818254397295,0.0,0.12455903714463581,0.07407407407407407,0.2336997729073062,0.07407407407407407,0.2336997729073062,1.7646117406772734,1.6287876612811867,1.3425606637327303,0.6368778530679049
N1,AZ Alkmaar,Total,Lay Clean Sheet,Equipa não sofre golos (clean sheet),27,0.2222222222222222,0.10607095489408955,0.4075729546307081,0.030864197530864196,0.0,4.041451884327381,False,0.037037037037037035,0.18283853934156521,0.1111111111111111,0.2805818254397295,0.0,0.12455903714463581,0.07407407407407407,0.2336997729073062,0.07407407407407407,0.2336997729073062,1.7646117406772734,1.6287876612811867,1.3425606637327303,0.6368778530679049
N1,AZ Alkmaar,Total,Lay Cantos Over 10.5,Total de cantos Over 10.5,27,0.2962962962962963,0.15852853317647564,0.48481033380837596,-0.15637860082304528,0.0,3.65655170486763,False,0.037037037037037035,0.18283853934156521,0.1111111111111111,0.2805818254397295,0.0,0.12455903714463581,0.07407407407407407,0.2336997729073062,0.07407407407407407,0.2336997729073062,1.7646117406772734,1.6287876612811867,1.3425606637327303,0.6368778530679049
N1,AZ Alkmaar,Total,Lay Derrota,Equipa perde o jogo,27,0.3333333333333333,0.1864305444359335,0.521755801278945,-0.04115226337448563,0.0,3.4641016151377553,False,0.037037037037037035,0.18283853934156521,0.1111111111111111,0.2805818254397295,0.0,0.12455903714463581,0.07407407407407407,0.2336997729073062,0.07407407407407407,0.2336997729073062,1.7646117406772734,1.6287876612811867,1.3425606637327303,0.6368778530679049
N1,AZ Alkmaar,Total,Lay Under 2.5,Menos de 2.5 golos no jogo,27,0.3333333333333333,0.1864305444359335,0.521755801278945,-0.037037037037037035,0.0,3.4641016151377553,False,0.037037037037037035,0.18283853934156521,0.1111111111111111,0.2805818254397295,0.0,0.12455903714463581,0.07407407407407407,0.2336997729073062,0.07407407407407407,0.2336997729073062,1.7646117406772734,1.6287876612811867,1.3425606637327303,0.6368778530679049
N1,Ajax,Casa,Lay Derrota,Equipa perde o jogo,14,0.14285714285714285,0.04009307373792117,0.399419077638637,-0.15755437977660203,0.0014523059034075858,3.21179264390167,True,0.0,0.21531701192718142,0.14285714285714285,0.399419077638637,0.0,0.21531701192718142,0.07142857142857142,0.3146926955395781,0.07142857142857142,0.3146926955395781,1.5665508713900935,1.0126747770541304,1.1866605518454392,0.5345224838248488
N1,Ajax,Fora,Lay Clean Sheet,Equipa não sofre golos (clean sheet),13,0.07692307692307693,0.013710066379696304,0.3331453392824736,-0.07534029756251978,0.1671366517938161,3.88446557863012,True,0.0,0.22810184305529166,0.0,0.22810184305529166,0.07692307692307693,0.3331453392824736,0.07692307692307693,0.3331453392824736,0.0,0.22810184305529166,0.9166442529086912,1.4955555457864294,0.9910845174403943,0.5137011669140813
N1,Ajax,Total,Lay Derrota,Equipa perde o jogo,27,0.14814814814814814,0.0591583185964489,0.3247906334682948,-0.2263374485596708,0.1880234163292631,5.258609900696471,True,0.0,0.12455903714463581,0.07407407407407407,0.2336997729073062,0.037037037037037035,0.18283853934156521,0.07407407407407407,0.2336997729073062,0.037037037037037035,0.18283853934156521,1.4142135623730951,1.3343617433075423,1.1735540383522116,0.5273580461846958
N1,Excelsior,Casa,Lay Empate,Jogo termina empatado,14,0.14285714285714285,0.04009307373792117,0.399419077638637,-0.10817166372721931,0.0014523059034075858,3.21179264390167,True,0.0,0.21531701192718142,0.0,0.21531701192718142,0.0,0.21531701192718142,0.21428571428571427,0.4758972377320828,0.21428571428571427,0.4758972377320828,0.9715336077668174,1.1088696211614302,1.3093073414159542,0.6546536707079771
N1,Excelsior,Casa,Lay Over 3.5,Mais de 3.5 golos no jogo,14,0.14285714285714285,0.04009307373792117,0.399419077638637,-0.24808935920047032,0.0014523059034075858,3.21179264390167,True,0.0,0.21531701192718142,0.0,0.21531701192718142,0.0,0.21531701192718142,0.21428571428571427,0.4758972377320828,0.21428571428571427,0.4758972377320828,0.9715336077668174,1.1088696211614302,1.3093073414159542,0.6546536707079771
N1,Excelsior,Fora,Lay Clean Sheet,Equipa não sofre golos (clean sheet),13,0.15384615384615385,0.04325726318273798,0.4223517050863101,0.001582779360557146,0.0,3.05085107923876,False,0.23076923076923078,0.5025687399512693,0.0,0.22810184305529166,0.07692307692307693,0.3331453392824736,0.23076923076923078,0.5025687399512693,0.15384615384615385,0.4223517050863101,1.9611613513818404,1.5112986695683461,1.2064913185660093,0.6776309271789385
N1,Excelsior,Fora,Lay Vitória,Equipa vence o jogo,13,0.23076923076923078,0.08179379092465708,0.5025687399512693,-0.0696422918645141,0.0,2.773500981126145,False,0.23076923076923078,0.5025687399512693,0.0,0.22810184305529166,0.07692307692307693,0.3331453392824736,0.23076923076923078,0.5025687399512693,0.15384615384615385,0.4223517050863101,1.9611613513818404,1.5112986695683461,1.2064913185660093,0.6776309271789385
N1,Excelsior,Fora,Lay Empate,Jogo termina empatado,13,0.23076923076923078,0.08179379092465708,0.5025687399512693,-0.02025957581513138,0.0,2.773500981126145,False,0.23076923076923078,0.5025687399512693,0.0,0.22810184305529166,0.07692307692307693,0.3331453392824736,0.23076923076923078,0.5025687399512693,0.15384615384615385,0.4223517050863101,1.9611613513818404,1.5112986695683461,1.2064913185660093,0.6776309271789385
N1,Excelsior,Fora,Lay Over 3.5,Mais de 3.5 golos no jogo,13,0.3076923076923077,0.1268049716161809,0.5763111218666236,-0.08325419436530546,0.0,2.496150883013531,False,0.23076923076923078,0.5025687399512693,0.0,0.22810184305529166,0.07692307692307693,0.3331453392824736,0.23076923076923078,0.5025687399512693,0.15384615384615385,0.4223517050863101,1.9611613513818404,1.5112986695683461,1.2064913185660093,0.6776309271789385
N1,Excelsior,Fora,Lay Under 2.5,Menos de 2.5 golos no jogo,13,0.3076923076923077,0.1268049716161809,0.5763111218666236,-0.06267806267806264,0.0,2.496150883013531,False,0.23076923076923078,0.5025687399512693,0.0,0.22810184305529166,0.07692307692307693,0.3331453392824736,0.23076923076923078,0.5025687399512693,0.15384615384615385,0.4223517050863101,1.9611613513818404,1.5112986695683461,1.2064913185660093,0.6776309271789385
N1,Excelsior,Total,Lay Empate,Jogo termina empatado,27,0.18518518518518517,0.08180586574285321,0.36699056505191746,-0.06584362139917699,0.0825235873702064,4.583298753530259,True,0.1111111111111111,0.2805818254397295,0.0,0.12455903714463581,0.037037037037037035,0.18283853934156521,0.2222222222222222,0.4075729546307081,0.18518518518518517,0.36699056505191746,1.5634719199411433,1.3768615033660079,1.2614360271056593,0.6681531047810609
N1,Excelsior,Total,Lay Clean Sheet,Equipa não sofre golos (clean sheet),27,0.18518518518518517,0.08180586574285321,0.36699056505191746,-0.006172839506172839,0.0825235873702064,4.583298753530259,True,0.1111111111111111,0.2805818254397295,0.0,0.12455903714463581,0.037037037037037035,0.18283853934156521,0.2222222222222222,0.4075729546307081,0.18518518518518517,0.36699056505191746,1.5634719199411433,1.3768615033660079,1.2614360271056593,0.6681531047810609
N1,Feyenoord,Casa,Lay Empate,Jogo termina empatado,14,0.07142857142857142,0.012721886112291648,0.3146926955395781,-0.17960023515579074,0.21326826115105474,4.215374569226061,True,0.0,0.21531701192718142,0.07142857142857142,0.3146926955395781,0.0,0.21531701192718142,0.0,0.21531701192718142,0.0,0.21531701192718142,1.647508942095828,2.065261756400137,1.2637004294967236,0.5326697140080834
N1,Feyenoord,Fora,Lay Empate,Jogo termina empatado,13,0.23076923076923078,0.08179379092465708,0.5025687399512693,-0.02025957581513138,0.0,2.773500981126145,False,0.07692307692307693,0.3331453392824736,0.15384615384615385,0.4223517050863101,0.0,0.22810184305529166,0.23076923076923078,0.5025687399512693,0.23076923076923078,0.5025687399512693,2.5302898774459273,1.8235799370968766,1.3323467750529825,0.9405399431259602
N1,Feyenoord,Fora,Lay Derrota,Equipa perde o jogo,13,0.3076923076923077,0.1268049716161809,0.5763111218666236,-0.1408673630895853,0.0,2.496150883013531,False,0.07692307692307693,0.3331453392824736,0.15384615384615385,0.4223517050863101,0.0,0.22810184305529166,0.23076923076923078,0.5025687399512693,0.23076923076923078,0.5025687399512693,2.5302898774459273,1.8235799370968766,1.3323467750529825,0.9405399431259602
N1,Feyenoord,Fora,Lay Under 2.5,Menos de 2.5 golos no jogo,13,0.3076923076923077,0.1268049716161809,0.5763111218666236,-0.06267806267806264,0.0,2.496150883013531,False,0.07692307692307693,0.3331453392824736,0.15384615384615385,0.4223517050863101,0.0,0.22810184305529166,0.23076923076923078,0.5025687399512693,0.23076923076923078,0.5025687399512693,2.5302898774459273,1.8235799370968766,1.3323467750529825,0.9405399431259602
N1,Feyenoord,Fora,Lay Clean Sheet,Equipa não sofre golos (clean sheet),13,0.3076923076923077,0.1268049716161809,0.5763111218666236,0.155428933206711,0.0,2.496150883013531,False,0.07692307692307693,0.3331453392824736,0.15384615384615385,0.4223517050863101,0.0,0.22810184305529166,0.23076923076923078,0.5025687399512693,0.23076923076923078,0.5025687399512693,2.5302898774459273,1.8235799370968766,1.3323467750529825,0.9405399431259602
N1,Feyenoord,Fora,Lay Over 3.5,Mais de 3.5 golos no jogo,13,0.38461538461538464,0.17709446581236818,0.6447751902773147,-0.006331117442228529,0.0,2.2188007849009166,False,0.07692307692307693,0.3331453392824736,0.15384615384615385,0.4223517050863101,0.0,0.22810184305529166,0.23076923076923078,0.5025687399512693,0.23076923076923078,0.5025687399512693,2.5302898774459273,1.8235799370968766,1.3323467750529825,0.9405399431259602
N1,Feyenoord,Total,Lay Empate,Jogo termina empatado,27,0.14814814814814814,0.0591583185964489,0.3247906334682948,-0.10288065843621402,0.1880234163292631,5.258609900696471,True,0.037037037037037035,0.18283853934156521,0.1111111111111111,0.2805818254397295,0.0,0.12455903714463581,0.1111111111111111,0.2805818254397295,0.1111111111111111,0.2805818254397295,2.1314806770278754,1.9626135258506325,1.331274130045291,0.7280109889280518
N1,For Sittard,Casa,Lay Empate,Jogo termina empatado,13,0.23076923076923078,0.08179379092465708,0.5025687399512693,-0.02025957581513138,0.0,2.773500981126145,False,0.07692307692307693,0.3331453392824736,0.0,0.22810184305529166,0.0,0.22810184305529166,0.0,0.22810184305529166,0.0,0.22810184305529166,1.3587324409735149,1.6426274233894325,1.3323467750529825,0.5378254348272378
N1,For Sittard,Casa,Lay Clean Sheet,Equipa não sofre golos (clean sheet),13,0.23076923076923078,0.08179379092465708,0.5025687399512693,0.00031655587211143477,0.0,2.773500981126145,False,0.07692307692307693,0.3331453392824736,0.0,0.22810184305529166,0.0,0.22810184305529166,0.0,0.22810184305529166,0.0,0.22810184305529166,1.3587324409735149,1.6426274233894325,1.3323467750529825,0.5378254348272378
N1,For Sittard,Casa,Lay Derrota,Equipa perde o jogo,13,0.3076923076923077,0.1268049716161809,0.5763111218666236,0.007280785058562833,0.0,2.496150883013531,False,0.07692307692307693,0.3331453392824736,0.0,0.22810184305529166,0.0,0.22810184305529166,0.0,0.22810184305529166,0.0,0.22810184305529166,1.3587324409735149,1.6426274233894325,1.3323467750529825,0.5378254348272378
N1,For Sittard,Casa,Lay Under 2.5,Menos de 2.5 golos no jogo,13,0.3076923076923077,0.1268049716161809,0.5763111218666236,-0.06267806267806264,0.0,2.496150883013531,False,0.07692307692307693,0.3331453392824736,0.0,0.22810184305529166,0.0,0.22810184305529166,0.0,0.22810184305529166,0.0,0.22810184305529166,1.3587324409735149,1.6426274233894325,1.3323467750529825,0.5378254348272378
N1,For Sittard,Casa,Lay Vitória,Equipa vence o jogo,13,0.46153846153846156,0.23205754301488138,0.7085656756816795,0.012978790756568548,0.0,1.9414506867883017,False,0.07692307692307693,0.3331453392824736,0.0,0.22810184305529166,0.0,0.22810184305529166,0.0,0.22810184305529166,0.0,0.22810184305529166,1.3587324409735149,1.6426274233894325,1.3323467750529825,0.5378254348272378
N1,For Sittard,Fora,Lay Clean Sheet,Equipa não sofre golos (clean sheet),14,0.0,0.0,0.21531701192718142,-0.1522633744855967,0.4617074701820465,5.469208553109305,True,0.14285714285714285,0.399419077638637,0.0,0.21531701192718142,0.0,0.21531701192718142,0.21428571428571427,0.4758972377320828,0.21428571428571427,0.4758972377320828,1.4498416521560316,1.635074734608514,1.3093073414159542,0.6855654600401045
N1,For Sittard,Fora,Lay Empate,Jogo termina empatado,14,0.14285714285714285,0.04009307373792117,0.399419077638637,-0.10817166372721931,0.0014523059034075858,3.21179264390167,True,0.14285714285714285,0.399419077638637,0.0,0.21531701192718142,0.0,0.21531701192718142,0.21428571428571427,0.4758972377320828,0.21428571428571427,0.4758972377320828,1.4498416521560316,1.635074734608514,1.3093073414159542,0.6855654600401045
N1,For Sittard,Total,Lay Clean Sheet,Equipa não sofre golos (clean sheet),27,0.1111111111111111,0.03851964789498726,0.2805818254397295,-0.08024691358024691,0.2985454364006763,5.997724458087124,True,0.1111111111111111,0.2805818254397295,0.0,0.12455903714463581,0.0,0.12455903714463581,0.1111111111111111,0.2805818254397295,0.1111111111111111,0.2805818254397295,1.4353942500056374,1.6388627325805618,1.355778164275787,0.6144518047887592
N1,For Sittard,Total,Lay Empate,Jogo termina empatado,27,0.18518518518518517,0.08180586574285321,0.36699056505191746,-0.06584362139917699,0.0825235873702064,4.583298753530259,True,0.1111111111111111,0.2805818254397295,0.0,0.12455903714463581,0.0,0.12455903714463581,0.1111111111111111,0.2805818254397295,0.1111111111111111,0.2805818254397295,1.4353942500056374,1.6388627325805618,1.355778164275787,0.6144518047887592
N1,Go Ahead Eagles,Casa,Lay Derrota,Equipa perde o jogo,14,0.21428571428571427,0.07571248336916371,0.4758972377320828,-0.0861258083480306,0.0,2.939873661036668,False,0.14285714285714285,0.399419077638637,0.21428571428571427,0.4758972377320828,0.0,0.21531701192718142,0.07142857142857142,0.3146926955395781,0.07142857142857142,0.3146926955395781,2.4411439272335804,1.178030178747903,1.1801936887041646,0.7319250547113999
N1,Go Ahead Eagles,Casa,Lay Under 2.5,Menos de 2.5 golos no jogo,14,0.2857142857142857,0.11721187910109102,0.546495411724844,-0.08465608465608465,0.0,2.6726124191242437,False,0.14285714285714285,0.399419077638637,0.21428571428571427,0.4758972377320828,0.0,0.21531701192718142,0.07142857142857142,0.3146926955395781,0.07142857142857142,0.3146926955395781,2.4411439272335804,1.178030178747903,1.1801936887041646,0.7319250547113999
N1,Go Ahead Eagles,Casa,Lay Clean Sheet,Equipa não sofre golos (clean sheet),14,0.2857142857142857,0.11721187910109102,0.546495411724844,0.05526161081716635,0.0,2.6726124191242437,False,0.14285714285714285,0.399419077638637,0.21428571428571427,0.4758972377320828,0.0,0.21531701192718142,0.07142857142857142,0.3146926955395781,0.07142857142857142,0.3146926955395781,2.4411439272335804,1.178030178747903,1.1801936887041646,0.7319250547113999
N1,Go Ahead Eagles,Casa,Lay Vitória,Equipa vence o jogo,14,0.35714285714285715,0.16344490737202735,0.6123599531785959,-0.09141681363903587,0.0,2.405351177211819,False,0.14285714285714285,0.399419077638637,0.21428571428571427,0.4758972377320828,0.0,0.21531701192718142,0.07142857142857142,0.3146926955395781,0.07142857142857142,0.3146926955395781,2.4411439272335804,1.178030178747903,1.1801936887041646,0.7319250547113999
N1,Go Ahead Eagles,Casa,Lay Empate,Jogo termina empatado,14,0.42857142857142855,0.21380509930400526,0.6740973309713064,0.17754262198706638,0.0,2.1380899352993947,False,0.14285714285714285,0.399419077638637,0.21428571428571427,0.4758972377320828,0.0,0.21531701192718142,0.07142857142857142,0.3146926955395781,0.07142857142857142,0.3146926955395781,2.4411439272335804,1.178030178747903,1.1801936887041646,0.7319250547113999
N1,Go Ahead Eagles,Fora,Lay Vitória,Equipa vence o jogo,13,0.15384615384615385,0.04325726318273798,0.4223517050863101,-0.14656536878759102,0.0,3.05085107923876,False,0.0,0.22810184305529166,0.0,0.22810184305529166,0.0,0.22810184305529166,0.23076923076923078,0.5025687399512693,0.23076923076923078,0.5025687399512693,1.1512791959304436,1.6853001769389726,1.026281851086641,0.6280634265900772
N1,Go Ahead Eagles,Fora,Lay Clean Sheet,Equipa não sofre golos (clean sheet),13,0.15384615384615385,0.04325726318273798,0.4223517050863101,0.001582779360557146,0.0,3.05085107923876,False,0.0,0.22810184305529166,0.0,0.22810184305529166,0.0,0.22810184305529166,0.23076923076923078,0.5025687399512693,0.23076923076923078,0.5025687399512693,1.1512791959304436,1.6853001769389726,1.026281851086641,0.6280634265900772
N1,Go Ahead Eagles,Fora,Lay Empate,Jogo termina empatado,13,0.38461538461538464,0.17709446581236818,0.6447751902773147,0.13358657803102247,0.0,2.2188007849009166,False,0.0,0.22810184305529166,0.0,0.22810184305529166,0.0,0.22810184305529166,0.23076923076923078,0.5025687399512693,0.23076923076923078,0.5025687399512693,1.1512791959304436,1.6853001769389726,1.026281851086641,0.6280634265900772
N1,Go Ahead Eagles,Fora,Lay Cantos Over 10.5,Total de cantos Over 10.5,13,0.38461538461538464,0.17709446581236818,0.6447751902773147,-0.06805951250395692,0.0,2.2188007849009166,False,0.0,0.22810184305529166,0.0,0.22810184305529166,0.0,0.22810184305529166,0.23076923076923078,0.5025687399512693,0.23076923076923078,0.5025687399512693,1.1512791959304436,1.6853001769389726,1.026281851086641,0.6280634265900772
N1,Go Ahead Eagles,Fora,Lay Derrota,Equipa perde o jogo,13,0.46153846153846156,0.23205754301488138,0.7085656756816795,0.012978790756568548,0.0,1.9414506867883017,False,0.0,0.22810184305529166,0.0,0.22810184305529166,0.0,0.22810184305529166,0.23076923076923078,0.5025687399512693,0.23076923076923078,0.5025687399512693,1.1512791959304436,1.6853001769389726,1.026281851086641,0.6280634265900772
N1,Go Ahead Eagles,Total,Lay Clean Sheet,Equipa não sofre golos (clean sheet),27,0.2222222222222222,0.10607095489408955,0.4075729546307081,0.030864197530864196,0.0,4.041451884327381,False,0.07407407407407407,0.2336997729073062,0.1111111111111111,0.2805818254397295,0.0,0.12455903714463581,0.14814814814814814,0.3247906334682948,0.14814814814814814,0.3247906334682948,1.9986277871454876,1.4553246447695185,1.155887891431647,0.7483314773547882
N1,Go Ahead Eagles,Total,Lay Vitória,Equipa vence o jogo,27,0.25925925925925924,0.13170208422866778,0.44678930402615685,-0.1152263374485597,0.0,3.849001794597505,False,0.07407407407407407,0.2336997729073062,0.1111111111111111,0.2805818254397295,0.0,0.12455903714463581,0.14814814814814814,0.3247906334682948,0.14814814814814814,0.3247906334682948,1.9986277871454876,1.4553246447695185,1.155887891431647,0.7483314773547882
N1,Go Ahead Eagles,Total,Lay Derrota,Equipa perde o jogo,27,0.3333333333333333,0.1864305444359335,0.521755801278945,-0.04115226337448563,0.0,3.4641016151377553,False,0.07407407407407407,0.2336997729073062,0.1111111111111111,0.2805818254397295,0.0,0.12455903714463581,0.14814814814814814,0.3247906334682948,0.14814814814814814,0.3247906334682948,1.9986277871454876,1.4553246447695185,1.155887891431647,0.7483314773547882
N1,Go Ahead Eagles,Total,Lay Under 2.5,Menos de 2.5 golos no jogo,27,0.37037037037037035,0.21532287067936856,0.557710953765537,0.0,0.0,3.2716515254078797,False,0.07407407407407407,0.2336997729073062,0.1111111111111111,0.2805818254397295,0.0,0.12455903714463581,0.14814814814814814,0.3247906334682948,0.14814814814814814,0.3247906334682948,1.9986277871454876,1.4553246447695185,1.155887891431647,0.7483314773547882
N1,Go Ahead Eagles,Total,Lay Empate,Jogo termina empatado,27,0.4074074074074074,0.24514513372857347,0.5927361694463591,0.15637860082304522,0.0,3.079201435678004,False,0.07407407407407407,0.2336997729073062,0.1111111111111111,0.2805818254397295,0.0,0.12455903714463581,0.14814814814814814,0.3247906334682948,0.14814814814814814,0.3247906334682948,1.9986277871454876,1.4553246447695185,1.155887891431647,0.7483314773547882
N1,Groningen,Casa,Lay Empate,Jogo termina empatado,13,0.23076923076923078,0.08179379092465708,0.5025687399512693,-0.02025957581513138,0.0,2.773500981126145,False,0.0,0.22810184305529166,0.15384615384615385,0.4223517050863101,0.07692307692307693,0.3331453392824736,0.23076923076923078,0.5025687399512693,0.15384615384615385,0.4223517050863101,1.7371676600978792,1.1461280327501029,1.3323467750529825,0.7905694150420949
N1,Groningen,Casa,Lay Over 3.5,Mais de 3.5 golos no jogo,13,0.23076923076923078,0.08179379092465708,0.5025687399512693,-0.16017727128838238,0.0,2.773500981126145,False,0.0,0.22810184305529166,0.15384615384615385,0.4223517050863101,0.07692307692307693,0.3331453392824736,0.23076923076923078,0.5025687399512693,0.15384615384615385,0.4223517050863101,1.7371676600978792,1.1461280327501029,1.3323467750529825,0.7905694150420949
N1,Groningen,Casa,Lay Clean Sheet,Equipa não sofre golos (clean sheet),13,0.3076923076923077,0.1268049716161809,0.5763111218666236,0.07723963279518836,0.0,2.496150883013531,False,0.0,0.22810184305529166,0.15384615384615385,0.4223517050863101,0.07692307692307693,0.3331453392824736,0.23076923076923078,0.5025687399512693,0.15384615384615385,0.4223517050863101,1.7371676600978792,1.1461280327501029,1.3323467750529825,0.7905694150420949
N1,Groningen,Casa,Lay Vitória,Equipa vence o jogo,13,0.38461538461538464,0.17709446581236818,0.6447751902773147,-0.06394428616650838,0.0,2.2188007849009166,False,0.0,0.22810184305529166,0.15384615384615385,0.4223517050863101,0.07692307692307693,0.3331453392824736,0.23076923076923078,0.5025687399512693,0.15384615384615385,0.4223517050863101,1.7371676600978792,1.1461280327501029,1.3323467750529825,0.7905694150420949
N1,Groningen,Casa,Lay Derrota,Equipa perde o jogo,13,0.38461538461538464,0.17709446581236818,0.6447751902773147,0.08420386198163976,0.0,2.2188007849009166,False,0.0,0.22810184305529166,0.15384615384615385,0.4223517050863101,0.07692307692307693,0.3331453392824736,0.23076923076923078,0.5025687399512693,0.15384615384615385,0.4223517050863101,1.7371676600978792,1.1461280327501029,1.3323467750529825,0.7905694150420949
N1,Groningen,Fora,Lay Empate,Jogo termina empatado,14,0.14285714285714285,0.04009307373792117,0.399419077638637,-0.10817166372721931,0.0014523059034075858,3.21179264390167,True,0.07142857142857142,0.3146926955395781,0.0,0.21531701192718142,0.0,0.21531701192718142,0.21428571428571427,0.4758972377320828,0.21428571428571427,0.4758972377320828,1.5907898179514348,1.406979685970872,1.3720980508784675,0.6362737544936452
N1,Groningen,Total,Lay Empate,Jogo termina empatado,27,0.18518518518518517,0.08180586574285321,0.36699056505191746,-0.06584362139917699,0.0825235873702064,4.583298753530259,True,0.037037037037037035,0.18283853934156521,0.07407407407407407,0.2336997729073062,0.037037037037037035,0.18283853934156521,0.2222222222222222,0.4075729546307081,0.18518518518518517,0.36699056505191746,1.7213259316477407,1.2936480886350354,1.3557781642757871,0.747041889788392
N1,Heerenveen,Casa,Lay Clean Sheet,Equipa não sofre golos (clean sheet),14,0.07142857142857142,0.012721886112291648,0.3146926955395781,-0.15902410346854792,0.21326826115105474,4.215374569226061,True,0.0,0.21531701192718142,0.07142857142857142,0.3146926955395781,0.0,0.21531701192718142,0.14285714285714285,0.399419077638637,0.14285714285714285,0.399419077638637,1.3942300925673667,1.349603116263656,1.2309777099724348,0.6029192813370261
N1,Heerenveen,Fora,Lay Empate,Jogo termina empatado,13,0.15384615384615385,0.04325726318273798,0.4223517050863101,-0.09718265273820831,0.0,3.05085107923876,False,0.07692307692307693,0.3331453392824736,0.15384615384615385,0.4223517050863101,0.0,0.22810184305529166,0.23076923076923078,0.5025687399512693,0.23076923076923078,0.5025687399512693,2.142828965720634,1.1200169060431566,1.3803352649943357,0.7483314773547881
N1,Heerenveen,Fora,Lay Clean Sheet,Equipa não sofre golos (clean sheet),13,0.15384615384615385,0.04325726318273798,0.4223517050863101,0.001582779360557146,0.0,3.05085107923876,False,0.07692307692307693,0.3331453392824736,0.15384615384615385,0.4223517050863101,0.0,0.22810184305529166,0.23076923076923078,0.5025687399512693,0.23076923076923078,0.5025687399512693,2.142828965720634,1.1200169060431566,1.3803352649943357,0.7483314773547881
N1,Heerenveen,Fora,Lay Under 2.5,Menos de 2.5 golos no jogo,13,0.23076923076923078,0.08179379092465708,0.5025687399512693,-0.13960113960113957,0.0,2.773500981126145,False,0.07692307692307693,0.3331453392824736,0.15384615384615385,0.4223517050863101,0.0,0.22810184305529166,0.23076923076923078,0.5025687399512693,0.23076923076923078,0.5025687399512693,2.142828965720634,1.1200169060431566,1.3803352649943357,0.7483314773547881
N1,Heerenveen,Fora,Lay Vitória,Equipa vence o jogo,13,0.38461538461538464,0.17709446581236818,0.6447751902773147,0.08420386198163976,0.0,2.2188007849009166,False,0.07692307692307693,0.3331453392824736,0.15384615384615385,0.4223517050863101,0.0,0.22810184305529166,0.23076923076923078,0.5025687399512693,0.23076923076923078,0.5025687399512693,2.142828965720634,1.1200169060431566,1.3803352649943357,0.7483314773547881
N1,Heerenveen,Fora,Lay Over 3.5,Mais de 3.5 golos no jogo,13,0.38461538461538464,0.17709446581236818,0.6447751902773147,-0.006331117442228529,0.0,2.2188007849009166,False,0.07692307692307693,0.3331453392824736,0.15384615384615385,0.4223517050863101,0.0,0.22810184305529166,0.23076923076923078,0.5025687399512693,0.23076923076923078,0.5025687399512693,2.142828965720634,1.1200169060431566,1.3803352649943357,0.7483314773547881
N1,Heerenveen,Total,Lay Clean Sheet,Equipa não sofre golos (clean sheet),27,0.1111111111111111,0.03851964789498726,0.2805818254397295,-0.08024691358024691,0.2985454364006763,5.997724458087124,True,0.037037037037037035,0.18283853934156521,0.1111111111111111,0.2805818254397295,0.0,0.12455903714463581,0.18518518518518517,0.36699056505191746,0.18518518518518517,0.36699056505191746,1.8121673811444543,1.2516107591641334,1.3157273828393785,0.6741693411810579
N1,Heracles,Casa,Lay Empate,Jogo termina empatado,13,0.15384615384615385,0.04325726318273798,0.4223517050863101,-0.09718265273820831,0.0,3.05085107923876,False,0.23076923076923078,0.5025687399512693,0.15384615384615385,0.4223517050863101,0.07692307692307693,0.3331453392824736,0.38461538461538464,0.6447751902773147,0.3076923076923077,0.5763111218666236,3.0788455532599235,2.576636034529881,1.327898192433236,1.3636020060263192
N1,Heracles,Casa,Lay Clean Sheet,Equipa não sofre golos (clean sheet),13,0.15384615384615385,0.04325726318273798,0.4223517050863101,-0.07660652105096549,0.0,3.05085107923876,False,0.23076923076923078,0.5025687399512693,0.15384615384615385,0.4223517050863101,0.07692307692307693,0.3331453392824736,0.38461538461538464,0.6447751902773147,0.3076923076923077,0.5763111218666236,3.0788455532599235,2.576636034529881,1.327898192433236,1.3636020060263192
N1,Heracles,Casa,Lay Cantos Over 10.5,Total de cantos Over 10.5,13,0.23076923076923078,0.08179379092465708,0.5025687399512693,-0.22190566635011078,0.0,2.773500981126145,False,0.23076923076923078,0.5025687399512693,0.15384615384615385,0.4223517050863101,0.07692307692307693,0.3331453392824736,0.38461538461538464,0.6447751902773147,0.3076923076923077,0.5763111218666236,3.0788455532599235,2.576636034529881,1.327898192433236,1.3636020060263192
N1,Heracles,Casa,Lay Vitória,Equipa vence o jogo,13,0.3076923076923077,0.1268049716161809,0.5763111218666236,-0.1408673630895853,0.0,2.496150883013531,False,0.23076923076923078,0.5025687399512693,0.15384615384615385,0.4223517050863101,0.07692307692307693,0.3331453392824736,0.38461538461538464,0.6447751902773147,0.3076923076923077,0.5763111218666236,3.0788455532599235,2.576636034529881,1.327898192433236,1.3636020060263192
N1,Heracles,Casa,Lay Under 2.5,Menos de 2.5 golos no jogo,13,0.3076923076923077,0.1268049716161809,0.5763111218666236,-0.06267806267806264,0.0,2.496150883013531,False,0.23076923076923078,0.5025687399512693,0.15384615384615385,0.4223517050863101,0.07692307692307693,0.3331453392824736,0.38461538461538464,0.6447751902773147,0.3076923076923077,0.5763111218666236,3.0788455532599235,2.576636034529881,1.327898192433236,1.3636020060263192
N1,Heracles,Fora,Lay Clean Sheet,Equipa não sofre golos (clean sheet),14,0.0,0.0,0.21531701192718142,-0.1522633744855967,0.4617074701820465,5.469208553109305,True,0.42857142857142855,0.6740973309713064,0.0,0.21531701192718142,0.0,0.21531701192718142,0.5,0.7320113208052473,0.5,0.7320113208052473,1.5518257844571737,1.4356965173029843,0.7953949089757173,1.195722403451446
N1,Heracles,Fora,Lay Vitória,Equipa vence o jogo,14,0.07142857142857142,0.012721886112291648,0.3146926955395781,-0.22898295120517345,0.21326826115105474,4.215374569226061,True,0.42857142857142855,0.6740973309713064,0.0,0.21531701192718142,0.0,0.21531701192718142,0.5,0.7320113208052473,0.5,0.7320113208052473,1.5518257844571737,1.4356965173029843,0.7953949089757173,1.195722403451446
N1,Heracles,Fora,Lay Empate,Jogo termina empatado,14,0.07142857142857142,0.012721886112291648,0.3146926955395781,-0.17960023515579074,0.21326826115105474,4.215374569226061,True,0.42857142857142855,0.6740973309713064,0.0,0.21531701192718142,0.0,0.21531701192718142,0.5,0.7320113208052473,0.5,0.7320113208052473,1.5518257844571737,1.4356965173029843,0.7953949089757173,1.195722403451446
N1,Heracles,Total,Lay Clean Sheet,Equipa não sofre golos (clean sheet),27,0.07407407407407407,0.020554221697383537,0.2336997729073062,-0.11728395061728394,0.4157505677317345,6.811533094877355,True,0.3333333333333333,0.521755801278945,0.07407407407407407,0.2336997729073062,0.037037037037037035,0.18283853934156521,0.4444444444444444,0.6268728052042312,0.4074074074074074,0.5927361694463591,2.5407515386877773,2.0654582953479537,1.1547005383792515,1.4530409921953338
N1,Heracles,Total,Lay Empate,Jogo termina empatado,27,0.1111111111111111,0.03851964789498726,0.2805818254397295,-0.13991769547325106,0.2985454364006763,5.997724458087124,True,0.3333333333333333,0.521755801278945,0.07407407407407407,0.2336997729073062,0.037037037037037035,0.18283853934156521,0.4444444444444444,0.6268728052042312,0.4074074074074074,0.5927361694463591,2.5407515386877773,2.0654582953479537,1.1547005383792515,1.4530409921953338
N1,Heracles,Total,Lay Vitória,Equipa vence o jogo,27,0.18518518518518517,0.08180586574285321,0.36699056505191746,-0.18930041152263377,0.0825235873702064,4.583298753530259,True,0.3333333333333333,0.521755801278945,0.07407407407407407,0.2336997729073062,0.037037037037037035,0.18283853934156521,0.4444444444444444,0.6268728052042312,0.4074074074074074,0.5927361694463591,2.5407515386877773,2.0654582953479537,1.1547005383792515,1.4530409921953338
N1,NAC Breda,Casa,Lay Clean Sheet,Equipa não sofre golos (clean sheet),14,0.14285714285714285,0.04009307373792117,0.399419077638637,-0.0875955320399765,0.0014523059034075858,3.21179264390167,True,0.0,0.21531701192718142,0.0,0.21531701192718142,0.0,0.21531701192718142,0.2857142857142857,0.546495411724844,0.2857142857142857,0.546495411724844,0.9394961741404219,1.8585159758939553,1.2453996981544782,0.8012336167697754
N1,NAC Breda,Fora,Lay Vitória,Equipa vence o jogo,13,0.07692307692307693,0.013710066379696304,0.3331453392824736,-0.22348844571066795,0.1671366517938161,3.88446557863012,True,0.23076923076923078,0.5025687399512693,0.0,0.22810184305529166,0.07692307692307693,0.3331453392824736,0.5384615384615384,0.7679424569851186,0.46153846153846156,0.7085656756816795,1.7709022204955907,1.790837957972741,0.8426500884694864,1.2649110640673515
N1,NAC Breda,Total,Lay Clean Sheet,Equipa não sofre golos (clean sheet),27,0.14814814814814814,0.0591583185964489,0.3247906334682948,-0.043209876543209874,0.1880234163292631,5.258609900696471,True,0.1111111111111111,0.2805818254397295,0.0,0.12455903714463581,0.037037037037037035,0.18283853934156521,0.4074074074074074,0.5927361694463591,0.37037037037037035,0.557710953765537,1.5053630691038205,1.8264930379167337,1.1123449939023113,0.9987236752935404
N1,NAC Breda,Total,Lay Vitória,Equipa vence o jogo,27,0.18518518518518517,0.08180586574285321,0.36699056505191746,-0.18930041152263377,0.0825235873702064,4.583298753530259,True,0.1111111111111111,0.2805818254397295,0.0,0.12455903714463581,0.037037037037037035,0.18283853934156521,0.4074074074074074,0.5927361694463591,0.37037037037037035,0.557710953765537,1.5053630691038205,1.8264930379167337,1.1123449939023113,0.9987236752935404
N1,Nijmegen,Casa,Lay Under 2.5,Menos de 2.5 golos no jogo,13,0.07692307692307693,0.013710066379696304,0.3331453392824736,-0.2934472934472934,0.1671366517938161,3.88446557863012,True,0.0,0.22810184305529166,0.3076923076923077,0.5763111218666236,0.0,0.22810184305529166,0.0,0.22810184305529166,0.0,0.22810184305529166,2.0322838174804474,1.5268794800984007,1.3008872711759818,0.3681171064778607
N1,Nijmegen,Fora,Lay Clean Sheet,Equipa não sofre golos (clean sheet),14,0.0,0.0,0.21531701192718142,-0.1522633744855967,0.4617074701820465,5.469208553109305,True,0.0,0.21531701192718142,0.07142857142857142,0.3146926955395781,0.0,0.21531701192718142,0.07142857142857142,0.3146926955395781,0.07142857142857142,0.3146926955395781,1.1801936887041646,1.6675167899898218,1.2309777099724346,0.5340002340823458
N1,Nijmegen,Total,Lay Clean Sheet,Equipa não sofre golos (clean sheet),27,0.14814814814814814,0.0591583185964489,0.3247906334682948,-0.043209876543209874,0.1880234163292631,5.258609900696471,True,0.0,0.12455903714463581,0.18518518518518517,0.36699056505191746,0.0,0.12455903714463581,0.037037037037037035,0.18283853934156521,0.037037037037037035,0.18283853934156521,1.678558399055505,1.6033230238454341,1.2776435785674325,0.4571162039138375
N1,Nijmegen,Total,Lay Under 2.5,Menos de 2.5 golos no jogo,27,0.18518518518518517,0.08180586574285321,0.36699056505191746,-0.18518518518518517,0.0825235873702064,4.583298753530259,True,0.0,0.12455903714463581,0.18518518518518517,0.36699056505191746,0.0,0.12455903714463581,0.037037037037037035,0.18283853934156521,0.037037037037037035,0.18283853934156521,1.678558399055505,1.6033230238454341,1.2776435785674325,0.4571162039138375
N1,PSV Eindhoven,Casa,Lay Under 2.5,Menos de 2.5 golos no jogo,14,0.07142857142857142,0.012721886112291648,0.3146926955395781,-0.29894179894179895,0.21326826115105474,4.215374569226061,True,0.0,0.21531701192718142,0.35714285714285715,0.6123599531785959,0.0,0.21531701192718142,0.07142857142857142,0.3146926955395781,0.07142857142857142,0.3146926955395781,1.8789923482808435,1.6781914463529615,1.1605769149479943,0.49932350124613695
N1,PSV Eindhoven,Casa,Lay Derrota,Equipa perde o jogo,14,0.14285714285714285,0.04009307373792117,0.399419077638637,-0.15755437977660203,0.0014523059034075858,3.21179264390167,True,0.0,0.21531701192718142,0.35714285714285715,0.6123599531785959,0.0,0.21531701192718142,0.07142857142857142,0.3146926955395781,0.07142857142857142,0.3146926955395781,1.8789923482808435,1.6781914463529615,1.1605769149479943,0.49932350124613695
N1,PSV Eindhoven,Casa,Lay Empate,Jogo termina empatado,14,0.14285714285714285,0.04009307373792117,0.399419077638637,-0.10817166372721931,0.0014523059034075858,3.21179264390167,True,0.0,0.21531701192718142,0.35714285714285715,0.6123599531785959,0.0,0.21531701192718142,0.07142857142857142,0.3146926955395781,0.07142857142857142,0.3146926955395781,1.8789923482808435,1.6781914463529615,1.1605769149479943,0.49932350124613695
N1,PSV Eindhoven,Casa,Lay Clean Sheet,Equipa não sofre golos (clean sheet),14,0.14285714285714285,0.04009307373792117,0.399419077638637,-0.0875955320399765,0.0014523059034075858,3.21179264390167,True,0.0,0.21531701192718142,0.35714285714285715,0.6123599531785959,0.0,0.21531701192718142,0.07142857142857142,0.3146926955395781,0.07142857142857142,0.3146926955395781,1.8789923482808435,1.6781914463529615,1.1605769149479943,0.49932350124613695
N1,PSV Eindhoven,Fora,Lay Empate,Jogo termina empatado,13,0.0,0.0,0.22810184305529166,-0.25102880658436216,0.4297453923617709,5.155020323018745,True,0.0,0.22810184305529166,0.15384615384615385,0.4223517050863101,0.0,0.22810184305529166,0.0,0.22810184305529166,0.0,0.22810184305529166,1.2733034890189885,1.777572308967899,0.7994080650317895,0.48685133403667197
N1,PSV Eindhoven,Fora,Lay Derrota,Equipa perde o jogo,13,0.07692307692307693,0.013710066379696304,0.3331453392824736,-0.3716365938588161,0.1671366517938161,3.88446557863012,True,0.0,0.22810184305529166,0.15384615384615385,0.4223517050863101,0.0,0.22810184305529166,0.0,0.22810184305529166,0.0,0.22810184305529166,1.2733034890189885,1.777572308967899,0.7994080650317895,0.48685133403667197
N1,PSV Eindhoven,Total,Lay Empate,Jogo termina empatado,27,0.07407407407407407,0.020554221697383537,0.2336997729073062,-0.1769547325102881,0.4157505677317345,6.811533094877355,True,0.0,0.12455903714463581,0.25925925925925924,0.44678930402615685,0.0,0.12455903714463581,0.037037037037037035,0.18283853934156521,0.037037037037037035,0.18283853934156521,1.6161054984645502,1.7916128329552332,1.0317324649766015,0.5023137559951615
N1,PSV Eindhoven,Total,Lay Derrota,Equipa perde o jogo,27,0.1111111111111111,0.03851964789498726,0.2805818254397295,-0.26337448559670784,0.2985454364006763,5.997724458087124,True,0.0,0.12455903714463581,0.25925925925925924,0.44678930402615685,0.0,0.12455903714463581,0.037037037037037035,0.18283853934156521,0.037037037037037035,0.18283853934156521,1.6161054984645502,1.7916128329552332,1.0317324649766015,0.5023137559951615
N1,PSV Eindhoven,Total,Lay Under 2.5,Menos de 2.5 golos no jogo,27,0.14814814814814814,0.0591583185964489,0.3247906334682948,-0.2222222222222222,0.1880234163292631,5.258609900696471,True,0.0,0.12455903714463581,0.25925925925925924,0.44678930402615685,0.0,0.12455903714463581,0.037037037037037035,0.18283853934156521,0.037037037037037035,0.18283853934156521,1.6161054984645502,1.7916128329552332,1.0317324649766015,0.5023137559951615
N1,Sparta Rotterdam,Casa,Lay Over 3.5,Mais de 3.5 golos no jogo,13,0.23076923076923078,0.08179379092465708,0.5025687399512693,-0.16017727128838238,0.0,2.773500981126145,False,0.23076923076923078,0.5025687399512693,0.0,0.22810184305529166,0.0,0.22810184305529166,0.23076923076923078,0.5025687399512693,0.23076923076923078,0.5025687399512693,1.9821690348807885,1.635407048113023,1.277942132756627,0.7483314773547883
N1,Sparta Rotterdam,Casa,Lay Derrota,Equipa perde o jogo,13,0.3076923076923077,0.1268049716161809,0.5763111218666236,0.007280785058562833,0.0,2.496150883013531,False,0.23076923076923078,0.5025687399512693,0.0,0.22810184305529166,0.0,0.22810184305529166,0.23076923076923078,0.5025687399512693,0.23076923076923078,0.5025687399512693,1.9821690348807885,1.635407048113023,1.277942132756627,0.7483314773547883
N1,Sparta Rotterdam,Casa,Lay Empate,Jogo termina empatado,13,0.3076923076923077,0.1268049716161809,0.5763111218666236,0.056663501107945546,0.0,2.496150883013531,False,0.23076923076923078,0.5025687399512693,0.0,0.22810184305529166,0.0,0.22810184305529166,0.23076923076923078,0.5025687399512693,0.23076923076923078,0.5025687399512693,1.9821690348807885,1.635407048113023,1.277942132756627,0.7483314773547883
N1,Sparta Rotterdam,Casa,Lay Clean Sheet,Equipa não sofre golos (clean sheet),13,0.3076923076923077,0.1268049716161809,0.5763111218666236,0.07723963279518836,0.0,2.496150883013531,False,0.23076923076923078,0.5025687399512693,0.0,0.22810184305529166,0.0,0.22810184305529166,0.23076923076923078,0.5025687399512693,0.23076923076923078,0.5025687399512693,1.9821690348807885,1.635407048113023,1.277942132756627,0.7483314773547883
N1,Sparta Rotterdam,Casa,Lay Vitória,Equipa vence o jogo,13,0.38461538461538464,0.17709446581236818,0.6447751902773147,-0.06394428616650838,0.0,2.2188007849009166,False,0.23076923076923078,0.5025687399512693,0.0,0.22810184305529166,0.0,0.22810184305529166,0.23076923076923078,0.5025687399512693,0.23076923076923078,0.5025687399512693,1.9821690348807885,1.635407048113023,1.277942132756627,0.7483314773547883
N1,Sparta Rotterdam,Fora,Lay Empate,Jogo termina empatado,14,0.07142857142857142,0.012721886112291648,0.3146926955395781,-0.17960023515579074,0.21326826115105474,4.215374569226061,True,0.21428571428571427,0.4758972377320828,0.07142857142857142,0.3146926955395781,0.0,0.21531701192718142,0.21428571428571427,0.4758972377320828,0.21428571428571427,0.4758972377320828,2.2553790576924206,1.9338551958115549,1.4445534582969062,0.8534606386520674
N1,Sparta Rotterdam,Total,Lay Empate,Jogo termina empatado,27,0.18518518518518517,0.08180586574285321,0.36699056505191746,-0.06584362139917699,0.0825235873702064,4.583298753530259,True,0.2222222222222222,0.4075729546307081,0.037037037037037035,0.18283853934156521,0.0,0.12455903714463581,0.2222222222222222,0.4075729546307081,0.2222222222222222,0.4075729546307081,2.1321241429072972,1.8151927044211624,1.3678655787125473,0.8131156281817417
N1,Telstar,Casa,Lay Clean Sheet,Equipa não sofre golos (clean sheet),13,0.07692307692307693,0.013710066379696304,0.3331453392824736,-0.15352959797404242,0.1671366517938161,3.88446557863012,True,0.0,0.22810184305529166,0.07692307692307693,0.3331453392824736,0.0,0.22810184305529166,0.15384615384615385,0.4223517050863101,0.15384615384615385,0.4223517050863101,1.3674145257408599,1.393136175098064,1.0262818510866412,0.6666666666666666
N1,Telstar,Fora,Lay Vitória,Equipa vence o jogo,14,0.21428571428571427,0.07571248336916371,0.4758972377320828,-0.0861258083480306,0.0,2.939873661036668,False,0.14285714285714285,0.399419077638637,0.07142857142857142,0.3146926955395781,0.07142857142857142,0.3146926955395781,0.35714285714285715,0.6123599531785959,0.2857142857142857,0.546495411724844,1.679710859472121,1.4015297764534702,1.1627728997214075,1.0690449676496976
N1,Telstar,Fora,Lay Over 3.5,Mais de 3.5 golos no jogo,14,0.21428571428571427,0.07571248336916371,0.4758972377320828,-0.1766607877718989,0.0,2.939873661036668,False,0.14285714285714285,0.399419077638637,0.07142857142857142,0.3146926955395781,0.07142857142857142,0.3146926955395781,0.35714285714285715,0.6123599531785959,0.2857142857142857,0.546495411724844,1.679710859472121,1.4015297764534702,1.1627728997214075,1.0690449676496976
N1,Telstar,Fora,Lay Clean Sheet,Equipa não sofre golos (clean sheet),14,0.21428571428571427,0.07571248336916371,0.4758972377320828,0.062022339800117565,0.0,2.939873661036668,False,0.14285714285714285,0.399419077638637,0.07142857142857142,0.3146926955395781,0.07142857142857142,0.3146926955395781,0.35714285714285715,0.6123599531785959,0.2857142857142857,0.546495411724844,1.679710859472121,1.4015297764534702,1.1627728997214075,1.0690449676496976
N1,Telstar,Fora,Lay Empate,Jogo termina empatado,14,0.2857142857142857,0.11721187910109102,0.546495411724844,0.034685479129923535,0.0,2.6726124191242437,False,0.14285714285714285,0.399419077638637,0.07142857142857142,0.3146926955395781,0.07142857142857142,0.3146926955395781,0.35714285714285715,0.6123599531785959,0.2857142857142857,0.546495411724844,1.679710859472121,1.4015297764534702,1.1627728997214075,1.0690449676496976
N1,Telstar,Fora,Lay Over 2.5,Mais de 2.5 golos no jogo,14,0.42857142857142855,0.21380509930400526,0.6740973309713064,-0.2010582010582011,0.0,2.1380899352993947,False,0.14285714285714285,0.399419077638637,0.07142857142857142,0.3146926955395781,0.07142857142857142,0.3146926955395781,0.35714285714285715,0.6123599531785959,0.2857142857142857,0.546495411724844,1.679710859472121,1.4015297764534702,1.1627728997214075,1.0690449676496976
N1,Telstar,Total,Lay Clean Sheet,Equipa não sofre golos (clean sheet),27,0.14814814814814814,0.0591583185964489,0.3247906334682948,-0.043209876543209874,0.1880234163292631,5.258609900696471,True,0.07407407407407407,0.2336997729073062,0.07407407407407407,0.2336997729073062,0.037037037037037035,0.18283853934156521,0.25925925925925924,0.44678930402615685,0.2222222222222222,0.4075729546307081,1.543160493037012,1.477773136537778,1.0999438818457408,0.8609439527611065
N1,Telstar,Total,Lay Vitória,Equipa vence o jogo,27,0.18518518518518517,0.08180586574285321,0.36699056505191746,-0.18930041152263377,0.0825235873702064,4.583298753530259,True,0.07407407407407407,0.2336997729073062,0.07407407407407407,0.2336997729073062,0.037037037037037035,0.18283853934156521,0.25925925925925924,0.44678930402615685,0.2222222222222222,0.4075729546307081,1.543160493037012,1.477773136537778,1.0999438818457408,0.8609439527611065
N1,Twente,Casa,Lay Derrota,Equipa perde o jogo,14,0.21428571428571427,0.07571248336916371,0.4758972377320828,-0.0861258083480306,0.0,2.939873661036668,False,0.0,0.21531701192718142,0.07142857142857142,0.3146926955395781,0.14285714285714285,0.399419077638637,0.2857142857142857,0.546495411724844,0.14285714285714285,0.399419077638637,1.7202277969703277,1.6350747346085137,1.2637004294967236,0.8576346483687822
N1,Twente,Casa,Lay Cantos Over 10.5,Total de cantos Over 10.5,14,0.21428571428571427,0.07571248336916371,0.4758972377320828,-0.23838918283362728,0.0,2.939873661036668,False,0.0,0.21531701192718142,0.07142857142857142,0.3146926955395781,0.14285714285714285,0.399419077638637,0.2857142857142857,0.546495411724844,0.14285714285714285,0.399419077638637,1.7202277969703277,1.6350747346085137,1.2637004294967236,0.8576346483687822
N1,Twente,Casa,Lay Empate,Jogo termina empatado,14,0.2857142857142857,0.11721187910109102,0.546495411724844,0.034685479129923535,0.0,2.6726124191242437,False,0.0,0.21531701192718142,0.07142857142857142,0.3146926955395781,0.14285714285714285,0.399419077638637,0.2857142857142857,0.546495411724844,0.14285714285714285,0.399419077638637,1.7202277969703277,1.6350747346085137,1.2637004294967236,0.8576346483687822
N1,Twente,Casa,Lay Over 3.5,Mais de 3.5 golos no jogo,14,0.2857142857142857,0.11721187910109102,0.546495411724844,-0.10523221634332747,0.0,2.6726124191242437,False,0.0,0.21531701192718142,0.07142857142857142,0.3146926955395781,0.14285714285714285,0.399419077638637,0.2857142857142857,0.546495411724844,0.14285714285714285,0.399419077638637,1.7202277969703277,1.6350747346085137,1.2637004294967236,0.8576346483687822
N1,Twente,Casa,Lay Over 2.5,Mais de 2.5 golos no jogo,14,0.42857142857142855,0.21380509930400526,0.6740973309713064,-0.2010582010582011,0.0,2.1380899352993947,False,0.0,0.21531701192718142,0.07142857142857142,0.3146926955395781,0.14285714285714285,0.399419077638637,0.2857142857142857,0.546495411724844,0.14285714285714285,0.399419077638637,1.7202277969703277,1.6350747346085137,1.2637004294967236,0.8576346483687822
N1,Twente,Fora,Lay Clean Sheet,Equipa não sofre golos (clean sheet),13,0.07692307692307693,0.013710066379696304,0.3331453392824736,-0.07534029756251978,0.1671366517938161,3.88446557863012,True,0.0,0.22810184305529166,0.15384615384615385,0.4223517050863101,0.0,0.22810184305529166,0.15384615384615385,0.4223517050863101,0.15384615384615385,0.4223517050863101,1.4432048491764398,1.6853001769389726,1.08240363688233,0.8040540003872579
N1,Twente,Total,Lay Derrota,Equipa perde o jogo,27,0.18518518518518517,0.08180586574285321,0.36699056505191746,-0.18930041152263377,0.0825235873702064,4.583298753530259,True,0.0,0.12455903714463581,0.1111111111111111,0.2805818254397295,0.07407407407407407,0.2336997729073062,0.2222222222222222,0.4075729546307081,0.14814814814814814,0.3247906334682948,1.5930231976004865,1.6687230112694535,1.1909581622824836,0.8326663997864531
N1,Utrecht,Casa,Lay Empate,Jogo termina empatado,13,0.23076923076923078,0.08179379092465708,0.5025687399512693,-0.02025957581513138,0.0,2.773500981126145,False,0.0,0.22810184305529166,0.15384615384615385,0.4223517050863101,0.0,0.22810184305529166,0.23076923076923078,0.5025687399512693,0.23076923076923078,0.5025687399512693,1.587674418503869,1.336780553614059,1.3323467750529825,0.8247860988423225
N1,Utrecht,Casa,Lay Clean Sheet,Equipa não sofre golos (clean sheet),13,0.23076923076923078,0.08179379092465708,0.5025687399512693,0.00031655587211143477,0.0,2.773500981126145,False,0.0,0.22810184305529166,0.15384615384615385,0.4223517050863101,0.0,0.22810184305529166,0.23076923076923078,0.5025687399512693,0.23076923076923078,0.5025687399512693,1.587674418503869,1.336780553614059,1.3323467750529825,0.8247860988423225
N1,Utrecht,Casa,Lay Cantos Over 10.5,Total de cantos Over 10.5,13,0.23076923076923078,0.08179379092465708,0.5025687399512693,-0.22190566635011078,0.0,2.773500981126145,False,0.0,0.22810184305529166,0.15384615384615385,0.4223517050863101,0.0,0.22810184305529166,0.23076923076923078,0.5025687399512693,0.23076923076923078,0.5025687399512693,1.587674418503869,1.336780553614059,1.3323467750529825,0.8247860988423225
N1,Utrecht,Casa,Lay Derrota,Equipa perde o jogo,13,0.3076923076923077,0.1268049716161809,0.5763111218666236,0.007280785058562833,0.0,2.496150883013531,False,0.0,0.22810184305529166,0.15384615384615385,0.4223517050863101,0.0,0.22810184305529166,0.23076923076923078,0.5025687399512693,0.23076923076923078,0.5025687399512693,1.587674418503869,1.336780553614059,1.3323467750529825,0.8247860988423225
N1,Utrecht,Casa,Lay Over 3.5,Mais de 3.5 golos no jogo,13,0.3076923076923077,0.1268049716161809,0.5763111218666236,-0.08325419436530546,0.0,2.496150883013531,False,0.0,0.22810184305529166,0.15384615384615385,0.4223517050863101,0.0,0.22810184305529166,0.23076923076923078,0.5025687399512693,0.23076923076923078,0.5025687399512693,1.587674418503869,1.336780553614059,1.3323467750529825,0.8247860988423225
N1,Utrecht,Fora,Lay Clean Sheet,Equipa não sofre golos (clean sheet),14,0.21428571428571427,0.07571248336916371,0.4758972377320828,0.062022339800117565,0.0,2.939873661036668,False,0.07142857142857142,0.3146926955395781,0.0,0.21531701192718142,0.07142857142857142,0.3146926955395781,0.14285714285714285,0.399419077638637,0.07142857142857142,0.3146926955395781,1.3627702877384937,1.385051387833237,1.2058530725810095,0.597779825873713
N1,Utrecht,Fora,Lay Vitória,Equipa vence o jogo,14,0.2857142857142857,0.11721187910109102,0.546495411724844,-0.014697236919459178,0.0,2.6726124191242437,False,0.07142857142857142,0.3146926955395781,0.0,0.21531701192718142,0.07142857142857142,0.3146926955395781,0.14285714285714285,0.399419077638637,0.07142857142857142,0.3146926955395781,1.3627702877384937,1.385051387833237,1.2058530725810095,0.597779825873713
N1,Utrecht,Fora,Lay Over 3.5,Mais de 3.5 golos no jogo,14,0.2857142857142857,0.11721187910109102,0.546495411724844,-0.10523221634332747,0.0,2.6726124191242437,False,0.07142857142857142,0.3146926955395781,0.0,0.21531701192718142,0.07142857142857142,0.3146926955395781,0.14285714285714285,0.399419077638637,0.07142857142857142,0.3146926955395781,1.3627702877384937,1.385051387833237,1.2058530725810095,0.597779825873713
N1,Utrecht,Fora,Lay Derrota,Equipa perde o jogo,14,0.35714285714285715,0.16344490737202735,0.6123599531785959,-0.09141681363903587,0.0,2.405351177211819,False,0.07142857142857142,0.3146926955395781,0.0,0.21531701192718142,0.07142857142857142,0.3146926955395781,0.14285714285714285,0.399419077638637,0.07142857142857142,0.3146926955395781,1.3627702877384937,1.385051387833237,1.2058530725810095,0.597779825873713
N1,Utrecht,Fora,Lay Empate,Jogo termina empatado,14,0.35714285714285715,0.16344490737202735,0.6123599531785959,0.10611405055849499,0.0,2.405351177211819,False,0.07142857142857142,0.3146926955395781,0.0,0.21531701192718142,0.07142857142857142,0.3146926955395781,0.14285714285714285,0.399419077638637,0.07142857142857142,0.3146926955395781,1.3627702877384937,1.385051387833237,1.2058530725810095,0.597779825873713
N1,Utrecht,Total,Lay Clean Sheet,Equipa não sofre golos (clean sheet),27,0.2222222222222222,0.10607095489408955,0.4075729546307081,0.030864197530864196,0.0,4.041451884327381,False,0.037037037037037035,0.18283853934156521,0.07407407407407407,0.2336997729073062,0.037037037037037035,0.18283853934156521,0.18518518518518517,0.36699056505191746,0.14814814814814814,0.3247906334682948,1.5153535218873175,1.3648537609398725,1.2840693202488678,0.7433034373659252
N1,Utrecht,Total,Lay Empate,Jogo termina empatado,27,0.2962962962962963,0.15852853317647564,0.48481033380837596,0.04526748971193412,0.0,3.65655170486763,False,0.037037037037037035,0.18283853934156521,0.07407407407407407,0.2336997729073062,0.037037037037037035,0.18283853934156521,0.18518518518518517,0.36699056505191746,0.14814814814814814,0.3247906334682948,1.5153535218873175,1.3648537609398725,1.2840693202488678,0.7433034373659252
N1,Utrecht,Total,Lay Over 3.5,Mais de 3.5 golos no jogo,27,0.2962962962962963,0.15852853317647564,0.48481033380837596,-0.09465020576131689,0.0,3.65655170486763,False,0.037037037037037035,0.18283853934156521,0.07407407407407407,0.2336997729073062,0.037037037037037035,0.18283853934156521,0.18518518518518517,0.36699056505191746,0.14814814814814814,0.3247906334682948,1.5153535218873175,1.3648537609398725,1.2840693202488678,0.7433034373659252
N1,Utrecht,Total,Lay Derrota,Equipa perde o jogo,27,0.3333333333333333,0.1864305444359335,0.521755801278945,-0.04115226337448563,0.0,3.4641016151377553,False,0.037037037037037035,0.18283853934156521,0.07407407407407407,0.2336997729073062,0.037037037037037035,0.18283853934156521,0.18518518518518517,0.36699056505191746,0.14814814814814814,0.3247906334682948,1.5153535218873175,1.3648537609398725,1.2840693202488678,0.7433034373659252
N1,Utrecht,Total,Lay Cantos Over 10.5,Total de cantos Over 10.5,27,0.3333333333333333,0.1864305444359335,0.521755801278945,-0.11934156378600824,0.0,3.4641016151377553,False,0.037037037037037035,0.18283853934156521,0.07407407407407407,0.2336997729073062,0.037037037037037035,0.18283853934156521,0.18518518518518517,0.36699056505191746,0.14814814814814814,0.3247906334682948,1.5153535218873175,1.3648537609398725,1.2840693202488678,0.7433034373659252
N1,Volendam,Casa,Lay Clean Sheet,Equipa não sofre golos (clean sheet),14,0.07142857142857142,0.012721886112291648,0.3146926955395781,-0.15902410346854792,0.21326826115105474,4.215374569226061,True,0.0,0.21531701192718142,0.07142857142857142,0.3146926955395781,0.0,0.21531701192718142,0.07142857142857142,0.3146926955395781,0.07142857142857142,0.3146926955395781,1.097306535409801,1.0690449676496976,1.2936264483053452,0.49381811702611084
N1,Volendam,Fora,Lay Clean Sheet,Equipa não sofre golos (clean sheet),13,0.0,0.0,0.22810184305529166,-0.1522633744855967,0.4297453923617709,5.155020323018745,True,0.3076923076923077,0.5763111218666236,0.0,0.22810184305529166,0.0,0.22810184305529166,0.6153846153846154,0.8229055341876319,0.6153846153846154,0.8229055341876319,1.277942132756627,1.0769230769230769,0.8355984993230935,1.3850513878332371
N1,Volendam,Fora,Lay Vitória,Equipa vence o jogo,13,0.07692307692307693,0.013710066379696304,0.3331453392824736,-0.22348844571066795,0.1671366517938161,3.88446557863012,True,0.3076923076923077,0.5763111218666236,0.0,0.22810184305529166,0.0,0.22810184305529166,0.6153846153846154,0.8229055341876319,0.6153846153846154,0.8229055341876319,1.277942132756627,1.0769230769230769,0.8355984993230935,1.3850513878332371
N1,Volendam,Total,Lay Clean Sheet,Equipa não sofre golos (clean sheet),27,0.037037037037037035,0.006567976533097584,0.18283853934156521,-0.15432098765432098,0.542903651646087,7.720230601299883,True,0.14814814814814814,0.3247906334682948,0.037037037037037035,0.18283853934156521,0.0,0.12455903714463581,0.3333333333333333,0.521755801278945,0.3333333333333333,0.521755801278945,1.497139476400573,1.0899214051527528,1.247219128924647,0.8602325267042628
N1,Zwolle,Casa,Lay Empate,Jogo termina empatado,13,0.23076923076923078,0.08179379092465708,0.5025687399512693,-0.02025957581513138,0.0,2.773500981126145,False,0.07692307692307693,0.3331453392824736,0.07692307692307693,0.3331453392824736,0.07692307692307693,0.3331453392824736,0.3076923076923077,0.5763111218666236,0.23076923076923078,0.5025687399512693,1.7974340685458343,1.4472990555559062,1.3323467750529825,0.9642030387838444
N1,Zwolle,Casa,Lay Derrota,Equipa perde o jogo,13,0.3076923076923077,0.1268049716161809,0.5763111218666236,0.007280785058562833,0.0,2.496150883013531,False,0.07692307692307693,0.3331453392824736,0.07692307692307693,0.3331453392824736,0.07692307692307693,0.3331453392824736,0.3076923076923077,0.5763111218666236,0.23076923076923078,0.5025687399512693,1.7974340685458343,1.4472990555559062,1.3323467750529825,0.9642030387838444
N1,Zwolle,Casa,Lay Over 3.5,Mais de 3.5 golos no jogo,13,0.3076923076923077,0.1268049716161809,0.5763111218666236,-0.08325419436530546,0.0,2.496150883013531,False,0.07692307692307693,0.3331453392824736,0.07692307692307693,0.3331453392824736,0.07692307692307693,0.3331453392824736,0.3076923076923077,0.5763111218666236,0.23076923076923078,0.5025687399512693,1.7974340685458343,1.4472990555559062,1.3323467750529825,0.9642030387838444
N1,Zwolle,Casa,Lay Clean Sheet,Equipa não sofre golos (clean sheet),13,0.3076923076923077,0.1268049716161809,0.5763111218666236,0.07723963279518836,0.0,2.496150883013531,False,0.07692307692307693,0.3331453392824736,0.07692307692307693,0.3331453392824736,0.07692307692307693,0.3331453392824736,0.3076923076923077,0.5763111218666236,0.23076923076923078,0.5025687399512693,1.7974340685458343,1.4472990555559062,1.3323467750529825,0.9642030387838444
N1,Zwolle,Casa,Lay Vitória,Equipa vence o jogo,13,0.46153846153846156,0.23205754301488138,0.7085656756816795,0.012978790756568548,0.0,1.9414506867883017,False,0.07692307692307693,0.3331453392824736,0.07692307692307693,0.3331453392824736,0.07692307692307693,0.3331453392824736,0.3076923076923077,0.5763111218666236,0.23076923076923078,0.5025687399512693,1.7974340685458343,1.4472990555559062,1.3323467750529825,0.9642030387838444
N1,Zwolle,Fora,Lay Vitória,Equipa vence o jogo,14,0.07142857142857142,0.012721886112291648,0.3146926955395781,-0.22898295120517345,0.21326826115105474,4.215374569226061,True,0.14285714285714285,0.399419077638637,0.0,0.21531701192718142,0.0,0.21531701192718142,0.0,0.21531701192718142,0.0,0.21531701192718142,2.0303814862216996,2.2038926600773587,0.8112726208286104,0.34641016151377546
N1,Zwolle,Fora,Lay Clean Sheet,Equipa não sofre golos (clean sheet),14,0.07142857142857142,0.012721886112291648,0.3146926955395781,-0.08083480305702528,0.21326826115105474,4.215374569226061,True,0.14285714285714285,0.399419077638637,0.0,0.21531701192718142,0.0,0.21531701192718142,0.0,0.21531701192718142,0.0,0.21531701192718142,2.0303814862216996,2.2038926600773587,0.8112726208286104,0.34641016151377546
N1,Zwolle,Total,Lay Clean Sheet,Equipa não sofre golos (clean sheet),27,0.18518518518518517,0.08180586574285321,0.36699056505191746,-0.006172839506172839,0.0825235873702064,4.583298753530259,True,0.1111111111111111,0.2805818254397295,0.037037037037037035,0.18283853934156521,0.037037037037037035,0.18283853934156521,0.14814814814814814,0.3247906334682948,0.1111111111111111,0.2805818254397295,2.004795348551757,2.029278152859663,1.1967032904743342,0.67700320038633
P1,AVS,Casa,Lay Vitória,Equipa vence o jogo,14,0.07142857142857142,0.012721886112291648,0.3146926955395781,-0.33374384236453203,0.21326826115105474,4.215374569226061,True,0.14285714285714285,0.399419077638637,0.07142857142857142,0.3146926955395781,0.07142857142857142,0.3146926955395781,0.5714285714285714,0.7861949006959947,0.5,0.7320113208052473,1.6035674514745464,1.2936264483053452,0.823754471047914,1.3416407864998736
P1,AVS,Casa,Lay Clean Sheet,Equipa não sofre golos (clean sheet),14,0.14285714285714285,0.04009307373792117,0.399419077638637,-0.17179802955665024,0.0014523059034075858,3.21179264390167,True,0.14285714285714285,0.399419077638637,0.07142857142857142,0.3146926955395781,0.07142857142857142,0.3146926955395781,0.5714285714285714,0.7861949006959947,0.5,0.7320113208052473,1.6035674514745464,1.2936264483053452,0.823754471047914,1.3416407864998736
P1,AVS,Fora,Lay Vitória,Equipa vence o jogo,12,0.0,0.0,0.2425007574992425,-0.3275862068965517,0.3937481062518938,4.828085065962372,True,0.3333333333333333,0.609382412602386,0.0,0.2425007574992425,0.08333333333333333,0.35388592179859524,0.5833333333333334,0.8067425380947534,0.5,0.7462218296065778,1.674979270186815,1.6072751268321592,0.4330127018922193,1.4142135623730951
P1,AVS,Fora,Lay Clean Sheet,Equipa não sofre golos (clean sheet),12,0.08333333333333333,0.014864709450773488,0.35388592179859524,-0.1968390804597701,0.11528519550351196,3.541506143159363,True,0.3333333333333333,0.609382412602386,0.0,0.2425007574992425,0.08333333333333333,0.35388592179859524,0.5833333333333334,0.8067425380947534,0.5,0.7462218296065778,1.674979270186815,1.6072751268321592,0.4330127018922193,1.4142135623730951
P1,AVS,Total,Lay Vitória,Equipa vence o jogo,26,0.038461538461538464,0.006821808976989882,0.18893176991958402,-0.3279177718832891,0.52767057520104,7.490021224318862,True,0.23076923076923078,0.42051925751956787,0.038461538461538464,0.18893176991958402,0.07692307692307693,0.24141947480515055,0.5769230769230769,0.7445581009727059,0.5,0.6793969368499793,1.7371676600978794,1.5423028965971861,0.6837072628704299,1.3743685418725533
P1,AVS,Total,Lay Clean Sheet,Equipa não sofre golos (clean sheet),26,0.11538461538461539,0.04003171821149494,0.28976293086898336,-0.1820291777188329,0.27559267282754163,5.753779015127041,True,0.23076923076923078,0.42051925751956787,0.038461538461538464,0.18893176991958402,0.07692307692307693,0.24141947480515055,0.5769230769230769,0.7445581009727059,0.5,0.6793969368499793,1.7371676600978794,1.5423028965971861,0.6837072628704299,1.3743685418725533
P1,Alverca,Casa,Lay Over 3.5,Mais de 3.5 golos no jogo,13,0.07692307692307693,0.013710066379696304,0.3331453392824736,-0.22049071618037136,0.1671366517938161,3.88446557863012,True,0.23076923076923078,0.5025687399512693,0.0,0.22810184305529166,0.07692307692307693,0.3331453392824736,0.3076923076923077,0.5763111218666236,0.23076923076923078,0.5025687399512693,1.7775723089678988,1.0714144828603167,1.2779421327566267,0.782029569731148
P1,Alverca,Fora,Lay Clean Sheet,Equipa não sofre golos (clean sheet),13,0.07692307692307693,0.013710066379696304,0.3331453392824736,-0.2032493368700265,0.1671366517938161,3.88446557863012,True,0.15384615384615385,0.4223517050863101,0.0,0.22810184305529166,0.0,0.22810184305529166,0.23076923076923078,0.5025687399512693,0.23076923076923078,0.5025687399512693,1.8040060614705495,1.2064913185660096,1.049090899768143,0.7483314773547882
P1,Alverca,Total,Lay Over 3.5,Mais de 3.5 golos no jogo,26,0.23076923076923078,0.11033699683676688,0.42051925751956787,-0.0666445623342175,0.0,3.92232270276368,False,0.19230769230769232,0.3787663615465,0.0,0.12873304380462175,0.038461538461538464,0.18893176991958402,0.2692307692307692,0.46083403419761304,0.23076923076923078,0.42051925751956787,1.801133765225861,1.245702672361665,1.2192974987805658,0.7844645405527362
P1,Alverca,Total,Lay Clean Sheet,Equipa não sofre golos (clean sheet),26,0.23076923076923078,0.11033699683676688,0.42051925751956787,-0.0666445623342175,0.0,3.92232270276368,False,0.19230769230769232,0.3787663615465,0.0,0.12873304380462175,0.038461538461538464,0.18893176991958402,0.2692307692307692,0.46083403419761304,0.23076923076923078,0.42051925751956787,1.801133765225861,1.245702672361665,1.2192974987805658,0.7844645405527362
P1,Alverca,Total,Lay Cantos Over 10.5,Total de cantos Over 10.5,26,0.23076923076923078,0.11033699683676688,0.42051925751956787,-0.10974801061007955,0.0,3.92232270276368,False,0.19230769230769232,0.3787663615465,0.0,0.12873304380462175,0.038461538461538464,0.18893176991958402,0.2692307692307692,0.46083403419761304,0.23076923076923078,0.42051925751956787,1.801133765225861,1.245702672361665,1.2192974987805658,0.7844645405527362
P1,Alverca,Total,Lay Vitória,Equipa vence o jogo,26,0.2692307692307692,0.13704275525067386,0.46083403419761304,-0.09714854111405835,0.0,3.7262065676254967,False,0.19230769230769232,0.3787663615465,0.0,0.12873304380462175,0.038461538461538464,0.18893176991958402,0.2692307692307692,0.46083403419761304,0.23076923076923078,0.42051925751956787,1.801133765225861,1.245702672361665,1.2192974987805658,0.7844645405527362
P1,Alverca,Total,Lay Empate,Jogo termina empatado,26,0.3076923076923077,0.1650112093979267,0.4998861151423124,0.0404509283819629,0.0,3.530090432487312,False,0.19230769230769232,0.3787663615465,0.0,0.12873304380462175,0.038461538461538464,0.18893176991958402,0.2692307692307692,0.46083403419761304,0.23076923076923078,0.42051925751956787,1.801133765225861,1.245702672361665,1.2192974987805658,0.7844645405527362
P1,Arouca,Casa,Lay Clean Sheet,Equipa não sofre golos (clean sheet),13,0.15384615384615385,0.04325726318273798,0.4223517050863101,-0.16080901856763924,0.0,3.05085107923876,False,0.15384615384615385,0.4223517050863101,0.07692307692307693,0.3331453392824736,0.0,0.22810184305529166,0.3076923076923077,0.5763111218666236,0.3076923076923077,0.5763111218666236,2.023530221225524,1.3234346564680965,1.2917581249035897,0.8748897637790901
P1,Arouca,Casa,Lay Empate,Jogo termina empatado,13,0.23076923076923078,0.08179379092465708,0.5025687399512693,-0.036472148541114024,0.0,2.773500981126145,False,0.15384615384615385,0.4223517050863101,0.07692307692307693,0.3331453392824736,0.0,0.22810184305529166,0.3076923076923077,0.5763111218666236,0.3076923076923077,0.5763111218666236,2.023530221225524,1.3234346564680965,1.2917581249035897,0.8748897637790901
P1,Arouca,Casa,Lay Vitória,Equipa vence o jogo,13,0.3076923076923077,0.1268049716161809,0.5763111218666236,-0.09748010610079572,0.0,2.496150883013531,False,0.15384615384615385,0.4223517050863101,0.07692307692307693,0.3331453392824736,0.0,0.22810184305529166,0.3076923076923077,0.5763111218666236,0.3076923076923077,0.5763111218666236,2.023530221225524,1.3234346564680965,1.2917581249035897,0.8748897637790901
P1,Arouca,Casa,Lay Under 2.5,Menos de 2.5 golos no jogo,13,0.3076923076923077,0.1268049716161809,0.5763111218666236,-0.13627320954907163,0.0,2.496150883013531,False,0.15384615384615385,0.4223517050863101,0.07692307692307693,0.3331453392824736,0.0,0.22810184305529166,0.3076923076923077,0.5763111218666236,0.3076923076923077,0.5763111218666236,2.023530221225524,1.3234346564680965,1.2917581249035897,0.8748897637790901
P1,Arouca,Casa,Lay Derrota,Equipa perde o jogo,13,0.46153846153846156,0.23205754301488138,0.7085656756816795,0.13395225464190985,0.0,1.9414506867883017,False,0.15384615384615385,0.4223517050863101,0.07692307692307693,0.3331453392824736,0.0,0.22810184305529166,0.3076923076923077,0.5763111218666236,0.3076923076923077,0.5763111218666236,2.023530221225524,1.3234346564680965,1.2917581249035897,0.8748897637790901
P1,Arouca,Fora,Lay Empate,Jogo termina empatado,13,0.15384615384615385,0.04325726318273798,0.4223517050863101,-0.11339522546419095,0.0,3.05085107923876,False,0.15384615384615385,0.4223517050863101,0.07692307692307693,0.3331453392824736,0.07692307692307693,0.3331453392824736,0.3076923076923077,0.5763111218666236,0.23076923076923078,0.5025687399512693,2.315371837429602,1.9851519847021446,1.2307692307692306,0.8894442709417556
P1,Arouca,Fora,Lay Cantos Over 10.5,Total de cantos Over 10.5,13,0.15384615384615385,0.04325726318273798,0.4223517050863101,-0.18667108753315648,0.0,3.05085107923876,False,0.15384615384615385,0.4223517050863101,0.07692307692307693,0.3331453392824736,0.07692307692307693,0.3331453392824736,0.3076923076923077,0.5763111218666236,0.23076923076923078,0.5025687399512693,2.315371837429602,1.9851519847021446,1.2307692307692306,0.8894442709417556
P1,Arouca,Fora,Lay Vitória,Equipa vence o jogo,13,0.23076923076923078,0.08179379092465708,0.5025687399512693,-0.09681697612732093,0.0,2.773500981126145,False,0.15384615384615385,0.4223517050863101,0.07692307692307693,0.3331453392824736,0.07692307692307693,0.3331453392824736,0.3076923076923077,0.5763111218666236,0.23076923076923078,0.5025687399512693,2.315371837429602,1.9851519847021446,1.2307692307692306,0.8894442709417556
P1,Arouca,Fora,Lay Clean Sheet,Equipa não sofre golos (clean sheet),13,0.23076923076923078,0.08179379092465708,0.5025687399512693,-0.04940318302387264,0.0,2.773500981126145,False,0.15384615384615385,0.4223517050863101,0.07692307692307693,0.3331453392824736,0.07692307692307693,0.3331453392824736,0.3076923076923077,0.5763111218666236,0.23076923076923078,0.5025687399512693,2.315371837429602,1.9851519847021446,1.2307692307692306,0.8894442709417556
P1,Arouca,Fora,Lay Under 2.5,Menos de 2.5 golos no jogo,13,0.3076923076923077,0.1268049716161809,0.5763111218666236,-0.13627320954907163,0.0,2.496150883013531,False,0.15384615384615385,0.4223517050863101,0.07692307692307693,0.3331453392824736,0.07692307692307693,0.3331453392824736,0.3076923076923077,0.5763111218666236,0.23076923076923078,0.5025687399512693,2.315371837429602,1.9851519847021446,1.2307692307692306,0.8894442709417556
P1,Arouca,Total,Lay Empate,Jogo termina empatado,26,0.19230769230769232,0.08506935771788268,0.3787663615465,-0.07493368700265249,0.053084096133750036,4.337062441094017,True,0.15384615384615385,0.33531584418313565,0.07692307692307693,0.24141947480515055,0.038461538461538464,0.18893176991958402,0.3076923076923077,0.4998861151423124,0.2692307692307692,0.46083403419761304,2.1960157574800303,1.6888075692384732,1.270977818604485,0.8891758030982552
P1,Arouca,Total,Lay Clean Sheet,Equipa não sofre golos (clean sheet),26,0.19230769230769232,0.08506935771788268,0.3787663615465,-0.10510610079575597,0.053084096133750036,4.337062441094017,True,0.15384615384615385,0.33531584418313565,0.07692307692307693,0.24141947480515055,0.038461538461538464,0.18893176991958402,0.3076923076923077,0.4998861151423124,0.2692307692307692,0.46083403419761304,2.1960157574800303,1.6888075692384732,1.270977818604485,0.8891758030982552
P1,Benfica,Casa,Lay Derrota,Equipa perde o jogo,13,0.0,0.0,0.22810184305529166,-0.3275862068965517,0.4297453923617709,5.155020323018745,True,0.0,0.22810184305529166,0.3076923076923077,0.5763111218666236,0.0,0.22810184305529166,0.0,0.22810184305529166,0.0,0.22810184305529166,1.6462257353102074,1.0714144828603167,0.9730085108210399,0.5206833117271102
P1,Benfica,Fora,Lay Derrota,Equipa perde o jogo,13,0.0,0.0,0.22810184305529166,-0.4051724137931034,0.4297453923617709,5.155020323018745,True,0.0,0.22810184305529166,0.23076923076923078,0.5025687399512693,0.15384615384615385,0.4223517050863101,0.15384615384615385,0.4223517050863101,0.0,0.22810184305529166,1.2113858267710478,1.2779421327566267,0.8426500884694864,0.5571355310873648
P1,Benfica,Total,Lay Derrota,Equipa perde o jogo,26,0.0,0.0,0.12873304380462175,-0.36637931034482757,0.6781673904884457,8.557008271175667,True,0.0,0.12873304380462175,0.2692307692307692,0.46083403419761304,0.07692307692307693,0.24141947480515055,0.07692307692307693,0.24141947480515055,0.0,0.12873304380462175,1.4472990555559062,1.2186907321349891,0.9230769230769229,0.545757491629223
P1,Casa Pia,Casa,Lay Clean Sheet,Equipa não sofre golos (clean sheet),12,0.08333333333333333,0.014864709450773488,0.35388592179859524,-0.23132183908045978,0.11528519550351196,3.541506143159363,True,0.0,0.2425007574992425,0.0,0.2425007574992425,0.08333333333333333,0.35388592179859524,0.3333333333333333,0.609382412602386,0.25,0.53231033912066,1.118033988749895,2.1147629234082532,1.0,0.8838834764831844
P1,Casa Pia,Fora,Lay Vitória,Equipa vence o jogo,13,0.23076923076923078,0.08179379092465708,0.5025687399512693,-0.09681697612732093,0.0,2.773500981126145,False,0.23076923076923078,0.5025687399512693,0.0,0.22810184305529166,0.15384615384615385,0.4223517050863101,0.5384615384615384,0.7679424569851186,0.38461538461538464,0.6447751902773147,1.939926186602845,1.393136175098064,1.2064913185660093,1.1575836902790224
P1,Casa Pia,Fora,Lay Empate,Jogo termina empatado,13,0.23076923076923078,0.08179379092465708,0.5025687399512693,-0.036472148541114024,0.0,2.773500981126145,False,0.23076923076923078,0.5025687399512693,0.0,0.22810184305529166,0.15384615384615385,0.4223517050863101,0.5384615384615384,0.7679424569851186,0.38461538461538464,0.6447751902773147,1.939926186602845,1.393136175098064,1.2064913185660093,1.1575836902790224
P1,Casa Pia,Fora,Lay Over 3.5,Mais de 3.5 golos no jogo,13,0.3076923076923077,0.1268049716161809,0.5763111218666236,0.010278514588859422,0.0,2.496150883013531,False,0.23076923076923078,0.5025687399512693,0.0,0.22810184305529166,0.15384615384615385,0.4223517050863101,0.5384615384615384,0.7679424569851186,0.38461538461538464,0.6447751902773147,1.939926186602845,1.393136175098064,1.2064913185660093,1.1575836902790224
P1,Casa Pia,Fora,Lay BTTS,Ambas as equipas marcam,13,0.3076923076923077,0.1268049716161809,0.5763111218666236,-0.16213527851458887,0.0,2.496150883013531,False,0.23076923076923078,0.5025687399512693,0.0,0.22810184305529166,0.15384615384615385,0.4223517050863101,0.5384615384615384,0.7679424569851186,0.38461538461538464,0.6447751902773147,1.939926186602845,1.393136175098064,1.2064913185660093,1.1575836902790224
P1,Casa Pia,Fora,Lay Clean Sheet,Equipa não sofre golos (clean sheet),13,0.3076923076923077,0.1268049716161809,0.5763111218666236,0.027519893899204284,0.0,2.496150883013531,False,0.23076923076923078,0.5025687399512693,0.0,0.22810184305529166,0.15384615384615385,0.4223517050863101,0.5384615384615384,0.7679424569851186,0.38461538461538464,0.6447751902773147,1.939926186602845,1.393136175098064,1.2064913185660093,1.1575836902790224
P1,Casa Pia,Total,Lay Vitória,Equipa vence o jogo,25,0.2,0.08860454100652486,0.3913133553653824,-0.16637931034482756,0.021716611586544005,4.086866446346176,True,0.12,0.29956192183373487,0.0,0.13319649395317873,0.12,0.29956192183373487,0.44,0.6293298298043556,0.32,0.5159008626542329,1.6129476122924762,1.8110770276274835,1.1128342194594845,1.0348941574672086
P1,Casa Pia,Total,Lay Clean Sheet,Equipa não sofre golos (clean sheet),25,0.2,0.08860454100652486,0.3913133553653824,-0.09741379310344828,0.021716611586544005,4.086866446346176,True,0.12,0.29956192183373487,0.0,0.13319649395317873,0.12,0.29956192183373487,0.44,0.6293298298043556,0.32,0.5159008626542329,1.6129476122924762,1.8110770276274835,1.1128342194594845,1.0348941574672086
P1,Estoril,Casa,Lay Derrota,Equipa perde o jogo,13,0.15384615384615385,0.04325726318273798,0.4223517050863101,-0.17374005305039786,0.0,3.05085107923876,False,0.0,0.22810184305529166,0.07692307692307693,0.3331453392824736,0.07692307692307693,0.3331453392824736,0.23076923076923078,0.5025687399512693,0.15384615384615385,0.4223517050863101,1.2015768732164083,2.1973625933978003,1.186711432349347,0.7595545253127499
P1,Estoril,Casa,Lay Clean Sheet,Equipa não sofre golos (clean sheet),13,0.15384615384615385,0.04325726318273798,0.4223517050863101,-0.16080901856763924,0.0,3.05085107923876,False,0.0,0.22810184305529166,0.07692307692307693,0.3331453392824736,0.07692307692307693,0.3331453392824736,0.23076923076923078,0.5025687399512693,0.15384615384615385,0.4223517050863101,1.2015768732164083,2.1973625933978003,1.186711432349347,0.7595545253127499
P1,Estoril,Casa,Lay Empate,Jogo termina empatado,13,0.38461538461538464,0.17709446581236818,0.6447751902773147,0.11737400530503983,0.0,2.2188007849009166,False,0.0,0.22810184305529166,0.07692307692307693,0.3331453392824736,0.07692307692307693,0.3331453392824736,0.23076923076923078,0.5025687399512693,0.15384615384615385,0.4223517050863101,1.2015768732164083,2.1973625933978003,1.186711432349347,0.7595545253127499
P1,Estoril,Casa,Lay Cantos Over 10.5,Total de cantos Over 10.5,13,0.38461538461538464,0.17709446581236818,0.6447751902773147,0.044098143236074305,0.0,2.2188007849009166,False,0.0,0.22810184305529166,0.07692307692307693,0.3331453392824736,0.07692307692307693,0.3331453392824736,0.23076923076923078,0.5025687399512693,0.15384615384615385,0.4223517050863101,1.2015768732164083,2.1973625933978003,1.186711432349347,0.7595545253127499
P1,Estoril,Casa,Lay Vitória,Equipa vence o jogo,13,0.46153846153846156,0.23205754301488138,0.7085656756816795,0.05636604774535814,0.0,1.9414506867883017,False,0.0,0.22810184305529166,0.07692307692307693,0.3331453392824736,0.07692307692307693,0.3331453392824736,0.23076923076923078,0.5025687399512693,0.15384615384615385,0.4223517050863101,1.2015768732164083,2.1973625933978003,1.186711432349347,0.7595545253127499
P1,Estoril,Fora,Lay Empate,Jogo termina empatado,13,0.15384615384615385,0.04325726318273798,0.4223517050863101,-0.11339522546419095,0.0,3.05085107923876,False,0.23076923076923078,0.5025687399512693,0.15384615384615385,0.4223517050863101,0.0,0.22810184305529166,0.38461538461538464,0.6447751902773147,0.38461538461538464,0.6447751902773147,2.6131211925327733,1.447299055555906,1.327898192433236,1.045452304766674
P1,Estoril,Fora,Lay Under 2.5,Menos de 2.5 golos no jogo,13,0.23076923076923078,0.08179379092465708,0.5025687399512693,-0.21319628647214856,0.0,2.773500981126145,False,0.23076923076923078,0.5025687399512693,0.15384615384615385,0.4223517050863101,0.0,0.22810184305529166,0.38461538461538464,0.6447751902773147,0.38461538461538464,0.6447751902773147,2.6131211925327733,1.447299055555906,1.327898192433236,1.045452304766674
P1,Estoril,Fora,Lay Clean Sheet,Equipa não sofre golos (clean sheet),13,0.23076923076923078,0.08179379092465708,0.5025687399512693,-0.04940318302387264,0.0,2.773500981126145,False,0.23076923076923078,0.5025687399512693,0.15384615384615385,0.4223517050863101,0.0,0.22810184305529166,0.38461538461538464,0.6447751902773147,0.38461538461538464,0.6447751902773147,2.6131211925327733,1.447299055555906,1.327898192433236,1.045452304766674
P1,Estoril,Fora,Lay Vitória,Equipa vence o jogo,13,0.3076923076923077,0.1268049716161809,0.5763111218666236,-0.019893899204244003,0.0,2.496150883013531,False,0.23076923076923078,0.5025687399512693,0.15384615384615385,0.4223517050863101,0.0,0.22810184305529166,0.38461538461538464,0.6447751902773147,0.38461538461538464,0.6447751902773147,2.6131211925327733,1.447299055555906,1.327898192433236,1.045452304766674
P1,Estoril,Fora,Lay Cantos Over 10.5,Total de cantos Over 10.5,13,0.3076923076923077,0.1268049716161809,0.5763111218666236,-0.03282493368700262,0.0,2.496150883013531,False,0.23076923076923078,0.5025687399512693,0.15384615384615385,0.4223517050863101,0.0,0.22810184305529166,0.38461538461538464,0.6447751902773147,0.38461538461538464,0.6447751902773147,2.6131211925327733,1.447299055555906,1.327898192433236,1.045452304766674
P1,Estoril,Total,Lay Clean Sheet,Equipa não sofre golos (clean sheet),26,0.19230769230769232,0.08506935771788268,0.3787663615465,-0.10510610079575597,0.053084096133750036,4.337062441094017,True,0.11538461538461539,0.28976293086898336,0.11538461538461539,0.28976293086898336,0.038461538461538464,0.18893176991958402,0.3076923076923077,0.4998861151423124,0.2692307692307692,0.46083403419761304,2.0943005215479973,1.8640955101619436,1.3059943727961267,0.8948825891409827
P1,Estrela,Casa,Lay Cantos Over 10.5,Total de cantos Over 10.5,13,0.15384615384615385,0.04325726318273798,0.4223517050863101,-0.18667108753315648,0.0,3.05085107923876,False,0.07692307692307693,0.3331453392824736,0.07692307692307693,0.3331453392824736,0.07692307692307693,0.3331453392824736,0.38461538461538464,0.6447751902773147,0.3076923076923077,0.5763111218666236,1.9029718272081506,1.6569737868106167,1.1409536133993328,0.9642030387838444
P1,Estrela,Casa,Lay Vitória,Equipa vence o jogo,13,0.23076923076923078,0.08179379092465708,0.5025687399512693,-0.17440318302387264,0.0,2.773500981126145,False,0.07692307692307693,0.3331453392824736,0.07692307692307693,0.3331453392824736,0.07692307692307693,0.3331453392824736,0.38461538461538464,0.6447751902773147,0.3076923076923077,0.5763111218666236,1.9029718272081506,1.6569737868106167,1.1409536133993328,0.9642030387838444
P1,Estrela,Casa,Lay Clean Sheet,Equipa não sofre golos (clean sheet),13,0.23076923076923078,0.08179379092465708,0.5025687399512693,-0.08388594164456231,0.0,2.773500981126145,False,0.07692307692307693,0.3331453392824736,0.07692307692307693,0.3331453392824736,0.07692307692307693,0.3331453392824736,0.38461538461538464,0.6447751902773147,0.3076923076923077,0.5763111218666236,1.9029718272081506,1.6569737868106167,1.1409536133993328,0.9642030387838444
P1,Estrela,Casa,Lay Derrota,Equipa perde o jogo,13,0.38461538461538464,0.17709446581236818,0.6447751902773147,0.057029177718832924,0.0,2.2188007849009166,False,0.07692307692307693,0.3331453392824736,0.07692307692307693,0.3331453392824736,0.07692307692307693,0.3331453392824736,0.38461538461538464,0.6447751902773147,0.3076923076923077,0.5763111218666236,1.9029718272081506,1.6569737868106167,1.1409536133993328,0.9642030387838444
P1,Estrela,Casa,Lay Empate,Jogo termina empatado,13,0.38461538461538464,0.17709446581236818,0.6447751902773147,0.11737400530503983,0.0,2.2188007849009166,False,0.07692307692307693,0.3331453392824736,0.07692307692307693,0.3331453392824736,0.07692307692307693,0.3331453392824736,0.38461538461538464,0.6447751902773147,0.3076923076923077,0.5763111218666236,1.9029718272081506,1.6569737868106167,1.1409536133993328,0.9642030387838444
P1,Estrela,Fora,Lay Vitória,Equipa vence o jogo,13,0.15384615384615385,0.04325726318273798,0.4223517050863101,-0.17374005305039786,0.0,3.05085107923876,False,0.15384615384615385,0.4223517050863101,0.0,0.22810184305529166,0.23076923076923078,0.5025687399512693,0.46153846153846156,0.7085656756816795,0.23076923076923078,0.5025687399512693,1.7027648939368198,2.178431116693276,1.0262818510866412,1.4142135623730951
P1,Estrela,Fora,Lay Clean Sheet,Equipa não sofre golos (clean sheet),13,0.23076923076923078,0.08179379092465708,0.5025687399512693,-0.04940318302387264,0.0,2.773500981126145,False,0.15384615384615385,0.4223517050863101,0.0,0.22810184305529166,0.23076923076923078,0.5025687399512693,0.46153846153846156,0.7085656756816795,0.23076923076923078,0.5025687399512693,1.7027648939368198,2.178431116693276,1.0262818510866412,1.4142135623730951
P1,Estrela,Fora,Lay Empate,Jogo termina empatado,13,0.38461538461538464,0.17709446581236818,0.6447751902773147,0.11737400530503983,0.0,2.2188007849009166,False,0.15384615384615385,0.4223517050863101,0.0,0.22810184305529166,0.23076923076923078,0.5025687399512693,0.46153846153846156,0.7085656756816795,0.23076923076923078,0.5025687399512693,1.7027648939368198,2.178431116693276,1.0262818510866412,1.4142135623730951
P1,Estrela,Fora,Lay Over 3.5,Mais de 3.5 golos no jogo,13,0.38461538461538464,0.17709446581236818,0.6447751902773147,0.08720159151193635,0.0,2.2188007849009166,False,0.15384615384615385,0.4223517050863101,0.0,0.22810184305529166,0.23076923076923078,0.5025687399512693,0.46153846153846156,0.7085656756816795,0.23076923076923078,0.5025687399512693,1.7027648939368198,2.178431116693276,1.0262818510866412,1.4142135623730951
P1,Estrela,Fora,Lay Derrota,Equipa perde o jogo,13,0.46153846153846156,0.23205754301488138,0.7085656756816795,0.05636604774535814,0.0,1.9414506867883017,False,0.15384615384615385,0.4223517050863101,0.0,0.22810184305529166,0.23076923076923078,0.5025687399512693,0.46153846153846156,0.7085656756816795,0.23076923076923078,0.5025687399512693,1.7027648939368198,2.178431116693276,1.0262818510866412,1.4142135623730951
P1,Estrela,Total,Lay Vitória,Equipa vence o jogo,26,0.19230769230769232,0.08506935771788268,0.3787663615465,-0.17407161803713525,0.053084096133750036,4.337062441094017,True,0.11538461538461539,0.28976293086898336,0.038461538461538464,0.18893176991958402,0.15384615384615385,0.33531584418313565,0.4230769230769231,0.6105170307888017,0.2692307692307692,0.46083403419761304,1.820332240953728,1.935345480832173,1.0912508430085468,1.174946554303505
P1,Famalicao,Casa,Lay Empate,Jogo termina empatado,13,0.15384615384615385,0.04325726318273798,0.4223517050863101,-0.11339522546419095,0.0,3.05085107923876,False,0.0,0.22810184305529166,0.23076923076923078,0.5025687399512693,0.15384615384615385,0.4223517050863101,0.23076923076923078,0.5025687399512693,0.07692307692307693,0.3331453392824736,1.7097008285302207,1.4955555457864294,1.3674145257408599,0.7468943965979538
P1,Famalicao,Casa,Lay Over 3.5,Mais de 3.5 golos no jogo,13,0.23076923076923078,0.08179379092465708,0.5025687399512693,-0.0666445623342175,0.0,2.773500981126145,False,0.0,0.22810184305529166,0.23076923076923078,0.5025687399512693,0.15384615384615385,0.4223517050863101,0.23076923076923078,0.5025687399512693,0.07692307692307693,0.3331453392824736,1.7097008285302207,1.4955555457864294,1.3674145257408599,0.7468943965979538
P1,Famalicao,Casa,Lay Derrota,Equipa perde o jogo,13,0.3076923076923077,0.1268049716161809,0.5763111218666236,-0.019893899204244003,0.0,2.496150883013531,False,0.0,0.22810184305529166,0.23076923076923078,0.5025687399512693,0.15384615384615385,0.4223517050863101,0.23076923076923078,0.5025687399512693,0.07692307692307693,0.3331453392824736,1.7097008285302207,1.4955555457864294,1.3674145257408599,0.7468943965979538
P1,Famalicao,Casa,Lay BTTS,Ambas as equipas marcam,13,0.3076923076923077,0.1268049716161809,0.5763111218666236,-0.16213527851458887,0.0,2.496150883013531,False,0.0,0.22810184305529166,0.23076923076923078,0.5025687399512693,0.15384615384615385,0.4223517050863101,0.23076923076923078,0.5025687399512693,0.07692307692307693,0.3331453392824736,1.7097008285302207,1.4955555457864294,1.3674145257408599,0.7468943965979538
P1,Famalicao,Casa,Lay Under 2.5,Menos de 2.5 golos no jogo,13,0.46153846153846156,0.23205754301488138,0.7085656756816795,0.017572944297082227,0.0,1.9414506867883017,False,0.0,0.22810184305529166,0.23076923076923078,0.5025687399512693,0.15384615384615385,0.4223517050863101,0.23076923076923078,0.5025687399512693,0.07692307692307693,0.3331453392824736,1.7097008285302207,1.4955555457864294,1.3674145257408599,0.7468943965979538
P1,Famalicao,Fora,Lay Over 3.5,Mais de 3.5 golos no jogo,13,0.15384615384615385,0.04325726318273798,0.4223517050863101,-0.14356763925729443,0.0,3.05085107923876,False,0.07692307692307693,0.3331453392824736,0.0,0.22810184305529166,0.07692307692307693,0.3331453392824736,0.38461538461538464,0.6447751902773147,0.3076923076923077,0.5763111218666236,1.5764539639937842,1.3674145257408599,1.2779421327566267,0.9055385138137417
P1,Famalicao,Fora,Lay Over 2.5,Mais de 2.5 golos no jogo,13,0.23076923076923078,0.08179379092465708,0.5025687399512693,-0.3252652519893899,0.0,2.773500981126145,False,0.07692307692307693,0.3331453392824736,0.0,0.22810184305529166,0.07692307692307693,0.3331453392824736,0.38461538461538464,0.6447751902773147,0.3076923076923077,0.5763111218666236,1.5764539639937842,1.3674145257408599,1.2779421327566267,0.9055385138137417
P1,Famalicao,Fora,Lay Derrota,Equipa perde o jogo,13,0.3076923076923077,0.1268049716161809,0.5763111218666236,-0.09748010610079572,0.0,2.496150883013531,False,0.07692307692307693,0.3331453392824736,0.0,0.22810184305529166,0.07692307692307693,0.3331453392824736,0.38461538461538464,0.6447751902773147,0.3076923076923077,0.5763111218666236,1.5764539639937842,1.3674145257408599,1.2779421327566267,0.9055385138137417
P1,Famalicao,Fora,Lay Empate,Jogo termina empatado,13,0.3076923076923077,0.1268049716161809,0.5763111218666236,0.0404509283819629,0.0,2.496150883013531,False,0.07692307692307693,0.3331453392824736,0.0,0.22810184305529166,0.07692307692307693,0.3331453392824736,0.38461538461538464,0.6447751902773147,0.3076923076923077,0.5763111218666236,1.5764539639937842,1.3674145257408599,1.2779421327566267,0.9055385138137417
P1,Famalicao,Fora,Lay BTTS,Ambas as equipas marcam,13,0.3076923076923077,0.1268049716161809,0.5763111218666236,-0.16213527851458887,0.0,2.496150883013531,False,0.07692307692307693,0.3331453392824736,0.0,0.22810184305529166,0.07692307692307693,0.3331453392824736,0.38461538461538464,0.6447751902773147,0.3076923076923077,0.5763111218666236,1.5764539639937842,1.3674145257408599,1.2779421327566267,0.9055385138137417
P1,Famalicao,Total,Lay Over 3.5,Mais de 3.5 golos no jogo,26,0.19230769230769232,0.08506935771788268,0.3787663615465,-0.10510610079575597,0.053084096133750036,4.337062441094017,True,0.038461538461538464,0.18893176991958402,0.11538461538461539,0.28976293086898336,0.11538461538461539,0.28976293086898336,0.3076923076923077,0.4998861151423124,0.19230769230769232,0.3787663615465,1.755801878540512,1.4655814525582809,1.3323467750529825,0.9100137361600648
P1,Gil Vicente,Casa,Lay Derrota,Equipa perde o jogo,13,0.23076923076923078,0.08179379092465708,0.5025687399512693,-0.09681697612732093,0.0,2.773500981126145,False,0.0,0.22810184305529166,0.07692307692307693,0.3331453392824736,0.0,0.22810184305529166,0.15384615384615385,0.4223517050863101,0.15384615384615385,0.4223517050863101,1.7166087388016458,1.146128032750103,1.2917581249035897,0.7100226978096958
P1,Gil Vicente,Casa,Lay Empate,Jogo termina empatado,13,0.23076923076923078,0.08179379092465708,0.5025687399512693,-0.036472148541114024,0.0,2.773500981126145,False,0.0,0.22810184305529166,0.07692307692307693,0.3331453392824736,0.0,0.22810184305529166,0.15384615384615385,0.4223517050863101,0.15384615384615385,0.4223517050863101,1.7166087388016458,1.146128032750103,1.2917581249035897,0.7100226978096958
P1,Gil Vicente,Casa,Lay Over 3.5,Mais de 3.5 golos no jogo,13,0.23076923076923078,0.08179379092465708,0.5025687399512693,-0.0666445623342175,0.0,2.773500981126145,False,0.0,0.22810184305529166,0.07692307692307693,0.3331453392824736,0.0,0.22810184305529166,0.15384615384615385,0.4223517050863101,0.15384615384615385,0.4223517050863101,1.7166087388016458,1.146128032750103,1.2917581249035897,0.7100226978096958
P1,Gil Vicente,Casa,Lay Clean Sheet,Equipa não sofre golos (clean sheet),13,0.38461538461538464,0.17709446581236818,0.6447751902773147,0.06996021220159154,0.0,2.2188007849009166,False,0.0,0.22810184305529166,0.07692307692307693,0.3331453392824736,0.0,0.22810184305529166,0.15384615384615385,0.4223517050863101,0.15384615384615385,0.4223517050863101,1.7166087388016458,1.146128032750103,1.2917581249035897,0.7100226978096958
P1,Gil Vicente,Casa,Lay Over 2.5,Mais de 2.5 golos no jogo,13,0.46153846153846156,0.23205754301488138,0.7085656756816795,-0.0944960212201591,0.0,1.9414506867883017,False,0.0,0.22810184305529166,0.07692307692307693,0.3331453392824736,0.0,0.22810184305529166,0.15384615384615385,0.4223517050863101,0.15384615384615385,0.4223517050863101,1.7166087388016458,1.146128032750103,1.2917581249035897,0.7100226978096958
P1,Gil Vicente,Fora,Lay Derrota,Equipa perde o jogo,13,0.23076923076923078,0.08179379092465708,0.5025687399512693,-0.17440318302387264,0.0,2.773500981126145,False,0.07692307692307693,0.3331453392824736,0.07692307692307693,0.3331453392824736,0.15384615384615385,0.4223517050863101,0.23076923076923078,0.5025687399512693,0.07692307692307693,0.3331453392824736,1.6569737868106167,1.3931361750980642,1.146128032750103,0.8150827329735892
P1,Gil Vicente,Fora,Lay Vitória,Equipa vence o jogo,13,0.3076923076923077,0.1268049716161809,0.5763111218666236,-0.019893899204244003,0.0,2.496150883013531,False,0.07692307692307693,0.3331453392824736,0.07692307692307693,0.3331453392824736,0.15384615384615385,0.4223517050863101,0.23076923076923078,0.5025687399512693,0.07692307692307693,0.3331453392824736,1.6569737868106167,1.3931361750980642,1.146128032750103,0.8150827329735892
P1,Gil Vicente,Fora,Lay Over 3.5,Mais de 3.5 golos no jogo,13,0.3076923076923077,0.1268049716161809,0.5763111218666236,0.010278514588859422,0.0,2.496150883013531,False,0.07692307692307693,0.3331453392824736,0.07692307692307693,0.3331453392824736,0.15384615384615385,0.4223517050863101,0.23076923076923078,0.5025687399512693,0.07692307692307693,0.3331453392824736,1.6569737868106167,1.3931361750980642,1.146128032750103,0.8150827329735892
P1,Gil Vicente,Fora,Lay Clean Sheet,Equipa não sofre golos (clean sheet),13,0.38461538461538464,0.17709446581236818,0.6447751902773147,0.10444297082228121,0.0,2.2188007849009166,False,0.07692307692307693,0.3331453392824736,0.07692307692307693,0.3331453392824736,0.15384615384615385,0.4223517050863101,0.23076923076923078,0.5025687399512693,0.07692307692307693,0.3331453392824736,1.6569737868106167,1.3931361750980642,1.146128032750103,0.8150827329735892
P1,Gil Vicente,Fora,Lay Empate,Jogo termina empatado,13,0.46153846153846156,0.23205754301488138,0.7085656756816795,0.19429708222811676,0.0,1.9414506867883017,False,0.07692307692307693,0.3331453392824736,0.07692307692307693,0.3331453392824736,0.15384615384615385,0.4223517050863101,0.23076923076923078,0.5025687399512693,0.07692307692307693,0.3331453392824736,1.6569737868106167,1.3931361750980642,1.146128032750103,0.8150827329735892
P1,Gil Vicente,Total,Lay Derrota,Equipa perde o jogo,26,0.23076923076923078,0.11033699683676688,0.42051925751956787,-0.1356100795755968,0.0,3.92232270276368,False,0.038461538461538464,0.18893176991958402,0.07692307692307693,0.24141947480515055,0.07692307692307693,0.24141947480515055,0.19230769230769232,0.3787663615465,0.11538461538461539,0.28976293086898336,1.7148843699698424,1.277942132756627,1.2427303401079624,0.7679476477883044
P1,Gil Vicente,Total,Lay Over 3.5,Mais de 3.5 golos no jogo,26,0.2692307692307692,0.13704275525067386,0.46083403419761304,-0.02818302387267907,0.0,3.7262065676254967,False,0.038461538461538464,0.18893176991958402,0.07692307692307693,0.24141947480515055,0.07692307692307693,0.24141947480515055,0.19230769230769232,0.3787663615465,0.11538461538461539,0.28976293086898336,1.7148843699698424,1.277942132756627,1.2427303401079624,0.7679476477883044
P1,Gil Vicente,Total,Lay Empate,Jogo termina empatado,26,0.34615384615384615,0.19412014972852126,0.53779770990367,0.07891246684350134,0.0,3.3339742973491284,False,0.038461538461538464,0.18893176991958402,0.07692307692307693,0.24141947480515055,0.07692307692307693,0.24141947480515055,0.19230769230769232,0.3787663615465,0.11538461538461539,0.28976293086898336,1.7148843699698424,1.277942132756627,1.2427303401079624,0.7679476477883044
P1,Gil Vicente,Total,Lay Clean Sheet,Equipa não sofre golos (clean sheet),26,0.38461538461538464,0.22428359511834425,0.5746547996057992,0.08720159151193635,0.0,3.1378581622109443,False,0.038461538461538464,0.18893176991958402,0.07692307692307693,0.24141947480515055,0.07692307692307693,0.24141947480515055,0.19230769230769232,0.3787663615465,0.11538461538461539,0.28976293086898336,1.7148843699698424,1.277942132756627,1.2427303401079624,0.7679476477883044
P1,Gil Vicente,Total,Lay Vitória,Equipa vence o jogo,26,0.4230769230769231,0.255441899027294,0.6105170307888017,0.056697612732095504,0.0,2.94174202707276,False,0.038461538461538464,0.18893176991958402,0.07692307692307693,0.24141947480515055,0.07692307692307693,0.24141947480515055,0.19230769230769232,0.3787663615465,0.11538461538461539,0.28976293086898336,1.7148843699698424,1.277942132756627,1.2427303401079624,0.7679476477883044
P1,Guimaraes,Casa,Lay Over 3.5,Mais de 3.5 golos no jogo,14,0.21428571428571427,0.07571248336916371,0.4758972377320828,-0.08312807881773401,0.0,2.939873661036668,False,0.14285714285714285,0.399419077638637,0.07142857142857142,0.3146926955395781,0.07142857142857142,0.3146926955395781,0.21428571428571427,0.4758972377320828,0.14285714285714285,0.399419077638637,1.709815600512261,1.3942300925673667,1.2936264483053452,0.8170618261189485
P1,Guimaraes,Casa,Lay Clean Sheet,Equipa não sofre golos (clean sheet),14,0.21428571428571427,0.07571248336916371,0.4758972377320828,-0.10036945812807882,0.0,2.939873661036668,False,0.14285714285714285,0.399419077638637,0.07142857142857142,0.3146926955395781,0.07142857142857142,0.3146926955395781,0.21428571428571427,0.4758972377320828,0.14285714285714285,0.399419077638637,1.709815600512261,1.3942300925673667,1.2936264483053452,0.8170618261189485
P1,Guimaraes,Casa,Lay Derrota,Equipa perde o jogo,14,0.2857142857142857,0.11721187910109102,0.546495411724844,-0.041871921182266014,0.0,2.6726124191242437,False,0.14285714285714285,0.399419077638637,0.07142857142857142,0.3146926955395781,0.07142857142857142,0.3146926955395781,0.21428571428571427,0.4758972377320828,0.14285714285714285,0.399419077638637,1.709815600512261,1.3942300925673667,1.2936264483053452,0.8170618261189485
P1,Guimaraes,Casa,Lay Empate,Jogo termina empatado,14,0.2857142857142857,0.11721187910109102,0.546495411724844,0.018472906403940892,0.0,2.6726124191242437,False,0.14285714285714285,0.399419077638637,0.07142857142857142,0.3146926955395781,0.07142857142857142,0.3146926955395781,0.21428571428571427,0.4758972377320828,0.14285714285714285,0.399419077638637,1.709815600512261,1.3942300925673667,1.2936264483053452,0.8170618261189485
P1,Guimaraes,Casa,Lay Cantos Over 10.5,Total de cantos Over 10.5,14,0.35714285714285715,0.16344490737202735,0.6123599531785959,0.01662561576354682,0.0,2.405351177211819,False,0.14285714285714285,0.399419077638637,0.07142857142857142,0.3146926955395781,0.07142857142857142,0.3146926955395781,0.21428571428571427,0.4758972377320828,0.14285714285714285,0.399419077638637,1.709815600512261,1.3942300925673667,1.2936264483053452,0.8170618261189485
P1,Guimaraes,Fora,Lay Empate,Jogo termina empatado,12,0.08333333333333333,0.014864709450773488,0.35388592179859524,-0.1839080459770115,0.11528519550351196,3.541506143159363,True,0.08333333333333333,0.35388592179859524,0.0,0.2425007574992425,0.08333333333333333,0.35388592179859524,0.5,0.7462218296065778,0.4166666666666667,0.6804926643446271,1.4976833963009522,1.7539637649874324,1.2801909579781012,1.0770329614269007
P1,Guimaraes,Total,Lay Empate,Jogo termina empatado,26,0.19230769230769232,0.08506935771788268,0.3787663615465,-0.07493368700265249,0.053084096133750036,4.337062441094017,True,0.11538461538461539,0.28976293086898336,0.038461538461538464,0.18893176991958402,0.07692307692307693,0.24141947480515055,0.34615384615384615,0.53779770990367,0.2692307692307692,0.46083403419761304,1.6888075692384732,1.570813681281703,1.3389919373484007,0.9411961423418055
P1,Moreirense,Casa,Lay Empate,Jogo termina empatado,12,0.16666666666666666,0.046964147614822246,0.44803635738467273,-0.10057471264367815,0.0,2.8867513459481287,False,0.16666666666666666,0.44803635738467273,0.0,0.2425007574992425,0.0,0.2425007574992425,0.16666666666666666,0.44803635738467273,0.16666666666666666,0.44803635738467273,1.8008485654145256,1.0103629710818451,1.3743685418725535,0.6373774391990982
P1,Moreirense,Casa,Lay Cantos Over 10.5,Total de cantos Over 10.5,12,0.16666666666666666,0.046964147614822246,0.44803635738467273,-0.17385057471264367,0.0,2.8867513459481287,False,0.16666666666666666,0.44803635738467273,0.0,0.2425007574992425,0.0,0.2425007574992425,0.16666666666666666,0.44803635738467273,0.16666666666666666,0.44803635738467273,1.8008485654145256,1.0103629710818451,1.3743685418725535,0.6373774391990982
P1,Moreirense,Casa,Lay Over 3.5,Mais de 3.5 golos no jogo,12,0.25,0.08894003962896137,0.53231033912066,-0.04741379310344829,0.0,2.598076211353316,False,0.16666666666666666,0.44803635738467273,0.0,0.2425007574992425,0.0,0.2425007574992425,0.16666666666666666,0.44803635738467273,0.16666666666666666,0.44803635738467273,1.8008485654145256,1.0103629710818451,1.3743685418725535,0.6373774391990982
P1,Moreirense,Casa,Lay Clean Sheet,Equipa não sofre golos (clean sheet),12,0.25,0.08894003962896137,0.53231033912066,-0.0646551724137931,0.0,2.598076211353316,False,0.16666666666666666,0.44803635738467273,0.0,0.2425007574992425,0.0,0.2425007574992425,0.16666666666666666,0.44803635738467273,0.16666666666666666,0.44803635738467273,1.8008485654145256,1.0103629710818451,1.3743685418725535,0.6373774391990982
P1,Moreirense,Casa,Lay Derrota,Equipa perde o jogo,12,0.3333333333333333,0.13811783989736134,0.609382412602386,0.005747126436781602,0.0,2.3094010767585034,False,0.16666666666666666,0.44803635738467273,0.0,0.2425007574992425,0.0,0.2425007574992425,0.16666666666666666,0.44803635738467273,0.16666666666666666,0.44803635738467273,1.8008485654145256,1.0103629710818451,1.3743685418725535,0.6373774391990982
P1,Moreirense,Fora,Lay Cantos Over 10.5,Total de cantos Over 10.5,14,0.0,0.0,0.21531701192718142,-0.34051724137931033,0.4617074701820465,5.469208553109305,True,0.14285714285714285,0.399419077638637,0.0,0.21531701192718142,0.07142857142857142,0.3146926955395781,0.35714285714285715,0.6123599531785959,0.2857142857142857,0.546495411724844,1.5452362609131383,1.498298354528788,1.2797480619406367,0.8969082698049141
P1,Moreirense,Fora,Lay Over 3.5,Mais de 3.5 golos no jogo,14,0.14285714285714285,0.04009307373792117,0.399419077638637,-0.15455665024630544,0.0014523059034075858,3.21179264390167,True,0.14285714285714285,0.399419077638637,0.0,0.21531701192718142,0.07142857142857142,0.3146926955395781,0.35714285714285715,0.6123599531785959,0.2857142857142857,0.546495411724844,1.5452362609131383,1.498298354528788,1.2797480619406367,0.8969082698049141
P1,Moreirense,Total,Lay Cantos Over 10.5,Total de cantos Over 10.5,26,0.07692307692307693,0.021354639183375553,0.24141947480515055,-0.2635941644562334,0.39645131298712366,6.572799225880255,True,0.15384615384615385,0.33531584418313565,0.0,0.12873304380462175,0.038461538461538464,0.18893176991958402,0.2692307692307692,0.46083403419761304,0.23076923076923078,0.42051925751956787,1.6769407197378186,1.2991804426195797,1.3570983664905656,0.7721747873281177
P1,Moreirense,Total,Lay Empate,Jogo termina empatado,26,0.19230769230769232,0.08506935771788268,0.3787663615465,-0.07493368700265249,0.053084096133750036,4.337062441094017,True,0.15384615384615385,0.33531584418313565,0.0,0.12873304380462175,0.038461538461538464,0.18893176991958402,0.2692307692307692,0.46083403419761304,0.23076923076923078,0.42051925751956787,1.6769407197378186,1.2991804426195797,1.3570983664905656,0.7721747873281177
P1,Moreirense,Total,Lay Over 3.5,Mais de 3.5 golos no jogo,26,0.19230769230769232,0.08506935771788268,0.3787663615465,-0.10510610079575597,0.053084096133750036,4.337062441094017,True,0.15384615384615385,0.33531584418313565,0.0,0.12873304380462175,0.038461538461538464,0.18893176991958402,0.2692307692307692,0.46083403419761304,0.23076923076923078,0.42051925751956787,1.6769407197378186,1.2991804426195797,1.3570983664905656,0.7721747873281177
P1,Nacional,Casa,Lay Empate,Jogo termina empatado,13,0.15384615384615385,0.04325726318273798,0.4223517050863101,-0.11339522546419095,0.0,3.05085107923876,False,0.07692307692307693,0.3331453392824736,0.07692307692307693,0.3331453392824736,0.07692307692307693,0.3331453392824736,0.38461538461538464,0.6447751902773147,0.3076923076923077,0.5763111218666236,1.726918793895665,1.7742403991801226,1.2307692307692306,1.0555504967603744
P1,Nacional,Casa,Lay Clean Sheet,Equipa não sofre golos (clean sheet),13,0.15384615384615385,0.04325726318273798,0.4223517050863101,-0.16080901856763924,0.0,3.05085107923876,False,0.07692307692307693,0.3331453392824736,0.07692307692307693,0.3331453392824736,0.07692307692307693,0.3331453392824736,0.38461538461538464,0.6447751902773147,0.3076923076923077,0.5763111218666236,1.726918793895665,1.7742403991801226,1.2307692307692306,1.0555504967603744
P1,Nacional,Casa,Lay Vitória,Equipa vence o jogo,13,0.23076923076923078,0.08179379092465708,0.5025687399512693,-0.17440318302387264,0.0,2.773500981126145,False,0.07692307692307693,0.3331453392824736,0.07692307692307693,0.3331453392824736,0.07692307692307693,0.3331453392824736,0.38461538461538464,0.6447751902773147,0.3076923076923077,0.5763111218666236,1.726918793895665,1.7742403991801226,1.2307692307692306,1.0555504967603744
P1,Nacional,Casa,Lay Over 3.5,Mais de 3.5 golos no jogo,13,0.38461538461538464,0.17709446581236818,0.6447751902773147,0.08720159151193635,0.0,2.2188007849009166,False,0.07692307692307693,0.3331453392824736,0.07692307692307693,0.3331453392824736,0.07692307692307693,0.3331453392824736,0.38461538461538464,0.6447751902773147,0.3076923076923077,0.5763111218666236,1.726918793895665,1.7742403991801226,1.2307692307692306,1.0555504967603744
P1,Nacional,Casa,Lay Under 2.5,Menos de 2.5 golos no jogo,13,0.38461538461538464,0.17709446581236818,0.6447751902773147,-0.0593501326259947,0.0,2.2188007849009166,False,0.07692307692307693,0.3331453392824736,0.07692307692307693,0.3331453392824736,0.07692307692307693,0.3331453392824736,0.38461538461538464,0.6447751902773147,0.3076923076923077,0.5763111218666236,1.726918793895665,1.7742403991801226,1.2307692307692306,1.0555504967603744
P1,Nacional,Fora,Lay Over 3.5,Mais de 3.5 golos no jogo,13,0.07692307692307693,0.013710066379696304,0.3331453392824736,-0.22049071618037136,0.1671366517938161,3.88446557863012,True,0.07692307692307693,0.3331453392824736,0.0,0.22810184305529166,0.0,0.22810184305529166,0.23076923076923078,0.5025687399512693,0.23076923076923078,0.5025687399512693,1.146128032750103,0.8904489925223251,1.0262818510866412,0.6666666666666666
P1,Nacional,Total,Lay Clean Sheet,Equipa não sofre golos (clean sheet),26,0.15384615384615385,0.06149933998929479,0.33531584418313565,-0.14356763925729443,0.16171038954216094,5.012263338431423,True,0.07692307692307693,0.24141947480515055,0.038461538461538464,0.18893176991958402,0.038461538461538464,0.18893176991958402,0.3076923076923077,0.4998861151423124,0.2692307692307692,0.46083403419761304,1.466086042503532,1.4457650868625,1.1331476817427875,0.9734892561029725
P1,Nacional,Total,Lay Vitória,Equipa vence o jogo,26,0.19230769230769232,0.08506935771788268,0.3787663615465,-0.17407161803713525,0.053084096133750036,4.337062441094017,True,0.07692307692307693,0.24141947480515055,0.038461538461538464,0.18893176991958402,0.038461538461538464,0.18893176991958402,0.3076923076923077,0.4998861151423124,0.2692307692307692,0.46083403419761304,1.466086042503532,1.4457650868625,1.1331476817427875,0.9734892561029725
P1,Porto,Casa,Lay Derrota,Equipa perde o jogo,13,0.0,0.0,0.22810184305529166,-0.3275862068965517,0.4297453923617709,5.155020323018745,True,0.0,0.22810184305529166,0.3076923076923077,0.5763111218666236,0.07692307692307693,0.3331453392824736,0.07692307692307693,0.3331453392824736,0.0,0.22810184305529166,1.186711432349347,1.2733034890189885,0.7216024245882199,0.5493480360811602
P1,Porto,Fora,Lay Derrota,Equipa perde o jogo,13,0.07692307692307693,0.013710066379696304,0.3331453392824736,-0.3282493368700265,0.1671366517938161,3.88446557863012,True,0.0,0.22810184305529166,0.23076923076923078,0.5025687399512693,0.0,0.22810184305529166,0.0,0.22810184305529166,0.0,0.22810184305529166,1.277942132756627,1.0769230769230769,0.9230769230769231,0.47665501151251943
P1,Porto,Fora,Lay Empate,Jogo termina empatado,13,0.07692307692307693,0.013710066379696304,0.3331453392824736,-0.19031830238726788,0.1671366517938161,3.88446557863012,True,0.0,0.22810184305529166,0.23076923076923078,0.5025687399512693,0.0,0.22810184305529166,0.0,0.22810184305529166,0.0,0.22810184305529166,1.277942132756627,1.0769230769230769,0.9230769230769231,0.47665501151251943
P1,Porto,Total,Lay Derrota,Equipa perde o jogo,26,0.038461538461538464,0.006821808976989882,0.18893176991958402,-0.3279177718832891,0.52767057520104,7.490021224318862,True,0.0,0.12873304380462175,0.2692307692307692,0.46083403419761304,0.038461538461538464,0.18893176991958402,0.038461538461538464,0.18893176991958402,0.0,0.12873304380462175,1.2427303401079624,1.1792084397504532,0.8293791789556857,0.5188745216627708
P1,Porto,Total,Lay Empate,Jogo termina empatado,26,0.11538461538461539,0.04003171821149494,0.28976293086898336,-0.15185676392572942,0.27559267282754163,5.753779015127041,True,0.0,0.12873304380462175,0.2692307692307692,0.46083403419761304,0.038461538461538464,0.18893176991958402,0.038461538461538464,0.18893176991958402,0.0,0.12873304380462175,1.2427303401079624,1.1792084397504532,0.8293791789556857,0.5188745216627708
P1,Porto,Total,Lay Over 3.5,Mais de 3.5 golos no jogo,26,0.19230769230769232,0.08506935771788268,0.3787663615465,-0.10510610079575597,0.053084096133750036,4.337062441094017,True,0.0,0.12873304380462175,0.2692307692307692,0.46083403419761304,0.038461538461538464,0.18893176991958402,0.038461538461538464,0.18893176991958402,0.0,0.12873304380462175,1.2427303401079624,1.1792084397504532,0.8293791789556857,0.5188745216627708
P1,Rio Ave,Casa,Lay Clean Sheet,Equipa não sofre golos (clean sheet),13,0.15384615384615385,0.04325726318273798,0.4223517050863101,-0.16080901856763924,0.0,3.05085107923876,False,0.23076923076923078,0.5025687399512693,0.07692307692307693,0.3331453392824736,0.07692307692307693,0.3331453392824736,0.46153846153846156,0.7085656756816795,0.38461538461538464,0.6447751902773147,1.942973990817706,1.1461280327501029,1.1766968108291043,1.1094003924504583
P1,Rio Ave,Casa,Lay Vitória,Equipa vence o jogo,13,0.23076923076923078,0.08179379092465708,0.5025687399512693,-0.17440318302387264,0.0,2.773500981126145,False,0.23076923076923078,0.5025687399512693,0.07692307692307693,0.3331453392824736,0.07692307692307693,0.3331453392824736,0.46153846153846156,0.7085656756816795,0.38461538461538464,0.6447751902773147,1.942973990817706,1.1461280327501029,1.1766968108291043,1.1094003924504583
P1,Rio Ave,Casa,Lay Over 3.5,Mais de 3.5 golos no jogo,13,0.23076923076923078,0.08179379092465708,0.5025687399512693,-0.0666445623342175,0.0,2.773500981126145,False,0.23076923076923078,0.5025687399512693,0.07692307692307693,0.3331453392824736,0.07692307692307693,0.3331453392824736,0.46153846153846156,0.7085656756816795,0.38461538461538464,0.6447751902773147,1.942973990817706,1.1461280327501029,1.1766968108291043,1.1094003924504583
P1,Rio Ave,Casa,Lay Empate,Jogo termina empatado,13,0.3076923076923077,0.1268049716161809,0.5763111218666236,0.0404509283819629,0.0,2.496150883013531,False,0.23076923076923078,0.5025687399512693,0.07692307692307693,0.3331453392824736,0.07692307692307693,0.3331453392824736,0.46153846153846156,0.7085656756816795,0.38461538461538464,0.6447751902773147,1.942973990817706,1.1461280327501029,1.1766968108291043,1.1094003924504583
P1,Rio Ave,Casa,Lay Under 2.5,Menos de 2.5 golos no jogo,13,0.38461538461538464,0.17709446581236818,0.6447751902773147,-0.0593501326259947,0.0,2.2188007849009166,False,0.23076923076923078,0.5025687399512693,0.07692307692307693,0.3331453392824736,0.07692307692307693,0.3331453392824736,0.46153846153846156,0.7085656756816795,0.38461538461538464,0.6447751902773147,1.942973990817706,1.1461280327501029,1.1766968108291043,1.1094003924504583
P1,Rio Ave,Fora,Lay Clean Sheet,Equipa não sofre golos (clean sheet),13,0.15384615384615385,0.04325726318273798,0.4223517050863101,-0.12632625994694957,0.0,3.05085107923876,False,0.23076923076923078,0.5025687399512693,0.0,0.22810184305529166,0.07692307692307693,0.3331453392824736,0.38461538461538464,0.6447751902773147,0.3076923076923077,0.5763111218666236,1.7473564140923918,1.5613679330911108,1.1409536133993328,0.9607689228305228
P1,Rio Ave,Fora,Lay Vitória,Equipa vence o jogo,13,0.23076923076923078,0.08179379092465708,0.5025687399512693,-0.09681697612732093,0.0,2.773500981126145,False,0.23076923076923078,0.5025687399512693,0.0,0.22810184305529166,0.07692307692307693,0.3331453392824736,0.38461538461538464,0.6447751902773147,0.3076923076923077,0.5763111218666236,1.7473564140923918,1.5613679330911108,1.1409536133993328,0.9607689228305228
P1,Rio Ave,Fora,Lay Derrota,Equipa perde o jogo,13,0.38461538461538464,0.17709446581236818,0.6447751902773147,-0.02055702917771879,0.0,2.2188007849009166,False,0.23076923076923078,0.5025687399512693,0.0,0.22810184305529166,0.07692307692307693,0.3331453392824736,0.38461538461538464,0.6447751902773147,0.3076923076923077,0.5763111218666236,1.7473564140923918,1.5613679330911108,1.1409536133993328,0.9607689228305228
P1,Rio Ave,Fora,Lay Empate,Jogo termina empatado,13,0.38461538461538464,0.17709446581236818,0.6447751902773147,0.11737400530503983,0.0,2.2188007849009166,False,0.23076923076923078,0.5025687399512693,0.0,0.22810184305529166,0.07692307692307693,0.3331453392824736,0.38461538461538464,0.6447751902773147,0.3076923076923077,0.5763111218666236,1.7473564140923918,1.5613679330911108,1.1409536133993328,0.9607689228305228
P1,Rio Ave,Fora,Lay Over 3.5,Mais de 3.5 golos no jogo,13,0.38461538461538464,0.17709446581236818,0.6447751902773147,0.08720159151193635,0.0,2.2188007849009166,False,0.23076923076923078,0.5025687399512693,0.0,0.22810184305529166,0.07692307692307693,0.3331453392824736,0.38461538461538464,0.6447751902773147,0.3076923076923077,0.5763111218666236,1.7473564140923918,1.5613679330911108,1.1409536133993328,0.9607689228305228
P1,Rio Ave,Total,Lay Clean Sheet,Equipa não sofre golos (clean sheet),26,0.15384615384615385,0.06149933998929479,0.33531584418313565,-0.14356763925729443,0.16171038954216094,5.012263338431423,True,0.23076923076923078,0.42051925751956787,0.038461538461538464,0.18893176991958402,0.07692307692307693,0.24141947480515055,0.4230769230769231,0.6105170307888017,0.34615384615384615,0.53779770990367,1.8513548533167292,1.3744283373235107,1.1596010332062565,1.0377490433255416
P1,Santa Clara,Casa,Lay Over 3.5,Mais de 3.5 golos no jogo,13,0.07692307692307693,0.013710066379696304,0.3331453392824736,-0.22049071618037136,0.1671366517938161,3.88446557863012,True,0.0,0.22810184305529166,0.0,0.22810184305529166,0.15384615384615385,0.4223517050863101,0.38461538461538464,0.6447751902773147,0.23076923076923078,0.5025687399512693,1.2307692307692308,1.5689290811054724,1.327898192433236,0.8975274678557507
P1,Santa Clara,Fora,Lay Vitória,Equipa vence o jogo,13,0.15384615384615385,0.04325726318273798,0.4223517050863101,-0.17374005305039786,0.0,3.05085107923876,False,0.07692307692307693,0.3331453392824736,0.0,0.22810184305529166,0.0,0.22810184305529166,0.38461538461538464,0.6447751902773147,0.38461538461538464,0.6447751902773147,1.0088366960464616,1.4595127662315597,1.026281851086641,1.0204520145747114
P1,Santa Clara,Fora,Lay Over 3.5,Mais de 3.5 golos no jogo,13,0.15384615384615385,0.04325726318273798,0.4223517050863101,-0.14356763925729443,0.0,3.05085107923876,False,0.07692307692307693,0.3331453392824736,0.0,0.22810184305529166,0.0,0.22810184305529166,0.38461538461538464,0.6447751902773147,0.38461538461538464,0.6447751902773147,1.0088366960464616,1.4595127662315597,1.026281851086641,1.0204520145747114
P1,Santa Clara,Fora,Lay Clean Sheet,Equipa não sofre golos (clean sheet),13,0.15384615384615385,0.04325726318273798,0.4223517050863101,-0.12632625994694957,0.0,3.05085107923876,False,0.07692307692307693,0.3331453392824736,0.0,0.22810184305529166,0.0,0.22810184305529166,0.38461538461538464,0.6447751902773147,0.38461538461538464,0.6447751902773147,1.0088366960464616,1.4595127662315597,1.026281851086641,1.0204520145747114
P1,Santa Clara,Fora,Lay Cantos Over 10.5,Total de cantos Over 10.5,13,0.23076923076923078,0.08179379092465708,0.5025687399512693,-0.10974801061007955,0.0,2.773500981126145,False,0.07692307692307693,0.3331453392824736,0.0,0.22810184305529166,0.0,0.22810184305529166,0.38461538461538464,0.6447751902773147,0.38461538461538464,0.6447751902773147,1.0088366960464616,1.4595127662315597,1.026281851086641,1.0204520145747114
P1,Santa Clara,Fora,Lay Over 2.5,Mais de 2.5 golos no jogo,13,0.3076923076923077,0.1268049716161809,0.5763111218666236,-0.24834217506631295,0.0,2.496150883013531,False,0.07692307692307693,0.3331453392824736,0.0,0.22810184305529166,0.0,0.22810184305529166,0.38461538461538464,0.6447751902773147,0.38461538461538464,0.6447751902773147,1.0088366960464616,1.4595127662315597,1.026281851086641,1.0204520145747114
P1,Santa Clara,Total,Lay Over 3.5,Mais de 3.5 golos no jogo,26,0.11538461538461539,0.04003171821149494,0.28976293086898336,-0.1820291777188329,0.27559267282754163,5.753779015127041,True,0.038461538461538464,0.18893176991958402,0.0,0.12873304380462175,0.07692307692307693,0.24141947480515055,0.38461538461538464,0.5746547996057992,0.3076923076923077,0.4998861151423124,1.1357556200179537,1.517160224870463,1.1923076923076923,0.9575093715454452
P1,Sp Braga,Casa,Lay Derrota,Equipa perde o jogo,12,0.16666666666666666,0.046964147614822246,0.44803635738467273,-0.16091954022988506,0.0,2.8867513459481287,False,0.0,0.2425007574992425,0.3333333333333333,0.609382412602386,0.0,0.2425007574992425,0.16666666666666666,0.44803635738467273,0.16666666666666666,0.44803635738467273,1.8856180831641267,1.404358295529393,1.224744871391589,0.6318045225641474
P1,Sp Braga,Casa,Lay Empate,Jogo termina empatado,12,0.25,0.08894003962896137,0.53231033912066,-0.017241379310344807,0.0,2.598076211353316,False,0.0,0.2425007574992425,0.3333333333333333,0.609382412602386,0.0,0.2425007574992425,0.16666666666666666,0.44803635738467273,0.16666666666666666,0.44803635738467273,1.8856180831641267,1.404358295529393,1.224744871391589,0.6318045225641474
P1,Sp Braga,Casa,Lay Under 2.5,Menos de 2.5 golos no jogo,12,0.25,0.08894003962896137,0.53231033912066,-0.19396551724137934,0.0,2.598076211353316,False,0.0,0.2425007574992425,0.3333333333333333,0.609382412602386,0.0,0.2425007574992425,0.16666666666666666,0.44803635738467273,0.16666666666666666,0.44803635738467273,1.8856180831641267,1.404358295529393,1.224744871391589,0.6318045225641474
P1,Sp Braga,Casa,Lay Cantos Over 10.5,Total de cantos Over 10.5,12,0.25,0.08894003962896137,0.53231033912066,-0.09051724137931033,0.0,2.598076211353316,False,0.0,0.2425007574992425,0.3333333333333333,0.609382412602386,0.0,0.2425007574992425,0.16666666666666666,0.44803635738467273,0.16666666666666666,0.44803635738467273,1.8856180831641267,1.404358295529393,1.224744871391589,0.6318045225641474
P1,Sp Braga,Casa,Lay BTTS,Ambas as equipas marcam,12,0.4166666666666667,0.19325746190524654,0.6804926643446271,-0.05316091954022989,0.0,2.02072594216369,False,0.0,0.2425007574992425,0.3333333333333333,0.609382412602386,0.0,0.2425007574992425,0.16666666666666666,0.44803635738467273,0.16666666666666666,0.44803635738467273,1.8856180831641267,1.404358295529393,1.224744871391589,0.6318045225641474
P1,Sp Braga,Fora,Lay Derrota,Equipa perde o jogo,13,0.23076923076923078,0.08179379092465708,0.5025687399512693,-0.17440318302387264,0.0,2.773500981126145,False,0.0,0.22810184305529166,0.23076923076923078,0.5025687399512693,0.0,0.22810184305529166,0.07692307692307693,0.3331453392824736,0.07692307692307693,0.3331453392824736,1.7027648939368198,1.3008872711759818,1.2639751327042295,0.6273754856543249
P1,Sp Braga,Fora,Lay Empate,Jogo termina empatado,13,0.3076923076923077,0.1268049716161809,0.5763111218666236,0.0404509283819629,0.0,2.496150883013531,False,0.0,0.22810184305529166,0.23076923076923078,0.5025687399512693,0.0,0.22810184305529166,0.07692307692307693,0.3331453392824736,0.07692307692307693,0.3331453392824736,1.7027648939368198,1.3008872711759818,1.2639751327042295,0.6273754856543249
P1,Sp Braga,Fora,Lay Over 3.5,Mais de 3.5 golos no jogo,13,0.3076923076923077,0.1268049716161809,0.5763111218666236,0.010278514588859422,0.0,2.496150883013531,False,0.0,0.22810184305529166,0.23076923076923078,0.5025687399512693,0.0,0.22810184305529166,0.07692307692307693,0.3331453392824736,0.07692307692307693,0.3331453392824736,1.7027648939368198,1.3008872711759818,1.2639751327042295,0.6273754856543249
P1,Sp Braga,Fora,Lay Under 2.5,Menos de 2.5 golos no jogo,13,0.3076923076923077,0.1268049716161809,0.5763111218666236,-0.13627320954907163,0.0,2.496150883013531,False,0.0,0.22810184305529166,0.23076923076923078,0.5025687399512693,0.0,0.22810184305529166,0.07692307692307693,0.3331453392824736,0.07692307692307693,0.3331453392824736,1.7027648939368198,1.3008872711759818,1.2639751327042295,0.6273754856543249
P1,Sp Braga,Fora,Lay Clean Sheet,Equipa não sofre golos (clean sheet),13,0.3076923076923077,0.1268049716161809,0.5763111218666236,0.027519893899204284,0.0,2.496150883013531,False,0.0,0.22810184305529166,0.23076923076923078,0.5025687399512693,0.0,0.22810184305529166,0.07692307692307693,0.3331453392824736,0.07692307692307693,0.3331453392824736,1.7027648939368198,1.3008872711759818,1.2639751327042295,0.6273754856543249
P1,Sp Braga,Total,Lay Derrota,Equipa perde o jogo,25,0.2,0.08860454100652486,0.3913133553653824,-0.16637931034482756,0.021716611586544005,4.086866446346176,True,0.0,0.13319649395317873,0.28,0.47576971896558296,0.0,0.13319649395317873,0.12,0.29956192183373487,0.12,0.29956192183373487,1.8093092604637826,1.3541048703848606,1.2547509713086498,0.6366517445094941
P1,Sp Lisbon,Casa,Lay Derrota,Equipa perde o jogo,12,0.08333333333333333,0.014864709450773488,0.35388592179859524,-0.2442528735632184,0.11528519550351196,3.541506143159363,True,0.0,0.2425007574992425,0.5833333333333334,0.8067425380947534,0.0,0.2425007574992425,0.0,0.2425007574992425,0.0,0.2425007574992425,2.0949675149960894,1.4337208778404378,0.9537935951882998,0.5610836076867821
P1,Sp Lisbon,Casa,Lay Empate,Jogo termina empatado,12,0.08333333333333333,0.014864709450773488,0.35388592179859524,-0.1839080459770115,0.11528519550351196,3.541506143159363,True,0.0,0.2425007574992425,0.5833333333333334,0.8067425380947534,0.0,0.2425007574992425,0.0,0.2425007574992425,0.0,0.2425007574992425,2.0949675149960894,1.4337208778404378,0.9537935951882998,0.5610836076867821
P1,Sp Lisbon,Fora,Lay Derrota,Equipa perde o jogo,13,0.0,0.0,0.22810184305529166,-0.4051724137931034,0.4297453923617709,5.155020323018745,True,0.0,0.22810184305529166,0.3076923076923077,0.5763111218666236,0.0,0.22810184305529166,0.0,0.22810184305529166,0.0,0.22810184305529166,1.2113858267710478,1.1409536133993328,0.9230769230769231,0.47648800229022625
P1,Sp Lisbon,Total,Lay Derrota,Equipa perde o jogo,25,0.04,0.007096050386699169,0.19544472405022525,-0.3263793103448276,0.5113881898744369,7.254663311397296,True,0.0,0.13319649395317873,0.44,0.6293298298043556,0.0,0.13319649395317873,0.0,0.13319649395317873,0.0,0.13319649395317873,1.8110770276274832,1.3059862173851606,0.9431860898041277,0.5642334401646184
P1,Sp Lisbon,Total,Lay Empate,Jogo termina empatado,25,0.2,0.08860454100652486,0.3913133553653824,-0.0672413793103448,0.021716611586544005,4.086866446346176,True,0.0,0.13319649395317873,0.44,0.6293298298043556,0.0,0.13319649395317873,0.0,0.13319649395317873,0.0,0.13319649395317873,1.8110770276274832,1.3059862173851606,0.9431860898041277,0.5642334401646184
P1,Tondela,Casa,Lay Vitória,Equipa vence o jogo,13,0.07692307692307693,0.013710066379696304,0.3331453392824736,-0.3282493368700265,0.1671366517938161,3.88446557863012,True,0.07692307692307693,0.3331453392824736,0.0,0.22810184305529166,0.15384615384615385,0.4223517050863101,0.6153846153846154,0.8229055341876319,0.46153846153846156,0.7085656756816795,1.1461280327501029,1.4142135623730951,0.8355984993230934,1.4315665251916805
P1,Tondela,Fora,Lay Empate,Jogo termina empatado,12,0.16666666666666666,0.046964147614822246,0.44803635738467273,-0.10057471264367815,0.0,2.8867513459481287,False,0.3333333333333333,0.609382412602386,0.0,0.2425007574992425,0.0,0.2425007574992425,0.5,0.7462218296065778,0.5,0.7462218296065778,1.7320508075688772,1.1055415967851332,1.2555432644432805,1.0770329614269007
P1,Tondela,Fora,Lay Clean Sheet,Equipa não sofre golos (clean sheet),12,0.16666666666666666,0.046964147614822246,0.44803635738467273,-0.11350574712643677,0.0,2.8867513459481287,False,0.3333333333333333,0.609382412602386,0.0,0.2425007574992425,0.0,0.2425007574992425,0.5,0.7462218296065778,0.5,0.7462218296065778,1.7320508075688772,1.1055415967851332,1.2555432644432805,1.0770329614269007
P1,Tondela,Fora,Lay Vitória,Equipa vence o jogo,12,0.25,0.08894003962896137,0.53231033912066,-0.07758620689655171,0.0,2.598076211353316,False,0.3333333333333333,0.609382412602386,0.0,0.2425007574992425,0.0,0.2425007574992425,0.5,0.7462218296065778,0.5,0.7462218296065778,1.7320508075688772,1.1055415967851332,1.2555432644432805,1.0770329614269007
P1,Tondela,Fora,Lay Over 3.5,Mais de 3.5 golos no jogo,12,0.25,0.08894003962896137,0.53231033912066,-0.04741379310344829,0.0,2.598076211353316,False,0.3333333333333333,0.609382412602386,0.0,0.2425007574992425,0.0,0.2425007574992425,0.5,0.7462218296065778,0.5,0.7462218296065778,1.7320508075688772,1.1055415967851332,1.2555432644432805,1.0770329614269007
P1,Tondela,Fora,Lay Under 2.5,Menos de 2.5 golos no jogo,12,0.3333333333333333,0.13811783989736134,0.609382412602386,-0.11063218390804602,0.0,2.3094010767585034,False,0.3333333333333333,0.609382412602386,0.0,0.2425007574992425,0.0,0.2425007574992425,0.5,0.7462218296065778,0.5,0.7462218296065778,1.7320508075688772,1.1055415967851332,1.2555432644432805,1.0770329614269007
P1,Tondela,Total,Lay Vitória,Equipa vence o jogo,25,0.16,0.06403347608577989,0.34654013980238163,-0.20637931034482757,0.13364965049404598,4.761328532074993,True,0.2,0.3913133553653824,0.0,0.13319649395317873,0.08,0.2496651212295782,0.56,0.7333462505299743,0.48,0.665017820468527,1.469693845669907,1.3181805642627265,1.068831137270991,1.2499307460039915
P1,Tondela,Total,Lay Clean Sheet,Equipa não sofre golos (clean sheet),25,0.16,0.06403347608577989,0.34654013980238163,-0.13741379310344828,0.13364965049404598,4.761328532074993,True,0.2,0.3913133553653824,0.0,0.13319649395317873,0.08,0.2496651212295782,0.56,0.7333462505299743,0.48,0.665017820468527,1.469693845669907,1.3181805642627265,1.068831137270991,1.2499307460039915
SC0,Aberdeen,Casa,Lay Clean Sheet,Equipa não sofre golos (clean sheet),15,0.2,0.07047420643610411,0.4518593533465045,-0.14999999999999997,0.0,3.0983866769659336,False,0.0,0.20388926630434784,0.13333333333333333,0.3788249920651624,0.06666666666666667,0.2981707755242399,0.26666666666666666,0.5195088965768675,0.2,0.4518593533465045,1.746106780494506,2.0154955277107964,1.203698005684519,1.0614396187594526
SC0,Aberdeen,Casa,Lay Vitória,Equipa vence o jogo,15,0.26666666666666666,0.10897276103182815,0.5195088965768675,-0.1611111111111111,0.0,2.8401877872187726,False,0.0,0.20388926630434784,0.13333333333333333,0.3788249920651624,0.06666666666666667,0.2981707755242399,0.26666666666666666,0.5195088965768675,0.2,0.4518593533465045,1.746106780494506,2.0154955277107964,1.203698005684519,1.0614396187594526
SC0,Aberdeen,Casa,Lay Over 3.5,Mais de 3.5 golos no jogo,15,0.26666666666666666,0.10897276103182815,0.5195088965768675,-0.03888888888888892,0.0,2.8401877872187726,False,0.0,0.20388926630434784,0.13333333333333333,0.3788249920651624,0.06666666666666667,0.2981707755242399,0.26666666666666666,0.5195088965768675,0.2,0.4518593533465045,1.746106780494506,2.0154955277107964,1.203698005684519,1.0614396187594526
SC0,Aberdeen,Casa,Lay Empate,Jogo termina empatado,15,0.3333333333333333,0.15176100694691236,0.5828687484878702,0.033333333333333326,0.0,2.5819888974716116,False,0.0,0.20388926630434784,0.13333333333333333,0.3788249920651624,0.06666666666666667,0.2981707755242399,0.26666666666666666,0.5195088965768675,0.2,0.4518593533465045,1.746106780494506,2.0154955277107964,1.203698005684519,1.0614396187594526
SC0,Aberdeen,Casa,Lay Derrota,Equipa perde o jogo,15,0.4,0.19824228082594664,0.6425355724349229,0.12777777777777782,0.0,2.32379000772445,False,0.0,0.20388926630434784,0.13333333333333333,0.3788249920651624,0.06666666666666667,0.2981707755242399,0.26666666666666666,0.5195088965768675,0.2,0.4518593533465045,1.746106780494506,2.0154955277107964,1.203698005684519,1.0614396187594526
SC0,Aberdeen,Fora,Lay Empate,Jogo termina empatado,15,0.06666666666666667,0.011866588606194882,0.2981707755242399,-0.23333333333333334,0.2545730611894004,4.535011201081206,True,0.06666666666666667,0.2981707755242399,0.0,0.20388926630434784,0.06666666666666667,0.2981707755242399,0.6666666666666666,0.8482389930530875,0.6,0.8017577191740534,1.4817407180595248,1.0873004286866725,1.3097921802925667,1.7261494247992248
SC0,Aberdeen,Fora,Lay Over 3.5,Mais de 3.5 golos no jogo,15,0.13333333333333333,0.037360469891359285,0.3788249920651624,-0.17222222222222225,0.05293751983709405,3.534274881735873,True,0.06666666666666667,0.2981707755242399,0.0,0.20388926630434784,0.06666666666666667,0.2981707755242399,0.6666666666666666,0.8482389930530875,0.6,0.8017577191740534,1.4817407180595248,1.0873004286866725,1.3097921802925667,1.7261494247992248
SC0,Aberdeen,Fora,Lay BTTS,Ambas as equipas marcam,15,0.13333333333333333,0.037360469891359285,0.3788249920651624,-0.37222222222222223,0.05293751983709405,3.534274881735873,True,0.06666666666666667,0.2981707755242399,0.0,0.20388926630434784,0.06666666666666667,0.2981707755242399,0.6666666666666666,0.8482389930530875,0.6,0.8017577191740534,1.4817407180595248,1.0873004286866725,1.3097921802925667,1.7261494247992248
SC0,Aberdeen,Total,Lay Empate,Jogo termina empatado,30,0.2,0.09504978102401236,0.37306047381027446,-0.09999999999999998,0.0673488154743139,4.676888183693607,True,0.03333333333333333,0.16670751396958874,0.06666666666666667,0.21323817721072086,0.06666666666666667,0.21323817721072086,0.4666666666666667,0.6385798671847496,0.4,0.5767994750172617,1.7048949136725897,1.7048949136725895,1.2649110640673518,1.390443574307614
SC0,Aberdeen,Total,Lay Over 3.5,Mais de 3.5 golos no jogo,30,0.2,0.09504978102401236,0.37306047381027446,-0.10555555555555557,0.0673488154743139,4.676888183693607,True,0.03333333333333333,0.16670751396958874,0.06666666666666667,0.21323817721072086,0.06666666666666667,0.21323817721072086,0.4666666666666667,0.6385798671847496,0.4,0.5767994750172617,1.7048949136725897,1.7048949136725895,1.2649110640673518,1.390443574307614
SC0,Celtic,Casa,Lay Empate,Jogo termina empatado,15,0.06666666666666667,0.011866588606194882,0.2981707755242399,-0.23333333333333334,0.2545730611894004,4.535011201081206,True,0.0,0.20388926630434784,0.26666666666666666,0.5195088965768675,0.06666666666666667,0.2981707755242399,0.06666666666666667,0.2981707755242399,0.0,0.20388926630434784,1.8184242262647807,1.3662601021279464,1.2364824660660936,0.5797311051426967
SC0,Celtic,Fora,Lay Empate,Jogo termina empatado,15,0.2,0.07047420643610411,0.4518593533465045,-0.09999999999999998,0.0,3.0983866769659336,False,0.0,0.20388926630434784,0.0,0.20388926630434784,0.06666666666666667,0.2981707755242399,0.2,0.4518593533465045,0.13333333333333333,0.3788249920651624,1.32664991614216,1.5434449203720302,1.32664991614216,0.7091089752304386
SC0,Celtic,Fora,Lay Derrota,Equipa perde o jogo,15,0.26666666666666666,0.10897276103182815,0.5195088965768675,-0.1611111111111111,0.0,2.8401877872187726,False,0.0,0.20388926630434784,0.0,0.20388926630434784,0.06666666666666667,0.2981707755242399,0.2,0.4518593533465045,0.13333333333333333,0.3788249920651624,1.32664991614216,1.5434449203720302,1.32664991614216,0.7091089752304386
SC0,Celtic,Fora,Lay Clean Sheet,Equipa não sofre golos (clean sheet),15,0.26666666666666666,0.10897276103182815,0.5195088965768675,0.04444444444444445,0.0,2.8401877872187726,False,0.0,0.20388926630434784,0.0,0.20388926630434784,0.06666666666666667,0.2981707755242399,0.2,0.4518593533465045,0.13333333333333333,0.3788249920651624,1.32664991614216,1.5434449203720302,1.32664991614216,0.7091089752304386
SC0,Celtic,Fora,Lay Over 3.5,Mais de 3.5 golos no jogo,15,0.3333333333333333,0.15176100694691236,0.5828687484878702,0.027777777777777735,0.0,2.5819888974716116,False,0.0,0.20388926630434784,0.0,0.20388926630434784,0.06666666666666667,0.2981707755242399,0.2,0.4518593533465045,0.13333333333333333,0.3788249920651624,1.32664991614216,1.5434449203720302,1.32664991614216,0.7091089752304386
SC0,Celtic,Fora,Lay Under 2.5,Menos de 2.5 golos no jogo,15,0.4,0.19824228082594664,0.6425355724349229,-0.09999999999999998,0.0,2.32379000772445,False,0.0,0.20388926630434784,0.0,0.20388926630434784,0.06666666666666667,0.2981707755242399,0.2,0.4518593533465045,0.13333333333333333,0.3788249920651624,1.32664991614216,1.5434449203720302,1.32664991614216,0.7091089752304386
SC0,Celtic,Total,Lay Empate,Jogo termina empatado,30,0.13333333333333333,0.05309569424218104,0.2968168394441695,-0.16666666666666666,0.25795790138957636,5.971436631185396,True,0.0,0.11351709139047801,0.13333333333333333,0.2968168394441695,0.06666666666666667,0.21323817721072086,0.13333333333333333,0.2968168394441695,0.06666666666666667,0.21323817721072086,1.7009801096230768,1.4590712418826193,1.303414319734477,0.6595066183078353
SC0,Dundee,Casa,Lay Clean Sheet,Equipa não sofre golos (clean sheet),15,0.13333333333333333,0.037360469891359285,0.3788249920651624,-0.21666666666666665,0.05293751983709405,3.534274881735873,True,0.06666666666666667,0.2981707755242399,0.0,0.20388926630434784,0.0,0.20388926630434784,0.2,0.4518593533465045,0.2,0.4518593533465045,1.4360439485692011,1.3597385369580761,1.3097921802925665,0.6679257172059659
SC0,Dundee,Fora,Lay Vitória,Equipa vence o jogo,15,0.13333333333333333,0.037360469891359285,0.3788249920651624,-0.13888888888888887,0.05293751983709405,3.534274881735873,True,0.2,0.4518593533465045,0.0,0.20388926630434784,0.13333333333333333,0.3788249920651624,0.6666666666666666,0.8482389930530875,0.5333333333333333,0.7519077474025356,1.5260697523012798,1.54344492037203,1.0110500592068734,1.6583123951777
SC0,Dundee,Total,Lay Clean Sheet,Equipa não sofre golos (clean sheet),30,0.16666666666666666,0.07336434240351683,0.33564705185680177,-0.11944444444444444,0.16088237035799563,5.298678840459506,True,0.13333333333333333,0.2968168394441695,0.0,0.11351709139047801,0.06666666666666667,0.21323817721072086,0.43333333333333335,0.6080299045459127,0.36666666666666664,0.5448675356639506,1.5638272140986536,1.5380362660079103,1.236482466066094,1.0447828864968804
SC0,Dundee United,Casa,Lay Over 3.5,Mais de 3.5 golos no jogo,15,0.2,0.07047420643610411,0.4518593533465045,-0.10555555555555557,0.0,3.0983866769659336,False,0.13333333333333333,0.3788249920651624,0.0,0.20388926630434784,0.13333333333333333,0.3788249920651624,0.4,0.6425355724349229,0.26666666666666666,0.5195088965768675,1.4817407180595246,1.3564659966250536,1.16619037896906,0.9354143466934854
SC0,Dundee United,Casa,Lay Clean Sheet,Equipa não sofre golos (clean sheet),15,0.2,0.07047420643610411,0.4518593533465045,-0.14999999999999997,0.0,3.0983866769659336,False,0.13333333333333333,0.3788249920651624,0.0,0.20388926630434784,0.13333333333333333,0.3788249920651624,0.4,0.6425355724349229,0.26666666666666666,0.5195088965768675,1.4817407180595246,1.3564659966250536,1.16619037896906,0.9354143466934854
SC0,Dundee United,Casa,Lay Vitória,Equipa vence o jogo,15,0.26666666666666666,0.10897276103182815,0.5195088965768675,-0.1611111111111111,0.0,2.8401877872187726,False,0.13333333333333333,0.3788249920651624,0.0,0.20388926630434784,0.13333333333333333,0.3788249920651624,0.4,0.6425355724349229,0.26666666666666666,0.5195088965768675,1.4817407180595246,1.3564659966250536,1.16619037896906,0.9354143466934854
SC0,Dundee United,Casa,Lay Derrota,Equipa perde o jogo,15,0.3333333333333333,0.15176100694691236,0.5828687484878702,0.061111111111111116,0.0,2.5819888974716116,False,0.13333333333333333,0.3788249920651624,0.0,0.20388926630434784,0.13333333333333333,0.3788249920651624,0.4,0.6425355724349229,0.26666666666666666,0.5195088965768675,1.4817407180595246,1.3564659966250536,1.16619037896906,0.9354143466934854
SC0,Dundee United,Casa,Lay Empate,Jogo termina empatado,15,0.4,0.19824228082594664,0.6425355724349229,0.10000000000000003,0.0,2.32379000772445,False,0.13333333333333333,0.3788249920651624,0.0,0.20388926630434784,0.13333333333333333,0.3788249920651624,0.4,0.6425355724349229,0.26666666666666666,0.5195088965768675,1.4817407180595246,1.3564659966250536,1.16619037896906,0.9354143466934854
SC0,Dundee United,Fora,Lay Clean Sheet,Equipa não sofre golos (clean sheet),15,0.06666666666666667,0.011866588606194882,0.2981707755242399,-0.15555555555555556,0.2545730611894004,4.535011201081206,True,0.06666666666666667,0.2981707755242399,0.0,0.20388926630434784,0.0,0.20388926630434784,0.26666666666666666,0.5195088965768675,0.26666666666666666,0.5195088965768675,1.540562667772179,1.349897115421106,1.0624918300339485,0.7413412013772769
SC0,Dundee United,Total,Lay Clean Sheet,Equipa não sofre golos (clean sheet),30,0.13333333333333333,0.05309569424218104,0.2968168394441695,-0.15277777777777776,0.25795790138957636,5.971436631185396,True,0.1,0.2562144131526662,0.0,0.11351709139047801,0.06666666666666667,0.21323817721072086,0.3333333333333333,0.5122027418616973,0.26666666666666666,0.44448302044311694,1.5129074290546956,1.4313940369055926,1.1175369742826806,0.8388093395004858
SC0,Falkirk,Casa,Lay Cantos Over 10.5,Total de cantos Over 10.5,15,0.13333333333333333,0.037360469891359285,0.3788249920651624,-0.32777777777777783,0.05293751983709405,3.534274881735873,True,0.0,0.20388926630434784,0.13333333333333333,0.3788249920651624,0.06666666666666667,0.2981707755242399,0.2,0.4518593533465045,0.13333333333333333,0.3788249920651624,1.54344492037203,1.7074997966487597,1.2578641509408803,0.8390470785361211
SC0,Falkirk,Fora,Lay Empate,Jogo termina empatado,15,0.13333333333333333,0.037360469891359285,0.3788249920651624,-0.16666666666666666,0.05293751983709405,3.534274881735873,True,0.2,0.4518593533465045,0.06666666666666667,0.2981707755242399,0.06666666666666667,0.2981707755242399,0.4666666666666667,0.6988336984894922,0.4,0.6425355724349229,1.9618585292749549,1.16619037896906,1.3984117975602022,1.1040538534159479
SC0,Falkirk,Fora,Lay Over 3.5,Mais de 3.5 golos no jogo,15,0.13333333333333333,0.037360469891359285,0.3788249920651624,-0.17222222222222225,0.05293751983709405,3.534274881735873,True,0.2,0.4518593533465045,0.06666666666666667,0.2981707755242399,0.06666666666666667,0.2981707755242399,0.4666666666666667,0.6988336984894922,0.4,0.6425355724349229,1.9618585292749549,1.16619037896906,1.3984117975602022,1.1040538534159479
SC0,Falkirk,Total,Lay Empate,Jogo termina empatado,30,0.23333333333333334,0.11792239210501229,0.40928672330324267,-0.06666666666666665,0.0,4.199206274206273,False,0.1,0.2562144131526662,0.1,0.2562144131526662,0.06666666666666667,0.21323817721072086,0.3333333333333333,0.5122027418616973,0.26666666666666666,0.44448302044311694,1.8257418583505538,1.4996295838935993,1.3337499349161706,0.997226069552443
SC0,Falkirk,Total,Lay Over 3.5,Mais de 3.5 golos no jogo,30,0.26666666666666666,0.14182495553910618,0.44448302044311694,-0.03888888888888892,0.0,4.016632088371218,False,0.1,0.2562144131526662,0.1,0.2562144131526662,0.06666666666666667,0.21323817721072086,0.3333333333333333,0.5122027418616973,0.26666666666666666,0.44448302044311694,1.8257418583505538,1.4996295838935993,1.3337499349161706,0.997226069552443
SC0,Falkirk,Total,Lay Clean Sheet,Equipa não sofre golos (clean sheet),30,0.26666666666666666,0.14182495553910618,0.44448302044311694,-0.01944444444444443,0.0,4.016632088371218,False,0.1,0.2562144131526662,0.1,0.2562144131526662,0.06666666666666667,0.21323817721072086,0.3333333333333333,0.5122027418616973,0.26666666666666666,0.44448302044311694,1.8257418583505538,1.4996295838935993,1.3337499349161706,0.997226069552443
SC0,Falkirk,Total,Lay Cantos Over 10.5,Total de cantos Over 10.5,30,0.3,0.16664562643958936,0.47876121011660183,-0.16111111111111115,0.0,3.8340579025361627,False,0.1,0.2562144131526662,0.1,0.2562144131526662,0.06666666666666667,0.21323817721072086,0.3333333333333333,0.5122027418616973,0.26666666666666666,0.44448302044311694,1.8257418583505538,1.4996295838935993,1.3337499349161706,0.997226069552443
SC0,Falkirk,Total,Lay Derrota,Equipa perde o jogo,30,0.36666666666666664,0.21873702204017684,0.5448675356639506,0.016666666666666663,0.0,3.468909530866052,False,0.1,0.2562144131526662,0.1,0.2562144131526662,0.06666666666666667,0.21323817721072086,0.3333333333333333,0.5122027418616973,0.26666666666666666,0.44448302044311694,1.8257418583505538,1.4996295838935993,1.3337499349161706,0.997226069552443
SC0,Hearts,Casa,Lay Derrota,Equipa perde o jogo,15,0.0,0.0,0.20388926630434784,-0.2722222222222222,0.49027683423913043,5.771817360246863,True,0.0,0.20388926630434784,0.13333333333333333,0.3788249920651624,0.0,0.20388926630434784,0.0,0.20388926630434784,0.0,0.20388926630434784,1.1234866364235143,1.4544949486180951,0.8844332774281067,0.5125964319431187
SC0,Hearts,Fora,Lay Empate,Jogo termina empatado,15,0.13333333333333333,0.037360469891359285,0.3788249920651624,-0.16666666666666666,0.05293751983709405,3.534274881735873,True,0.0,0.20388926630434784,0.13333333333333333,0.3788249920651624,0.06666666666666667,0.2981707755242399,0.26666666666666666,0.5195088965768675,0.2,0.4518593533465045,1.4996295838935991,1.6996731711975952,1.3888444437333105,0.67700320038633
SC0,Hearts,Total,Lay Derrota,Equipa perde o jogo,30,0.16666666666666666,0.07336434240351683,0.33564705185680177,-0.18333333333333332,0.16088237035799563,5.298678840459506,True,0.0,0.11351709139047801,0.13333333333333333,0.2968168394441695,0.03333333333333333,0.16670751396958874,0.13333333333333333,0.2968168394441695,0.1,0.2562144131526662,1.374772708486752,1.5849991237291654,1.22065556157337,0.5946009551438579
SC0,Hearts,Total,Lay Empate,Jogo termina empatado,30,0.2,0.09504978102401236,0.37306047381027446,-0.09999999999999998,0.0673488154743139,4.676888183693607,True,0.0,0.11351709139047801,0.13333333333333333,0.2968168394441695,0.03333333333333333,0.16670751396958874,0.13333333333333333,0.2968168394441695,0.1,0.2562144131526662,1.374772708486752,1.5849991237291654,1.22065556157337,0.5946009551438579
SC0,Hibernian,Casa,Lay Derrota,Equipa perde o jogo,15,0.13333333333333333,0.037360469891359285,0.3788249920651624,-0.13888888888888887,0.05293751983709405,3.534274881735873,True,0.0,0.20388926630434784,0.13333333333333333,0.3788249920651624,0.13333333333333333,0.3788249920651624,0.2,0.4518593533465045,0.06666666666666667,0.2981707755242399,1.4079141387961918,1.730767331432956,1.1661903789690602,0.6789001029564207
SC0,Hibernian,Fora,Lay Clean Sheet,Equipa não sofre golos (clean sheet),15,0.13333333333333333,0.037360469891359285,0.3788249920651624,-0.08888888888888888,0.05293751983709405,3.534274881735873,True,0.06666666666666667,0.2981707755242399,0.06666666666666667,0.2981707755242399,0.06666666666666667,0.2981707755242399,0.3333333333333333,0.5828687484878702,0.26666666666666666,0.5195088965768675,1.4605934866804429,1.6,1.2472191289246473,0.8164965809277261
SC0,Hibernian,Total,Lay Derrota,Equipa perde o jogo,30,0.23333333333333334,0.11792239210501229,0.40928672330324267,-0.11666666666666664,0.0,4.199206274206273,False,0.03333333333333333,0.16670751396958874,0.1,0.2562144131526662,0.1,0.2562144131526662,0.26666666666666666,0.44448302044311694,0.16666666666666666,0.33564705185680177,1.498517786199268,1.6669999666733315,1.2297244497131143,0.7500000000000001
SC0,Hibernian,Total,Lay Clean Sheet,Equipa não sofre golos (clean sheet),30,0.3,0.16664562643958936,0.47876121011660183,0.013888888888888895,0.0,3.8340579025361627,False,0.03333333333333333,0.16670751396958874,0.1,0.2562144131526662,0.1,0.2562144131526662,0.26666666666666666,0.44448302044311694,0.16666666666666666,0.33564705185680177,1.498517786199268,1.6669999666733315,1.2297244497131143,0.7500000000000001
SC0,Hibernian,Total,Lay Over 3.5,Mais de 3.5 golos no jogo,30,0.3333333333333333,0.19230295526846194,0.5122027418616973,0.027777777777777735,0.0,3.651483716701108,False,0.03333333333333333,0.16670751396958874,0.1,0.2562144131526662,0.1,0.2562144131526662,0.26666666666666666,0.44448302044311694,0.16666666666666666,0.33564705185680177,1.498517786199268,1.6669999666733315,1.2297244497131143,0.7500000000000001
SC0,Hibernian,Total,Lay Empate,Jogo termina empatado,30,0.36666666666666664,0.21873702204017684,0.5448675356639506,0.06666666666666665,0.0,3.468909530866052,False,0.03333333333333333,0.16670751396958874,0.1,0.2562144131526662,0.1,0.2562144131526662,0.26666666666666666,0.44448302044311694,0.16666666666666666,0.33564705185680177,1.498517786199268,1.6669999666733315,1.2297244497131143,0.7500000000000001
SC0,Hibernian,Total,Lay Vitória,Equipa vence o jogo,30,0.4,0.24590394326083398,0.5767994750172617,0.050000000000000044,0.0,3.2863353450309964,False,0.03333333333333333,0.16670751396958874,0.1,0.2562144131526662,0.1,0.2562144131526662,0.26666666666666666,0.44448302044311694,0.16666666666666666,0.33564705185680177,1.498517786199268,1.6669999666733315,1.2297244497131143,0.7500000000000001
SC0,Kilmarnock,Casa,Lay Empate,Jogo termina empatado,15,0.2,0.07047420643610411,0.4518593533465045,-0.09999999999999998,0.0,3.0983866769659336,False,0.13333333333333333,0.3788249920651624,0.06666666666666667,0.2981707755242399,0.06666666666666667,0.2981707755242399,0.3333333333333333,0.5828687484878702,0.26666666666666666,0.5195088965768675,1.6679994670929073,1.7461067804945059,1.2649110640673518,0.97182531580755
SC0,Kilmarnock,Casa,Lay Vitória,Equipa vence o jogo,15,0.26666666666666666,0.10897276103182815,0.5195088965768675,-0.1611111111111111,0.0,2.8401877872187726,False,0.13333333333333333,0.3788249920651624,0.06666666666666667,0.2981707755242399,0.06666666666666667,0.2981707755242399,0.3333333333333333,0.5828687484878702,0.26666666666666666,0.5195088965768675,1.6679994670929073,1.7461067804945059,1.2649110640673518,0.97182531580755
SC0,Kilmarnock,Casa,Lay Clean Sheet,Equipa não sofre golos (clean sheet),15,0.26666666666666666,0.10897276103182815,0.5195088965768675,-0.08333333333333331,0.0,2.8401877872187726,False,0.13333333333333333,0.3788249920651624,0.06666666666666667,0.2981707755242399,0.06666666666666667,0.2981707755242399,0.3333333333333333,0.5828687484878702,0.26666666666666666,0.5195088965768675,1.6679994670929073,1.7461067804945059,1.2649110640673518,0.97182531580755
SC0,Kilmarnock,Casa,Lay Over 3.5,Mais de 3.5 golos no jogo,15,0.3333333333333333,0.15176100694691236,0.5828687484878702,0.027777777777777735,0.0,2.5819888974716116,False,0.13333333333333333,0.3788249920651624,0.06666666666666667,0.2981707755242399,0.06666666666666667,0.2981707755242399,0.3333333333333333,0.5828687484878702,0.26666666666666666,0.5195088965768675,1.6679994670929073,1.7461067804945059,1.2649110640673518,0.97182531580755
SC0,Kilmarnock,Casa,Lay Cantos Over 10.5,Total de cantos Over 10.5,15,0.3333333333333333,0.15176100694691236,0.5828687484878702,-0.12777777777777782,0.0,2.5819888974716116,False,0.13333333333333333,0.3788249920651624,0.06666666666666667,0.2981707755242399,0.06666666666666667,0.2981707755242399,0.3333333333333333,0.5828687484878702,0.26666666666666666,0.5195088965768675,1.6679994670929073,1.7461067804945059,1.2649110640673518,0.97182531580755
SC0,Kilmarnock,Fora,Lay Vitória,Equipa vence o jogo,15,0.06666666666666667,0.011866588606194882,0.2981707755242399,-0.20555555555555555,0.2545730611894004,4.535011201081206,True,0.26666666666666666,0.5195088965768675,0.0,0.20388926630434784,0.06666666666666667,0.2981707755242399,0.2,0.4518593533465045,0.13333333333333333,0.3788249920651624,1.849924923401548,1.5347819244295116,0.8,0.6324555320336759
SC0,Kilmarnock,Fora,Lay Clean Sheet,Equipa não sofre golos (clean sheet),15,0.13333333333333333,0.037360469891359285,0.3788249920651624,-0.08888888888888888,0.05293751983709405,3.534274881735873,True,0.26666666666666666,0.5195088965768675,0.0,0.20388926630434784,0.06666666666666667,0.2981707755242399,0.2,0.4518593533465045,0.13333333333333333,0.3788249920651624,1.849924923401548,1.5347819244295116,0.8,0.6324555320336759
SC0,Kilmarnock,Total,Lay Vitória,Equipa vence o jogo,30,0.16666666666666666,0.07336434240351683,0.33564705185680177,-0.18333333333333332,0.16088237035799563,5.298678840459506,True,0.2,0.37306047381027446,0.03333333333333333,0.16670751396958874,0.06666666666666667,0.21323817721072086,0.26666666666666666,0.44448302044311694,0.2,0.37306047381027446,1.8138357147217055,1.6603212540549694,1.077032961426901,0.8576346483687822
SC0,Kilmarnock,Total,Lay Clean Sheet,Equipa não sofre golos (clean sheet),30,0.2,0.09504978102401236,0.37306047381027446,-0.08611111111111108,0.0673488154743139,4.676888183693607,True,0.2,0.37306047381027446,0.03333333333333333,0.16670751396958874,0.06666666666666667,0.21323817721072086,0.26666666666666666,0.44448302044311694,0.2,0.37306047381027446,1.8138357147217055,1.6603212540549694,1.077032961426901,0.8576346483687822
SC0,Livingston,Casa,Lay Clean Sheet,Equipa não sofre golos (clean sheet),15,0.0,0.0,0.20388926630434784,-0.35,0.49027683423913043,5.771817360246863,True,0.0,0.20388926630434784,0.0,0.20388926630434784,0.0,0.20388926630434784,0.13333333333333333,0.3788249920651624,0.13333333333333333,0.3788249920651624,1.0198039027185568,1.203698005684519,0.8,0.6092545738310646
SC0,Livingston,Casa,Lay Vitória,Equipa vence o jogo,15,0.06666666666666667,0.011866588606194882,0.2981707755242399,-0.3611111111111111,0.2545730611894004,4.535011201081206,True,0.0,0.20388926630434784,0.0,0.20388926630434784,0.0,0.20388926630434784,0.13333333333333333,0.3788249920651624,0.13333333333333333,0.3788249920651624,1.0198039027185568,1.203698005684519,0.8,0.6092545738310646
SC0,Livingston,Fora,Lay Vitória,Equipa vence o jogo,15,0.0,0.0,0.20388926630434784,-0.2722222222222222,0.49027683423913043,5.771817360246863,True,0.26666666666666666,0.5195088965768675,0.0,0.20388926630434784,0.13333333333333333,0.3788249920651624,0.4666666666666667,0.6988336984894922,0.3333333333333333,0.5828687484878702,1.4360439485692011,1.9955506062794353,0.48989794855663565,1.0408329997330663
SC0,Livingston,Fora,Lay Clean Sheet,Equipa não sofre golos (clean sheet),15,0.13333333333333333,0.037360469891359285,0.3788249920651624,-0.08888888888888888,0.05293751983709405,3.534274881735873,True,0.26666666666666666,0.5195088965768675,0.0,0.20388926630434784,0.13333333333333333,0.3788249920651624,0.4666666666666667,0.6988336984894922,0.3333333333333333,0.5828687484878702,1.4360439485692011,1.9955506062794353,0.48989794855663565,1.0408329997330663
SC0,Livingston,Total,Lay Vitória,Equipa vence o jogo,30,0.03333333333333333,0.005908437994857381,0.16670751396958874,-0.31666666666666665,0.5832312150760282,8.382657352353387,True,0.13333333333333333,0.2968168394441695,0.0,0.11351709139047801,0.06666666666666667,0.21323817721072086,0.3,0.47876121011660183,0.23333333333333334,0.40928672330324267,1.2892719737209144,1.6532795690182993,0.6708203932499369,0.8090281421925454
SC0,Livingston,Total,Lay Clean Sheet,Equipa não sofre golos (clean sheet),30,0.06666666666666667,0.018476635327693364,0.21323817721072086,-0.21944444444444444,0.4669045569731979,7.498929345239198,True,0.13333333333333333,0.2968168394441695,0.0,0.11351709139047801,0.06666666666666667,0.21323817721072086,0.3,0.47876121011660183,0.23333333333333334,0.40928672330324267,1.2892719737209144,1.6532795690182993,0.6708203932499369,0.8090281421925454
SC0,Motherwell,Casa,Lay Derrota,Equipa perde o jogo,15,0.06666666666666667,0.011866588606194882,0.2981707755242399,-0.20555555555555555,0.2545730611894004,4.535011201081206,True,0.0,0.20388926630434784,0.13333333333333333,0.3788249920651624,0.06666666666666667,0.2981707755242399,0.06666666666666667,0.2981707755242399,0.0,0.20388926630434784,1.3063945294843617,0.9797958971132714,1.0624918300339485,0.5051178406291057
SC0,Motherwell,Casa,Lay Over 3.5,Mais de 3.5 golos no jogo,15,0.13333333333333333,0.037360469891359285,0.3788249920651624,-0.17222222222222225,0.05293751983709405,3.534274881735873,True,0.0,0.20388926630434784,0.13333333333333333,0.3788249920651624,0.06666666666666667,0.2981707755242399,0.06666666666666667,0.2981707755242399,0.0,0.20388926630434784,1.3063945294843617,0.9797958971132714,1.0624918300339485,0.5051178406291057
SC0,Motherwell,Casa,Lay Cantos Over 10.5,Total de cantos Over 10.5,15,0.13333333333333333,0.037360469891359285,0.3788249920651624,-0.32777777777777783,0.05293751983709405,3.534274881735873,True,0.0,0.20388926630434784,0.13333333333333333,0.3788249920651624,0.06666666666666667,0.2981707755242399,0.06666666666666667,0.2981707755242399,0.0,0.20388926630434784,1.3063945294843617,0.9797958971132714,1.0624918300339485,0.5051178406291057
SC0,Motherwell,Fora,Lay Vitória,Equipa vence o jogo,15,0.26666666666666666,0.10897276103182815,0.5195088965768675,-0.005555555555555536,0.0,2.8401877872187726,False,0.0,0.20388926630434784,0.06666666666666667,0.2981707755242399,0.2,0.4518593533465045,0.26666666666666666,0.5195088965768675,0.06666666666666667,0.2981707755242399,1.6193277068654826,1.8547236990991407,1.1234866364235145,0.92709445701687
SC0,Motherwell,Fora,Lay Derrota,Equipa perde o jogo,15,0.26666666666666666,0.10897276103182815,0.5195088965768675,-0.1611111111111111,0.0,2.8401877872187726,False,0.0,0.20388926630434784,0.06666666666666667,0.2981707755242399,0.2,0.4518593533465045,0.26666666666666666,0.5195088965768675,0.06666666666666667,0.2981707755242399,1.6193277068654826,1.8547236990991407,1.1234866364235145,0.92709445701687
SC0,Motherwell,Fora,Lay Cantos Over 10.5,Total de cantos Over 10.5,15,0.26666666666666666,0.10897276103182815,0.5195088965768675,-0.19444444444444448,0.0,2.8401877872187726,False,0.0,0.20388926630434784,0.06666666666666667,0.2981707755242399,0.2,0.4518593533465045,0.26666666666666666,0.5195088965768675,0.06666666666666667,0.2981707755242399,1.6193277068654826,1.8547236990991407,1.1234866364235145,0.92709445701687
SC0,Motherwell,Fora,Lay Over 3.5,Mais de 3.5 golos no jogo,15,0.3333333333333333,0.15176100694691236,0.5828687484878702,0.027777777777777735,0.0,2.5819888974716116,False,0.0,0.20388926630434784,0.06666666666666667,0.2981707755242399,0.2,0.4518593533465045,0.26666666666666666,0.5195088965768675,0.06666666666666667,0.2981707755242399,1.6193277068654826,1.8547236990991407,1.1234866364235145,0.92709445701687
SC0,Motherwell,Fora,Lay Clean Sheet,Equipa não sofre golos (clean sheet),15,0.3333333333333333,0.15176100694691236,0.5828687484878702,0.1111111111111111,0.0,2.5819888974716116,False,0.0,0.20388926630434784,0.06666666666666667,0.2981707755242399,0.2,0.4518593533465045,0.26666666666666666,0.5195088965768675,0.06666666666666667,0.2981707755242399,1.6193277068654826,1.8547236990991407,1.1234866364235145,0.92709445701687
SC0,Motherwell,Total,Lay Derrota,Equipa perde o jogo,30,0.16666666666666666,0.07336434240351683,0.33564705185680177,-0.18333333333333332,0.16088237035799563,5.298678840459506,True,0.0,0.11351709139047801,0.1,0.2562144131526662,0.13333333333333333,0.2968168394441695,0.16666666666666666,0.33564705185680177,0.03333333333333333,0.16670751396958874,1.564892612574067,1.4966629547095764,1.2023125864580957,0.7154509446105349
SC0,Motherwell,Total,Lay Cantos Over 10.5,Total de cantos Over 10.5,30,0.2,0.09504978102401236,0.37306047381027446,-0.2611111111111111,0.0673488154743139,4.676888183693607,True,0.0,0.11351709139047801,0.1,0.2562144131526662,0.13333333333333333,0.2968168394441695,0.16666666666666666,0.33564705185680177,0.03333333333333333,0.16670751396958874,1.564892612574067,1.4966629547095764,1.2023125864580957,0.7154509446105349
SC0,Rangers,Casa,Lay Derrota,Equipa perde o jogo,15,0.06666666666666667,0.011866588606194882,0.2981707755242399,-0.20555555555555555,0.2545730611894004,4.535011201081206,True,0.0,0.20388926630434784,0.13333333333333333,0.3788249920651624,0.13333333333333333,0.3788249920651624,0.2,0.4518593533465045,0.06666666666666667,0.2981707755242399,1.4142135623730951,1.8061622912192088,1.0873004286866725,0.7542397172122456
SC0,Rangers,Fora,Lay Derrota,Equipa perde o jogo,15,0.06666666666666667,0.011866588606194882,0.2981707755242399,-0.3611111111111111,0.2545730611894004,4.535011201081206,True,0.0,0.20388926630434784,0.13333333333333333,0.3788249920651624,0.06666666666666667,0.2981707755242399,0.06666666666666667,0.2981707755242399,0.0,0.20388926630434784,1.1661903789690602,1.1430952132988166,1.0873004286866725,0.5496210815947049
SC0,Rangers,Total,Lay Derrota,Equipa perde o jogo,30,0.06666666666666667,0.018476635327693364,0.21323817721072086,-0.2833333333333333,0.4669045569731979,7.498929345239198,True,0.0,0.11351709139047801,0.13333333333333333,0.2968168394441695,0.1,0.2562144131526662,0.13333333333333333,0.2968168394441695,0.03333333333333333,0.16670751396958874,1.3,1.520599297060939,1.0954451150103321,0.6815401979488211
SC0,St Mirren,Casa,Lay Over 3.5,Mais de 3.5 golos no jogo,15,0.13333333333333333,0.037360469891359285,0.3788249920651624,-0.17222222222222225,0.05293751983709405,3.534274881735873,True,0.13333333333333333,0.3788249920651624,0.0,0.20388926630434784,0.2,0.4518593533465045,0.6,0.8017577191740534,0.4,0.6425355724349229,1.7074997966487595,1.4047538337136984,1.2036980056845192,1.3462912017836262
SC0,St Mirren,Casa,Lay BTTS,Ambas as equipas marcam,15,0.13333333333333333,0.037360469891359285,0.3788249920651624,-0.37222222222222223,0.05293751983709405,3.534274881735873,True,0.13333333333333333,0.3788249920651624,0.0,0.20388926630434784,0.2,0.4518593533465045,0.6,0.8017577191740534,0.4,0.6425355724349229,1.7074997966487595,1.4047538337136984,1.2036980056845192,1.3462912017836262
SC0,St Mirren,Fora,Lay Clean Sheet,Equipa não sofre golos (clean sheet),15,0.0,0.0,0.20388926630434784,-0.2222222222222222,0.49027683423913043,5.771817360246863,True,0.0,0.20388926630434784,0.0,0.20388926630434784,0.0,0.20388926630434784,0.3333333333333333,0.5828687484878702,0.3333333333333333,0.5828687484878702,0.9660917830792959,1.591644851508443,0.8055363982396383,0.9660917830792959
SC0,St Mirren,Fora,Lay Vitória,Equipa vence o jogo,15,0.06666666666666667,0.011866588606194882,0.2981707755242399,-0.20555555555555555,0.2545730611894004,4.535011201081206,True,0.0,0.20388926630434784,0.0,0.20388926630434784,0.0,0.20388926630434784,0.3333333333333333,0.5828687484878702,0.3333333333333333,0.5828687484878702,0.9660917830792959,1.591644851508443,0.8055363982396383,0.9660917830792959
SC0,St Mirren,Total,Lay Vitória,Equipa vence o jogo,30,0.16666666666666666,0.07336434240351683,0.33564705185680177,-0.18333333333333332,0.16088237035799563,5.298678840459506,True,0.06666666666666667,0.21323817721072086,0.0,0.11351709139047801,0.1,0.2562144131526662,0.4666666666666667,0.6385798671847496,0.36666666666666664,0.5448675356639506,1.4067298564006128,1.656301099840646,1.077032961426901,1.1511480256411937
SC0,St Mirren,Total,Lay Over 3.5,Mais de 3.5 golos no jogo,30,0.2,0.09504978102401236,0.37306047381027446,-0.10555555555555557,0.0673488154743139,4.676888183693607,True,0.06666666666666667,0.21323817721072086,0.0,0.11351709139047801,0.1,0.2562144131526662,0.4666666666666667,0.6385798671847496,0.36666666666666664,0.5448675356639506,1.4067298564006128,1.656301099840646,1.077032961426901,1.1511480256411937
SP1,Alaves,Casa,Lay Over 3.5,Mais de 3.5 golos no jogo,14,0.14285714285714285,0.04009307373792117,0.399419077638637,-0.11428571428571427,0.0014523059034075858,3.21179264390167,True,0.0,0.21531701192718142,0.0,0.21531701192718142,0.07142857142857142,0.3146926955395781,0.21428571428571427,0.4758972377320828,0.14285714285714285,0.399419077638637,1.0326308782000686,1.1088696211614302,1.2371791482634837,0.7083290928701351
SP1,Alaves,Casa,Lay Clean Sheet,Equipa não sofre golos (clean sheet),14,0.14285714285714285,0.04009307373792117,0.399419077638637,-0.14642857142857146,0.0014523059034075858,3.21179264390167,True,0.0,0.21531701192718142,0.0,0.21531701192718142,0.07142857142857142,0.3146926955395781,0.21428571428571427,0.4758972377320828,0.14285714285714285,0.399419077638637,1.0326308782000686,1.1088696211614302,1.2371791482634837,0.7083290928701351
SP1,Alaves,Fora,Lay Clean Sheet,Equipa não sofre golos (clean sheet),14,0.07142857142857142,0.012721886112291648,0.3146926955395781,-0.12142857142857144,0.21326826115105474,4.215374569226061,True,0.07142857142857142,0.3146926955395781,0.0,0.21531701192718142,0.0,0.21531701192718142,0.5,0.7320113208052473,0.5,0.7320113208052473,1.099628879881475,1.3190132366156706,1.049781318335648,1.11665284679121
SP1,Alaves,Fora,Lay Vitória,Equipa vence o jogo,14,0.14285714285714285,0.04009307373792117,0.399419077638637,-0.12142857142857144,0.0014523059034075858,3.21179264390167,True,0.07142857142857142,0.3146926955395781,0.0,0.21531701192718142,0.0,0.21531701192718142,0.5,0.7320113208052473,0.5,0.7320113208052473,1.099628879881475,1.3190132366156706,1.049781318335648,1.11665284679121
SP1,Alaves,Fora,Lay Empate,Jogo termina empatado,14,0.14285714285714285,0.04009307373792117,0.399419077638637,-0.11785714285714288,0.0014523059034075858,3.21179264390167,True,0.07142857142857142,0.3146926955395781,0.0,0.21531701192718142,0.0,0.21531701192718142,0.5,0.7320113208052473,0.5,0.7320113208052473,1.099628879881475,1.3190132366156706,1.049781318335648,1.11665284679121
SP1,Alaves,Total,Lay Clean Sheet,Equipa não sofre golos (clean sheet),28,0.10714285714285714,0.0371176920547995,0.2719622536765708,-0.13392857142857145,0.3200943658085731,6.236859641191093,True,0.03571428571428571,0.17712576118498663,0.0,0.12064720365810762,0.03571428571428571,0.17712576118498663,0.35714285714285715,0.5417002241777278,0.32142857142857145,0.5066149544436882,1.178030178747903,1.2205719636167902,1.224744871391589,0.906909701734738
SP1,Alaves,Total,Lay Over 3.5,Mais de 3.5 golos no jogo,28,0.17857142857142858,0.07878385829430107,0.35591791548591095,-0.07857142857142854,0.11020521128522268,4.825608467578446,True,0.03571428571428571,0.17712576118498663,0.0,0.12064720365810762,0.03571428571428571,0.17712576118498663,0.35714285714285715,0.5417002241777278,0.32142857142857145,0.5066149544436882,1.178030178747903,1.2205719636167902,1.224744871391589,0.906909701734738
SP1,Ath Bilbao,Casa,Lay Empate,Jogo termina empatado,14,0.14285714285714285,0.04009307373792117,0.399419077638637,-0.11785714285714288,0.0014523059034075858,3.21179264390167,True,0.07142857142857142,0.3146926955395781,0.0,0.21531701192718142,0.0,0.21531701192718142,0.2857142857142857,0.546495411724844,0.2857142857142857,0.546495411724844,1.2797480619406367,1.5402756180605588,1.3942300925673667,0.9430129142283176
SP1,Ath Bilbao,Casa,Lay Over 3.5,Mais de 3.5 golos no jogo,14,0.14285714285714285,0.04009307373792117,0.399419077638637,-0.11428571428571427,0.0014523059034075858,3.21179264390167,True,0.07142857142857142,0.3146926955395781,0.0,0.21531701192718142,0.0,0.21531701192718142,0.2857142857142857,0.546495411724844,0.2857142857142857,0.546495411724844,1.2797480619406367,1.5402756180605588,1.3942300925673667,0.9430129142283176
SP1,Ath Bilbao,Fora,Lay Clean Sheet,Equipa não sofre golos (clean sheet),14,0.14285714285714285,0.04009307373792117,0.399419077638637,-0.05000000000000002,0.0014523059034075858,3.21179264390167,True,0.14285714285714285,0.399419077638637,0.0,0.21531701192718142,0.07142857142857142,0.3146926955395781,0.42857142857142855,0.6740973309713064,0.35714285714285715,0.6123599531785959,1.5665508713900935,1.3420210162897095,1.1866605518454392,0.9514859136040754
SP1,Ath Bilbao,Total,Lay Empate,Jogo termina empatado,28,0.17857142857142858,0.07878385829430107,0.35591791548591095,-0.08214285714285716,0.11020521128522268,4.825608467578446,True,0.10714285714285714,0.2719622536765708,0.0,0.12064720365810762,0.03571428571428571,0.17712576118498663,0.35714285714285715,0.5417002241777278,0.32142857142857145,0.5066149544436882,1.493181782883348,1.4516001023501126,1.352906923205415,0.9637888196533974
SP1,Ath Bilbao,Total,Lay Over 3.5,Mais de 3.5 golos no jogo,28,0.17857142857142858,0.07878385829430107,0.35591791548591095,-0.07857142857142854,0.11020521128522268,4.825608467578446,True,0.10714285714285714,0.2719622536765708,0.0,0.12064720365810762,0.03571428571428571,0.17712576118498663,0.35714285714285715,0.5417002241777278,0.32142857142857145,0.5066149544436882,1.493181782883348,1.4516001023501126,1.352906923205415,0.9637888196533974
SP1,Ath Bilbao,Total,Lay Clean Sheet,Equipa não sofre golos (clean sheet),28,0.17857142857142858,0.07878385829430107,0.35591791548591095,-0.0625,0.11020521128522268,4.825608467578446,True,0.10714285714285714,0.2719622536765708,0.0,0.12064720365810762,0.03571428571428571,0.17712576118498663,0.35714285714285715,0.5417002241777278,0.32142857142857145,0.5066149544436882,1.493181782883348,1.4516001023501126,1.352906923205415,0.9637888196533974
SP1,Ath Madrid,Casa,Lay Derrota,Equipa perde o jogo,15,0.06666666666666667,0.011866588606194882,0.2981707755242399,-0.19761904761904764,0.2545730611894004,4.535011201081206,True,0.0,0.20388926630434784,0.2,0.4518593533465045,0.0,0.20388926630434784,0.06666666666666667,0.2981707755242399,0.06666666666666667,0.2981707755242399,1.0873004286866728,1.8785337071473829,0.8692269873603531,0.568796458994521
SP1,Ath Madrid,Casa,Lay Empate,Jogo termina empatado,15,0.06666666666666667,0.011866588606194882,0.2981707755242399,-0.19404761904761908,0.2545730611894004,4.535011201081206,True,0.0,0.20388926630434784,0.2,0.4518593533465045,0.0,0.20388926630434784,0.06666666666666667,0.2981707755242399,0.06666666666666667,0.2981707755242399,1.0873004286866728,1.8785337071473829,0.8692269873603531,0.568796458994521
SP1,Ath Madrid,Fora,Lay Over 3.5,Mais de 3.5 golos no jogo,13,0.07692307692307693,0.013710066379696304,0.3331453392824736,-0.1802197802197802,0.1671366517938161,3.88446557863012,True,0.07692307692307693,0.3331453392824736,0.07692307692307693,0.3331453392824736,0.07692307692307693,0.3331453392824736,0.23076923076923078,0.5025687399512693,0.15384615384615385,0.4223517050863101,1.5191090506254998,1.0377490433255416,1.2015768732164085,0.7844645405527362
SP1,Ath Madrid,Total,Lay Derrota,Equipa perde o jogo,28,0.17857142857142858,0.07878385829430107,0.35591791548591095,-0.1910714285714286,0.11020521128522268,4.825608467578446,True,0.03571428571428571,0.17712576118498663,0.14285714285714285,0.3149017304487733,0.03571428571428571,0.17712576118498663,0.14285714285714285,0.3149017304487733,0.10714285714285714,0.2719622536765708,1.4965947742683545,1.635074734608514,1.2387246568589017,0.7477141868427907
SP1,Ath Madrid,Total,Lay Empate,Jogo termina empatado,28,0.21428571428571427,0.10212321701189421,0.39538947079273873,-0.04642857142857146,0.011526323018153234,4.205531149759695,True,0.03571428571428571,0.17712576118498663,0.14285714285714285,0.3149017304487733,0.03571428571428571,0.17712576118498663,0.14285714285714285,0.3149017304487733,0.10714285714285714,0.2719622536765708,1.4965947742683545,1.635074734608514,1.2387246568589017,0.7477141868427907
SP1,Ath Madrid,Total,Lay Over 3.5,Mais de 3.5 golos no jogo,28,0.21428571428571427,0.10212321701189421,0.39538947079273873,-0.042857142857142844,0.011526323018153234,4.205531149759695,True,0.03571428571428571,0.17712576118498663,0.14285714285714285,0.3149017304487733,0.03571428571428571,0.17712576118498663,0.14285714285714285,0.3149017304487733,0.10714285714285714,0.2719622536765708,1.4965947742683545,1.635074734608514,1.2387246568589017,0.7477141868427907
SP1,Barcelona,Casa,Lay Derrota,Equipa perde o jogo,14,0.0,0.0,0.21531701192718142,-0.2642857142857143,0.4617074701820465,5.469208553109305,True,0.0,0.21531701192718142,0.5714285714285714,0.7861949006959947,0.0,0.21531701192718142,0.0,0.21531701192718142,0.0,0.21531701192718142,1.2205719636167902,1.3014905113063284,0.0,0.3339628586029829
SP1,Barcelona,Casa,Lay Empate,Jogo termina empatado,14,0.0,0.0,0.21531701192718142,-0.26071428571428573,0.4617074701820465,5.469208553109305,True,0.0,0.21531701192718142,0.5714285714285714,0.7861949006959947,0.0,0.21531701192718142,0.0,0.21531701192718142,0.0,0.21531701192718142,1.2205719636167902,1.3014905113063284,0.0,0.3339628586029829
SP1,Barcelona,Casa,Lay Under 2.5,Menos de 2.5 golos no jogo,14,0.07142857142857142,0.012721886112291648,0.3146926955395781,-0.42500000000000004,0.21326826115105474,4.215374569226061,True,0.0,0.21531701192718142,0.5714285714285714,0.7861949006959947,0.0,0.21531701192718142,0.0,0.21531701192718142,0.0,0.21531701192718142,1.2205719636167902,1.3014905113063284,0.0,0.3339628586029829
SP1,Barcelona,Fora,Lay Empate,Jogo termina empatado,14,0.07142857142857142,0.012721886112291648,0.3146926955395781,-0.1892857142857143,0.21326826115105474,4.215374569226061,True,0.07142857142857142,0.3146926955395781,0.07142857142857142,0.3146926955395781,0.0,0.21531701192718142,0.0,0.21531701192718142,0.0,0.21531701192718142,1.6552328894652093,1.7971065179155892,1.3627702877384937,0.5707034197727139
SP1,Barcelona,Total,Lay Empate,Jogo termina empatado,28,0.03571428571428571,0.006332356497541882,0.17712576118498663,-0.22500000000000003,0.5571855970375335,7.945571253084978,True,0.03571428571428571,0.17712576118498663,0.32142857142857145,0.5066149544436882,0.0,0.12064720365810762,0.0,0.12064720365810762,0.0,0.12064720365810762,1.7448905000437298,1.5726456325931426,1.0856202966836188,0.4723774929733302
SP1,Barcelona,Total,Lay Derrota,Equipa perde o jogo,28,0.14285714285714285,0.056989129307017855,0.3149017304487733,-0.2267857142857143,0.21274567387806684,5.500497354258526,True,0.03571428571428571,0.17712576118498663,0.32142857142857145,0.5066149544436882,0.0,0.12064720365810762,0.0,0.12064720365810762,0.0,0.12064720365810762,1.7448905000437298,1.5726456325931426,1.0856202966836188,0.4723774929733302
SP1,Barcelona,Total,Lay Under 2.5,Menos de 2.5 golos no jogo,28,0.17857142857142858,0.07878385829430107,0.35591791548591095,-0.31785714285714284,0.11020521128522268,4.825608467578446,True,0.03571428571428571,0.17712576118498663,0.32142857142857145,0.5066149544436882,0.0,0.12064720365810762,0.0,0.12064720365810762,0.0,0.12064720365810762,1.7448905000437298,1.5726456325931426,1.0856202966836188,0.4723774929733302
SP1,Betis,Casa,Lay Derrota,Equipa perde o jogo,14,0.21428571428571427,0.07571248336916371,0.4758972377320828,-0.05000000000000002,0.0,2.939873661036668,False,0.0,0.21531701192718142,0.14285714285714285,0.399419077638637,0.0,0.21531701192718142,0.07142857142857142,0.3146926955395781,0.07142857142857142,0.3146926955395781,1.7083229633001997,1.647508942095828,1.2637004294967238,0.5704768066996664
SP1,Betis,Casa,Lay Cantos Over 10.5,Total de cantos Over 10.5,14,0.21428571428571427,0.07571248336916371,0.4758972377320828,-0.17857142857142858,0.0,2.939873661036668,False,0.0,0.21531701192718142,0.14285714285714285,0.399419077638637,0.0,0.21531701192718142,0.07142857142857142,0.3146926955395781,0.07142857142857142,0.3146926955395781,1.7083229633001997,1.647508942095828,1.2637004294967238,0.5704768066996664
SP1,Betis,Casa,Lay Empate,Jogo termina empatado,14,0.2857142857142857,0.11721187910109102,0.546495411724844,0.024999999999999967,0.0,2.6726124191242437,False,0.0,0.21531701192718142,0.14285714285714285,0.399419077638637,0.0,0.21531701192718142,0.07142857142857142,0.3146926955395781,0.07142857142857142,0.3146926955395781,1.7083229633001997,1.647508942095828,1.2637004294967238,0.5704768066996664
SP1,Betis,Casa,Lay Over 3.5,Mais de 3.5 golos no jogo,14,0.2857142857142857,0.11721187910109102,0.546495411724844,0.02857142857142858,0.0,2.6726124191242437,False,0.0,0.21531701192718142,0.14285714285714285,0.399419077638637,0.0,0.21531701192718142,0.07142857142857142,0.3146926955395781,0.07142857142857142,0.3146926955395781,1.7083229633001997,1.647508942095828,1.2637004294967238,0.5704768066996664
SP1,Betis,Casa,Lay Clean Sheet,Equipa não sofre golos (clean sheet),14,0.35714285714285715,0.16344490737202735,0.6123599531785959,0.06785714285714284,0.0,2.405351177211819,False,0.0,0.21531701192718142,0.14285714285714285,0.399419077638637,0.0,0.21531701192718142,0.07142857142857142,0.3146926955395781,0.07142857142857142,0.3146926955395781,1.7083229633001997,1.647508942095828,1.2637004294967238,0.5704768066996664
SP1,Betis,Fora,Lay Derrota,Equipa perde o jogo,14,0.21428571428571427,0.07571248336916371,0.4758972377320828,-0.2607142857142857,0.0,2.939873661036668,False,0.07142857142857142,0.3146926955395781,0.0,0.21531701192718142,0.07142857142857142,0.3146926955395781,0.14285714285714285,0.399419077638637,0.07142857142857142,0.3146926955395781,1.4069796859708723,1.3997084244475304,1.1088696211614302,0.554940066591565
SP1,Betis,Fora,Lay Over 3.5,Mais de 3.5 golos no jogo,14,0.21428571428571427,0.07571248336916371,0.4758972377320828,-0.042857142857142844,0.0,2.939873661036668,False,0.07142857142857142,0.3146926955395781,0.0,0.21531701192718142,0.07142857142857142,0.3146926955395781,0.14285714285714285,0.399419077638637,0.07142857142857142,0.3146926955395781,1.4069796859708723,1.3997084244475304,1.1088696211614302,0.554940066591565
SP1,Betis,Fora,Lay Clean Sheet,Equipa não sofre golos (clean sheet),14,0.21428571428571427,0.07571248336916371,0.4758972377320828,0.021428571428571408,0.0,2.939873661036668,False,0.07142857142857142,0.3146926955395781,0.0,0.21531701192718142,0.07142857142857142,0.3146926955395781,0.14285714285714285,0.399419077638637,0.07142857142857142,0.3146926955395781,1.4069796859708723,1.3997084244475304,1.1088696211614302,0.554940066591565
SP1,Betis,Fora,Lay Vitória,Equipa vence o jogo,14,0.2857142857142857,0.11721187910109102,0.546495411724844,0.021428571428571408,0.0,2.6726124191242437,False,0.07142857142857142,0.3146926955395781,0.0,0.21531701192718142,0.07142857142857142,0.3146926955395781,0.14285714285714285,0.399419077638637,0.07142857142857142,0.3146926955395781,1.4069796859708723,1.3997084244475304,1.1088696211614302,0.554940066591565
SP1,Betis,Fora,Lay Over 2.5,Mais de 2.5 golos no jogo,14,0.42857142857142855,0.21380509930400526,0.6740973309713064,-0.07500000000000001,0.0,2.1380899352993947,False,0.07142857142857142,0.3146926955395781,0.0,0.21531701192718142,0.07142857142857142,0.3146926955395781,0.14285714285714285,0.399419077638637,0.07142857142857142,0.3146926955395781,1.4069796859708723,1.3997084244475304,1.1088696211614302,0.554940066591565
SP1,Betis,Total,Lay Derrota,Equipa perde o jogo,28,0.21428571428571427,0.10212321701189421,0.39538947079273873,-0.1553571428571429,0.011526323018153234,4.205531149759695,True,0.03571428571428571,0.17712576118498663,0.07142857142857142,0.2264573842591786,0.03571428571428571,0.17712576118498663,0.10714285714285714,0.2719622536765708,0.07142857142857142,0.2264573842591786,1.6225452416572208,1.543584484641022,1.2079667518062687,0.6148513519256876
SP1,Celta,Casa,Lay Over 3.5,Mais de 3.5 golos no jogo,14,0.14285714285714285,0.04009307373792117,0.399419077638637,-0.11428571428571427,0.0014523059034075858,3.21179264390167,True,0.0,0.21531701192718142,0.14285714285714285,0.399419077638637,0.0,0.21531701192718142,0.14285714285714285,0.399419077638637,0.14285714285714285,0.399419077638637,1.6115020246683538,1.2876968840942817,1.2058530725810093,0.7348469228349536
SP1,Celta,Fora,Lay Derrota,Equipa perde o jogo,14,0.14285714285714285,0.04009307373792117,0.399419077638637,-0.33214285714285713,0.0014523059034075858,3.21179264390167,True,0.0,0.21531701192718142,0.0,0.21531701192718142,0.14285714285714285,0.399419077638637,0.14285714285714285,0.399419077638637,0.0,0.21531701192718142,0.9583148474999098,1.4356965173029843,1.1605769149479945,0.6186404847588912
SP1,Celta,Total,Lay Over 3.5,Mais de 3.5 golos no jogo,28,0.17857142857142858,0.07878385829430107,0.35591791548591095,-0.07857142857142854,0.11020521128522268,4.825608467578446,True,0.0,0.12064720365810762,0.07142857142857142,0.2264573842591786,0.07142857142857142,0.2264573842591786,0.14285714285714285,0.3149017304487733,0.07142857142857142,0.2264573842591786,1.32624604483051,1.3753478224264075,1.2095495872768642,0.6882472016116852
SP1,Elche,Casa,Lay Derrota,Equipa perde o jogo,14,0.14285714285714285,0.04009307373792117,0.399419077638637,-0.12142857142857144,0.0014523059034075858,3.21179264390167,True,0.0,0.21531701192718142,0.14285714285714285,0.399419077638637,0.14285714285714285,0.399419077638637,0.14285714285714285,0.399419077638637,0.0,0.21531701192718142,1.5923926292577109,1.4445534582969062,1.1157499537009508,0.6680426571226851
SP1,Elche,Casa,Lay Cantos Over 10.5,Total de cantos Over 10.5,14,0.14285714285714285,0.04009307373792117,0.399419077638637,-0.25,0.0014523059034075858,3.21179264390167,True,0.0,0.21531701192718142,0.14285714285714285,0.399419077638637,0.14285714285714285,0.399419077638637,0.14285714285714285,0.399419077638637,0.0,0.21531701192718142,1.5923926292577109,1.4445534582969062,1.1157499537009508,0.6680426571226851
SP1,Elche,Fora,Lay Vitória,Equipa vence o jogo,14,0.0,0.0,0.21531701192718142,-0.2642857142857143,0.4617074701820465,5.469208553109305,True,0.07142857142857142,0.3146926955395781,0.0,0.21531701192718142,0.0,0.21531701192718142,0.14285714285714285,0.399419077638637,0.14285714285714285,0.399419077638637,0.9147320339189784,1.3014905113063284,0.45175395145262565,0.5345224838248488
SP1,Elche,Fora,Lay Clean Sheet,Equipa não sofre golos (clean sheet),14,0.0,0.0,0.21531701192718142,-0.19285714285714287,0.4617074701820465,5.469208553109305,True,0.07142857142857142,0.3146926955395781,0.0,0.21531701192718142,0.0,0.21531701192718142,0.14285714285714285,0.399419077638637,0.14285714285714285,0.399419077638637,0.9147320339189784,1.3014905113063284,0.45175395145262565,0.5345224838248488
SP1,Elche,Total,Lay Vitória,Equipa vence o jogo,28,0.17857142857142858,0.07878385829430107,0.35591791548591095,-0.1910714285714286,0.11020521128522268,4.825608467578446,True,0.03571428571428571,0.17712576118498663,0.07142857142857142,0.2264573842591786,0.07142857142857142,0.2264573842591786,0.14285714285714285,0.3149017304487733,0.07142857142857142,0.2264573842591786,1.536544626021354,1.3974283961795608,1.0666560373620053,0.6849348892187752
SP1,Elche,Total,Lay Cantos Over 10.5,Total de cantos Over 10.5,28,0.17857142857142858,0.07878385829430107,0.35591791548591095,-0.21428571428571427,0.11020521128522268,4.825608467578446,True,0.03571428571428571,0.17712576118498663,0.07142857142857142,0.2264573842591786,0.07142857142857142,0.2264573842591786,0.14285714285714285,0.3149017304487733,0.07142857142857142,0.2264573842591786,1.536544626021354,1.3974283961795608,1.0666560373620053,0.6849348892187752
SP1,Elche,Total,Lay Clean Sheet,Equipa não sofre golos (clean sheet),28,0.21428571428571427,0.10212321701189421,0.39538947079273873,-0.0267857142857143,0.011526323018153234,4.205531149759695,True,0.03571428571428571,0.17712576118498663,0.07142857142857142,0.2264573842591786,0.07142857142857142,0.2264573842591786,0.14285714285714285,0.3149017304487733,0.07142857142857142,0.2264573842591786,1.536544626021354,1.3974283961795608,1.0666560373620053,0.6849348892187752
SP1,Espanol,Casa,Lay Empate,Jogo termina empatado,14,0.21428571428571427,0.07571248336916371,0.4758972377320828,-0.04642857142857146,0.0,2.939873661036668,False,0.0,0.21531701192718142,0.0,0.21531701192718142,0.0,0.21531701192718142,0.21428571428571427,0.4758972377320828,0.21428571428571427,0.4758972377320828,1.1866605518454392,1.1780301787479033,1.349603116263656,0.7083290928701351
SP1,Espanol,Casa,Lay Over 3.5,Mais de 3.5 golos no jogo,14,0.21428571428571427,0.07571248336916371,0.4758972377320828,-0.042857142857142844,0.0,2.939873661036668,False,0.0,0.21531701192718142,0.0,0.21531701192718142,0.0,0.21531701192718142,0.21428571428571427,0.4758972377320828,0.21428571428571427,0.4758972377320828,1.1866605518454392,1.1780301787479033,1.349603116263656,0.7083290928701351
SP1,Espanol,Casa,Lay Clean Sheet,Equipa não sofre golos (clean sheet),14,0.21428571428571427,0.07571248336916371,0.4758972377320828,-0.07500000000000004,0.0,2.939873661036668,False,0.0,0.21531701192718142,0.0,0.21531701192718142,0.0,0.21531701192718142,0.21428571428571427,0.4758972377320828,0.21428571428571427,0.4758972377320828,1.1866605518454392,1.1780301787479033,1.349603116263656,0.7083290928701351
SP1,Espanol,Casa,Lay Derrota,Equipa perde o jogo,14,0.35714285714285715,0.16344490737202735,0.6123599531785959,0.09285714285714286,0.0,2.405351177211819,False,0.0,0.21531701192718142,0.0,0.21531701192718142,0.0,0.21531701192718142,0.21428571428571427,0.4758972377320828,0.21428571428571427,0.4758972377320828,1.1866605518454392,1.1780301787479033,1.349603116263656,0.7083290928701351
SP1,Espanol,Casa,Lay Cantos Over 10.5,Total de cantos Over 10.5,14,0.35714285714285715,0.16344490737202735,0.6123599531785959,-0.0357142857142857,0.0,2.405351177211819,False,0.0,0.21531701192718142,0.0,0.21531701192718142,0.0,0.21531701192718142,0.21428571428571427,0.4758972377320828,0.21428571428571427,0.4758972377320828,1.1866605518454392,1.1780301787479033,1.349603116263656,0.7083290928701351
SP1,Espanol,Fora,Lay Vitória,Equipa vence o jogo,14,0.2857142857142857,0.11721187910109102,0.546495411724844,0.021428571428571408,0.0,2.6726124191242437,False,0.07142857142857142,0.3146926955395781,0.0,0.21531701192718142,0.07142857142857142,0.3146926955395781,0.14285714285714285,0.399419077638637,0.07142857142857142,0.3146926955395781,1.3420210162897097,1.6675167899898216,1.2453996981544784,0.5443310539518174
SP1,Espanol,Fora,Lay Empate,Jogo termina empatado,14,0.2857142857142857,0.11721187910109102,0.546495411724844,0.024999999999999967,0.0,2.6726124191242437,False,0.07142857142857142,0.3146926955395781,0.0,0.21531701192718142,0.07142857142857142,0.3146926955395781,0.14285714285714285,0.399419077638637,0.07142857142857142,0.3146926955395781,1.3420210162897097,1.6675167899898216,1.2453996981544784,0.5443310539518174
SP1,Espanol,Fora,Lay Clean Sheet,Equipa não sofre golos (clean sheet),14,0.2857142857142857,0.11721187910109102,0.546495411724844,0.09285714285714283,0.0,2.6726124191242437,False,0.07142857142857142,0.3146926955395781,0.0,0.21531701192718142,0.07142857142857142,0.3146926955395781,0.14285714285714285,0.399419077638637,0.07142857142857142,0.3146926955395781,1.3420210162897097,1.6675167899898216,1.2453996981544784,0.5443310539518174
SP1,Espanol,Fora,Lay Cantos Over 10.5,Total de cantos Over 10.5,14,0.2857142857142857,0.11721187910109102,0.546495411724844,-0.10714285714285715,0.0,2.6726124191242437,False,0.07142857142857142,0.3146926955395781,0.0,0.21531701192718142,0.07142857142857142,0.3146926955395781,0.14285714285714285,0.399419077638637,0.07142857142857142,0.3146926955395781,1.3420210162897097,1.6675167899898216,1.2453996981544784,0.5443310539518174
SP1,Espanol,Fora,Lay Over 3.5,Mais de 3.5 golos no jogo,14,0.35714285714285715,0.16344490737202735,0.6123599531785959,0.10000000000000003,0.0,2.405351177211819,False,0.07142857142857142,0.3146926955395781,0.0,0.21531701192718142,0.07142857142857142,0.3146926955395781,0.14285714285714285,0.399419077638637,0.07142857142857142,0.3146926955395781,1.3420210162897097,1.6675167899898216,1.2453996981544784,0.5443310539518174
SP1,Espanol,Total,Lay Empate,Jogo termina empatado,28,0.25,0.12676334942200781,0.43356025240704604,-0.010714285714285732,0.0,3.968626966596886,False,0.03571428571428571,0.17712576118498663,0.0,0.12064720365810762,0.03571428571428571,0.17712576118498663,0.17857142857142858,0.35591791548591095,0.14285714285714285,0.3149017304487733,1.2712479807541204,1.45467227531545,1.3107678073930407,0.6279217421667403
SP1,Espanol,Total,Lay Clean Sheet,Equipa não sofre golos (clean sheet),28,0.25,0.12676334942200781,0.43356025240704604,0.008928571428571425,0.0,3.968626966596886,False,0.03571428571428571,0.17712576118498663,0.0,0.12064720365810762,0.03571428571428571,0.17712576118498663,0.17857142857142858,0.35591791548591095,0.14285714285714285,0.3149017304487733,1.2712479807541204,1.45467227531545,1.3107678073930407,0.6279217421667403
SP1,Espanol,Total,Lay Over 3.5,Mais de 3.5 golos no jogo,28,0.2857142857142857,0.15253815848329966,0.47059635737017497,0.02857142857142858,0.0,3.7796447300922726,False,0.03571428571428571,0.17712576118498663,0.0,0.12064720365810762,0.03571428571428571,0.17712576118498663,0.17857142857142858,0.35591791548591095,0.14285714285714285,0.3149017304487733,1.2712479807541204,1.45467227531545,1.3107678073930407,0.6279217421667403
SP1,Espanol,Total,Lay Cantos Over 10.5,Total de cantos Over 10.5,28,0.32142857142857145,0.1793304754342074,0.5066149544436882,-0.0714285714285714,0.0,3.590662493587659,False,0.03571428571428571,0.17712576118498663,0.0,0.12064720365810762,0.03571428571428571,0.17712576118498663,0.17857142857142858,0.35591791548591095,0.14285714285714285,0.3149017304487733,1.2712479807541204,1.45467227531545,1.3107678073930407,0.6279217421667403
SP1,Espanol,Total,Lay Vitória,Equipa vence o jogo,28,0.35714285714285715,0.20705611972458876,0.5417002241777278,-0.012500000000000011,0.0,3.401680257083045,False,0.03571428571428571,0.17712576118498663,0.0,0.12064720365810762,0.03571428571428571,0.17712576118498663,0.17857142857142858,0.35591791548591095,0.14285714285714285,0.3149017304487733,1.2712479807541204,1.45467227531545,1.3107678073930407,0.6279217421667403
SP1,Getafe,Casa,Lay Over 3.5,Mais de 3.5 golos no jogo,14,0.0,0.0,0.21531701192718142,-0.2571428571428571,0.4617074701820465,5.469208553109305,True,0.0,0.21531701192718142,0.0,0.21531701192718142,0.07142857142857142,0.3146926955395781,0.42857142857142855,0.6740973309713064,0.35714285714285715,0.6123599531785959,1.0996288798814753,0.8949974347244049,1.3324827218698307,0.97182531580755
SP1,Getafe,Fora,Lay Over 3.5,Mais de 3.5 golos no jogo,14,0.07142857142857142,0.012721886112291648,0.3146926955395781,-0.1857142857142857,0.21326826115105474,4.215374569226061,True,0.21428571428571427,0.4758972377320828,0.0,0.21531701192718142,0.0,0.21531701192718142,0.42857142857142855,0.6740973309713064,0.42857142857142855,0.6740973309713064,1.8405855323893034,0.9147320339189785,1.3720980508784675,0.9833321660356336
SP1,Getafe,Fora,Lay Empate,Jogo termina empatado,14,0.14285714285714285,0.04009307373792117,0.399419077638637,-0.11785714285714288,0.0014523059034075858,3.21179264390167,True,0.21428571428571427,0.4758972377320828,0.0,0.21531701192718142,0.0,0.21531701192718142,0.42857142857142855,0.6740973309713064,0.42857142857142855,0.6740973309713064,1.8405855323893034,0.9147320339189785,1.3720980508784675,0.9833321660356336
SP1,Getafe,Total,Lay Over 3.5,Mais de 3.5 golos no jogo,28,0.03571428571428571,0.006332356497541882,0.17712576118498663,-0.22142857142857142,0.5571855970375335,7.945571253084978,True,0.10714285714285714,0.2719622536765708,0.0,0.12064720365810762,0.03571428571428571,0.17712576118498663,0.42857142857142855,0.6092952101438459,0.39285714285714285,0.575912739650937,1.5497695681247952,0.9388171020067797,1.352906923205415,0.9789852390606699
SP1,Getafe,Total,Lay Empate,Jogo termina empatado,28,0.17857142857142858,0.07878385829430107,0.35591791548591095,-0.08214285714285716,0.11020521128522268,4.825608467578446,True,0.10714285714285714,0.2719622536765708,0.0,0.12064720365810762,0.03571428571428571,0.17712576118498663,0.42857142857142855,0.6092952101438459,0.39285714285714285,0.575912739650937,1.5497695681247952,0.9388171020067797,1.352906923205415,0.9789852390606699
SP1,Girona,Casa,Lay Over 3.5,Mais de 3.5 golos no jogo,14,0.21428571428571427,0.07571248336916371,0.4758972377320828,-0.042857142857142844,0.0,2.939873661036668,False,0.14285714285714285,0.399419077638637,0.07142857142857142,0.3146926955395781,0.07142857142857142,0.3146926955395781,0.2857142857142857,0.546495411724844,0.21428571428571427,0.4758972377320828,1.7971065179155892,1.444553458296906,1.287696884094282,0.8660254037844387
SP1,Girona,Casa,Lay Empate,Jogo termina empatado,14,0.2857142857142857,0.11721187910109102,0.546495411724844,0.024999999999999967,0.0,2.6726124191242437,False,0.14285714285714285,0.399419077638637,0.07142857142857142,0.3146926955395781,0.07142857142857142,0.3146926955395781,0.2857142857142857,0.546495411724844,0.21428571428571427,0.4758972377320828,1.7971065179155892,1.444553458296906,1.287696884094282,0.8660254037844387
SP1,Girona,Casa,Lay Clean Sheet,Equipa não sofre golos (clean sheet),14,0.2857142857142857,0.11721187910109102,0.546495411724844,-0.0035714285714286143,0.0,2.6726124191242437,False,0.14285714285714285,0.399419077638637,0.07142857142857142,0.3146926955395781,0.07142857142857142,0.3146926955395781,0.2857142857142857,0.546495411724844,0.21428571428571427,0.4758972377320828,1.7971065179155892,1.444553458296906,1.287696884094282,0.8660254037844387
SP1,Girona,Casa,Lay Vitória,Equipa vence o jogo,14,0.35714285714285715,0.16344490737202735,0.6123599531785959,-0.11785714285714283,0.0,2.405351177211819,False,0.14285714285714285,0.399419077638637,0.07142857142857142,0.3146926955395781,0.07142857142857142,0.3146926955395781,0.2857142857142857,0.546495411724844,0.21428571428571427,0.4758972377320828,1.7971065179155892,1.444553458296906,1.287696884094282,0.8660254037844387
SP1,Girona,Casa,Lay Derrota,Equipa perde o jogo,14,0.35714285714285715,0.16344490737202735,0.6123599531785959,0.09285714285714286,0.0,2.405351177211819,False,0.14285714285714285,0.399419077638637,0.07142857142857142,0.3146926955395781,0.07142857142857142,0.3146926955395781,0.2857142857142857,0.546495411724844,0.21428571428571427,0.4758972377320828,1.7971065179155892,1.444553458296906,1.287696884094282,0.8660254037844387
SP1,Girona,Fora,Lay Clean Sheet,Equipa não sofre golos (clean sheet),14,0.07142857142857142,0.012721886112291648,0.3146926955395781,-0.12142857142857144,0.21326826115105474,4.215374569226061,True,0.14285714285714285,0.399419077638637,0.0,0.21531701192718142,0.0,0.21531701192718142,0.21428571428571427,0.4758972377320828,0.21428571428571427,0.4758972377320828,1.679710859472121,0.9715336077668174,1.099628879881475,0.6565905201197403
SP1,Girona,Fora,Lay Over 3.5,Mais de 3.5 golos no jogo,14,0.14285714285714285,0.04009307373792117,0.399419077638637,-0.11428571428571427,0.0014523059034075858,3.21179264390167,True,0.14285714285714285,0.399419077638637,0.0,0.21531701192718142,0.0,0.21531701192718142,0.21428571428571427,0.4758972377320828,0.21428571428571427,0.4758972377320828,1.679710859472121,0.9715336077668174,1.099628879881475,0.6565905201197403
SP1,Girona,Total,Lay Over 3.5,Mais de 3.5 golos no jogo,28,0.17857142857142858,0.07878385829430107,0.35591791548591095,-0.07857142857142854,0.11020521128522268,4.825608467578446,True,0.14285714285714285,0.3149017304487733,0.03571428571428571,0.17712576118498663,0.03571428571428571,0.17712576118498663,0.25,0.43356025240704604,0.21428571428571427,0.39538947079273873,1.7408653724219916,1.2309777099724346,1.2058530725810093,0.7762070590655462
SP1,Girona,Total,Lay Clean Sheet,Equipa não sofre golos (clean sheet),28,0.17857142857142858,0.07878385829430107,0.35591791548591095,-0.0625,0.11020521128522268,4.825608467578446,True,0.14285714285714285,0.3149017304487733,0.03571428571428571,0.17712576118498663,0.03571428571428571,0.17712576118498663,0.25,0.43356025240704604,0.21428571428571427,0.39538947079273873,1.7408653724219916,1.2309777099724346,1.2058530725810093,0.7762070590655462
SP1,Levante,Casa,Lay Vitória,Equipa vence o jogo,14,0.14285714285714285,0.04009307373792117,0.399419077638637,-0.33214285714285713,0.0014523059034075858,3.21179264390167,True,0.14285714285714285,0.399419077638637,0.0,0.21531701192718142,0.07142857142857142,0.3146926955395781,0.35714285714285715,0.6123599531785959,0.2857142857142857,0.546495411724844,1.385051387833237,1.4846149779161806,1.0126747770541304,0.9258200997725514
SP1,Levante,Casa,Lay Clean Sheet,Equipa não sofre golos (clean sheet),14,0.14285714285714285,0.04009307373792117,0.399419077638637,-0.14642857142857146,0.0014523059034075858,3.21179264390167,True,0.14285714285714285,0.399419077638637,0.0,0.21531701192718142,0.07142857142857142,0.3146926955395781,0.35714285714285715,0.6123599531785959,0.2857142857142857,0.546495411724844,1.385051387833237,1.4846149779161806,1.0126747770541304,0.9258200997725514
SP1,Levante,Fora,Lay Vitória,Equipa vence o jogo,14,0.21428571428571427,0.07571248336916371,0.4758972377320828,-0.05000000000000002,0.0,2.939873661036668,False,0.07142857142857142,0.3146926955395781,0.14285714285714285,0.399419077638637,0.0,0.21531701192718142,0.35714285714285715,0.6123599531785959,0.35714285714285715,0.6123599531785959,2.025349554108261,1.2205719636167902,1.1866605518454392,1.0383279828647594
SP1,Levante,Fora,Lay Empate,Jogo termina empatado,14,0.21428571428571427,0.07571248336916371,0.4758972377320828,-0.04642857142857146,0.0,2.939873661036668,False,0.07142857142857142,0.3146926955395781,0.14285714285714285,0.399419077638637,0.0,0.21531701192718142,0.35714285714285715,0.6123599531785959,0.35714285714285715,0.6123599531785959,2.025349554108261,1.2205719636167902,1.1866605518454392,1.0383279828647594
SP1,Levante,Fora,Lay Over 3.5,Mais de 3.5 golos no jogo,14,0.21428571428571427,0.07571248336916371,0.4758972377320828,-0.042857142857142844,0.0,2.939873661036668,False,0.07142857142857142,0.3146926955395781,0.14285714285714285,0.399419077638637,0.0,0.21531701192718142,0.35714285714285715,0.6123599531785959,0.35714285714285715,0.6123599531785959,2.025349554108261,1.2205719636167902,1.1866605518454392,1.0383279828647594
SP1,Levante,Fora,Lay Clean Sheet,Equipa não sofre golos (clean sheet),14,0.21428571428571427,0.07571248336916371,0.4758972377320828,0.021428571428571408,0.0,2.939873661036668,False,0.07142857142857142,0.3146926955395781,0.14285714285714285,0.399419077638637,0.0,0.21531701192718142,0.35714285714285715,0.6123599531785959,0.35714285714285715,0.6123599531785959,2.025349554108261,1.2205719636167902,1.1866605518454392,1.0383279828647594
SP1,Levante,Fora,Lay Cantos Over 10.5,Total de cantos Over 10.5,14,0.35714285714285715,0.16344490737202735,0.6123599531785959,-0.0357142857142857,0.0,2.405351177211819,False,0.07142857142857142,0.3146926955395781,0.14285714285714285,0.399419077638637,0.0,0.21531701192718142,0.35714285714285715,0.6123599531785959,0.35714285714285715,0.6123599531785959,2.025349554108261,1.2205719636167902,1.1866605518454392,1.0383279828647594
SP1,Levante,Total,Lay Vitória,Equipa vence o jogo,28,0.17857142857142858,0.07878385829430107,0.35591791548591095,-0.1910714285714286,0.11020521128522268,4.825608467578446,True,0.10714285714285714,0.2719622536765708,0.07142857142857142,0.2264573842591786,0.03571428571428571,0.17712576118498663,0.35714285714285715,0.5417002241777278,0.32142857142857145,0.5066149544436882,1.7408653724219916,1.359021256460032,1.1036812243116032,0.9955456348712052
SP1,Levante,Total,Lay Clean Sheet,Equipa não sofre golos (clean sheet),28,0.17857142857142858,0.07878385829430107,0.35591791548591095,-0.0625,0.11020521128522268,4.825608467578446,True,0.10714285714285714,0.2719622536765708,0.07142857142857142,0.2264573842591786,0.03571428571428571,0.17712576118498663,0.35714285714285715,0.5417002241777278,0.32142857142857145,0.5066149544436882,1.7408653724219916,1.359021256460032,1.1036812243116032,0.9955456348712052
SP1,Mallorca,Casa,Lay Clean Sheet,Equipa não sofre golos (clean sheet),14,0.14285714285714285,0.04009307373792117,0.399419077638637,-0.14642857142857146,0.0014523059034075858,3.21179264390167,True,0.07142857142857142,0.3146926955395781,0.07142857142857142,0.3146926955395781,0.0,0.21531701192718142,0.14285714285714285,0.399419077638637,0.14285714285714285,0.399419077638637,1.4232042032265197,1.3190132366156706,1.2936264483053452,0.7453559924999299
SP1,Mallorca,Fora,Lay Vitória,Equipa vence o jogo,14,0.07142857142857142,0.012721886112291648,0.3146926955395781,-0.19285714285714287,0.21326826115105474,4.215374569226061,True,0.21428571428571427,0.4758972377320828,0.0,0.21531701192718142,0.07142857142857142,0.3146926955395781,0.42857142857142855,0.6740973309713064,0.35714285714285715,0.6123599531785959,1.3343958351621004,1.2058530725810093,0.8206518066482901,1.0671873729054748
SP1,Mallorca,Fora,Lay Clean Sheet,Equipa não sofre golos (clean sheet),14,0.07142857142857142,0.012721886112291648,0.3146926955395781,-0.12142857142857144,0.21326826115105474,4.215374569226061,True,0.21428571428571427,0.4758972377320828,0.0,0.21531701192718142,0.07142857142857142,0.3146926955395781,0.42857142857142855,0.6740973309713064,0.35714285714285715,0.6123599531785959,1.3343958351621004,1.2058530725810093,0.8206518066482901,1.0671873729054748
SP1,Mallorca,Total,Lay Clean Sheet,Equipa não sofre golos (clean sheet),28,0.10714285714285714,0.0371176920547995,0.2719622536765708,-0.13392857142857145,0.3200943658085731,6.236859641191093,True,0.14285714285714285,0.3149017304487733,0.03571428571428571,0.17712576118498663,0.03571428571428571,0.17712576118498663,0.2857142857142857,0.47059635737017497,0.25,0.43356025240704604,1.5219482680473226,1.2637004294967236,1.224744871391589,0.9085857182160576
SP1,Osasuna,Casa,Lay Cantos Over 10.5,Total de cantos Over 10.5,13,0.0,0.0,0.22810184305529166,-0.39285714285714285,0.4297453923617709,5.155020323018745,True,0.0,0.22810184305529166,0.07692307692307693,0.3331453392824736,0.0,0.22810184305529166,0.0,0.22810184305529166,0.0,0.22810184305529166,1.2733034890189883,1.2064913185660093,1.2064913185660096,0.35843021946010944
SP1,Osasuna,Fora,Lay Vitória,Equipa vence o jogo,15,0.13333333333333333,0.037360469891359285,0.3788249920651624,-0.13095238095238096,0.05293751983709405,3.534274881735873,True,0.0,0.20388926630434784,0.0,0.20388926630434784,0.13333333333333333,0.3788249920651624,0.6666666666666666,0.8482389930530875,0.5333333333333333,0.7519077474025356,1.0749676997731399,1.3597385369580761,1.0198039027185568,1.5869840952317444
SP1,Osasuna,Fora,Lay Clean Sheet,Equipa não sofre golos (clean sheet),15,0.13333333333333333,0.037360469891359285,0.3788249920651624,-0.059523809523809534,0.05293751983709405,3.534274881735873,True,0.0,0.20388926630434784,0.0,0.20388926630434784,0.13333333333333333,0.3788249920651624,0.6666666666666666,0.8482389930530875,0.5333333333333333,0.7519077474025356,1.0749676997731399,1.3597385369580761,1.0198039027185568,1.5869840952317444
SP1,Osasuna,Total,Lay Cantos Over 10.5,Total de cantos Over 10.5,28,0.10714285714285714,0.0371176920547995,0.2719622536765708,-0.2857142857142857,0.3200943658085731,6.236859641191093,True,0.0,0.12064720365810762,0.03571428571428571,0.17712576118498663,0.07142857142857142,0.2264573842591786,0.35714285714285715,0.5417002241777278,0.2857142857142857,0.47059635737017497,1.3343958351621004,1.4249955245185715,1.2916529514303658,0.8798321903610894
SP1,Osasuna,Total,Lay Clean Sheet,Equipa não sofre golos (clean sheet),28,0.21428571428571427,0.10212321701189421,0.39538947079273873,-0.0267857142857143,0.011526323018153234,4.205531149759695,True,0.0,0.12064720365810762,0.03571428571428571,0.17712576118498663,0.07142857142857142,0.2264573842591786,0.35714285714285715,0.5417002241777278,0.2857142857142857,0.47059635737017497,1.3343958351621004,1.4249955245185715,1.2916529514303658,0.8798321903610894
SP1,Oviedo,Casa,Lay Over 3.5,Mais de 3.5 golos no jogo,14,0.07142857142857142,0.012721886112291648,0.3146926955395781,-0.1857142857142857,0.21326826115105474,4.215374569226061,True,0.07142857142857142,0.3146926955395781,0.0,0.21531701192718142,0.2857142857142857,0.546495411724844,0.5714285714285714,0.7861949006959947,0.2857142857142857,0.546495411724844,1.2371791482634837,1.2371791482634837,1.1338934190276817,1.1547005383792515
SP1,Oviedo,Fora,Lay Clean Sheet,Equipa não sofre golos (clean sheet),14,0.0,0.0,0.21531701192718142,-0.19285714285714287,0.4617074701820465,5.469208553109305,True,0.21428571428571427,0.4758972377320828,0.0,0.21531701192718142,0.0,0.21531701192718142,0.5714285714285714,0.7861949006959947,0.5714285714285714,0.7861949006959947,1.385051387833237,1.6035674514745464,0.823754471047914,1.3123346456686351
SP1,Oviedo,Fora,Lay Vitória,Equipa vence o jogo,14,0.07142857142857142,0.012721886112291648,0.3146926955395781,-0.19285714285714287,0.21326826115105474,4.215374569226061,True,0.21428571428571427,0.4758972377320828,0.0,0.21531701192718142,0.0,0.21531701192718142,0.5714285714285714,0.7861949006959947,0.5714285714285714,0.7861949006959947,1.385051387833237,1.6035674514745464,0.823754471047914,1.3123346456686351
SP1,Oviedo,Total,Lay Vitória,Equipa vence o jogo,28,0.14285714285714285,0.056989129307017855,0.3149017304487733,-0.2267857142857143,0.21274567387806684,5.500497354258526,True,0.14285714285714285,0.3149017304487733,0.0,0.12064720365810762,0.14285714285714285,0.3149017304487733,0.5714285714285714,0.7349170381926877,0.42857142857142855,0.6092952101438459,1.3608970630898323,1.6335138037184675,1.0220777158038703,1.3922182317935186
SP1,Oviedo,Total,Lay Over 3.5,Mais de 3.5 golos no jogo,28,0.17857142857142858,0.07878385829430107,0.35591791548591095,-0.07857142857142854,0.11020521128522268,4.825608467578446,True,0.14285714285714285,0.3149017304487733,0.0,0.12064720365810762,0.14285714285714285,0.3149017304487733,0.5714285714285714,0.7349170381926877,0.42857142857142855,0.6092952101438459,1.3608970630898323,1.6335138037184675,1.0220777158038703,1.3922182317935186
SP1,Real Madrid,Casa,Lay Empate,Jogo termina empatado,14,0.0,0.0,0.21531701192718142,-0.26071428571428573,0.4617074701820465,5.469208553109305,True,0.0,0.21531701192718142,0.2857142857142857,0.546495411724844,0.0,0.21531701192718142,0.14285714285714285,0.399419077638637,0.14285714285714285,0.399419077638637,1.630387458644761,1.486332289048915,1.0497813183356477,0.6128408610956572
SP1,Real Madrid,Casa,Lay Derrota,Equipa perde o jogo,14,0.14285714285714285,0.04009307373792117,0.399419077638637,-0.12142857142857144,0.0014523059034075858,3.21179264390167,True,0.0,0.21531701192718142,0.2857142857142857,0.546495411724844,0.0,0.21531701192718142,0.14285714285714285,0.399419077638637,0.14285714285714285,0.399419077638637,1.630387458644761,1.486332289048915,1.0497813183356477,0.6128408610956572
SP1,Real Madrid,Fora,Lay Derrota,Equipa perde o jogo,14,0.14285714285714285,0.04009307373792117,0.399419077638637,-0.33214285714285713,0.0014523059034075858,3.21179264390167,True,0.07142857142857142,0.3146926955395781,0.21428571428571427,0.4758972377320828,0.07142857142857142,0.3146926955395781,0.07142857142857142,0.3146926955395781,0.0,0.21531701192718142,1.6241167144145818,1.6241167144145818,1.1866605518454392,0.49828237211384113
SP1,Real Madrid,Total,Lay Empate,Jogo termina empatado,28,0.10714285714285714,0.0371176920547995,0.2719622536765708,-0.15357142857142858,0.3200943658085731,6.236859641191093,True,0.03571428571428571,0.17712576118498663,0.25,0.43356025240704604,0.03571428571428571,0.17712576118498663,0.10714285714285714,0.2719622536765708,0.07142857142857142,0.2264573842591786,1.6659862556700857,1.558387444947959,1.1406228159050935,0.5811865258054233
SP1,Real Madrid,Total,Lay Derrota,Equipa perde o jogo,28,0.14285714285714285,0.056989129307017855,0.3149017304487733,-0.2267857142857143,0.21274567387806684,5.500497354258526,True,0.03571428571428571,0.17712576118498663,0.25,0.43356025240704604,0.03571428571428571,0.17712576118498663,0.10714285714285714,0.2719622536765708,0.07142857142857142,0.2264573842591786,1.6659862556700857,1.558387444947959,1.1406228159050935,0.5811865258054233
SP1,Sevilla,Casa,Lay Clean Sheet,Equipa não sofre golos (clean sheet),14,0.14285714285714285,0.04009307373792117,0.399419077638637,-0.14642857142857146,0.0014523059034075858,3.21179264390167,True,0.07142857142857142,0.3146926955395781,0.14285714285714285,0.399419077638637,0.0,0.21531701192718142,0.21428571428571427,0.4758972377320828,0.21428571428571427,0.4758972377320828,1.8308579454251852,1.1450871101343854,1.2453996981544782,0.9070362073481096
SP1,Sevilla,Fora,Lay Empate,Jogo termina empatado,14,0.21428571428571427,0.07571248336916371,0.4758972377320828,-0.04642857142857146,0.0,2.939873661036668,False,0.21428571428571427,0.4758972377320828,0.0,0.21531701192718142,0.0,0.21531701192718142,0.14285714285714285,0.399419077638637,0.14285714285714285,0.399419077638637,1.5859716650838942,1.611502024668354,1.2797480619406367,0.5443310539518172
SP1,Sevilla,Fora,Lay Clean Sheet,Equipa não sofre golos (clean sheet),14,0.21428571428571427,0.07571248336916371,0.4758972377320828,0.021428571428571408,0.0,2.939873661036668,False,0.21428571428571427,0.4758972377320828,0.0,0.21531701192718142,0.0,0.21531701192718142,0.14285714285714285,0.399419077638637,0.14285714285714285,0.399419077638637,1.5859716650838942,1.611502024668354,1.2797480619406367,0.5443310539518172
SP1,Sevilla,Fora,Lay Vitória,Equipa vence o jogo,14,0.2857142857142857,0.11721187910109102,0.546495411724844,0.021428571428571408,0.0,2.6726124191242437,False,0.21428571428571427,0.4758972377320828,0.0,0.21531701192718142,0.0,0.21531701192718142,0.14285714285714285,0.399419077638637,0.14285714285714285,0.399419077638637,1.5859716650838942,1.611502024668354,1.2797480619406367,0.5443310539518172
SP1,Sevilla,Fora,Lay Over 3.5,Mais de 3.5 golos no jogo,14,0.35714285714285715,0.16344490737202735,0.6123599531785959,0.10000000000000003,0.0,2.405351177211819,False,0.21428571428571427,0.4758972377320828,0.0,0.21531701192718142,0.0,0.21531701192718142,0.14285714285714285,0.399419077638637,0.14285714285714285,0.399419077638637,1.5859716650838942,1.611502024668354,1.2797480619406367,0.5443310539518172
SP1,Sevilla,Fora,Lay Under 2.5,Menos de 2.5 golos no jogo,14,0.35714285714285715,0.16344490737202735,0.6123599531785959,-0.1392857142857143,0.0,2.405351177211819,False,0.21428571428571427,0.4758972377320828,0.0,0.21531701192718142,0.0,0.21531701192718142,0.14285714285714285,0.399419077638637,0.14285714285714285,0.399419077638637,1.5859716650838942,1.611502024668354,1.2797480619406367,0.5443310539518172
SP1,Sevilla,Total,Lay Clean Sheet,Equipa não sofre golos (clean sheet),28,0.17857142857142858,0.07878385829430107,0.35591791548591095,-0.0625,0.11020521128522268,4.825608467578446,True,0.14285714285714285,0.3149017304487733,0.07142857142857142,0.2264573842591786,0.0,0.12064720365810762,0.17857142857142858,0.35591791548591095,0.17857142857142858,0.35591791548591095,1.7364636830204598,1.4142135623730951,1.263195655987671,0.7582032507624615
SP1,Sociedad,Casa,Lay Clean Sheet,Equipa não sofre golos (clean sheet),14,0.07142857142857142,0.012721886112291648,0.3146926955395781,-0.2178571428571429,0.21326826115105474,4.215374569226061,True,0.0,0.21531701192718142,0.0,0.21531701192718142,0.0,0.21531701192718142,0.07142857142857142,0.3146926955395781,0.07142857142857142,0.3146926955395781,1.1157499537009508,1.3997084244475304,1.3324827218698307,0.49828237211384113
SP1,Sociedad,Fora,Lay Clean Sheet,Equipa não sofre golos (clean sheet),14,0.07142857142857142,0.012721886112291648,0.3146926955395781,-0.12142857142857144,0.21326826115105474,4.215374569226061,True,0.07142857142857142,0.3146926955395781,0.0,0.21531701192718142,0.0,0.21531701192718142,0.14285714285714285,0.399419077638637,0.14285714285714285,0.399419077638637,1.2309777099724346,1.3420210162897097,1.1338934190276817,0.6495190528383289
SP1,Sociedad,Total,Lay Clean Sheet,Equipa não sofre golos (clean sheet),28,0.07142857142857142,0.01981164744777079,0.2264573842591786,-0.16964285714285715,0.43385653935205354,7.045308806471432,True,0.03571428571428571,0.17712576118498663,0.0,0.12064720365810762,0.0,0.12064720365810762,0.10714285714285714,0.2719622536765708,0.10714285714285714,0.2719622536765708,1.2387246568589019,1.4263375391225612,1.287696884094282,0.6148513519256876
SP1,Valencia,Casa,Lay Over 3.5,Mais de 3.5 golos no jogo,14,0.14285714285714285,0.04009307373792117,0.399419077638637,-0.11428571428571427,0.0014523059034075858,3.21179264390167,True,0.0,0.21531701192718142,0.07142857142857142,0.3146926955395781,0.0,0.21531701192718142,0.14285714285714285,0.399419077638637,0.14285714285714285,0.399419077638637,1.3324827218698307,1.178030178747903,1.2309777099724348,0.7158668688808127
SP1,Valencia,Fora,Lay Vitória,Equipa vence o jogo,14,0.14285714285714285,0.04009307373792117,0.399419077638637,-0.12142857142857144,0.0014523059034075858,3.21179264390167,True,0.21428571428571427,0.4758972377320828,0.0,0.21531701192718142,0.07142857142857142,0.3146926955395781,0.35714285714285715,0.6123599531785959,0.2857142857142857,0.546495411724844,1.9587584572574415,1.6225452416572212,1.0424656799518874,0.8576346483687822
SP1,Valencia,Total,Lay Over 3.5,Mais de 3.5 golos no jogo,28,0.21428571428571427,0.10212321701189421,0.39538947079273873,-0.042857142857142844,0.011526323018153234,4.205531149759695,True,0.10714285714285714,0.2719622536765708,0.03571428571428571,0.17712576118498663,0.03571428571428571,0.17712576118498663,0.25,0.43356025240704604,0.21428571428571427,0.39538947079273873,1.8210783977117087,1.4249955245185717,1.2453996981544782,0.8246211251235321
SP1,Vallecano,Casa,Lay Over 3.5,Mais de 3.5 golos no jogo,14,0.07142857142857142,0.012721886112291648,0.3146926955395781,-0.1857142857142857,0.21326826115105474,4.215374569226061,True,0.0,0.21531701192718142,0.14285714285714285,0.399419077638637,0.14285714285714285,0.399419077638637,0.21428571428571427,0.4758972377320828,0.07142857142857142,0.3146926955395781,1.287696884094282,1.099628879881475,1.049781318335648,0.8003905296791062
SP1,Vallecano,Casa,Lay Derrota,Equipa perde o jogo,14,0.14285714285714285,0.04009307373792117,0.399419077638637,-0.12142857142857144,0.0014523059034075858,3.21179264390167,True,0.0,0.21531701192718142,0.14285714285714285,0.399419077638637,0.14285714285714285,0.399419077638637,0.21428571428571427,0.4758972377320828,0.07142857142857142,0.3146926955395781,1.287696884094282,1.099628879881475,1.049781318335648,0.8003905296791062
SP1,Vallecano,Fora,Lay Vitória,Equipa vence o jogo,14,0.21428571428571427,0.07571248336916371,0.4758972377320828,-0.05000000000000002,0.0,2.939873661036668,False,0.21428571428571427,0.4758972377320828,0.07142857142857142,0.3146926955395781,0.07142857142857142,0.3146926955395781,0.5,0.7320113208052473,0.42857142857142855,0.6740973309713064,1.9704448891619604,1.4015297764534702,1.1866605518454392,1.2360330811826106
SP1,Vallecano,Fora,Lay Empate,Jogo termina empatado,14,0.21428571428571427,0.07571248336916371,0.4758972377320828,-0.04642857142857146,0.0,2.939873661036668,False,0.21428571428571427,0.4758972377320828,0.07142857142857142,0.3146926955395781,0.07142857142857142,0.3146926955395781,0.5,0.7320113208052473,0.42857142857142855,0.6740973309713064,1.9704448891619604,1.4015297764534702,1.1866605518454392,1.2360330811826106
SP1,Vallecano,Fora,Lay Clean Sheet,Equipa não sofre golos (clean sheet),14,0.21428571428571427,0.07571248336916371,0.4758972377320828,0.021428571428571408,0.0,2.939873661036668,False,0.21428571428571427,0.4758972377320828,0.07142857142857142,0.3146926955395781,0.07142857142857142,0.3146926955395781,0.5,0.7320113208052473,0.42857142857142855,0.6740973309713064,1.9704448891619604,1.4015297764534702,1.1866605518454392,1.2360330811826106
SP1,Vallecano,Fora,Lay Over 3.5,Mais de 3.5 golos no jogo,14,0.2857142857142857,0.11721187910109102,0.546495411724844,0.02857142857142858,0.0,2.6726124191242437,False,0.21428571428571427,0.4758972377320828,0.07142857142857142,0.3146926955395781,0.07142857142857142,0.3146926955395781,0.5,0.7320113208052473,0.42857142857142855,0.6740973309713064,1.9704448891619604,1.4015297764534702,1.1866605518454392,1.2360330811826106
SP1,Vallecano,Fora,Lay BTTS,Ambas as equipas marcam,14,0.35714285714285715,0.16344490737202735,0.6123599531785959,-0.20357142857142857,0.0,2.405351177211819,False,0.21428571428571427,0.4758972377320828,0.07142857142857142,0.3146926955395781,0.07142857142857142,0.3146926955395781,0.5,0.7320113208052473,0.42857142857142855,0.6740973309713064,1.9704448891619604,1.4015297764534702,1.1866605518454392,1.2360330811826106
SP1,Vallecano,Total,Lay Over 3.5,Mais de 3.5 golos no jogo,28,0.17857142857142858,0.07878385829430107,0.35591791548591095,-0.07857142857142854,0.11020521128522268,4.825608467578446,True,0.10714285714285714,0.2719622536765708,0.10714285714285714,0.2719622536765708,0.10714285714285714,0.2719622536765708,0.35714285714285715,0.5417002241777278,0.25,0.43356025240704604,1.7598121421078456,1.291652951430366,1.1561724325884748,1.0
SP1,Villarreal,Casa,Lay Empate,Jogo termina empatado,14,0.07142857142857142,0.012721886112291648,0.3146926955395781,-0.1892857142857143,0.21326826115105474,4.215374569226061,True,0.0,0.21531701192718142,0.21428571428571427,0.4758972377320828,0.0,0.21531701192718142,0.14285714285714285,0.399419077638637,0.14285714285714285,0.399419077638637,1.8749149640580982,1.1627728997214075,1.1157499537009508,0.619657184267695
SP1,Villarreal,Casa,Lay Derrota,Equipa perde o jogo,14,0.14285714285714285,0.04009307373792117,0.399419077638637,-0.12142857142857144,0.0014523059034075858,3.21179264390167,True,0.0,0.21531701192718142,0.21428571428571427,0.4758972377320828,0.0,0.21531701192718142,0.14285714285714285,0.399419077638637,0.14285714285714285,0.399419077638637,1.8749149640580982,1.1627728997214075,1.1157499537009508,0.619657184267695
SP1,Villarreal,Fora,Lay Cantos Over 10.5,Total de cantos Over 10.5,14,0.14285714285714285,0.04009307373792117,0.399419077638637,-0.25,0.0014523059034075858,3.21179264390167,True,0.07142857142857142,0.3146926955395781,0.0,0.21531701192718142,0.0,0.21531701192718142,0.14285714285714285,0.399419077638637,0.14285714285714285,0.399419077638637,1.6241167144145818,1.222660197758835,1.349603116263656,0.632455532033676
SP1,Villarreal,Total,Lay Empate,Jogo termina empatado,28,0.14285714285714285,0.056989129307017855,0.3149017304487733,-0.11785714285714288,0.21274567387806684,5.500497354258526,True,0.03571428571428571,0.17712576118498663,0.10714285714285714,0.2719622536765708,0.0,0.12064720365810762,0.14285714285714285,0.3149017304487733,0.14285714285714285,0.3149017304487733,1.8938676547946933,1.1952286093343936,1.3223934701124012,0.6732660671917412
T1,Alanyaspor,Casa,Lay Over 3.5,Mais de 3.5 golos no jogo,14,0.21428571428571427,0.07571248336916371,0.4758972377320828,-0.05957320687611148,0.0,2.939873661036668,False,0.0,0.21531701192718142,0.07142857142857142,0.3146926955395781,0.2857142857142857,0.546495411724844,0.35714285714285715,0.6123599531785959,0.07142857142857142,0.3146926955395781,1.715773164209188,1.7510929531616088,1.287696884094282,1.0862461948599642
T1,Alanyaspor,Casa,Lay Empate,Jogo termina empatado,14,0.2857142857142857,0.11721187910109102,0.546495411724844,-0.017190278601066977,0.0,2.6726124191242437,False,0.0,0.21531701192718142,0.07142857142857142,0.3146926955395781,0.2857142857142857,0.546495411724844,0.35714285714285715,0.6123599531785959,0.07142857142857142,0.3146926955395781,1.715773164209188,1.7510929531616088,1.287696884094282,1.0862461948599642
T1,Alanyaspor,Casa,Lay Vitória,Equipa vence o jogo,14,0.35714285714285715,0.16344490737202735,0.6123599531785959,-0.03289863663307646,0.0,2.405351177211819,False,0.0,0.21531701192718142,0.07142857142857142,0.3146926955395781,0.2857142857142857,0.546495411724844,0.35714285714285715,0.6123599531785959,0.07142857142857142,0.3146926955395781,1.715773164209188,1.7510929531616088,1.287696884094282,1.0862461948599642
T1,Alanyaspor,Casa,Lay Derrota,Equipa perde o jogo,14,0.35714285714285715,0.16344490737202735,0.6123599531785959,0.05008891523414344,0.0,2.405351177211819,False,0.0,0.21531701192718142,0.07142857142857142,0.3146926955395781,0.2857142857142857,0.546495411724844,0.35714285714285715,0.6123599531785959,0.07142857142857142,0.3146926955395781,1.715773164209188,1.7510929531616088,1.287696884094282,1.0862461948599642
T1,Alanyaspor,Casa,Lay BTTS,Ambas as equipas marcam,14,0.35714285714285715,0.16344490737202735,0.6123599531785959,-0.18642560758743326,0.0,2.405351177211819,False,0.0,0.21531701192718142,0.07142857142857142,0.3146926955395781,0.2857142857142857,0.546495411724844,0.35714285714285715,0.6123599531785959,0.07142857142857142,0.3146926955395781,1.715773164209188,1.7510929531616088,1.287696884094282,1.0862461948599642
T1,Alanyaspor,Fora,Lay Vitória,Equipa vence o jogo,13,0.07692307692307693,0.013710066379696304,0.3331453392824736,-0.23013086498563678,0.1671366517938161,3.88446557863012,True,0.0,0.22810184305529166,0.0,0.22810184305529166,0.07692307692307693,0.3331453392824736,0.15384615384615385,0.4223517050863101,0.07692307692307693,0.3331453392824736,0.8213137116947162,1.186711432349347,0.7297563831157798,0.5659615711335885
T1,Alanyaspor,Fora,Lay Clean Sheet,Equipa não sofre golos (clean sheet),13,0.07692307692307693,0.013710066379696304,0.3331453392824736,-0.17203957867858283,0.1671366517938161,3.88446557863012,True,0.0,0.22810184305529166,0.0,0.22810184305529166,0.07692307692307693,0.3331453392824736,0.15384615384615385,0.4223517050863101,0.07692307692307693,0.3331453392824736,0.8213137116947162,1.186711432349347,0.7297563831157798,0.5659615711335885
T1,Alanyaspor,Total,Lay Vitória,Equipa vence o jogo,27,0.2222222222222222,0.10607095489408955,0.4075729546307081,-0.12632549562010142,0.0,4.041451884327381,False,0.0,0.12455903714463581,0.037037037037037035,0.18283853934156521,0.18518518518518517,0.36699056505191746,0.25925925925925924,0.44678930402615685,0.07407407407407407,0.2336997729073062,1.4005681778658545,1.5458249447932746,1.0785347984119287,0.8719693678750396
T1,Alanyaspor,Total,Lay Derrota,Equipa perde o jogo,27,0.2962962962962963,0.15852853317647564,0.48481033380837596,-0.052251421546027355,0.0,3.65655170486763,False,0.0,0.12455903714463581,0.037037037037037035,0.18283853934156521,0.18518518518518517,0.36699056505191746,0.25925925925925924,0.44678930402615685,0.07407407407407407,0.2336997729073062,1.4005681778658545,1.5458249447932746,1.0785347984119287,0.8719693678750396
T1,Alanyaspor,Total,Lay Over 3.5,Mais de 3.5 golos no jogo,27,0.2962962962962963,0.15852853317647564,0.48481033380837596,0.022437375134470527,0.0,3.65655170486763,False,0.0,0.12455903714463581,0.037037037037037035,0.18283853934156521,0.18518518518518517,0.36699056505191746,0.25925925925925924,0.44678930402615685,0.07407407407407407,0.2336997729073062,1.4005681778658545,1.5458249447932746,1.0785347984119287,0.8719693678750396
T1,Alanyaspor,Total,Lay Clean Sheet,Equipa não sofre golos (clean sheet),27,0.3333333333333333,0.1864305444359335,0.521755801278945,0.05325034578146609,0.0,3.4641016151377553,False,0.0,0.12455903714463581,0.037037037037037035,0.18283853934156521,0.18518518518518517,0.36699056505191746,0.25925925925925924,0.44678930402615685,0.07407407407407407,0.2336997729073062,1.4005681778658545,1.5458249447932746,1.0785347984119287,0.8719693678750396
T1,Alanyaspor,Total,Lay Cantos Over 8.5,Total de cantos Over 8.5,27,0.37037037037037035,0.21532287067936856,0.557710953765537,-0.20639311510680802,0.0,3.2716515254078797,False,0.0,0.12455903714463581,0.037037037037037035,0.18283853934156521,0.18518518518518517,0.36699056505191746,0.25925925925925924,0.44678930402615685,0.07407407407407407,0.2336997729073062,1.4005681778658545,1.5458249447932746,1.0785347984119287,0.8719693678750396
T1,Antalyaspor,Casa,Lay Clean Sheet,Equipa não sofre golos (clean sheet),13,0.0,0.0,0.22810184305529166,-0.3112033195020747,0.4297453923617709,5.155020323018745,True,0.3076923076923077,0.5763111218666236,0.0,0.22810184305529166,0.0,0.22810184305529166,0.07692307692307693,0.3331453392824736,0.07692307692307693,0.3331453392824736,1.7974340685458343,1.3099527973789538,1.2064913185660093,0.5328701692569688
T1,Antalyaspor,Fora,Lay Over 3.5,Mais de 3.5 golos no jogo,14,0.07142857142857142,0.012721886112291648,0.3146926955395781,-0.20243034973325433,0.21326826115105474,4.215374569226061,True,0.0,0.21531701192718142,0.0,0.21531701192718142,0.2857142857142857,0.546495411724844,0.6428571428571429,0.8365550926279727,0.35714285714285715,0.6123599531785959,0.8949974347244049,1.3942300925673667,1.1627728997214073,1.4638501094227998
T1,Antalyaspor,Total,Lay Vitória,Equipa vence o jogo,27,0.2222222222222222,0.10607095489408955,0.4075729546307081,-0.12632549562010142,0.0,4.041451884327381,False,0.14814814814814814,0.3247906334682948,0.0,0.12455903714463581,0.14814814814814814,0.3247906334682948,0.37037037037037035,0.557710953765537,0.2222222222222222,0.4075729546307081,1.4401645996461911,1.8129241852622842,1.1840272120848725,0.9260669522232182
T1,Antalyaspor,Total,Lay Clean Sheet,Equipa não sofre golos (clean sheet),27,0.2222222222222222,0.10607095489408955,0.4075729546307081,-0.057860765329645014,0.0,4.041451884327381,False,0.14814814814814814,0.3247906334682948,0.0,0.12455903714463581,0.14814814814814814,0.3247906334682948,0.37037037037037035,0.557710953765537,0.2222222222222222,0.4075729546307081,1.4401645996461911,1.8129241852622842,1.1840272120848725,0.9260669522232182
T1,Antalyaspor,Total,Lay Empate,Jogo termina empatado,27,0.25925925925925924,0.13170208422866778,0.44678930402615685,-0.04364530505609343,0.0,3.849001794597505,False,0.14814814814814814,0.3247906334682948,0.0,0.12455903714463581,0.14814814814814814,0.3247906334682948,0.37037037037037035,0.557710953765537,0.2222222222222222,0.4075729546307081,1.4401645996461911,1.8129241852622842,1.1840272120848725,0.9260669522232182
T1,Antalyaspor,Total,Lay Over 3.5,Mais de 3.5 golos no jogo,27,0.2962962962962963,0.15852853317647564,0.48481033380837596,0.022437375134470527,0.0,3.65655170486763,False,0.14814814814814814,0.3247906334682948,0.0,0.12455903714463581,0.14814814814814814,0.3247906334682948,0.37037037037037035,0.557710953765537,0.2222222222222222,0.4075729546307081,1.4401645996461911,1.8129241852622842,1.1840272120848725,0.9260669522232182
T1,Antalyaspor,Total,Lay Under 2.5,Menos de 2.5 golos no jogo,27,0.48148148148148145,0.3074295064970908,0.6601467541378958,-0.016443829721838055,0.0,2.694301256218254,False,0.14814814814814814,0.3247906334682948,0.0,0.12455903714463581,0.14814814814814814,0.3247906334682948,0.37037037037037035,0.557710953765537,0.2222222222222222,0.4075729546307081,1.4401645996461911,1.8129241852622842,1.1840272120848725,0.9260669522232182
T1,Besiktas,Casa,Lay Derrota,Equipa perde o jogo,14,0.21428571428571427,0.07571248336916371,0.4758972377320828,-0.09276822762299944,0.0,2.939873661036668,False,0.0,0.21531701192718142,0.07142857142857142,0.3146926955395781,0.0,0.21531701192718142,0.07142857142857142,0.3146926955395781,0.07142857142857142,0.3146926955395781,1.2876968840942817,1.222660197758835,1.2797480619406367,0.5261178575186363
T1,Besiktas,Casa,Lay Empate,Jogo termina empatado,14,0.21428571428571427,0.07571248336916371,0.4758972377320828,-0.0886188500296384,0.0,2.939873661036668,False,0.0,0.21531701192718142,0.07142857142857142,0.3146926955395781,0.0,0.21531701192718142,0.07142857142857142,0.3146926955395781,0.07142857142857142,0.3146926955395781,1.2876968840942817,1.222660197758835,1.2797480619406367,0.5261178575186363
T1,Besiktas,Casa,Lay Clean Sheet,Equipa não sofre golos (clean sheet),14,0.21428571428571427,0.07571248336916371,0.4758972377320828,-0.09691760521636042,0.0,2.939873661036668,False,0.0,0.21531701192718142,0.07142857142857142,0.3146926955395781,0.0,0.21531701192718142,0.07142857142857142,0.3146926955395781,0.07142857142857142,0.3146926955395781,1.2876968840942817,1.222660197758835,1.2797480619406367,0.5261178575186363
T1,Besiktas,Casa,Lay Under 2.5,Menos de 2.5 golos no jogo,14,0.2857142857142857,0.11721187910109102,0.546495411724844,-0.2122110254890338,0.0,2.6726124191242437,False,0.0,0.21531701192718142,0.07142857142857142,0.3146926955395781,0.0,0.21531701192718142,0.07142857142857142,0.3146926955395781,0.07142857142857142,0.3146926955395781,1.2876968840942817,1.222660197758835,1.2797480619406367,0.5261178575186363
T1,Besiktas,Casa,Lay Over 3.5,Mais de 3.5 golos no jogo,14,0.35714285714285715,0.16344490737202735,0.6123599531785959,0.0832839359810314,0.0,2.405351177211819,False,0.0,0.21531701192718142,0.07142857142857142,0.3146926955395781,0.0,0.21531701192718142,0.07142857142857142,0.3146926955395781,0.07142857142857142,0.3146926955395781,1.2876968840942817,1.222660197758835,1.2797480619406367,0.5261178575186363
T1,Besiktas,Fora,Lay Derrota,Equipa perde o jogo,13,0.15384615384615385,0.04325726318273798,0.4223517050863101,-0.23619533992977976,0.0,3.05085107923876,False,0.07692307692307693,0.3331453392824736,0.07692307692307693,0.3331453392824736,0.0,0.22810184305529166,0.15384615384615385,0.4223517050863101,0.15384615384615385,0.4223517050863101,1.7709022204955902,1.4142135623730951,1.2064913185660093,0.6319062870042959
T1,Besiktas,Fora,Lay Empate,Jogo termina empatado,13,0.3076923076923077,0.1268049716161809,0.5763111218666236,0.004787743376955034,0.0,2.496150883013531,False,0.07692307692307693,0.3331453392824736,0.07692307692307693,0.3331453392824736,0.0,0.22810184305529166,0.15384615384615385,0.4223517050863101,0.15384615384615385,0.4223517050863101,1.7709022204955902,1.4142135623730951,1.2064913185660093,0.6319062870042959
T1,Besiktas,Fora,Lay Over 3.5,Mais de 3.5 golos no jogo,13,0.38461538461538464,0.17709446581236818,0.6447751902773147,0.11075646345355888,0.0,2.2188007849009166,False,0.07692307692307693,0.3331453392824736,0.07692307692307693,0.3331453392824736,0.0,0.22810184305529166,0.15384615384615385,0.4223517050863101,0.15384615384615385,0.4223517050863101,1.7709022204955902,1.4142135623730951,1.2064913185660093,0.6319062870042959
T1,Besiktas,Fora,Lay Clean Sheet,Equipa não sofre golos (clean sheet),13,0.38461538461538464,0.17709446581236818,0.6447751902773147,0.13565272901372488,0.0,2.2188007849009166,False,0.07692307692307693,0.3331453392824736,0.07692307692307693,0.3331453392824736,0.0,0.22810184305529166,0.15384615384615385,0.4223517050863101,0.15384615384615385,0.4223517050863101,1.7709022204955902,1.4142135623730951,1.2064913185660093,0.6319062870042959
T1,Besiktas,Fora,Lay Cantos Over 10.5,Total de cantos Over 10.5,13,0.38461538461538464,0.17709446581236818,0.6447751902773147,-0.005426109160548975,0.0,2.2188007849009166,False,0.07692307692307693,0.3331453392824736,0.07692307692307693,0.3331453392824736,0.0,0.22810184305529166,0.15384615384615385,0.4223517050863101,0.15384615384615385,0.4223517050863101,1.7709022204955902,1.4142135623730951,1.2064913185660093,0.6319062870042959
T1,Besiktas,Total,Lay Derrota,Equipa perde o jogo,27,0.18518518518518517,0.08180586574285321,0.36699056505191746,-0.16336253265713846,0.0825235873702064,4.583298753530259,True,0.037037037037037035,0.18283853934156521,0.07407407407407407,0.2336997729073062,0.0,0.12455903714463581,0.1111111111111111,0.2805818254397295,0.1111111111111111,0.2805818254397295,1.539600717839002,1.3188513936862858,1.245017504738638,0.5815431366846942
T1,Buyuksehyr,Casa,Lay Derrota,Equipa perde o jogo,14,0.21428571428571427,0.07571248336916371,0.4758972377320828,-0.09276822762299944,0.0,2.939873661036668,False,0.0,0.21531701192718142,0.07142857142857142,0.3146926955395781,0.14285714285714285,0.399419077638637,0.14285714285714285,0.399419077638637,0.0,0.21531701192718142,1.2936264483053452,1.9948914348241347,1.1801936887041646,0.7492907799832211
T1,Buyuksehyr,Casa,Lay Over 3.5,Mais de 3.5 golos no jogo,14,0.2857142857142857,0.11721187910109102,0.546495411724844,0.011855364552459946,0.0,2.6726124191242437,False,0.0,0.21531701192718142,0.07142857142857142,0.3146926955395781,0.14285714285714285,0.399419077638637,0.14285714285714285,0.399419077638637,0.0,0.21531701192718142,1.2936264483053452,1.9948914348241347,1.1801936887041646,0.7492907799832211
T1,Buyuksehyr,Casa,Lay Clean Sheet,Equipa não sofre golos (clean sheet),14,0.2857142857142857,0.11721187910109102,0.546495411724844,-0.025489033787788995,0.0,2.6726124191242437,False,0.0,0.21531701192718142,0.07142857142857142,0.3146926955395781,0.14285714285714285,0.399419077638637,0.14285714285714285,0.399419077638637,0.0,0.21531701192718142,1.2936264483053452,1.9948914348241347,1.1801936887041646,0.7492907799832211
T1,Buyuksehyr,Casa,Lay Vitória,Equipa vence o jogo,14,0.35714285714285715,0.16344490737202735,0.6123599531785959,-0.03289863663307646,0.0,2.405351177211819,False,0.0,0.21531701192718142,0.07142857142857142,0.3146926955395781,0.14285714285714285,0.399419077638637,0.14285714285714285,0.399419077638637,0.0,0.21531701192718142,1.2936264483053452,1.9948914348241347,1.1801936887041646,0.7492907799832211
T1,Buyuksehyr,Casa,Lay Empate,Jogo termina empatado,14,0.42857142857142855,0.21380509930400526,0.6740973309713064,0.12566686425607587,0.0,2.1380899352993947,False,0.0,0.21531701192718142,0.07142857142857142,0.3146926955395781,0.14285714285714285,0.399419077638637,0.14285714285714285,0.399419077638637,0.0,0.21531701192718142,1.2936264483053452,1.9948914348241347,1.1801936887041646,0.7492907799832211
T1,Buyuksehyr,Fora,Lay Empate,Jogo termina empatado,13,0.07692307692307693,0.013710066379696304,0.3331453392824736,-0.22598148739227575,0.1671366517938161,3.88446557863012,True,0.07692307692307693,0.3331453392824736,0.15384615384615385,0.4223517050863101,0.07692307692307693,0.3331453392824736,0.23076923076923078,0.5025687399512693,0.15384615384615385,0.4223517050863101,1.902971827208151,1.0769230769230769,1.4349813927828947,0.7499055118106486
T1,Buyuksehyr,Total,Lay Over 3.5,Mais de 3.5 golos no jogo,27,0.2222222222222222,0.10607095489408955,0.4075729546307081,-0.05163669893960354,0.0,4.041451884327381,False,0.037037037037037035,0.18283853934156521,0.1111111111111111,0.2805818254397295,0.1111111111111111,0.2805818254397295,0.18518518518518517,0.36699056505191746,0.07407407407407407,0.2336997729073062,1.6186498802527522,1.623726682724665,1.3125959367903224,0.7496555682941201
T1,Buyuksehyr,Total,Lay Empate,Jogo termina empatado,27,0.25925925925925924,0.13170208422866778,0.44678930402615685,-0.04364530505609343,0.0,3.849001794597505,False,0.037037037037037035,0.18283853934156521,0.1111111111111111,0.2805818254397295,0.1111111111111111,0.2805818254397295,0.18518518518518517,0.36699056505191746,0.07407407407407407,0.2336997729073062,1.6186498802527522,1.623726682724665,1.3125959367903224,0.7496555682941201
T1,Buyuksehyr,Total,Lay Derrota,Equipa perde o jogo,27,0.2962962962962963,0.15852853317647564,0.48481033380837596,-0.052251421546027355,0.0,3.65655170486763,False,0.037037037037037035,0.18283853934156521,0.1111111111111111,0.2805818254397295,0.1111111111111111,0.2805818254397295,0.18518518518518517,0.36699056505191746,0.07407407407407407,0.2336997729073062,1.6186498802527522,1.623726682724665,1.3125959367903224,0.7496555682941201
T1,Buyuksehyr,Total,Lay Clean Sheet,Equipa não sofre golos (clean sheet),27,0.3333333333333333,0.1864305444359335,0.521755801278945,0.05325034578146609,0.0,3.4641016151377553,False,0.037037037037037035,0.18283853934156521,0.1111111111111111,0.2805818254397295,0.1111111111111111,0.2805818254397295,0.18518518518518517,0.36699056505191746,0.07407407407407407,0.2336997729073062,1.6186498802527522,1.623726682724665,1.3125959367903224,0.7496555682941201
T1,Buyuksehyr,Total,Lay Under 2.5,Menos de 2.5 golos no jogo,27,0.4074074074074074,0.24514513372857347,0.5927361694463591,-0.09051790379591212,0.0,3.079201435678004,False,0.037037037037037035,0.18283853934156521,0.1111111111111111,0.2805818254397295,0.1111111111111111,0.2805818254397295,0.18518518518518517,0.36699056505191746,0.07407407407407407,0.2336997729073062,1.6186498802527522,1.623726682724665,1.3125959367903224,0.7496555682941201
T1,Eyupspor,Casa,Lay Over 3.5,Mais de 3.5 golos no jogo,14,0.14285714285714285,0.04009307373792117,0.399419077638637,-0.1310017783046829,0.0014523059034075858,3.21179264390167,True,0.14285714285714285,0.399419077638637,0.0,0.21531701192718142,0.07142857142857142,0.3146926955395781,0.42857142857142855,0.6740973309713064,0.35714285714285715,0.6123599531785959,1.3997084244475304,1.3014905113063286,1.1627728997214075,0.9833321660356334
T1,Eyupspor,Fora,Lay Vitória,Equipa vence o jogo,13,0.15384615384615385,0.04325726318273798,0.4223517050863101,-0.15320778806255986,0.0,3.05085107923876,False,0.15384615384615385,0.4223517050863101,0.0,0.22810184305529166,0.15384615384615385,0.4223517050863101,0.6153846153846154,0.8229055341876319,0.46153846153846156,0.7085656756816795,1.5112986695683461,1.6390212117432705,1.065877420042386,1.5
T1,Eyupspor,Fora,Lay Over 3.5,Mais de 3.5 golos no jogo,13,0.15384615384615385,0.04325726318273798,0.4223517050863101,-0.1200127673156719,0.0,3.05085107923876,False,0.15384615384615385,0.4223517050863101,0.0,0.22810184305529166,0.15384615384615385,0.4223517050863101,0.6153846153846154,0.8229055341876319,0.46153846153846156,0.7085656756816795,1.5112986695683461,1.6390212117432705,1.065877420042386,1.5
T1,Eyupspor,Fora,Lay Clean Sheet,Equipa não sofre golos (clean sheet),13,0.15384615384615385,0.04325726318273798,0.4223517050863101,-0.0951165017555059,0.0,3.05085107923876,False,0.15384615384615385,0.4223517050863101,0.0,0.22810184305529166,0.15384615384615385,0.4223517050863101,0.6153846153846154,0.8229055341876319,0.46153846153846156,0.7085656756816795,1.5112986695683461,1.6390212117432705,1.065877420042386,1.5
T1,Eyupspor,Fora,Lay Empate,Jogo termina empatado,13,0.23076923076923078,0.08179379092465708,0.5025687399512693,-0.0721353335461219,0.0,2.773500981126145,False,0.15384615384615385,0.4223517050863101,0.0,0.22810184305529166,0.15384615384615385,0.4223517050863101,0.6153846153846154,0.8229055341876319,0.46153846153846156,0.7085656756816795,1.5112986695683461,1.6390212117432705,1.065877420042386,1.5
T1,Eyupspor,Fora,Lay Over 2.5,Mais de 2.5 golos no jogo,13,0.38461538461538464,0.17709446581236818,0.6447751902773147,-0.11745930418129585,0.0,2.2188007849009166,False,0.15384615384615385,0.4223517050863101,0.0,0.22810184305529166,0.15384615384615385,0.4223517050863101,0.6153846153846154,0.8229055341876319,0.46153846153846156,0.7085656756816795,1.5112986695683461,1.6390212117432705,1.065877420042386,1.5
T1,Eyupspor,Total,Lay Over 3.5,Mais de 3.5 golos no jogo,27,0.14814814814814814,0.0591583185964489,0.3247906334682948,-0.1257107730136776,0.1880234163292631,5.258609900696471,True,0.14814814814814814,0.3247906334682948,0.0,0.12455903714463581,0.1111111111111111,0.2805818254397295,0.5185185185185185,0.6925704935029092,0.4074074074074074,0.5927361694463591,1.4609691054308163,1.4740554623801776,1.1233889546743039,1.2116699403390883
T1,Eyupspor,Total,Lay Vitória,Equipa vence o jogo,27,0.18518518518518517,0.08180586574285321,0.36699056505191746,-0.16336253265713846,0.0825235873702064,4.583298753530259,True,0.14814814814814814,0.3247906334682948,0.0,0.12455903714463581,0.1111111111111111,0.2805818254397295,0.5185185185185185,0.6925704935029092,0.4074074074074074,0.5927361694463591,1.4609691054308163,1.4740554623801776,1.1233889546743039,1.2116699403390883
T1,Eyupspor,Total,Lay Clean Sheet,Equipa não sofre golos (clean sheet),27,0.18518518518518517,0.08180586574285321,0.36699056505191746,-0.09489780236668205,0.0825235873702064,4.583298753530259,True,0.14814814814814814,0.3247906334682948,0.0,0.12455903714463581,0.1111111111111111,0.2805818254397295,0.5185185185185185,0.6925704935029092,0.4074074074074074,0.5927361694463591,1.4609691054308163,1.4740554623801776,1.1233889546743039,1.2116699403390883
T1,Fenerbahce,Casa,Lay Derrota,Equipa perde o jogo,13,0.0,0.0,0.22810184305529166,-0.3070539419087137,0.4297453923617709,5.155020323018745,True,0.0,0.22810184305529166,0.15384615384615385,0.4223517050863101,0.0,0.22810184305529166,0.0,0.22810184305529166,0.0,0.22810184305529166,1.2113858267710478,1.4432048491764398,0.9230769230769231,0.4806343363145594
T1,Fenerbahce,Fora,Lay Derrota,Equipa perde o jogo,14,0.07142857142857142,0.012721886112291648,0.3146926955395781,-0.31861292234736216,0.21326826115105474,4.215374569226061,True,0.0,0.21531701192718142,0.21428571428571427,0.4758972377320828,0.14285714285714285,0.399419077638637,0.21428571428571427,0.4758972377320828,0.07142857142857142,0.3146926955395781,1.5336364681131347,1.9338551958115546,1.099628879881475,0.7023769168568492
T1,Fenerbahce,Total,Lay Derrota,Equipa perde o jogo,27,0.037037037037037035,0.006567976533097584,0.18283853934156521,-0.3115106808052866,0.542903651646087,7.720230601299883,True,0.0,0.12455903714463581,0.18518518518518517,0.36699056505191746,0.07407407407407407,0.2336997729073062,0.1111111111111111,0.2805818254397295,0.037037037037037035,0.18283853934156521,1.3966450099973928,1.7173367584251304,1.030402055055078,0.5974054805996262
T1,Galatasaray,Casa,Lay Derrota,Equipa perde o jogo,14,0.0,0.0,0.21531701192718142,-0.3070539419087137,0.4617074701820465,5.469208553109305,True,0.0,0.21531701192718142,0.35714285714285715,0.6123599531785959,0.07142857142857142,0.3146926955395781,0.07142857142857142,0.3146926955395781,0.0,0.21531701192718142,1.3343958351621001,1.4516001023501126,0.8206518066482897,0.4496844076482911
T1,Galatasaray,Fora,Lay Empate,Jogo termina empatado,12,0.08333333333333333,0.014864709450773488,0.35388592179859524,-0.21957123098201936,0.11528519550351196,3.541506143159363,True,0.0,0.2425007574992425,0.3333333333333333,0.609382412602386,0.0,0.2425007574992425,0.16666666666666666,0.44803635738467273,0.16666666666666666,0.44803635738467273,1.7057907908715602,1.2555432644432805,1.1785113019775793,0.67700320038633
T1,Galatasaray,Total,Lay Derrota,Equipa perde o jogo,26,0.07692307692307693,0.021354639183375553,0.24141947480515055,-0.2716246409192467,0.39645131298712366,6.572799225880255,True,0.0,0.12873304380462175,0.34615384615384615,0.53779770990367,0.038461538461538464,0.18893176991958402,0.11538461538461539,0.28976293086898336,0.07692307692307693,0.24141947480515055,1.5384615384615385,1.4390989949130544,1.0088366960464616,0.5587260669577023
T1,Galatasaray,Total,Lay Empate,Jogo termina empatado,26,0.15384615384615385,0.06149933998929479,0.33531584418313565,-0.14905841046919882,0.16171038954216094,5.012263338431423,True,0.0,0.12873304380462175,0.34615384615384615,0.53779770990367,0.038461538461538464,0.18893176991958402,0.11538461538461539,0.28976293086898336,0.07692307692307693,0.24141947480515055,1.5384615384615385,1.4390989949130544,1.0088366960464616,0.5587260669577023
T1,Gaziantep,Casa,Lay Clean Sheet,Equipa não sofre golos (clean sheet),13,0.07692307692307693,0.013710066379696304,0.3331453392824736,-0.23428024257899777,0.1671366517938161,3.88446557863012,True,0.15384615384615385,0.4223517050863101,0.0,0.22810184305529166,0.0,0.22810184305529166,0.23076923076923078,0.5025687399512693,0.23076923076923078,0.5025687399512693,1.5951108733329016,1.0377490433255416,1.2498520622516862,0.6960093862470136
T1,Gaziantep,Fora,Lay Vitória,Equipa vence o jogo,14,0.2857142857142857,0.11721187910109102,0.546495411724844,-0.021339656194428014,0.0,2.6726124191242437,False,0.2857142857142857,0.546495411724844,0.14285714285714285,0.399419077638637,0.14285714285714285,0.399419077638637,0.2857142857142857,0.546495411724844,0.14285714285714285,0.399419077638637,2.1582778471054467,1.751092953161609,1.2058530725810095,0.9070362073481096
T1,Gaziantep,Fora,Lay Clean Sheet,Equipa não sofre golos (clean sheet),14,0.2857142857142857,0.11721187910109102,0.546495411724844,0.036751630112625944,0.0,2.6726124191242437,False,0.2857142857142857,0.546495411724844,0.14285714285714285,0.399419077638637,0.14285714285714285,0.399419077638637,0.2857142857142857,0.546495411724844,0.14285714285714285,0.399419077638637,2.1582778471054467,1.751092953161609,1.2058530725810095,0.9070362073481096
T1,Gaziantep,Fora,Lay Cantos Over 10.5,Total de cantos Over 10.5,14,0.2857142857142857,0.11721187910109102,0.546495411724844,-0.10432720806164791,0.0,2.6726124191242437,False,0.2857142857142857,0.546495411724844,0.14285714285714285,0.399419077638637,0.14285714285714285,0.399419077638637,0.2857142857142857,0.546495411724844,0.14285714285714285,0.399419077638637,2.1582778471054467,1.751092953161609,1.2058530725810095,0.9070362073481096
T1,Gaziantep,Fora,Lay Derrota,Equipa perde o jogo,14,0.35714285714285715,0.16344490737202735,0.6123599531785959,-0.03289863663307646,0.0,2.405351177211819,False,0.2857142857142857,0.546495411724844,0.14285714285714285,0.399419077638637,0.14285714285714285,0.399419077638637,0.2857142857142857,0.546495411724844,0.14285714285714285,0.399419077638637,2.1582778471054467,1.751092953161609,1.2058530725810095,0.9070362073481096
T1,Gaziantep,Fora,Lay Empate,Jogo termina empatado,14,0.35714285714285715,0.16344490737202735,0.6123599531785959,0.054238292827504475,0.0,2.405351177211819,False,0.2857142857142857,0.546495411724844,0.14285714285714285,0.399419077638637,0.14285714285714285,0.399419077638637,0.2857142857142857,0.546495411724844,0.14285714285714285,0.399419077638637,2.1582778471054467,1.751092953161609,1.2058530725810095,0.9070362073481096
T1,Gaziantep,Total,Lay Clean Sheet,Equipa não sofre golos (clean sheet),27,0.18518518518518517,0.08180586574285321,0.36699056505191746,-0.09489780236668205,0.0825235873702064,4.583298753530259,True,0.2222222222222222,0.4075729546307081,0.07407407407407407,0.2336997729073062,0.07407407407407407,0.2336997729073062,0.25925925925925924,0.44678930402615685,0.18518518518518517,0.36699056505191746,1.9080365736875937,1.4524941889724132,1.227262335243029,0.816496580927726
T1,Genclerbirligi,Casa,Lay Clean Sheet,Equipa não sofre golos (clean sheet),13,0.23076923076923078,0.08179379092465708,0.5025687399512693,-0.08043408873284391,0.0,2.773500981126145,False,0.0,0.22810184305529166,0.07692307692307693,0.3331453392824736,0.07692307692307693,0.3331453392824736,0.23076923076923078,0.5025687399512693,0.15384615384615385,0.4223517050863101,1.3278981924332363,1.7027648939368196,1.2779421327566267,0.7877173445839876
T1,Genclerbirligi,Casa,Lay Derrota,Equipa perde o jogo,13,0.3076923076923077,0.1268049716161809,0.5763111218666236,0.0006383657835939971,0.0,2.496150883013531,False,0.0,0.22810184305529166,0.07692307692307693,0.3331453392824736,0.07692307692307693,0.3331453392824736,0.23076923076923078,0.5025687399512693,0.15384615384615385,0.4223517050863101,1.3278981924332363,1.7027648939368196,1.2779421327566267,0.7877173445839876
T1,Genclerbirligi,Casa,Lay Empate,Jogo termina empatado,13,0.3076923076923077,0.1268049716161809,0.5763111218666236,0.004787743376955034,0.0,2.496150883013531,False,0.0,0.22810184305529166,0.07692307692307693,0.3331453392824736,0.07692307692307693,0.3331453392824736,0.23076923076923078,0.5025687399512693,0.15384615384615385,0.4223517050863101,1.3278981924332363,1.7027648939368196,1.2779421327566267,0.7877173445839876
T1,Genclerbirligi,Casa,Lay Over 3.5,Mais de 3.5 golos no jogo,13,0.3076923076923077,0.1268049716161809,0.5763111218666236,0.03383338653048196,0.0,2.496150883013531,False,0.0,0.22810184305529166,0.07692307692307693,0.3331453392824736,0.07692307692307693,0.3331453392824736,0.23076923076923078,0.5025687399512693,0.15384615384615385,0.4223517050863101,1.3278981924332363,1.7027648939368196,1.2779421327566267,0.7877173445839876
T1,Genclerbirligi,Casa,Lay Vitória,Equipa vence o jogo,13,0.38461538461538464,0.17709446581236818,0.6447751902773147,-0.005426109160548975,0.0,2.2188007849009166,False,0.0,0.22810184305529166,0.07692307692307693,0.3331453392824736,0.07692307692307693,0.3331453392824736,0.23076923076923078,0.5025687399512693,0.15384615384615385,0.4223517050863101,1.3278981924332363,1.7027648939368196,1.2779421327566267,0.7877173445839876
T1,Genclerbirligi,Fora,Lay Vitória,Equipa vence o jogo,14,0.07142857142857142,0.012721886112291648,0.3146926955395781,-0.2356253704801423,0.21326826115105474,4.215374569226061,True,0.0,0.21531701192718142,0.0,0.21531701192718142,0.14285714285714285,0.399419077638637,0.5,0.7320113208052473,0.35714285714285715,0.6123599531785959,0.6998542122237652,1.4638501094227998,0.8206518066482901,1.11665284679121
T1,Genclerbirligi,Fora,Lay Over 3.5,Mais de 3.5 golos no jogo,14,0.14285714285714285,0.04009307373792117,0.399419077638637,-0.1310017783046829,0.0014523059034075858,3.21179264390167,True,0.0,0.21531701192718142,0.0,0.21531701192718142,0.14285714285714285,0.399419077638637,0.5,0.7320113208052473,0.35714285714285715,0.6123599531785959,0.6998542122237652,1.4638501094227998,0.8206518066482901,1.11665284679121
T1,Genclerbirligi,Fora,Lay Clean Sheet,Equipa não sofre golos (clean sheet),14,0.14285714285714285,0.04009307373792117,0.399419077638637,-0.1061055127445169,0.0014523059034075858,3.21179264390167,True,0.0,0.21531701192718142,0.0,0.21531701192718142,0.14285714285714285,0.399419077638637,0.5,0.7320113208052473,0.35714285714285715,0.6123599531785959,0.6998542122237652,1.4638501094227998,0.8206518066482901,1.11665284679121
T1,Genclerbirligi,Total,Lay Clean Sheet,Equipa não sofre golos (clean sheet),27,0.18518518518518517,0.08180586574285321,0.36699056505191746,-0.09489780236668205,0.0825235873702064,4.583298753530259,True,0.0,0.12455903714463581,0.037037037037037035,0.18283853934156521,0.1111111111111111,0.2805818254397295,0.37037037037037035,0.557710953765537,0.25925925925925924,0.44678930402615685,1.1221672153735642,1.6388627325805623,1.1840272120848725,0.9987236752935402
T1,Goztep,Casa,Lay Derrota,Equipa perde o jogo,13,0.07692307692307693,0.013710066379696304,0.3331453392824736,-0.23013086498563678,0.1671366517938161,3.88446557863012,True,0.0,0.22810184305529166,0.07692307692307693,0.3331453392824736,0.3076923076923077,0.5763111218666236,0.3076923076923077,0.5763111218666236,0.0,0.22810184305529166,1.0658774200423857,1.4756404687116058,1.0986812966989,0.8523863560616161
T1,Goztep,Fora,Lay Over 3.5,Mais de 3.5 golos no jogo,13,0.15384615384615385,0.04325726318273798,0.4223517050863101,-0.1200127673156719,0.0,3.05085107923876,False,0.07692307692307693,0.3331453392824736,0.07692307692307693,0.3331453392824736,0.15384615384615385,0.4223517050863101,0.3076923076923077,0.5763111218666236,0.15384615384615385,0.4223517050863101,1.7742403991801223,1.2686478848054341,1.2779421327566267,0.8511696634152133
T1,Goztep,Fora,Lay Derrota,Equipa perde o jogo,13,0.3076923076923077,0.1268049716161809,0.5763111218666236,-0.0823491860836259,0.0,2.496150883013531,False,0.07692307692307693,0.3331453392824736,0.07692307692307693,0.3331453392824736,0.15384615384615385,0.4223517050863101,0.3076923076923077,0.5763111218666236,0.15384615384615385,0.4223517050863101,1.7742403991801223,1.2686478848054341,1.2779421327566267,0.8511696634152133
T1,Goztep,Fora,Lay Empate,Jogo termina empatado,13,0.3076923076923077,0.1268049716161809,0.5763111218666236,0.004787743376955034,0.0,2.496150883013531,False,0.07692307692307693,0.3331453392824736,0.07692307692307693,0.3331453392824736,0.15384615384615385,0.4223517050863101,0.3076923076923077,0.5763111218666236,0.15384615384615385,0.4223517050863101,1.7742403991801223,1.2686478848054341,1.2779421327566267,0.8511696634152133
T1,Goztep,Fora,Lay Cantos Over 10.5,Total de cantos Over 10.5,13,0.3076923076923077,0.1268049716161809,0.5763111218666236,-0.0823491860836259,0.0,2.496150883013531,False,0.07692307692307693,0.3331453392824736,0.07692307692307693,0.3331453392824736,0.15384615384615385,0.4223517050863101,0.3076923076923077,0.5763111218666236,0.15384615384615385,0.4223517050863101,1.7742403991801223,1.2686478848054341,1.2779421327566267,0.8511696634152133
T1,Goztep,Fora,Lay Vitória,Equipa vence o jogo,13,0.38461538461538464,0.17709446581236818,0.6447751902773147,0.07756144270667092,0.0,2.2188007849009166,False,0.07692307692307693,0.3331453392824736,0.07692307692307693,0.3331453392824736,0.15384615384615385,0.4223517050863101,0.3076923076923077,0.5763111218666236,0.15384615384615385,0.4223517050863101,1.7742403991801223,1.2686478848054341,1.2779421327566267,0.8511696634152133
T1,Goztep,Total,Lay Over 3.5,Mais de 3.5 golos no jogo,26,0.15384615384615385,0.06149933998929479,0.33531584418313565,-0.1200127673156719,0.16171038954216094,5.012263338431423,True,0.038461538461538464,0.18893176991958402,0.07692307692307693,0.24141947480515055,0.23076923076923078,0.42051925751956787,0.3076923076923077,0.4998861151423124,0.07692307692307693,0.24141947480515055,1.4955555457864294,1.3846153846153846,1.2071042174211706,0.8563488385776754
T1,Goztep,Total,Lay Derrota,Equipa perde o jogo,26,0.19230769230769232,0.08506935771788268,0.3787663615465,-0.15624002553463132,0.053084096133750036,4.337062441094017,True,0.038461538461538464,0.18893176991958402,0.07692307692307693,0.24141947480515055,0.23076923076923078,0.42051925751956787,0.3076923076923077,0.4998861151423124,0.07692307692307693,0.24141947480515055,1.4955555457864294,1.3846153846153846,1.2071042174211706,0.8563488385776754
T1,Karagumruk,Casa,Lay Vitória,Equipa vence o jogo,13,0.23076923076923078,0.08179379092465708,0.5025687399512693,-0.15927226300670283,0.0,2.773500981126145,False,0.0,0.22810184305529166,0.0,0.22810184305529166,0.07692307692307693,0.3331453392824736,0.46153846153846156,0.7085656756816795,0.38461538461538464,0.6447751902773147,1.4472990555559062,1.688807569238473,1.2064913185660093,1.0801234497346432
T1,Karagumruk,Casa,Lay Empate,Jogo termina empatado,13,0.23076923076923078,0.08179379092465708,0.5025687399512693,-0.0721353335461219,0.0,2.773500981126145,False,0.0,0.22810184305529166,0.0,0.22810184305529166,0.07692307692307693,0.3331453392824736,0.46153846153846156,0.7085656756816795,0.38461538461538464,0.6447751902773147,1.4472990555559062,1.688807569238473,1.2064913185660093,1.0801234497346432
T1,Karagumruk,Casa,Lay Over 2.5,Mais de 2.5 golos no jogo,13,0.23076923076923078,0.08179379092465708,0.5025687399512693,-0.2713054580274497,0.0,2.773500981126145,False,0.0,0.22810184305529166,0.0,0.22810184305529166,0.07692307692307693,0.3331453392824736,0.46153846153846156,0.7085656756816795,0.38461538461538464,0.6447751902773147,1.4472990555559062,1.688807569238473,1.2064913185660093,1.0801234497346432
T1,Karagumruk,Casa,Lay Over 3.5,Mais de 3.5 golos no jogo,13,0.23076923076923078,0.08179379092465708,0.5025687399512693,-0.04308969039259497,0.0,2.773500981126145,False,0.0,0.22810184305529166,0.0,0.22810184305529166,0.07692307692307693,0.3331453392824736,0.46153846153846156,0.7085656756816795,0.38461538461538464,0.6447751902773147,1.4472990555559062,1.688807569238473,1.2064913185660093,1.0801234497346432
T1,Karagumruk,Casa,Lay BTTS,Ambas as equipas marcam,13,0.3076923076923077,0.1268049716161809,0.5763111218666236,-0.2358761570379827,0.0,2.496150883013531,False,0.0,0.22810184305529166,0.0,0.22810184305529166,0.07692307692307693,0.3331453392824736,0.46153846153846156,0.7085656756816795,0.38461538461538464,0.6447751902773147,1.4472990555559062,1.688807569238473,1.2064913185660093,1.0801234497346432
T1,Karagumruk,Fora,Lay Clean Sheet,Equipa não sofre golos (clean sheet),14,0.0,0.0,0.21531701192718142,-0.24896265560165975,0.4617074701820465,5.469208553109305,True,0.14285714285714285,0.399419077638637,0.0,0.21531701192718142,0.0,0.21531701192718142,0.35714285714285715,0.6123599531785959,0.35714285714285715,0.6123599531785959,1.0594569267279519,1.1866605518454392,0.8112726208286104,0.8660254037844386
T1,Karagumruk,Fora,Lay Vitória,Equipa vence o jogo,14,0.07142857142857142,0.012721886112291648,0.3146926955395781,-0.2356253704801423,0.21326826115105474,4.215374569226061,True,0.14285714285714285,0.399419077638637,0.0,0.21531701192718142,0.0,0.21531701192718142,0.35714285714285715,0.6123599531785959,0.35714285714285715,0.6123599531785959,1.0594569267279519,1.1866605518454392,0.8112726208286104,0.8660254037844386
T1,Karagumruk,Fora,Lay Empate,Jogo termina empatado,14,0.14285714285714285,0.04009307373792117,0.399419077638637,-0.16004742145820983,0.0014523059034075858,3.21179264390167,True,0.14285714285714285,0.399419077638637,0.0,0.21531701192718142,0.0,0.21531701192718142,0.35714285714285715,0.6123599531785959,0.35714285714285715,0.6123599531785959,1.0594569267279519,1.1866605518454392,0.8112726208286104,0.8660254037844386
T1,Karagumruk,Total,Lay Vitória,Equipa vence o jogo,27,0.14814814814814814,0.0591583185964489,0.3247906334682948,-0.2003995696941755,0.1880234163292631,5.258609900696471,True,0.07407407407407407,0.2336997729073062,0.0,0.12455903714463581,0.037037037037037035,0.18283853934156521,0.4074074074074074,0.5927361694463591,0.37037037037037035,0.557710953765537,1.2968252888897478,1.4693951425835092,1.0592851589685255,0.9842509842514764
T1,Karagumruk,Total,Lay Clean Sheet,Equipa não sofre golos (clean sheet),27,0.14814814814814814,0.0591583185964489,0.3247906334682948,-0.13193483940371908,0.1880234163292631,5.258609900696471,True,0.07407407407407407,0.2336997729073062,0.0,0.12455903714463581,0.037037037037037035,0.18283853934156521,0.4074074074074074,0.5927361694463591,0.37037037037037035,0.557710953765537,1.2968252888897478,1.4693951425835092,1.0592851589685255,0.9842509842514764
T1,Karagumruk,Total,Lay Empate,Jogo termina empatado,27,0.18518518518518517,0.08180586574285321,0.36699056505191746,-0.1177193791301675,0.0825235873702064,4.583298753530259,True,0.07407407407407407,0.2336997729073062,0.0,0.12455903714463581,0.037037037037037035,0.18283853934156521,0.4074074074074074,0.5927361694463591,0.37037037037037035,0.557710953765537,1.2968252888897478,1.4693951425835092,1.0592851589685255,0.9842509842514764
T1,Kasimpasa,Casa,Lay Vitória,Equipa vence o jogo,13,0.15384615384615385,0.04325726318273798,0.4223517050863101,-0.23619533992977976,0.0,3.05085107923876,False,0.07692307692307693,0.3331453392824736,0.0,0.22810184305529166,0.15384615384615385,0.4223517050863101,0.46153846153846156,0.7085656756816795,0.3076923076923077,0.5763111218666236,1.146128032750103,1.6098807335735654,1.0262818510866412,1.1575836902790224
T1,Kasimpasa,Casa,Lay Over 3.5,Mais de 3.5 golos no jogo,13,0.23076923076923078,0.08179379092465708,0.5025687399512693,-0.04308969039259497,0.0,2.773500981126145,False,0.07692307692307693,0.3331453392824736,0.0,0.22810184305529166,0.15384615384615385,0.4223517050863101,0.46153846153846156,0.7085656756816795,0.3076923076923077,0.5763111218666236,1.146128032750103,1.6098807335735654,1.0262818510866412,1.1575836902790224
T1,Kasimpasa,Casa,Lay Clean Sheet,Equipa não sofre golos (clean sheet),13,0.23076923076923078,0.08179379092465708,0.5025687399512693,-0.08043408873284391,0.0,2.773500981126145,False,0.07692307692307693,0.3331453392824736,0.0,0.22810184305529166,0.15384615384615385,0.4223517050863101,0.46153846153846156,0.7085656756816795,0.3076923076923077,0.5763111218666236,1.146128032750103,1.6098807335735654,1.0262818510866412,1.1575836902790224
T1,Kasimpasa,Casa,Lay Cantos Over 10.5,Total de cantos Over 10.5,13,0.23076923076923078,0.08179379092465708,0.5025687399512693,-0.15927226300670283,0.0,2.773500981126145,False,0.07692307692307693,0.3331453392824736,0.0,0.22810184305529166,0.15384615384615385,0.4223517050863101,0.46153846153846156,0.7085656756816795,0.3076923076923077,0.5763111218666236,1.146128032750103,1.6098807335735654,1.0262818510866412,1.1575836902790224
T1,Kasimpasa,Casa,Lay Over 2.5,Mais de 2.5 golos no jogo,13,0.3076923076923077,0.1268049716161809,0.5763111218666236,-0.19438238110437278,0.0,2.496150883013531,False,0.07692307692307693,0.3331453392824736,0.0,0.22810184305529166,0.15384615384615385,0.4223517050863101,0.46153846153846156,0.7085656756816795,0.3076923076923077,0.5763111218666236,1.146128032750103,1.6098807335735654,1.0262818510866412,1.1575836902790224
T1,Kasimpasa,Fora,Lay Over 3.5,Mais de 3.5 golos no jogo,14,0.07142857142857142,0.012721886112291648,0.3146926955395781,-0.20243034973325433,0.21326826115105474,4.215374569226061,True,0.07142857142857142,0.3146926955395781,0.0,0.21531701192718142,0.14285714285714285,0.399419077638637,0.2857142857142857,0.546495411724844,0.14285714285714285,0.399419077638637,1.118033988749895,1.2876968840942817,1.1627728997214073,0.7576044462920078
T1,Kasimpasa,Total,Lay Over 3.5,Mais de 3.5 golos no jogo,27,0.14814814814814814,0.0591583185964489,0.3247906334682948,-0.1257107730136776,0.1880234163292631,5.258609900696471,True,0.07407407407407407,0.2336997729073062,0.0,0.12455903714463581,0.14814814814814814,0.3247906334682948,0.37037037037037035,0.557710953765537,0.2222222222222222,0.4075729546307081,1.1331154474650633,1.4553246447695185,1.0999438818457408,0.9425862342903825
T1,Kasimpasa,Total,Lay Vitória,Equipa vence o jogo,27,0.18518518518518517,0.08180586574285321,0.36699056505191746,-0.16336253265713846,0.0825235873702064,4.583298753530259,True,0.07407407407407407,0.2336997729073062,0.0,0.12455903714463581,0.14814814814814814,0.3247906334682948,0.37037037037037035,0.557710953765537,0.2222222222222222,0.4075729546307081,1.1331154474650633,1.4553246447695185,1.0999438818457408,0.9425862342903825
T1,Kayserispor,Casa,Lay Vitória,Equipa vence o jogo,13,0.23076923076923078,0.08179379092465708,0.5025687399512693,-0.15927226300670283,0.0,2.773500981126145,False,0.3076923076923077,0.5763111218666236,0.0,0.22810184305529166,0.07692307692307693,0.3331453392824736,0.38461538461538464,0.6447751902773147,0.3076923076923077,0.5763111218666236,1.8040060614705495,1.422557077608225,1.2064913185660093,1.0392304845413263
T1,Kayserispor,Casa,Lay Empate,Jogo termina empatado,13,0.23076923076923078,0.08179379092465708,0.5025687399512693,-0.0721353335461219,0.0,2.773500981126145,False,0.3076923076923077,0.5763111218666236,0.0,0.22810184305529166,0.07692307692307693,0.3331453392824736,0.38461538461538464,0.6447751902773147,0.3076923076923077,0.5763111218666236,1.8040060614705495,1.422557077608225,1.2064913185660093,1.0392304845413263
T1,Kayserispor,Casa,Lay Clean Sheet,Equipa não sofre golos (clean sheet),13,0.23076923076923078,0.08179379092465708,0.5025687399512693,-0.08043408873284391,0.0,2.773500981126145,False,0.3076923076923077,0.5763111218666236,0.0,0.22810184305529166,0.07692307692307693,0.3331453392824736,0.38461538461538464,0.6447751902773147,0.3076923076923077,0.5763111218666236,1.8040060614705495,1.422557077608225,1.2064913185660093,1.0392304845413263
T1,Kayserispor,Casa,Lay Cantos Over 10.5,Total de cantos Over 10.5,13,0.3076923076923077,0.1268049716161809,0.5763111218666236,-0.0823491860836259,0.0,2.496150883013531,False,0.3076923076923077,0.5763111218666236,0.0,0.22810184305529166,0.07692307692307693,0.3331453392824736,0.38461538461538464,0.6447751902773147,0.3076923076923077,0.5763111218666236,1.8040060614705495,1.422557077608225,1.2064913185660093,1.0392304845413263
T1,Kayserispor,Casa,Lay Over 3.5,Mais de 3.5 golos no jogo,13,0.38461538461538464,0.17709446581236818,0.6447751902773147,0.11075646345355888,0.0,2.2188007849009166,False,0.3076923076923077,0.5763111218666236,0.0,0.22810184305529166,0.07692307692307693,0.3331453392824736,0.38461538461538464,0.6447751902773147,0.3076923076923077,0.5763111218666236,1.8040060614705495,1.422557077608225,1.2064913185660093,1.0392304845413263
T1,Kayserispor,Fora,Lay Vitória,Equipa vence o jogo,14,0.07142857142857142,0.012721886112291648,0.3146926955395781,-0.2356253704801423,0.21326826115105474,4.215374569226061,True,0.14285714285714285,0.399419077638637,0.0,0.21531701192718142,0.14285714285714285,0.399419077638637,0.35714285714285715,0.6123599531785959,0.21428571428571427,0.4758972377320828,1.4725377234348789,1.630387458644761,0.7726181304565691,0.8576346483687822
T1,Kayserispor,Total,Lay Vitória,Equipa vence o jogo,27,0.14814814814814814,0.0591583185964489,0.3247906334682948,-0.2003995696941755,0.1880234163292631,5.258609900696471,True,0.2222222222222222,0.4075729546307081,0.0,0.12455903714463581,0.1111111111111111,0.2805818254397295,0.37037037037037035,0.557710953765537,0.25925925925925924,0.44678930402615685,1.6555182695279267,1.547598697464902,1.0075163339804032,0.9476070829586857
T1,Kocaelispor,Casa,Lay Over 3.5,Mais de 3.5 golos no jogo,14,0.0,0.0,0.21531701192718142,-0.27385892116182575,0.4617074701820465,5.469208553109305,True,0.0,0.21531701192718142,0.07142857142857142,0.3146926955395781,0.07142857142857142,0.3146926955395781,0.2857142857142857,0.546495411724844,0.21428571428571427,0.4758972377320828,1.3190132366156706,0.9394961741404219,1.349603116263656,0.8451542547285166
T1,Kocaelispor,Fora,Lay Cantos Over 10.5,Total de cantos Over 10.5,13,0.07692307692307693,0.013710066379696304,0.3331453392824736,-0.3131184168528567,0.1671366517938161,3.88446557863012,True,0.07692307692307693,0.3331453392824736,0.0,0.22810184305529166,0.15384615384615385,0.4223517050863101,0.5384615384615384,0.7679424569851186,0.38461538461538464,0.6447751902773147,1.6390212117432705,1.6817854699288803,1.2064913185660093,1.3146843962443588
T1,Kocaelispor,Total,Lay Over 3.5,Mais de 3.5 golos no jogo,27,0.14814814814814814,0.0591583185964489,0.3247906334682948,-0.1257107730136776,0.1880234163292631,5.258609900696471,True,0.037037037037037035,0.18283853934156521,0.037037037037037035,0.18283853934156521,0.1111111111111111,0.2805818254397295,0.4074074074074074,0.5927361694463591,0.2962962962962963,0.48481033380837596,1.5869840952317447,1.3738694067401043,1.314684396244359,1.0452882852322878
T1,Konyaspor,Casa,Lay Over 3.5,Mais de 3.5 golos no jogo,14,0.14285714285714285,0.04009307373792117,0.399419077638637,-0.1310017783046829,0.0014523059034075858,3.21179264390167,True,0.0,0.21531701192718142,0.07142857142857142,0.3146926955395781,0.14285714285714285,0.399419077638637,0.21428571428571427,0.4758972377320828,0.07142857142857142,0.3146926955395781,1.3343958351621001,1.3190132366156706,1.1605769149479943,0.7288689868556626
T1,Konyaspor,Fora,Lay Clean Sheet,Equipa não sofre golos (clean sheet),13,0.0,0.0,0.22810184305529166,-0.24896265560165975,0.4297453923617709,5.155020323018745,True,0.07692307692307693,0.3331453392824736,0.07692307692307693,0.3331453392824736,0.0,0.22810184305529166,0.23076923076923078,0.5025687399512693,0.23076923076923078,0.5025687399512693,1.7269187938956652,0.9607689228305228,1.2064913185660093,0.8894442709417556
T1,Konyaspor,Total,Lay Clean Sheet,Equipa não sofre golos (clean sheet),27,0.18518518518518517,0.08180586574285321,0.36699056505191746,-0.09489780236668205,0.0825235873702064,4.583298753530259,True,0.037037037037037035,0.18283853934156521,0.07407407407407407,0.2336997729073062,0.07407407407407407,0.2336997729073062,0.2222222222222222,0.4075729546307081,0.14814814814814814,0.3247906334682948,1.5826563421645554,1.225024845077128,1.1967032904743342,0.8109551670952603
T1,Rizespor,Casa,Lay Over 3.5,Mais de 3.5 golos no jogo,13,0.07692307692307693,0.013710066379696304,0.3331453392824736,-0.19693584423874883,0.1671366517938161,3.88446557863012,True,0.23076923076923078,0.5025687399512693,0.07692307692307693,0.3331453392824736,0.07692307692307693,0.3331453392824736,0.3076923076923077,0.5763111218666236,0.23076923076923078,0.5025687399512693,1.855744320279203,1.6817854699288803,1.3803352649943357,0.8770580193070292
T1,Rizespor,Fora,Lay Vitória,Equipa vence o jogo,13,0.15384615384615385,0.04325726318273798,0.4223517050863101,-0.15320778806255986,0.0,3.05085107923876,False,0.0,0.22810184305529166,0.15384615384615385,0.4223517050863101,0.07692307692307693,0.3331453392824736,0.23076923076923078,0.5025687399512693,0.15384615384615385,0.4223517050863101,1.4675987714106855,1.7742403991801223,0.9607689228305228,0.9146393261569877
T1,Rizespor,Fora,Lay Clean Sheet,Equipa não sofre golos (clean sheet),13,0.15384615384615385,0.04325726318273798,0.4223517050863101,-0.0951165017555059,0.0,3.05085107923876,False,0.0,0.22810184305529166,0.15384615384615385,0.4223517050863101,0.07692307692307693,0.3331453392824736,0.23076923076923078,0.5025687399512693,0.15384615384615385,0.4223517050863101,1.4675987714106855,1.7742403991801223,0.9607689228305228,0.9146393261569877
T1,Rizespor,Fora,Lay Derrota,Equipa perde o jogo,13,0.3076923076923077,0.1268049716161809,0.5763111218666236,-0.0823491860836259,0.0,2.496150883013531,False,0.0,0.22810184305529166,0.15384615384615385,0.4223517050863101,0.07692307692307693,0.3331453392824736,0.23076923076923078,0.5025687399512693,0.15384615384615385,0.4223517050863101,1.4675987714106855,1.7742403991801223,0.9607689228305228,0.9146393261569877
T1,Rizespor,Fora,Lay Cantos Over 10.5,Total de cantos Over 10.5,13,0.38461538461538464,0.17709446581236818,0.6447751902773147,-0.005426109160548975,0.0,2.2188007849009166,False,0.0,0.22810184305529166,0.15384615384615385,0.4223517050863101,0.07692307692307693,0.3331453392824736,0.23076923076923078,0.5025687399512693,0.15384615384615385,0.4223517050863101,1.4675987714106855,1.7742403991801223,0.9607689228305228,0.9146393261569877
T1,Rizespor,Fora,Lay Over 3.5,Mais de 3.5 golos no jogo,13,0.46153846153846156,0.23205754301488138,0.7085656756816795,0.1876795403766358,0.0,1.9414506867883017,False,0.0,0.22810184305529166,0.15384615384615385,0.4223517050863101,0.07692307692307693,0.3331453392824736,0.23076923076923078,0.5025687399512693,0.15384615384615385,0.4223517050863101,1.4675987714106855,1.7742403991801223,0.9607689228305228,0.9146393261569877
T1,Rizespor,Total,Lay Vitória,Equipa vence o jogo,26,0.2692307692307692,0.13704275525067386,0.46083403419761304,-0.07931694861155442,0.0,3.7262065676254967,False,0.11538461538461539,0.28976293086898336,0.11538461538461539,0.28976293086898336,0.07692307692307693,0.24141947480515055,0.2692307692307692,0.46083403419761304,0.19230769230769232,0.3787663615465,1.680025359064735,1.755801878540512,1.1991120975476843,0.9375
T1,Rizespor,Total,Lay Over 3.5,Mais de 3.5 golos no jogo,26,0.2692307692307692,0.13704275525067386,0.46083403419761304,-0.0046281519310565344,0.0,3.7262065676254967,False,0.11538461538461539,0.28976293086898336,0.11538461538461539,0.28976293086898336,0.07692307692307693,0.24141947480515055,0.2692307692307692,0.46083403419761304,0.19230769230769232,0.3787663615465,1.680025359064735,1.755801878540512,1.1991120975476843,0.9375
T1,Rizespor,Total,Lay Clean Sheet,Equipa não sofre golos (clean sheet),26,0.3076923076923077,0.1650112093979267,0.4998861151423124,0.027609320140440485,0.0,3.530090432487312,False,0.11538461538461539,0.28976293086898336,0.11538461538461539,0.28976293086898336,0.07692307692307693,0.24141947480515055,0.2692307692307692,0.46083403419761304,0.19230769230769232,0.3787663615465,1.680025359064735,1.755801878540512,1.1991120975476843,0.9375
T1,Rizespor,Total,Lay Cantos Over 10.5,Total de cantos Over 10.5,26,0.3076923076923077,0.1650112093979267,0.4998861151423124,-0.0823491860836259,0.0,3.530090432487312,False,0.11538461538461539,0.28976293086898336,0.11538461538461539,0.28976293086898336,0.07692307692307693,0.24141947480515055,0.2692307692307692,0.46083403419761304,0.19230769230769232,0.3787663615465,1.680025359064735,1.755801878540512,1.1991120975476843,0.9375
T1,Rizespor,Total,Lay Empate,Jogo termina empatado,26,0.34615384615384615,0.19412014972852126,0.53779770990367,0.04324928183849347,0.0,3.3339742973491284,False,0.11538461538461539,0.28976293086898336,0.11538461538461539,0.28976293086898336,0.07692307692307693,0.24141947480515055,0.2692307692307692,0.46083403419761304,0.19230769230769232,0.3787663615465,1.680025359064735,1.755801878540512,1.1991120975476843,0.9375
T1,Samsunspor,Casa,Lay Over 3.5,Mais de 3.5 golos no jogo,13,0.07692307692307693,0.013710066379696304,0.3331453392824736,-0.19693584423874883,0.1671366517938161,3.88446557863012,True,0.07692307692307693,0.3331453392824736,0.0,0.22810184305529166,0.3076923076923077,0.5763111218666236,0.46153846153846156,0.7085656756816795,0.15384615384615385,0.4223517050863101,1.166596222161777,1.5112986695683461,1.146128032750103,1.1208025459943594
T1,Samsunspor,Fora,Lay Clean Sheet,Equipa não sofre golos (clean sheet),13,0.23076923076923078,0.08179379092465708,0.5025687399512693,-0.018193424832428973,0.0,2.773500981126145,False,0.0,0.22810184305529166,0.0,0.22810184305529166,0.07692307692307693,0.3331453392824736,0.15384615384615385,0.4223517050863101,0.07692307692307693,0.3331453392824736,1.2403473458920846,1.5764539639937842,1.2015768732164083,0.6666666666666666
T1,Samsunspor,Fora,Lay Vitória,Equipa vence o jogo,13,0.3076923076923077,0.1268049716161809,0.5763111218666236,0.0006383657835939971,0.0,2.496150883013531,False,0.0,0.22810184305529166,0.0,0.22810184305529166,0.07692307692307693,0.3331453392824736,0.15384615384615385,0.4223517050863101,0.07692307692307693,0.3331453392824736,1.2403473458920846,1.5764539639937842,1.2015768732164083,0.6666666666666666
T1,Samsunspor,Fora,Lay Derrota,Equipa perde o jogo,13,0.3076923076923077,0.1268049716161809,0.5763111218666236,-0.0823491860836259,0.0,2.496150883013531,False,0.0,0.22810184305529166,0.0,0.22810184305529166,0.07692307692307693,0.3331453392824736,0.15384615384615385,0.4223517050863101,0.07692307692307693,0.3331453392824736,1.2403473458920846,1.5764539639937842,1.2015768732164083,0.6666666666666666
T1,Samsunspor,Fora,Lay Empate,Jogo termina empatado,13,0.38461538461538464,0.17709446581236818,0.6447751902773147,0.08171082030003196,0.0,2.2188007849009166,False,0.0,0.22810184305529166,0.0,0.22810184305529166,0.07692307692307693,0.3331453392824736,0.15384615384615385,0.4223517050863101,0.07692307692307693,0.3331453392824736,1.2403473458920846,1.5764539639937842,1.2015768732164083,0.6666666666666666
T1,Samsunspor,Fora,Lay Over 2.5,Mais de 2.5 golos no jogo,13,0.46153846153846156,0.23205754301488138,0.7085656756816795,-0.040536227258218926,0.0,1.9414506867883017,False,0.0,0.22810184305529166,0.0,0.22810184305529166,0.07692307692307693,0.3331453392824736,0.15384615384615385,0.4223517050863101,0.07692307692307693,0.3331453392824736,1.2403473458920846,1.5764539639937842,1.2015768732164083,0.6666666666666666
T1,Samsunspor,Total,Lay Derrota,Equipa perde o jogo,26,0.2692307692307692,0.13704275525067386,0.46083403419761304,-0.07931694861155442,0.0,3.7262065676254967,False,0.038461538461538464,0.18893176991958402,0.0,0.12873304380462175,0.19230769230769232,0.3787663615465,0.3076923076923077,0.4998861151423124,0.11538461538461539,0.28976293086898336,1.2064913185660093,1.611717449212074,1.1748095653308666,0.873033717322218
T1,Samsunspor,Total,Lay Over 3.5,Mais de 3.5 golos no jogo,26,0.2692307692307692,0.13704275525067386,0.46083403419761304,-0.0046281519310565344,0.0,3.7262065676254967,False,0.038461538461538464,0.18893176991958402,0.0,0.12873304380462175,0.19230769230769232,0.3787663615465,0.3076923076923077,0.4998861151423124,0.11538461538461539,0.28976293086898336,1.2064913185660093,1.611717449212074,1.1748095653308666,0.873033717322218
T1,Samsunspor,Total,Lay Vitória,Equipa vence o jogo,26,0.3076923076923077,0.1650112093979267,0.4998861151423124,-0.040855410150015925,0.0,3.530090432487312,False,0.038461538461538464,0.18893176991958402,0.0,0.12873304380462175,0.19230769230769232,0.3787663615465,0.3076923076923077,0.4998861151423124,0.11538461538461539,0.28976293086898336,1.2064913185660093,1.611717449212074,1.1748095653308666,0.873033717322218
T1,Samsunspor,Total,Lay Clean Sheet,Equipa não sofre golos (clean sheet),26,0.3076923076923077,0.1650112093979267,0.4998861151423124,0.027609320140440485,0.0,3.530090432487312,False,0.038461538461538464,0.18893176991958402,0.0,0.12873304380462175,0.19230769230769232,0.3787663615465,0.3076923076923077,0.4998861151423124,0.11538461538461539,0.28976293086898336,1.2064913185660093,1.611717449212074,1.1748095653308666,0.873033717322218
T1,Samsunspor,Total,Lay Empate,Jogo termina empatado,26,0.4230769230769231,0.255441899027294,0.6105170307888017,0.1201723587615704,0.0,2.94174202707276,False,0.038461538461538464,0.18893176991958402,0.0,0.12873304380462175,0.19230769230769232,0.3787663615465,0.3076923076923077,0.4998861151423124,0.11538461538461539,0.28976293086898336,1.2064913185660093,1.611717449212074,1.1748095653308666,0.873033717322218
T1,Trabzonspor,Casa,Lay Derrota,Equipa perde o jogo,13,0.07692307692307693,0.013710066379696304,0.3331453392824736,-0.23013086498563678,0.1671366517938161,3.88446557863012,True,0.0,0.22810184305529166,0.07692307692307693,0.3331453392824736,0.0,0.22810184305529166,0.0,0.22810184305529166,0.0,0.22810184305529166,1.2403473458920846,1.5613679330911108,1.0986812966989001,0.5184592558726288
T1,Trabzonspor,Fora,Lay Derrota,Equipa perde o jogo,14,0.14285714285714285,0.04009307373792117,0.399419077638637,-0.24718435091879076,0.0014523059034075858,3.21179264390167,True,0.0,0.21531701192718142,0.07142857142857142,0.3146926955395781,0.07142857142857142,0.3146926955395781,0.14285714285714285,0.399419077638637,0.07142857142857142,0.3146926955395781,1.0126747770541304,2.2417649752107454,1.1605769149479945,0.6267831705280087
T1,Trabzonspor,Fora,Lay Empate,Jogo termina empatado,14,0.14285714285714285,0.04009307373792117,0.399419077638637,-0.16004742145820983,0.0014523059034075858,3.21179264390167,True,0.0,0.21531701192718142,0.07142857142857142,0.3146926955395781,0.07142857142857142,0.3146926955395781,0.14285714285714285,0.399419077638637,0.07142857142857142,0.3146926955395781,1.0126747770541304,2.2417649752107454,1.1605769149479945,0.6267831705280087
T1,Trabzonspor,Total,Lay Derrota,Equipa perde o jogo,27,0.1111111111111111,0.03851964789498726,0.2805818254397295,-0.23743660673121253,0.2985454364006763,5.997724458087124,True,0.0,0.12455903714463581,0.07407407407407407,0.2336997729073062,0.037037037037037035,0.18283853934156521,0.07407407407407407,0.2336997729073062,0.037037037037037035,0.18283853934156521,1.1331154474650633,1.952803900216899,1.1331154474650633,0.5797091130466874
