league,team,jogos,ppg,vit%,emp%,der%,golos_marcados,golos_sofridos,diff_golos,marca%,CS%,BTTS%,O2.5%,U2.5%,remates,remates_sofridos,SOT,SOT_sofridos,cantos,cantos_sofridos,amarelos,amarelos_sofridos,gf_sum,ga_sum,shots_sum,shots_against_sum,sot_sum,conversion_rate,sot_pct,xg_impl,xg_overperf,defensive_solidity,scope
D1,Bayern Munich,28,2.607142857142857,0.8214285714285714,0.14285714285714285,0.03571428571428571,3.5714285714285716,0.9642857142857143,2.607142857142857,1.0,0.35714285714285715,0.6428571428571429,0.9642857142857143,0.03571428571428571,19.107142857142858,10.142857142857142,8.678571428571429,2.7142857142857144,6.285714285714286,3.357142857142857,1.7857142857142858,1.6071428571428572,100,27,535,284,243,0.18691588785046728,0.4542056074766355,2.863928571428571,0.7075000000000005,0.09507042253521127,Total
D1,Dortmund,28,2.2857142857142856,0.6785714285714286,0.25,0.07142857142857142,2.142857142857143,1.0,1.1428571428571428,1.0,0.4642857142857143,0.5357142857142857,0.5714285714285714,0.42857142857142855,13.214285714285714,10.785714285714286,4.857142857142857,3.5,5.571428571428571,4.535714285714286,1.8571428571428572,1.6071428571428572,60,28,370,302,136,0.16216216216216217,0.3675675675675676,1.602857142857143,0.5399999999999998,0.09271523178807947,Total
D1,RB Leipzig,28,1.8928571428571428,0.5714285714285714,0.17857142857142858,0.25,1.9642857142857142,1.2857142857142858,0.6785714285714286,0.8928571428571429,0.35714285714285715,0.5714285714285714,0.6785714285714286,0.32142857142857145,15.464285714285714,12.0,5.678571428571429,3.9642857142857144,5.178571428571429,4.357142857142857,1.4285714285714286,2.0,55,36,433,336,159,0.12702078521939955,0.3672055427251732,1.8739285714285716,0.09035714285714258,0.10714285714285714,Total
D1,Stuttgart,28,1.8928571428571428,0.5714285714285714,0.17857142857142858,0.25,2.0,1.3571428571428572,0.6428571428571429,0.8928571428571429,0.35714285714285715,0.5714285714285714,0.7142857142857143,0.2857142857142857,14.892857142857142,12.071428571428571,5.857142857142857,4.357142857142857,5.357142857142857,4.035714285714286,1.9642857142857142,1.7142857142857142,56,38,417,338,164,0.1342925659472422,0.3932853717026379,1.932857142857143,0.06714285714285695,0.11242603550295859,Total
D1,Hoffenheim,28,1.7857142857142858,0.5357142857142857,0.17857142857142858,0.2857142857142857,1.9642857142857142,1.4642857142857142,0.5,0.8214285714285714,0.21428571428571427,0.6428571428571429,0.6785714285714286,0.32142857142857145,13.928571428571429,12.321428571428571,5.214285714285714,4.392857142857143,5.678571428571429,5.071428571428571,1.9285714285714286,1.4285714285714286,55,41,390,345,146,0.14102564102564102,0.37435897435897436,1.7207142857142856,0.24357142857142855,0.11884057971014493,Total
D1,Leverkusen,28,1.75,0.5,0.25,0.25,2.0714285714285716,1.3928571428571428,0.6785714285714286,0.8571428571428571,0.25,0.6071428571428571,0.5714285714285714,0.42857142857142855,14.5,11.892857142857142,4.892857142857143,4.785714285714286,5.285714285714286,4.142857142857143,2.25,2.7142857142857144,58,39,406,333,137,0.14285714285714285,0.3374384236453202,1.6146428571428573,0.45678571428571435,0.11711711711711711,Total
D1,Ein Frankfurt,28,1.3928571428571428,0.35714285714285715,0.32142857142857145,0.32142857142857145,1.8571428571428572,1.8928571428571428,-0.03571428571428571,0.8928571428571429,0.25,0.6785714285714286,0.6428571428571429,0.35714285714285715,11.821428571428571,11.964285714285714,4.464285714285714,4.607142857142857,4.428571428571429,4.178571428571429,1.8214285714285714,2.0714285714285716,52,53,331,335,125,0.15709969788519637,0.3776435045317221,1.4732142857142858,0.3839285714285714,0.1582089552238806,Total
D1,Freiburg,28,1.3214285714285714,0.35714285714285715,0.25,0.39285714285714285,1.4642857142857142,1.6785714285714286,-0.21428571428571427,0.7142857142857143,0.17857142857142858,0.6071428571428571,0.6428571428571429,0.35714285714285715,12.75,13.928571428571429,4.321428571428571,4.714285714285714,4.464285714285714,4.142857142857143,1.6428571428571428,2.357142857142857,41,47,357,390,121,0.11484593837535013,0.3389355742296919,1.4260714285714287,0.038214285714285534,0.12051282051282051,Total
D1,Mainz,28,1.1785714285714286,0.2857142857142857,0.32142857142857145,0.39285714285714285,1.25,1.5357142857142858,-0.2857142857142857,0.6785714285714286,0.10714285714285714,0.6071428571428571,0.5357142857142857,0.4642857142857143,11.321428571428571,14.678571428571429,3.75,5.071428571428571,4.964285714285714,4.535714285714286,2.2142857142857144,1.8928571428571428,35,43,317,411,105,0.11041009463722397,0.3312302839116719,1.2375,0.012499999999999956,0.10462287104622871,Total
D1,Augsburg,28,1.1428571428571428,0.32142857142857145,0.17857142857142858,0.5,1.2142857142857142,1.8214285714285714,-0.6071428571428571,0.7142857142857143,0.17857142857142858,0.5714285714285714,0.5714285714285714,0.42857142857142855,12.964285714285714,13.785714285714286,4.392857142857143,4.714285714285714,4.5,5.464285714285714,2.5357142857142856,1.75,34,51,363,386,123,0.09366391184573003,0.33884297520661155,1.4496428571428572,-0.23535714285714304,0.13212435233160622,Total
D1,Union Berlin,28,1.1428571428571428,0.2857142857142857,0.2857142857142857,0.42857142857142855,1.1428571428571428,1.6785714285714286,-0.5357142857142857,0.7142857142857143,0.21428571428571427,0.5714285714285714,0.5357142857142857,0.4642857142857143,12.107142857142858,13.392857142857142,3.607142857142857,4.428571428571429,4.857142857142857,4.5,2.1785714285714284,2.0357142857142856,32,47,339,375,101,0.0943952802359882,0.29793510324483774,1.190357142857143,-0.0475000000000001,0.12533333333333332,Total
D1,Hamburg,28,1.1071428571428572,0.25,0.35714285714285715,0.39285714285714285,1.1428571428571428,1.4642857142857142,-0.32142857142857145,0.6785714285714286,0.21428571428571427,0.6071428571428571,0.5,0.5,12.285714285714286,14.25,4.571428571428571,4.607142857142857,3.8214285714285716,5.5,2.357142857142857,2.3214285714285716,32,41,344,399,128,0.09302325581395349,0.37209302325581395,1.5085714285714287,-0.3657142857142859,0.10275689223057644,Total
D1,M'gladbach,28,1.0714285714285714,0.25,0.32142857142857145,0.42857142857142855,1.25,1.7142857142857142,-0.4642857142857143,0.6428571428571429,0.35714285714285715,0.42857142857142855,0.5714285714285714,0.42857142857142855,11.607142857142858,14.214285714285714,4.25,5.464285714285714,4.071428571428571,4.571428571428571,1.5,2.25,35,48,325,398,119,0.1076923076923077,0.36615384615384616,1.4025,-0.15250000000000008,0.12060301507537688,Total
D1,Werder Bremen,28,1.0,0.25,0.25,0.5,1.1071428571428572,1.75,-0.6428571428571429,0.6071428571428571,0.21428571428571427,0.42857142857142855,0.5357142857142857,0.4642857142857143,13.392857142857142,13.071428571428571,4.142857142857143,4.964285714285714,4.464285714285714,4.642857142857143,2.392857142857143,1.4642857142857142,31,49,375,366,116,0.08266666666666667,0.30933333333333335,1.3671428571428572,-0.26,0.13387978142076504,Total
D1,FC Koln,28,0.9642857142857143,0.21428571428571427,0.32142857142857145,0.4642857142857143,1.4285714285714286,1.75,-0.32142857142857145,0.8571428571428571,0.10714285714285714,0.75,0.6071428571428571,0.39285714285714285,12.857142857142858,14.035714285714286,4.428571428571429,4.75,4.5,5.678571428571429,1.8928571428571428,2.25,40,49,360,393,124,0.1111111111111111,0.34444444444444444,1.4614285714285715,-0.03285714285714292,0.12468193384223919,Total
D1,St Pauli,28,0.8928571428571429,0.21428571428571427,0.25,0.5357142857142857,0.8928571428571429,1.6071428571428572,-0.7142857142857143,0.6071428571428571,0.17857142857142858,0.5357142857142857,0.5357142857142857,0.4642857142857143,10.357142857142858,11.821428571428571,3.392857142857143,5.321428571428571,4.464285714285714,5.035714285714286,1.5357142857142858,1.7857142857142858,25,45,290,331,95,0.08620689655172414,0.3275862068965517,1.1196428571428572,-0.22678571428571426,0.13595166163141995,Total
D1,Wolfsburg,28,0.75,0.17857142857142858,0.21428571428571427,0.6071428571428571,1.3571428571428572,2.25,-0.8928571428571429,0.7857142857142857,0.03571428571428571,0.75,0.6785714285714286,0.32142857142857145,11.357142857142858,15.75,3.9285714285714284,5.821428571428571,3.9285714285714284,7.785714285714286,2.107142857142857,1.6071428571428572,38,63,318,441,110,0.11949685534591195,0.34591194968553457,1.2964285714285715,0.06071428571428572,0.14285714285714285,Total
D1,Heidenheim,28,0.5714285714285714,0.10714285714285714,0.25,0.6428571428571429,1.0357142857142858,2.25,-1.2142857142857142,0.6071428571428571,0.0,0.6071428571428571,0.6785714285714286,0.32142857142857145,11.392857142857142,15.214285714285714,3.5,5.75,4.5,4.785714285714286,1.5357142857142858,2.0714285714285716,29,63,319,426,98,0.09090909090909091,0.3072100313479624,1.155,-0.11928571428571422,0.14788732394366197,Total
D1,Bayern Munich,14,2.642857142857143,0.8571428571428571,0.07142857142857142,0.07142857142857142,4.0,0.9285714285714286,3.0714285714285716,1.0,0.35714285714285715,0.6428571428571429,1.0,0.0,21.142857142857142,8.928571428571429,9.142857142857142,2.5,7.214285714285714,2.857142857142857,1.3571428571428572,1.3571428571428572,56,13,296,125,128,0.1891891891891892,0.43243243243243246,3.0171428571428573,0.9828571428571427,0.104,Casa
D1,Dortmund,14,2.5,0.7857142857142857,0.14285714285714285,0.07142857142857142,2.357142857142857,0.9285714285714286,1.4285714285714286,1.0,0.5714285714285714,0.42857142857142855,0.5714285714285714,0.42857142857142855,14.857142857142858,9.642857142857142,5.571428571428571,3.2857142857142856,7.642857142857143,3.642857142857143,1.4285714285714286,1.2142857142857142,33,13,208,135,78,0.15865384615384615,0.375,1.8385714285714287,0.5185714285714285,0.0962962962962963,Casa
D1,Stuttgart,14,2.2857142857142856,0.7142857142857143,0.14285714285714285,0.14285714285714285,1.5714285714285714,1.0,0.5714285714285714,0.7857142857142857,0.5,0.35714285714285715,0.42857142857142855,0.5714285714285714,15.785714285714286,11.357142857142858,5.785714285714286,3.7142857142857144,5.071428571428571,4.142857142857143,2.0,1.9285714285714286,22,14,221,159,81,0.09954751131221719,0.3665158371040724,1.9092857142857143,-0.33785714285714286,0.0880503144654088,Casa
D1,RB Leipzig,14,2.0714285714285716,0.6428571428571429,0.14285714285714285,0.21428571428571427,2.4285714285714284,1.2857142857142858,1.1428571428571428,1.0,0.35714285714285715,0.6428571428571429,0.7857142857142857,0.21428571428571427,16.928571428571427,11.642857142857142,7.0,4.285714285714286,5.428571428571429,4.5,1.1428571428571428,2.2857142857142856,34,18,237,163,98,0.14345991561181434,0.41350210970464135,2.31,0.11857142857142833,0.11042944785276074,Casa
D1,Leverkusen,14,1.9285714285714286,0.5714285714285714,0.21428571428571427,0.21428571428571427,2.2857142857142856,1.0714285714285714,1.2142857142857142,1.0,0.42857142857142855,0.5714285714285714,0.5,0.5,16.571428571428573,9.857142857142858,6.0,3.7857142857142856,6.285714285714286,3.2857142857142856,2.0,2.7142857142857144,32,15,232,138,84,0.13793103448275862,0.3620689655172414,1.9800000000000002,0.3057142857142854,0.10869565217391304,Casa
D1,Freiburg,14,1.7857142857142858,0.5,0.2857142857142857,0.21428571428571427,1.8571428571428572,1.3571428571428572,0.5,0.9285714285714286,0.14285714285714285,0.7857142857142857,0.7142857142857143,0.2857142857142857,14.5,11.857142857142858,5.357142857142857,3.9285714285714284,5.0,3.642857142857143,1.8571428571428572,2.4285714285714284,26,19,203,166,75,0.12807881773399016,0.3694581280788177,1.7678571428571428,0.08928571428571441,0.1144578313253012,Casa
D1,Hoffenheim,14,1.7857142857142858,0.5714285714285714,0.07142857142857142,0.35714285714285715,2.0714285714285716,1.2142857142857142,0.8571428571428571,0.8571428571428571,0.21428571428571427,0.6428571428571429,0.7142857142857143,0.2857142857142857,16.071428571428573,11.571428571428571,6.0,4.285714285714286,6.642857142857143,4.571428571428571,1.7857142857142858,1.6428571428571428,29,17,225,162,84,0.1288888888888889,0.37333333333333335,1.9800000000000002,0.09142857142857141,0.10493827160493827,Casa
D1,Ein Frankfurt,14,1.7142857142857142,0.5,0.21428571428571427,0.2857142857142857,1.7857142857142858,1.4285714285714286,0.35714285714285715,0.9285714285714286,0.42857142857142855,0.5,0.5714285714285714,0.42857142857142855,13.142857142857142,10.357142857142858,5.214285714285714,3.4285714285714284,5.214285714285714,3.5714285714285716,1.5714285714285714,2.5714285714285716,25,20,184,145,73,0.1358695652173913,0.3967391304347826,1.7207142857142856,0.06500000000000017,0.13793103448275862,Casa
D1,Augsburg,14,1.5,0.42857142857142855,0.21428571428571427,0.35714285714285715,1.3571428571428572,1.7142857142857142,-0.35714285714285715,0.7857142857142857,0.35714285714285715,0.5,0.5,0.5,12.5,13.857142857142858,4.642857142857143,4.357142857142857,5.214285714285714,5.428571428571429,2.5,2.0,19,24,175,194,65,0.10857142857142857,0.37142857142857144,1.532142857142857,-0.17499999999999982,0.12371134020618557,Casa
D1,Hamburg,15,1.4,0.3333333333333333,0.4,0.26666666666666666,1.4,1.2,0.2,0.7333333333333333,0.13333333333333333,0.6666666666666666,0.4666666666666667,0.5333333333333333,13.333333333333334,12.666666666666666,4.733333333333333,3.7333333333333334,3.8666666666666667,5.666666666666667,2.1333333333333333,2.6666666666666665,21,18,200,190,71,0.105,0.355,1.562,-0.16200000000000014,0.09473684210526316,Casa
D1,Union Berlin,14,1.2857142857142858,0.2857142857142857,0.42857142857142855,0.2857142857142857,1.3571428571428572,1.5714285714285714,-0.21428571428571427,0.7857142857142857,0.21428571428571427,0.7142857142857143,0.6428571428571429,0.35714285714285715,12.142857142857142,11.785714285714286,3.9285714285714284,3.9285714285714284,5.071428571428571,4.142857142857143,2.642857142857143,2.142857142857143,19,22,170,165,55,0.11176470588235295,0.3235294117647059,1.2964285714285715,0.06071428571428572,0.13333333333333333,Casa
D1,St Pauli,13,1.2307692307692308,0.3076923076923077,0.3076923076923077,0.38461538461538464,1.0769230769230769,1.5384615384615385,-0.46153846153846156,0.6153846153846154,0.15384615384615385,0.6153846153846154,0.6923076923076923,0.3076923076923077,10.846153846153847,10.76923076923077,4.384615384615385,4.923076923076923,5.6923076923076925,3.769230769230769,1.5384615384615385,2.3846153846153846,14,20,141,140,57,0.09929078014184398,0.40425531914893614,1.4469230769230772,-0.37000000000000033,0.14285714285714285,Casa
D1,M'gladbach,14,1.2142857142857142,0.2857142857142857,0.35714285714285715,0.35714285714285715,1.2857142857142858,1.6428571428571428,-0.35714285714285715,0.5714285714285714,0.42857142857142855,0.35714285714285715,0.5714285714285714,0.42857142857142855,11.928571428571429,14.428571428571429,4.5,4.642857142857143,3.7857142857142856,3.9285714285714284,1.5,1.8571428571428572,18,23,167,202,63,0.10778443113772455,0.3772455089820359,1.485,-0.1992857142857143,0.11386138613861387,Casa
D1,Mainz,14,1.2142857142857142,0.2857142857142857,0.35714285714285715,0.35714285714285715,1.2142857142857142,1.2142857142857142,0.0,0.6428571428571429,0.14285714285714285,0.5714285714285714,0.35714285714285715,0.6428571428571429,13.285714285714286,12.642857142857142,4.0,4.0,6.285714285714286,3.4285714285714284,1.8571428571428572,1.7857142857142858,17,17,186,177,56,0.0913978494623656,0.3010752688172043,1.32,-0.10571428571428587,0.096045197740113,Casa
D1,FC Koln,14,1.1428571428571428,0.2857142857142857,0.2857142857142857,0.42857142857142855,1.7857142857142858,1.7142857142857142,0.07142857142857142,0.9285714285714286,0.07142857142857142,0.8571428571428571,0.7142857142857143,0.2857142857142857,13.357142857142858,12.714285714285714,4.785714285714286,4.5,4.714285714285714,4.714285714285714,1.7857142857142858,2.5,25,24,187,178,67,0.13368983957219252,0.3582887700534759,1.5792857142857142,0.20642857142857163,0.1348314606741573,Casa
D1,Werder Bremen,14,1.1428571428571428,0.2857142857142857,0.2857142857142857,0.42857142857142855,1.0714285714285714,1.7857142857142858,-0.7142857142857143,0.6428571428571429,0.21428571428571427,0.42857142857142855,0.5,0.5,15.571428571428571,10.785714285714286,4.428571428571429,3.7857142857142856,4.5,3.357142857142857,2.357142857142857,1.4285714285714286,15,25,218,151,62,0.06880733944954129,0.28440366972477066,1.4614285714285715,-0.3900000000000001,0.16556291390728478,Casa
D1,Heidenheim,14,0.7857142857142857,0.14285714285714285,0.35714285714285715,0.5,1.2857142857142858,2.4285714285714284,-1.1428571428571428,0.6428571428571429,0.0,0.6428571428571429,0.7857142857142857,0.21428571428571427,11.642857142857142,15.0,3.857142857142857,5.785714285714286,4.571428571428571,4.428571428571429,1.2857142857142858,1.9285714285714286,18,34,163,210,54,0.11042944785276074,0.3312883435582822,1.272857142857143,0.0128571428571429,0.1619047619047619,Casa
D1,Wolfsburg,14,0.6428571428571429,0.14285714285714285,0.21428571428571427,0.6428571428571429,1.4285714285714286,2.0714285714285716,-0.6428571428571429,0.7857142857142857,0.0,0.7857142857142857,0.7142857142857143,0.2857142857142857,12.928571428571429,13.928571428571429,4.571428571428571,5.142857142857143,5.071428571428571,6.285714285714286,2.142857142857143,2.0714285714285716,20,29,181,195,64,0.11049723756906077,0.35359116022099446,1.5085714285714287,-0.08000000000000007,0.14871794871794872,Casa
D1,Bayern Munich,14,2.5714285714285716,0.7857142857142857,0.21428571428571427,0.0,3.142857142857143,1.0,2.142857142857143,1.0,0.35714285714285715,0.6428571428571429,0.9285714285714286,0.07142857142857142,17.071428571428573,11.357142857142858,8.214285714285714,2.9285714285714284,5.357142857142857,3.857142857142857,2.2142857142857144,1.8571428571428572,44,14,239,159,115,0.18410041841004185,0.4811715481171548,2.710714285714286,0.43214285714285694,0.0880503144654088,Fora
D1,Dortmund,14,2.0714285714285716,0.5714285714285714,0.35714285714285715,0.07142857142857142,1.9285714285714286,1.0714285714285714,0.8571428571428571,1.0,0.35714285714285715,0.6428571428571429,0.5714285714285714,0.42857142857142855,11.571428571428571,11.928571428571429,4.142857142857143,3.7142857142857144,3.5,5.428571428571429,2.2857142857142856,2.0,27,15,162,167,58,0.16666666666666666,0.35802469135802467,1.3671428571428572,0.5614285714285714,0.08982035928143713,Fora
D1,Hoffenheim,14,1.7857142857142858,0.5,0.2857142857142857,0.21428571428571427,1.8571428571428572,1.7142857142857142,0.14285714285714285,0.7857142857142857,0.21428571428571427,0.6428571428571429,0.6428571428571429,0.35714285714285715,11.785714285714286,13.071428571428571,4.428571428571429,4.5,4.714285714285714,5.571428571428571,2.0714285714285716,1.2142857142857142,26,24,165,183,62,0.15757575757575756,0.37575757575757573,1.4614285714285715,0.3957142857142857,0.13114754098360656,Fora
D1,RB Leipzig,14,1.7142857142857142,0.5,0.21428571428571427,0.2857142857142857,1.5,1.2857142857142858,0.21428571428571427,0.7857142857142857,0.35714285714285715,0.5,0.5714285714285714,0.42857142857142855,14.0,12.357142857142858,4.357142857142857,3.642857142857143,4.928571428571429,4.214285714285714,1.7142857142857142,1.7142857142857142,21,18,196,173,61,0.10714285714285714,0.3112244897959184,1.437857142857143,0.062142857142857055,0.10404624277456648,Fora
D1,Leverkusen,14,1.5714285714285714,0.42857142857142855,0.2857142857142857,0.2857142857142857,1.8571428571428572,1.7142857142857142,0.14285714285714285,0.7142857142857143,0.07142857142857142,0.6428571428571429,0.6428571428571429,0.35714285714285715,12.428571428571429,13.928571428571429,3.7857142857142856,5.785714285714286,4.285714285714286,5.0,2.5,2.7142857142857144,26,24,174,195,53,0.14942528735632185,0.3045977011494253,1.2492857142857143,0.6078571428571429,0.12307692307692308,Fora
D1,Stuttgart,14,1.5,0.42857142857142855,0.21428571428571427,0.35714285714285715,2.4285714285714284,1.7142857142857142,0.7142857142857143,1.0,0.21428571428571427,0.7857142857142857,1.0,0.0,14.0,12.785714285714286,5.928571428571429,5.0,5.642857142857143,3.9285714285714284,1.9285714285714286,1.5,34,24,196,179,83,0.17346938775510204,0.42346938775510207,1.9564285714285714,0.472142857142857,0.1340782122905028,Fora
D1,Mainz,14,1.1428571428571428,0.2857142857142857,0.2857142857142857,0.42857142857142855,1.2857142857142858,1.8571428571428572,-0.5714285714285714,0.7142857142857143,0.07142857142857142,0.6428571428571429,0.7142857142857143,0.2857142857142857,9.357142857142858,16.714285714285715,3.5,6.142857142857143,3.642857142857143,5.642857142857143,2.5714285714285716,2.0,18,26,131,234,49,0.13740458015267176,0.37404580152671757,1.155,0.13071428571428578,0.1111111111111111,Fora
D1,Ein Frankfurt,14,1.0714285714285714,0.21428571428571427,0.42857142857142855,0.35714285714285715,1.9285714285714286,2.357142857142857,-0.42857142857142855,0.8571428571428571,0.07142857142857142,0.8571428571428571,0.7142857142857143,0.2857142857142857,10.5,13.571428571428571,3.7142857142857144,5.785714285714286,3.642857142857143,4.785714285714286,2.0714285714285716,1.5714285714285714,27,33,147,190,52,0.1836734693877551,0.35374149659863946,1.2257142857142858,0.7028571428571428,0.1736842105263158,Fora
D1,Union Berlin,14,1.0,0.2857142857142857,0.14285714285714285,0.5714285714285714,0.9285714285714286,1.7857142857142858,-0.8571428571428571,0.6428571428571429,0.21428571428571427,0.42857142857142855,0.42857142857142855,0.5714285714285714,12.071428571428571,15.0,3.2857142857142856,4.928571428571429,4.642857142857143,4.857142857142857,1.7142857142857142,1.9285714285714286,13,25,169,210,46,0.07692307692307693,0.27218934911242604,1.0842857142857143,-0.1557142857142857,0.11904761904761904,Fora
D1,M'gladbach,14,0.9285714285714286,0.21428571428571427,0.2857142857142857,0.5,1.2142857142857142,1.7857142857142858,-0.5714285714285714,0.7142857142857143,0.2857142857142857,0.5,0.5714285714285714,0.42857142857142855,11.285714285714286,14.0,4.0,6.285714285714286,4.357142857142857,5.214285714285714,1.5,2.642857142857143,17,25,158,196,56,0.10759493670886076,0.35443037974683544,1.32,-0.10571428571428587,0.12755102040816327,Fora
D1,Freiburg,14,0.8571428571428571,0.21428571428571427,0.21428571428571427,0.5714285714285714,1.0714285714285714,2.0,-0.9285714285714286,0.5,0.21428571428571427,0.42857142857142855,0.5714285714285714,0.42857142857142855,11.0,16.0,3.2857142857142856,5.5,3.9285714285714284,4.642857142857143,1.4285714285714286,2.2857142857142856,15,28,154,224,46,0.09740259740259741,0.2987012987012987,1.0842857142857143,-0.0128571428571429,0.125,Fora
D1,Werder Bremen,14,0.8571428571428571,0.21428571428571427,0.21428571428571427,0.5714285714285714,1.1428571428571428,1.7142857142857142,-0.5714285714285714,0.5714285714285714,0.21428571428571427,0.42857142857142855,0.5714285714285714,0.42857142857142855,11.214285714285714,15.357142857142858,3.857142857142857,6.142857142857143,4.428571428571429,5.928571428571429,2.4285714285714284,1.5,16,24,157,215,54,0.10191082802547771,0.34394904458598724,1.272857142857143,-0.13000000000000012,0.11162790697674418,Fora
D1,Wolfsburg,14,0.8571428571428571,0.21428571428571427,0.21428571428571427,0.5714285714285714,1.2857142857142858,2.4285714285714284,-1.1428571428571428,0.7857142857142857,0.07142857142857142,0.7142857142857143,0.6428571428571429,0.35714285714285715,9.785714285714286,17.571428571428573,3.2857142857142856,6.5,2.7857142857142856,9.285714285714286,2.0714285714285716,1.1428571428571428,18,34,137,246,46,0.13138686131386862,0.3357664233576642,1.0842857142857143,0.2014285714285715,0.13821138211382114,Fora
D1,Augsburg,14,0.7857142857142857,0.21428571428571427,0.14285714285714285,0.6428571428571429,1.0714285714285714,1.9285714285714286,-0.8571428571428571,0.6428571428571429,0.0,0.6428571428571429,0.6428571428571429,0.35714285714285715,13.428571428571429,13.714285714285714,4.142857142857143,5.071428571428571,3.7857142857142856,5.5,2.5714285714285716,1.5,15,27,188,192,58,0.0797872340425532,0.30851063829787234,1.3671428571428572,-0.2957142857142858,0.140625,Fora
D1,FC Koln,14,0.7857142857142857,0.14285714285714285,0.35714285714285715,0.5,1.0714285714285714,1.7857142857142858,-0.7142857142857143,0.7857142857142857,0.14285714285714285,0.6428571428571429,0.5,0.5,12.357142857142858,15.357142857142858,4.071428571428571,5.0,4.285714285714286,6.642857142857143,2.0,2.0,15,25,173,215,57,0.08670520231213873,0.32947976878612717,1.3435714285714286,-0.27214285714285724,0.11627906976744186,Fora
D1,Hamburg,13,0.7692307692307693,0.15384615384615385,0.3076923076923077,0.5384615384615384,0.8461538461538461,1.7692307692307692,-0.9230769230769231,0.6153846153846154,0.3076923076923077,0.5384615384615384,0.5384615384615384,0.46153846153846156,11.076923076923077,16.076923076923077,4.384615384615385,5.615384615384615,3.769230769230769,5.3076923076923075,2.6153846153846154,1.9230769230769231,11,23,144,209,57,0.0763888888888889,0.3958333333333333,1.4469230769230772,-0.600769230769231,0.11004784688995216,Fora
D1,St Pauli,15,0.6,0.13333333333333333,0.2,0.6666666666666666,0.7333333333333333,1.6666666666666667,-0.9333333333333333,0.6,0.2,0.4666666666666667,0.4,0.6,9.933333333333334,12.733333333333333,2.533333333333333,5.666666666666667,3.4,6.133333333333334,1.5333333333333334,1.2666666666666666,11,25,149,191,38,0.0738255033557047,0.2550335570469799,0.8360000000000001,-0.1026666666666668,0.13089005235602094,Fora
D1,Heidenheim,14,0.35714285714285715,0.07142857142857142,0.14285714285714285,0.7857142857142857,0.7857142857142857,2.0714285714285716,-1.2857142857142858,0.5714285714285714,0.0,0.5714285714285714,0.5714285714285714,0.42857142857142855,11.142857142857142,15.428571428571429,3.142857142857143,5.714285714285714,4.428571428571429,5.142857142857143,1.7857142857142858,2.2142857142857144,11,29,156,216,44,0.07051282051282051,0.28205128205128205,1.0371428571428571,-0.25142857142857145,0.13425925925925927,Fora
E0,Arsenal,31,2.2580645161290325,0.6774193548387096,0.22580645161290322,0.0967741935483871,1.967741935483871,0.7096774193548387,1.2580645161290323,0.9032258064516129,0.4838709677419355,0.4838709677419355,0.5161290322580645,0.4838709677419355,14.64516129032258,7.806451612903226,4.935483870967742,2.3225806451612905,5.838709677419355,3.3225806451612905,1.2903225806451613,1.8064516129032258,61,22,454,242,153,0.1343612334801762,0.3370044052863436,1.6287096774193548,0.3390322580645162,0.09090909090909091,Total
E0,Man City,30,2.033333333333333,0.6,0.23333333333333334,0.16666666666666666,2.0,0.9333333333333333,1.0666666666666667,0.8666666666666667,0.4,0.5,0.6,0.4,14.766666666666667,9.766666666666667,5.233333333333333,3.433333333333333,5.766666666666667,3.7,1.8666666666666667,2.033333333333333,60,28,443,293,157,0.13544018058690746,0.3544018058690745,1.727,0.2729999999999999,0.09556313993174062,Total
E0,Man United,31,1.7741935483870968,0.4838709677419355,0.3225806451612903,0.1935483870967742,1.8064516129032258,1.3870967741935485,0.41935483870967744,0.9032258064516129,0.16129032258064516,0.7419354838709677,0.6129032258064516,0.3870967741935484,15.870967741935484,11.0,5.741935483870968,3.6451612903225805,4.580645161290323,4.903225806451613,1.4838709677419355,2.096774193548387,56,43,492,341,178,0.11382113821138211,0.3617886178861789,1.8948387096774195,-0.08838709677419376,0.12609970674486803,Total
E0,Aston Villa,31,1.7419354838709677,0.5161290322580645,0.1935483870967742,0.2903225806451613,1.3548387096774193,1.1935483870967742,0.16129032258064516,0.7096774193548387,0.2903225806451613,0.5161290322580645,0.4838709677419355,0.5161290322580645,12.806451612903226,12.741935483870968,4.354838709677419,4.258064516129032,5.354838709677419,4.774193548387097,1.5161290322580645,2.4193548387096775,42,37,397,395,135,0.10579345088161209,0.34005037783375314,1.4370967741935485,-0.08225806451612927,0.09367088607594937,Total
E0,Liverpool,31,1.5806451612903225,0.45161290322580644,0.22580645161290322,0.3225806451612903,1.6129032258064515,1.3548387096774193,0.25806451612903225,0.8709677419354839,0.2903225806451613,0.6451612903225806,0.6129032258064516,0.3870967741935484,15.67741935483871,11.064516129032258,4.516129032258065,3.806451612903226,5.967741935483871,4.451612903225806,1.5806451612903225,1.8709677419354838,50,42,486,343,140,0.102880658436214,0.2880658436213992,1.4903225806451614,0.12258064516129008,0.12244897959183673,Total
E0,Chelsea,31,1.5483870967741935,0.41935483870967744,0.2903225806451613,0.2903225806451613,1.7096774193548387,1.2258064516129032,0.4838709677419355,0.8709677419354839,0.2903225806451613,0.6451612903225806,0.6451612903225806,0.3548387096774194,13.741935483870968,10.806451612903226,4.67741935483871,4.064516129032258,6.225806451612903,4.129032258064516,2.2903225806451615,2.096774193548387,53,38,426,335,145,0.12441314553990611,0.3403755868544601,1.5435483870967743,0.1661290322580644,0.11343283582089553,Total
E0,Brentford,31,1.4838709677419355,0.41935483870967744,0.22580645161290322,0.3548387096774194,1.4838709677419355,1.3548387096774193,0.12903225806451613,0.6774193548387096,0.25806451612903225,0.5161290322580645,0.4838709677419355,0.5161290322580645,10.32258064516129,12.580645161290322,3.935483870967742,3.935483870967742,4.774193548387097,5.064516129032258,1.8709677419354838,1.7741935483870968,46,42,320,390,122,0.14375,0.38125,1.298709677419355,0.18516129032258055,0.1076923076923077,Total
E0,Everton,31,1.4838709677419355,0.41935483870967744,0.22580645161290322,0.3548387096774194,1.1935483870967742,1.1290322580645162,0.06451612903225806,0.7096774193548387,0.3548387096774194,0.41935483870967744,0.3548387096774194,0.6451612903225806,10.96774193548387,13.612903225806452,3.5806451612903225,4.129032258064516,4.354838709677419,5.193548387096774,1.7096774193548387,1.7419354838709677,37,35,340,422,111,0.10882352941176471,0.3264705882352941,1.1816129032258065,0.011935483870967767,0.08293838862559241,Total
E0,Fulham,31,1.4193548387096775,0.41935483870967744,0.16129032258064516,0.41935483870967744,1.3870967741935485,1.4193548387096775,-0.03225806451612903,0.7741935483870968,0.1935483870967742,0.6129032258064516,0.5806451612903226,0.41935483870967744,12.258064516129032,11.64516129032258,3.6774193548387095,3.870967741935484,4.741935483870968,5.67741935483871,2.096774193548387,1.8064516129032258,43,44,380,361,114,0.11315789473684211,0.3,1.2135483870967743,0.17354838709677423,0.12188365650969529,Total
E0,Brighton,31,1.3870967741935485,0.3548387096774194,0.3225806451612903,0.3225806451612903,1.3225806451612903,1.1935483870967742,0.12903225806451613,0.7741935483870968,0.22580645161290322,0.6129032258064516,0.45161290322580644,0.5483870967741935,12.838709677419354,12.193548387096774,4.451612903225806,3.935483870967742,4.741935483870968,4.838709677419355,2.5483870967741935,2.064516129032258,41,37,398,378,138,0.10301507537688442,0.34673366834170855,1.469032258064516,-0.14645161290322584,0.09788359788359788,Total
E0,Sunderland,31,1.3870967741935485,0.3548387096774194,0.3225806451612903,0.3225806451612903,1.032258064516129,1.1612903225806452,-0.12903225806451613,0.6451612903225806,0.2903225806451613,0.45161290322580644,0.41935483870967744,0.5806451612903226,9.870967741935484,14.67741935483871,3.2903225806451615,4.32258064516129,3.6129032258064515,5.193548387096774,2.096774193548387,1.7419354838709677,32,36,306,455,102,0.10457516339869281,0.3333333333333333,1.0858064516129033,-0.05354838709677434,0.07912087912087912,Total
E0,Bournemouth,31,1.3548387096774193,0.2903225806451613,0.4838709677419355,0.22580645161290322,1.4838709677419355,1.5483870967741935,-0.06451612903225806,0.7741935483870968,0.2903225806451613,0.6451612903225806,0.5483870967741935,0.45161290322580644,14.03225806451613,12.67741935483871,4.806451612903226,4.516129032258065,5.709677419354839,5.32258064516129,2.2903225806451615,1.8709677419354838,46,48,435,393,149,0.10574712643678161,0.3425287356321839,1.5861290322580646,-0.10225806451612907,0.12213740458015267,Total
E0,Newcastle,31,1.3548387096774193,0.3870967741935484,0.1935483870967742,0.41935483870967744,1.4193548387096775,1.4516129032258065,-0.03225806451612903,0.7741935483870968,0.25806451612903225,0.6451612903225806,0.6451612903225806,0.3548387096774194,13.193548387096774,11.935483870967742,4.709677419354839,4.258064516129032,6.612903225806452,5.032258064516129,1.6129032258064515,2.4193548387096775,44,45,409,370,146,0.10757946210268948,0.3569682151589242,1.5541935483870968,-0.1348387096774193,0.12162162162162163,Total
E0,Crystal Palace,30,1.3,0.3333333333333333,0.3,0.36666666666666664,1.1,1.1666666666666667,-0.06666666666666667,0.7,0.36666666666666664,0.5,0.4666666666666667,0.5333333333333333,11.666666666666666,11.5,3.6333333333333333,4.233333333333333,4.3,4.833333333333333,2.066666666666667,1.8333333333333333,33,35,350,345,109,0.09428571428571429,0.31142857142857144,1.199,-0.09899999999999998,0.10144927536231885,Total
E0,Leeds,31,1.064516129032258,0.22580645161290322,0.3870967741935484,0.3870967741935484,1.1935483870967742,1.5483870967741935,-0.3548387096774194,0.6451612903225806,0.1935483870967742,0.5806451612903226,0.5161290322580645,0.4838709677419355,12.483870967741936,12.0,3.870967741935484,3.903225806451613,4.516129032258065,4.387096774193548,1.5806451612903225,1.7419354838709677,37,48,387,372,120,0.09560723514211886,0.31007751937984496,1.2774193548387098,-0.08387096774193559,0.12903225806451613,Total
E0,Nott'm Forest,31,1.032258064516129,0.25806451612903225,0.25806451612903225,0.4838709677419355,1.0,1.3870967741935485,-0.3870967741935484,0.5483870967741935,0.25806451612903225,0.3870967741935484,0.5161290322580645,0.4838709677419355,12.64516129032258,12.64516129032258,3.967741935483871,4.096774193548387,5.387096774193548,4.903225806451613,1.5483870967741935,1.7419354838709677,31,43,392,392,123,0.07908163265306123,0.3137755102040816,1.3093548387096776,-0.3093548387096776,0.1096938775510204,Total
E0,Tottenham,31,0.967741935483871,0.22580645161290322,0.2903225806451613,0.4838709677419355,1.2903225806451613,1.6129032258064515,-0.3225806451612903,0.8064516129032258,0.22580645161290322,0.6129032258064516,0.6774193548387096,0.3225806451612903,11.129032258064516,12.838709677419354,3.806451612903226,4.354838709677419,5.193548387096774,4.967741935483871,2.4193548387096775,1.7419354838709677,40,50,345,398,118,0.11594202898550725,0.34202898550724636,1.2561290322580647,0.03419354838709654,0.12562814070351758,Total
E0,West Ham,31,0.9354838709677419,0.22580645161290322,0.25806451612903225,0.5161290322580645,1.1612903225806452,1.8387096774193548,-0.6774193548387096,0.6774193548387096,0.12903225806451613,0.5806451612903226,0.5806451612903226,0.41935483870967744,10.129032258064516,15.258064516129032,3.3548387096774195,5.387096774193548,5.032258064516129,6.580645161290323,1.6774193548387097,1.8709677419354838,36,57,314,473,104,0.11464968152866242,0.33121019108280253,1.1070967741935485,0.05419354838709678,0.12050739957716702,Total
E0,Burnley,31,0.6451612903225806,0.12903225806451613,0.25806451612903225,0.6129032258064516,1.064516129032258,1.967741935483871,-0.9032258064516129,0.6451612903225806,0.12903225806451613,0.5806451612903226,0.5161290322580645,0.4838709677419355,9.258064516129032,16.774193548387096,2.967741935483871,5.645161290322581,3.5806451612903225,6.064516129032258,1.6451612903225807,1.1612903225806452,33,61,287,520,92,0.11498257839721254,0.3205574912891986,0.9793548387096775,0.08516129032258046,0.11730769230769231,Total
E0,Wolves,31,0.5483870967741935,0.0967741935483871,0.25806451612903225,0.6451612903225806,0.7741935483870968,1.7419354838709677,-0.967741935483871,0.5161290322580645,0.12903225806451613,0.45161290322580644,0.45161290322580644,0.5483870967741935,9.225806451612904,13.838709677419354,3.2580645161290325,4.612903225806452,3.225806451612903,6.129032258064516,2.161290322580645,1.5161290322580645,24,54,286,429,101,0.08391608391608392,0.3531468531468531,1.0751612903225807,-0.3009677419354839,0.1258741258741259,Total
E0,Arsenal,15,2.533333333333333,0.8,0.13333333333333333,0.06666666666666667,2.3333333333333335,0.6,1.7333333333333334,0.9333333333333333,0.5333333333333333,0.4666666666666667,0.6,0.4,16.533333333333335,6.4,5.066666666666666,1.9333333333333333,5.933333333333334,3.0,0.8666666666666667,1.8666666666666667,35,9,248,96,76,0.14112903225806453,0.3064516129032258,1.6720000000000002,0.6613333333333333,0.09375,Casa
E0,Man City,15,2.4,0.7333333333333333,0.2,0.06666666666666667,2.4,0.7333333333333333,1.6666666666666667,0.9333333333333333,0.4666666666666667,0.4666666666666667,0.6666666666666666,0.3333333333333333,16.066666666666666,9.2,6.266666666666667,3.0,6.666666666666667,3.2,1.4666666666666666,2.6,36,11,241,138,94,0.14937759336099585,0.3900414937759336,2.068,0.33199999999999985,0.07971014492753623,Casa
E0,Man United,15,2.2,0.6666666666666666,0.2,0.13333333333333333,2.0,1.1333333333333333,0.8666666666666667,0.8666666666666667,0.26666666666666666,0.6,0.4666666666666667,0.5333333333333333,17.466666666666665,9.666666666666666,6.733333333333333,3.2,4.8,4.333333333333333,1.5333333333333334,2.533333333333333,30,17,262,145,101,0.11450381679389313,0.38549618320610685,2.222,-0.22199999999999998,0.11724137931034483,Casa
E0,Aston Villa,16,2.0,0.625,0.125,0.25,1.4375,0.9375,0.5,0.75,0.375,0.4375,0.5,0.5,14.1875,11.25,4.6875,4.125,5.75,4.6875,1.1875,2.5,23,15,227,180,75,0.1013215859030837,0.3303964757709251,1.546875,-0.109375,0.08333333333333333,Casa
E0,Liverpool,15,1.8666666666666667,0.5333333333333333,0.26666666666666666,0.2,1.8,1.1333333333333333,0.6666666666666666,0.8666666666666667,0.26666666666666666,0.6666666666666666,0.5333333333333333,0.4666666666666667,17.866666666666667,10.6,5.266666666666667,3.6,5.933333333333334,4.666666666666667,1.1333333333333333,1.9333333333333333,27,17,268,159,79,0.10074626865671642,0.2947761194029851,1.738,0.062000000000000055,0.1069182389937107,Casa
E0,Fulham,16,1.8125,0.5625,0.125,0.3125,1.6875,1.1875,0.5,0.875,0.25,0.625,0.625,0.375,13.8125,10.6875,3.875,3.375,5.375,5.9375,1.75,2.125,27,19,221,171,62,0.12217194570135746,0.28054298642533937,1.27875,0.40874999999999995,0.1111111111111111,Casa
E0,Brentford,15,1.7333333333333334,0.4666666666666667,0.3333333333333333,0.2,1.7333333333333334,1.1333333333333333,0.6,0.7333333333333333,0.2,0.6,0.5333333333333333,0.4666666666666667,11.333333333333334,12.133333333333333,4.066666666666666,4.066666666666666,4.066666666666666,4.8,1.7333333333333334,1.7333333333333334,26,17,170,182,61,0.15294117647058825,0.3588235294117647,1.342,0.3913333333333333,0.09340659340659341,Casa
E0,Sunderland,15,1.7333333333333334,0.4666666666666667,0.3333333333333333,0.2,1.4666666666666666,0.9333333333333333,0.5333333333333333,0.8,0.3333333333333333,0.5333333333333333,0.4666666666666667,0.5333333333333333,11.066666666666666,12.333333333333334,3.533333333333333,3.533333333333333,3.8666666666666667,4.533333333333333,1.9333333333333333,1.8,22,14,166,185,53,0.13253012048192772,0.3192771084337349,1.1660000000000001,0.3006666666666664,0.07567567567567568,Casa
E0,Brighton,16,1.6875,0.4375,0.375,0.1875,1.5,1.0625,0.4375,0.8125,0.1875,0.6875,0.5,0.5,13.75,10.3125,4.8125,3.875,5.0625,4.8125,2.0,2.25,24,17,220,165,77,0.10909090909090909,0.35,1.588125,-0.08812500000000001,0.10303030303030303,Casa
E0,Bournemouth,16,1.625,0.375,0.5,0.125,1.4375,1.0625,0.375,0.75,0.3125,0.625,0.4375,0.5625,14.5,9.0625,4.5,3.125,5.5,4.25,2.125,1.875,23,17,232,145,72,0.09913793103448276,0.3103448275862069,1.485,-0.0475000000000001,0.11724137931034483,Casa
E0,Newcastle,16,1.625,0.5,0.125,0.375,1.8125,1.625,0.1875,0.9375,0.1875,0.75,0.75,0.25,14.5,11.6875,5.5625,4.5625,7.25,5.0,1.4375,3.0625,29,26,232,187,89,0.125,0.38362068965517243,1.835625,-0.023125000000000062,0.13903743315508021,Casa
E0,Chelsea,15,1.5333333333333334,0.4,0.3333333333333333,0.26666666666666666,1.5333333333333334,1.1333333333333333,0.4,0.8666666666666667,0.3333333333333333,0.6,0.5333333333333333,0.4666666666666667,15.0,10.4,4.333333333333333,3.8666666666666667,7.066666666666666,3.7333333333333334,2.066666666666667,2.466666666666667,23,17,225,156,65,0.10222222222222223,0.28888888888888886,1.43,0.1033333333333335,0.10897435897435898,Casa
E0,Leeds,16,1.4375,0.375,0.3125,0.3125,1.375,1.25,0.125,0.6875,0.25,0.5625,0.5625,0.4375,14.375,10.875,4.25,3.375,5.5625,4.125,1.5,2.0625,22,20,230,174,68,0.09565217391304348,0.2956521739130435,1.4025,-0.02750000000000008,0.11494252873563218,Casa
E0,Everton,16,1.375,0.375,0.25,0.375,1.3125,1.1875,0.125,0.75,0.375,0.4375,0.4375,0.5625,12.375,10.875,4.25,4.0625,5.3125,4.4375,1.625,2.3125,21,19,198,174,68,0.10606060606060606,0.3434343434343434,1.4025,-0.09000000000000008,0.10919540229885058,Casa
E0,Crystal Palace,15,1.0666666666666667,0.2,0.4666666666666667,0.3333333333333333,0.9333333333333333,1.2,-0.26666666666666666,0.6,0.4,0.4666666666666667,0.4,0.6,13.6,10.466666666666667,3.8,3.8666666666666667,4.6,3.933333333333333,1.8666666666666667,2.1333333333333333,14,18,204,157,57,0.06862745098039216,0.27941176470588236,1.2540000000000002,-0.3206666666666669,0.11464968152866242,Casa
E0,Nott'm Forest,15,0.9333333333333333,0.2,0.3333333333333333,0.4666666666666667,0.8666666666666667,1.2666666666666666,-0.4,0.4,0.26666666666666666,0.3333333333333333,0.4666666666666667,0.5333333333333333,15.2,11.933333333333334,3.8,3.8666666666666667,6.333333333333333,4.2,1.2666666666666666,1.5333333333333334,13,19,228,179,57,0.05701754385964912,0.25,1.2540000000000002,-0.38733333333333353,0.10614525139664804,Casa
E0,West Ham,15,0.8666666666666667,0.2,0.26666666666666666,0.5333333333333333,1.2,1.8666666666666667,-0.6666666666666666,0.6666666666666666,0.06666666666666667,0.6666666666666666,0.6,0.4,10.466666666666667,13.6,3.4,4.866666666666666,5.533333333333333,6.066666666666666,1.4666666666666666,1.8666666666666667,18,28,157,204,51,0.11464968152866242,0.3248407643312102,1.122,0.07799999999999985,0.13725490196078433,Casa
E0,Wolves,16,0.75,0.1875,0.1875,0.625,1.0625,1.9375,-0.875,0.625,0.1875,0.5,0.5625,0.4375,9.4375,12.375,3.5,4.75,2.875,5.5,1.75,1.875,17,31,151,198,56,0.11258278145695365,0.3708609271523179,1.155,-0.09250000000000003,0.15656565656565657,Casa
E0,Burnley,15,0.7333333333333333,0.13333333333333333,0.3333333333333333,0.5333333333333333,1.0,1.5333333333333334,-0.5333333333333333,0.5333333333333333,0.26666666666666666,0.4,0.3333333333333333,0.6666666666666666,10.4,15.666666666666666,2.8666666666666667,5.8,3.4,5.666666666666667,1.2666666666666666,1.1333333333333333,15,23,156,235,43,0.09615384615384616,0.27564102564102566,0.9460000000000001,0.05399999999999994,0.09787234042553192,Casa
E0,Tottenham,16,0.625,0.125,0.25,0.625,1.125,1.75,-0.625,0.8125,0.125,0.6875,0.6875,0.3125,11.9375,11.875,3.875,4.1875,5.625,5.4375,2.75,2.125,18,28,191,190,62,0.09424083769633508,0.32460732984293195,1.27875,-0.15375000000000005,0.14736842105263157,Casa
E0,Arsenal,16,2.0,0.5625,0.3125,0.125,1.625,0.8125,0.8125,0.875,0.4375,0.5,0.4375,0.5625,12.875,9.125,4.8125,2.6875,5.75,3.625,1.6875,1.75,26,13,206,146,77,0.1262135922330097,0.3737864077669903,1.588125,0.03687499999999999,0.08904109589041095,Fora
E0,Man City,15,1.6666666666666667,0.4666666666666667,0.26666666666666666,0.26666666666666666,1.6,1.1333333333333333,0.4666666666666667,0.8,0.3333333333333333,0.5333333333333333,0.5333333333333333,0.4666666666666667,13.466666666666667,10.333333333333334,4.2,3.8666666666666667,4.866666666666666,4.2,2.2666666666666666,1.4666666666666666,24,17,202,155,63,0.1188118811881188,0.3118811881188119,1.3860000000000001,0.21399999999999997,0.10967741935483871,Fora
E0,Everton,15,1.6,0.4666666666666667,0.2,0.3333333333333333,1.0666666666666667,1.0666666666666667,0.0,0.6666666666666666,0.3333333333333333,0.4,0.26666666666666666,0.7333333333333333,9.466666666666667,16.533333333333335,2.8666666666666667,4.2,3.3333333333333335,6.0,1.8,1.1333333333333333,16,16,142,248,43,0.11267605633802817,0.3028169014084507,0.9460000000000001,0.12066666666666659,0.06451612903225806,Fora
E0,Chelsea,16,1.5625,0.4375,0.25,0.3125,1.875,1.3125,0.5625,0.875,0.25,0.6875,0.75,0.25,12.5625,11.1875,5.0,4.25,5.4375,4.5,2.5,1.75,30,21,201,179,80,0.14925373134328357,0.39800995024875624,1.6500000000000001,0.22499999999999987,0.11731843575418995,Fora
E0,Crystal Palace,15,1.5333333333333334,0.4666666666666667,0.13333333333333333,0.4,1.2666666666666666,1.1333333333333333,0.13333333333333333,0.8,0.3333333333333333,0.5333333333333333,0.5333333333333333,0.4666666666666667,9.733333333333333,12.533333333333333,3.466666666666667,4.6,4.0,5.733333333333333,2.2666666666666666,1.5333333333333334,19,17,146,188,52,0.13013698630136986,0.3561643835616438,1.144,0.1226666666666667,0.09042553191489362,Fora
E0,Aston Villa,15,1.4666666666666666,0.4,0.26666666666666666,0.3333333333333333,1.2666666666666666,1.4666666666666666,-0.2,0.6666666666666666,0.2,0.6,0.4666666666666667,0.5333333333333333,11.333333333333334,14.333333333333334,4.0,4.4,4.933333333333334,4.866666666666666,1.8666666666666667,2.3333333333333335,19,22,170,215,60,0.11176470588235295,0.35294117647058826,1.32,-0.053333333333333455,0.10232558139534884,Fora
E0,Man United,16,1.375,0.3125,0.4375,0.25,1.625,1.625,0.0,0.9375,0.0625,0.875,0.75,0.25,14.375,12.25,4.8125,4.0625,4.375,5.4375,1.4375,1.6875,26,26,230,196,77,0.11304347826086956,0.3347826086956522,1.588125,0.03687499999999999,0.1326530612244898,Fora
E0,Tottenham,15,1.3333333333333333,0.3333333333333333,0.3333333333333333,0.3333333333333333,1.4666666666666666,1.4666666666666666,0.0,0.8,0.3333333333333333,0.5333333333333333,0.6666666666666666,0.3333333333333333,10.266666666666667,13.866666666666667,3.7333333333333334,4.533333333333333,4.733333333333333,4.466666666666667,2.066666666666667,1.3333333333333333,22,22,154,208,56,0.14285714285714285,0.36363636363636365,1.232,0.23466666666666658,0.10576923076923077,Fora
E0,Liverpool,16,1.3125,0.375,0.1875,0.4375,1.4375,1.5625,-0.125,0.875,0.3125,0.625,0.6875,0.3125,13.625,11.5,3.8125,4.0,6.0,4.25,2.0,1.8125,23,25,218,184,61,0.10550458715596331,0.2798165137614679,1.2581250000000002,0.17937499999999984,0.1358695652173913,Fora
E0,Brentford,16,1.25,0.375,0.125,0.5,1.25,1.5625,-0.3125,0.625,0.3125,0.4375,0.4375,0.5625,9.375,13.0,3.8125,3.8125,5.4375,5.3125,2.0,1.8125,20,25,150,208,61,0.13333333333333333,0.4066666666666667,1.2581250000000002,-0.00812500000000016,0.1201923076923077,Fora
E0,Nott'm Forest,16,1.125,0.3125,0.1875,0.5,1.125,1.5,-0.375,0.6875,0.25,0.4375,0.5625,0.4375,10.25,13.3125,4.125,4.3125,4.5,5.5625,1.8125,1.9375,18,24,164,213,66,0.10975609756097561,0.4024390243902439,1.36125,-0.23625000000000007,0.11267605633802817,Fora
E0,Bournemouth,15,1.0666666666666667,0.2,0.4666666666666667,0.3333333333333333,1.5333333333333334,2.066666666666667,-0.5333333333333333,0.8,0.26666666666666666,0.6666666666666666,0.6666666666666666,0.3333333333333333,13.533333333333333,16.533333333333335,5.133333333333334,6.0,5.933333333333334,6.466666666666667,2.466666666666667,1.8666666666666667,23,31,203,248,77,0.11330049261083744,0.3793103448275862,1.694,-0.1606666666666665,0.125,Fora
E0,Brighton,15,1.0666666666666667,0.26666666666666666,0.26666666666666666,0.4666666666666667,1.1333333333333333,1.3333333333333333,-0.2,0.7333333333333333,0.26666666666666666,0.5333333333333333,0.4,0.6,11.866666666666667,14.2,4.066666666666666,4.0,4.4,4.866666666666666,3.1333333333333333,1.8666666666666667,17,20,178,213,61,0.09550561797752809,0.34269662921348315,1.342,-0.20866666666666678,0.09389671361502347,Fora
E0,Newcastle,15,1.0666666666666667,0.26666666666666666,0.26666666666666666,0.4666666666666667,1.0,1.2666666666666666,-0.26666666666666666,0.6,0.3333333333333333,0.5333333333333333,0.5333333333333333,0.4666666666666667,11.8,12.2,3.8,3.933333333333333,5.933333333333334,5.066666666666666,1.8,1.7333333333333334,15,19,177,183,57,0.0847457627118644,0.3220338983050847,1.2540000000000002,-0.2540000000000002,0.10382513661202186,Fora
E0,Sunderland,16,1.0625,0.25,0.3125,0.4375,0.625,1.375,-0.75,0.5,0.25,0.375,0.375,0.625,8.75,16.875,3.0625,5.0625,3.375,5.8125,2.25,1.6875,10,22,140,270,49,0.07142857142857142,0.35,1.010625,-0.3856250000000001,0.08148148148148149,Fora
E0,Fulham,15,1.0,0.26666666666666666,0.2,0.5333333333333333,1.0666666666666667,1.6666666666666667,-0.6,0.6666666666666666,0.13333333333333333,0.6,0.5333333333333333,0.4666666666666667,10.6,12.666666666666666,3.466666666666667,4.4,4.066666666666666,5.4,2.466666666666667,1.4666666666666666,16,25,159,190,52,0.10062893081761007,0.3270440251572327,1.144,-0.07733333333333325,0.13157894736842105,Fora
E0,West Ham,16,1.0,0.25,0.25,0.5,1.125,1.8125,-0.6875,0.6875,0.1875,0.5,0.5625,0.4375,9.8125,16.8125,3.3125,5.875,4.5625,7.0625,1.875,1.875,18,29,157,269,53,0.11464968152866242,0.3375796178343949,1.0931250000000001,0.031874999999999876,0.10780669144981413,Fora
E0,Leeds,15,0.6666666666666666,0.06666666666666667,0.4666666666666667,0.4666666666666667,1.0,1.8666666666666667,-0.8666666666666667,0.6,0.13333333333333333,0.6,0.4666666666666667,0.5333333333333333,10.466666666666667,13.2,3.466666666666667,4.466666666666667,3.4,4.666666666666667,1.6666666666666667,1.4,15,28,157,198,52,0.09554140127388536,0.33121019108280253,1.144,-0.1439999999999999,0.1414141414141414,Fora
E0,Burnley,16,0.5625,0.125,0.1875,0.6875,1.125,2.375,-1.25,0.75,0.0,0.75,0.6875,0.3125,8.1875,17.8125,3.0625,5.5,3.75,6.4375,2.0,1.1875,18,38,131,285,49,0.13740458015267176,0.37404580152671757,1.010625,0.1143749999999999,0.13333333333333333,Fora
E0,Wolves,15,0.3333333333333333,0.0,0.3333333333333333,0.6666666666666666,0.4666666666666667,1.5333333333333334,-1.0666666666666667,0.4,0.06666666666666667,0.4,0.3333333333333333,0.6666666666666666,9.0,15.4,3.0,4.466666666666667,3.6,6.8,2.6,1.1333333333333333,7,23,135,231,45,0.05185185185185185,0.3333333333333333,0.9900000000000001,-0.5233333333333334,0.09956709956709957,Fora
E1,Coventry,41,2.048780487804878,0.6097560975609756,0.21951219512195122,0.17073170731707318,2.048780487804878,1.024390243902439,1.024390243902439,0.8536585365853658,0.36585365853658536,0.5853658536585366,0.6341463414634146,0.36585365853658536,16.365853658536587,11.975609756097562,5.658536585365853,3.8292682926829267,5.390243902439025,4.512195121951219,1.5853658536585367,2.0,84,42,671,491,232,0.12518628912071536,0.34575260804769004,1.8673170731707318,0.18146341463414628,0.0855397148676171,Total
E1,Ipswich,39,1.8461538461538463,0.5128205128205128,0.3076923076923077,0.1794871794871795,1.7692307692307692,1.0256410256410255,0.7435897435897436,0.8974358974358975,0.358974358974359,0.5897435897435898,0.5128205128205128,0.48717948717948717,15.307692307692308,10.153846153846153,5.076923076923077,3.3846153846153846,5.769230769230769,3.8974358974358974,1.794871794871795,2.4615384615384617,69,40,597,396,198,0.11557788944723618,0.3316582914572864,1.6753846153846155,0.09384615384615369,0.10101010101010101,Total
E1,Middlesbrough,41,1.7560975609756098,0.4878048780487805,0.2926829268292683,0.21951219512195122,1.5121951219512195,1.0,0.5121951219512195,0.7560975609756098,0.2926829268292683,0.5609756097560976,0.5365853658536586,0.4634146341463415,16.073170731707318,9.975609756097562,4.7317073170731705,3.2195121951219514,6.804878048780488,4.317073170731708,1.5365853658536586,2.1219512195121952,62,41,659,409,194,0.09408194233687406,0.2943854324734446,1.5614634146341462,-0.04926829268292665,0.10024449877750612,Total
E1,Millwall,41,1.7560975609756098,0.5121951219512195,0.21951219512195122,0.2682926829268293,1.3658536585365855,1.146341463414634,0.21951219512195122,0.8292682926829268,0.36585365853658536,0.5121951219512195,0.5121951219512195,0.4878048780487805,12.609756097560975,13.048780487804878,4.097560975609756,4.073170731707317,5.487804878048781,5.365853658536586,1.829268292682927,1.7560975609756098,56,47,517,535,168,0.10831721470019343,0.32495164410058025,1.3521951219512196,0.013658536585365866,0.08785046728971962,Total
E1,Hull,41,1.6585365853658536,0.4878048780487805,0.1951219512195122,0.3170731707317073,1.5365853658536586,1.4146341463414633,0.12195121951219512,0.8048780487804879,0.2682926829268293,0.6097560975609756,0.6341463414634146,0.36585365853658536,10.926829268292684,14.926829268292684,4.097560975609756,4.7560975609756095,4.439024390243903,5.682926829268292,2.4634146341463414,1.5609756097560976,63,58,448,612,168,0.140625,0.375,1.3521951219512196,0.18439024390243897,0.09477124183006536,Total
E1,Southampton,39,1.6153846153846154,0.4358974358974359,0.3076923076923077,0.2564102564102564,1.6153846153846154,1.2307692307692308,0.38461538461538464,0.8717948717948718,0.2564102564102564,0.6923076923076923,0.5641025641025641,0.4358974358974359,14.307692307692308,12.58974358974359,5.256410256410256,3.6153846153846154,5.615384615384615,4.743589743589744,1.8974358974358974,2.076923076923077,63,48,558,491,205,0.11290322580645161,0.3673835125448029,1.7346153846153847,-0.11923076923076925,0.09775967413441955,Total
E1,Wrexham,40,1.6,0.425,0.325,0.25,1.55,1.325,0.225,0.875,0.25,0.675,0.5,0.5,11.3,13.475,3.825,4.25,4.575,5.45,1.6,1.875,62,53,452,539,153,0.13716814159292035,0.33849557522123896,1.26225,0.28774999999999995,0.09833024118738404,Total
E1,Derby,41,1.5365853658536586,0.43902439024390244,0.21951219512195122,0.34146341463414637,1.4634146341463414,1.2439024390243902,0.21951219512195122,0.9024390243902439,0.2682926829268293,0.6341463414634146,0.4878048780487805,0.5121951219512195,10.75609756097561,12.390243902439025,3.4634146341463414,3.975609756097561,4.512195121951219,5.414634146341464,2.268292682926829,1.7317073170731707,60,51,441,508,142,0.1360544217687075,0.3219954648526077,1.1429268292682926,0.32048780487804884,0.10039370078740158,Total
E1,Norwich,41,1.4146341463414633,0.4146341463414634,0.17073170731707318,0.4146341463414634,1.3414634146341464,1.170731707317073,0.17073170731707318,0.8048780487804879,0.21951219512195122,0.5853658536585366,0.4634146341463415,0.5365853658536586,12.292682926829269,12.121951219512194,4.317073170731708,3.682926829268293,5.097560975609756,5.2926829268292686,1.8048780487804879,1.829268292682927,55,48,504,497,177,0.10912698412698413,0.35119047619047616,1.4246341463414636,-0.08317073170731715,0.096579476861167,Total
E1,Bristol City,41,1.3902439024390243,0.3902439024390244,0.21951219512195122,0.3902439024390244,1.2682926829268293,1.2439024390243902,0.024390243902439025,0.6585365853658537,0.2926829268292683,0.43902439024390244,0.43902439024390244,0.5609756097560976,12.390243902439025,13.21951219512195,4.0,4.341463414634147,5.0,4.658536585365853,1.7560975609756098,1.9268292682926829,52,51,508,542,164,0.10236220472440945,0.3228346456692913,1.32,-0.05170731707317078,0.0940959409594096,Total
E1,QPR,41,1.3902439024390243,0.3902439024390244,0.21951219512195122,0.3902439024390244,1.4146341463414633,1.5365853658536586,-0.12195121951219512,0.7560975609756098,0.21951219512195122,0.6585365853658537,0.6341463414634146,0.36585365853658536,12.75609756097561,11.902439024390244,3.975609756097561,3.902439024390244,4.7073170731707314,5.195121951219512,1.7560975609756098,1.829268292682927,58,63,523,488,163,0.11089866156787763,0.31166347992351817,1.3119512195121952,0.10268292682926816,0.1290983606557377,Total
E1,Watford,41,1.3902439024390243,0.34146341463414637,0.36585365853658536,0.2926829268292683,1.2682926829268293,1.1951219512195121,0.07317073170731707,0.7560975609756098,0.17073170731707318,0.6341463414634146,0.4634146341463415,0.5365853658536586,14.146341463414634,11.24390243902439,4.585365853658536,3.7804878048780486,5.097560975609756,5.097560975609756,2.073170731707317,2.3658536585365852,52,49,580,461,188,0.0896551724137931,0.32413793103448274,1.5131707317073173,-0.24487804878048802,0.10629067245119306,Total
E1,Preston,41,1.3170731707317074,0.3170731707317073,0.36585365853658536,0.3170731707317073,1.170731707317073,1.2682926829268293,-0.0975609756097561,0.7317073170731707,0.21951219512195122,0.5609756097560976,0.43902439024390244,0.5609756097560976,10.609756097560975,14.439024390243903,3.4634146341463414,4.2682926829268295,4.2682926829268295,6.341463414634147,2.0,1.4146341463414633,48,52,435,592,142,0.1103448275862069,0.3264367816091954,1.1429268292682926,0.027804878048780513,0.08783783783783784,Total
E1,Stoke,41,1.3170731707317074,0.36585365853658536,0.21951219512195122,0.4146341463414634,1.170731707317073,1.0975609756097562,0.07317073170731707,0.6341463414634146,0.3170731707317073,0.4146341463414634,0.43902439024390244,0.5609756097560976,11.24390243902439,13.146341463414634,3.951219512195122,3.8536585365853657,5.634146341463414,5.195121951219512,1.975609756097561,1.951219512195122,48,45,461,539,162,0.10412147505422993,0.351409978308026,1.3039024390243903,-0.1331707317073172,0.08348794063079777,Total
E1,Swansea,41,1.3170731707317074,0.36585365853658536,0.21951219512195122,0.4146341463414634,1.1951219512195121,1.3170731707317074,-0.12195121951219512,0.7560975609756098,0.2682926829268293,0.5121951219512195,0.4878048780487805,0.5121951219512195,12.268292682926829,12.317073170731707,3.7560975609756095,4.341463414634147,4.560975609756097,5.048780487804878,2.0,2.1219512195121952,49,54,503,505,154,0.09741550695825049,0.3061630218687873,1.2395121951219512,-0.044390243902439064,0.10693069306930693,Total
E1,Birmingham,41,1.2926829268292683,0.34146341463414637,0.2682926829268293,0.3902439024390244,1.1951219512195121,1.2682926829268293,-0.07317073170731707,0.7317073170731707,0.21951219512195122,0.5365853658536586,0.4634146341463415,0.5365853658536586,13.634146341463415,10.78048780487805,3.926829268292683,3.658536585365854,5.7317073170731705,4.2682926829268295,1.7804878048780488,1.7804878048780488,49,52,559,442,161,0.08765652951699464,0.2880143112701252,1.2958536585365854,-0.10073170731707326,0.11764705882352941,Total
E1,Sheffield United,41,1.2439024390243902,0.36585365853658536,0.14634146341463414,0.4878048780487805,1.3902439024390243,1.4146341463414633,-0.024390243902439025,0.7317073170731707,0.21951219512195122,0.5365853658536586,0.5609756097560976,0.43902439024390244,13.292682926829269,12.195121951219512,4.121951219512195,4.195121951219512,6.609756097560975,4.926829268292683,1.6097560975609757,1.975609756097561,57,58,545,500,169,0.10458715596330276,0.3100917431192661,1.3602439024390245,0.029999999999999805,0.116,Total
E1,Charlton,41,1.1951219512195121,0.2926829268292683,0.3170731707317073,0.3902439024390244,0.926829268292683,1.1951219512195121,-0.2682926829268293,0.7560975609756098,0.3170731707317073,0.4878048780487805,0.34146341463414637,0.6585365853658537,10.878048780487806,16.121951219512194,3.4146341463414633,4.146341463414634,4.170731707317073,5.390243902439025,2.1463414634146343,1.3902439024390243,38,49,446,661,140,0.08520179372197309,0.31390134529147984,1.126829268292683,-0.20000000000000007,0.07413010590015129,Total
E1,Blackburn,41,1.146341463414634,0.2926829268292683,0.2682926829268293,0.43902439024390244,0.9024390243902439,1.1951219512195121,-0.2926829268292683,0.6585365853658537,0.2926829268292683,0.4634146341463415,0.3902439024390244,0.6097560975609756,11.804878048780488,11.317073170731707,3.1707317073170733,3.5609756097560976,5.439024390243903,5.0,2.048780487804878,1.5365853658536586,37,49,484,464,130,0.07644628099173553,0.26859504132231404,1.0463414634146342,-0.14390243902439026,0.10560344827586207,Total
E1,Leicester,41,1.146341463414634,0.2682926829268293,0.34146341463414637,0.3902439024390244,1.3170731707317074,1.5365853658536586,-0.21951219512195122,0.8292682926829268,0.12195121951219512,0.7560975609756098,0.5853658536585366,0.4146341463414634,12.365853658536585,12.75609756097561,4.048780487804878,4.219512195121951,4.951219512195122,5.658536585365853,1.7560975609756098,1.6829268292682926,54,63,507,523,166,0.10650887573964497,0.32741617357001973,1.3360975609756098,-0.019024390243902456,0.12045889101338432,Total
E1,West Brom,41,1.0975609756097562,0.2682926829268293,0.2926829268292683,0.43902439024390244,1.024390243902439,1.3658536585365855,-0.34146341463414637,0.6829268292682927,0.24390243902439024,0.5365853658536586,0.4634146341463415,0.5365853658536586,13.487804878048781,10.609756097560975,4.024390243902439,3.268292682926829,5.2926829268292686,3.7804878048780486,1.6097560975609757,1.6097560975609757,42,56,553,435,165,0.0759493670886076,0.298372513562387,1.328048780487805,-0.3036585365853659,0.12873563218390804,Total
E1,Portsmouth,40,1.05,0.25,0.3,0.45,1.0,1.425,-0.425,0.675,0.175,0.55,0.45,0.55,12.775,11.225,3.85,3.85,6.1,4.625,1.825,2.175,40,57,511,449,154,0.07827788649706457,0.3013698630136986,1.2705,-0.27049999999999996,0.12694877505567928,Total
E1,Oxford,41,1.0,0.21951219512195122,0.34146341463414637,0.43902439024390244,0.9512195121951219,1.3170731707317074,-0.36585365853658536,0.6097560975609756,0.17073170731707318,0.5609756097560976,0.4878048780487805,0.5121951219512195,11.658536585365853,14.024390243902438,3.292682926829268,4.195121951219512,3.8048780487804876,7.219512195121951,1.6341463414634145,1.7073170731707317,39,54,478,575,135,0.08158995815899582,0.2824267782426778,1.0865853658536586,-0.1353658536585367,0.09391304347826086,Total
E1,Sheffield Weds,41,0.3170731707317073,0.024390243902439025,0.24390243902439024,0.7317073170731707,0.6097560975609756,2.0,-1.3902439024390243,0.4878048780487805,0.07317073170731707,0.4634146341463415,0.5365853658536586,0.4634146341463415,8.609756097560975,15.585365853658537,2.5121951219512195,6.097560975609756,4.414634146341464,6.2439024390243905,1.4634146341463414,1.3902439024390243,25,82,353,639,103,0.0708215297450425,0.29178470254957506,0.8290243902439025,-0.2192682926829269,0.12832550860719874,Total
E1,Coventry,20,2.4,0.75,0.15,0.1,2.15,0.85,1.3,0.85,0.35,0.6,0.65,0.35,18.2,10.05,5.9,3.45,6.1,3.75,1.45,2.3,43,17,364,201,118,0.11813186813186813,0.3241758241758242,1.9470000000000003,0.20299999999999963,0.0845771144278607,Casa
E1,Ipswich,21,2.1904761904761907,0.6190476190476191,0.3333333333333333,0.047619047619047616,1.8095238095238095,0.7142857142857143,1.0952380952380953,0.9047619047619048,0.42857142857142855,0.5238095238095238,0.5238095238095238,0.47619047619047616,16.571428571428573,9.142857142857142,5.619047619047619,2.6666666666666665,6.285714285714286,3.9523809523809526,1.3333333333333333,2.619047619047619,38,15,348,192,118,0.10919540229885058,0.3390804597701149,1.8542857142857145,-0.044761904761905,0.078125,Casa
E1,Southampton,19,1.894736842105263,0.5263157894736842,0.3157894736842105,0.15789473684210525,1.5263157894736843,0.7368421052631579,0.7894736842105263,0.7894736842105263,0.47368421052631576,0.47368421052631576,0.42105263157894735,0.5789473684210527,15.736842105263158,10.789473684210526,5.421052631578948,2.9473684210526314,6.315789473684211,4.473684210526316,1.631578947368421,2.1578947368421053,29,14,299,205,103,0.09698996655518395,0.34448160535117056,1.7889473684210528,-0.26263157894736855,0.06829268292682927,Casa
E1,Middlesbrough,20,1.8,0.5,0.3,0.2,1.4,0.8,0.6,0.75,0.4,0.5,0.45,0.55,16.75,10.4,4.9,3.15,7.35,4.8,1.0,2.05,28,16,335,208,98,0.08358208955223881,0.29253731343283584,1.6170000000000002,-0.2170000000000003,0.07692307692307693,Casa
E1,Watford,21,1.7619047619047619,0.47619047619047616,0.3333333333333333,0.19047619047619047,1.4285714285714286,1.0,0.42857142857142855,0.7619047619047619,0.23809523809523808,0.5714285714285714,0.42857142857142855,0.5714285714285714,16.0,10.904761904761905,5.571428571428571,3.5238095238095237,5.571428571428571,4.666666666666667,1.7619047619047619,2.4761904761904763,30,21,336,229,117,0.08928571428571429,0.3482142857142857,1.8385714285714285,-0.4099999999999999,0.09170305676855896,Casa
E1,Birmingham,20,1.75,0.45,0.4,0.15,1.65,1.0,0.65,0.9,0.3,0.65,0.45,0.55,17.75,9.15,5.55,2.75,6.8,3.9,1.85,2.35,33,20,355,183,111,0.09295774647887324,0.3126760563380282,1.8315000000000001,-0.18150000000000022,0.1092896174863388,Casa
E1,Millwall,21,1.7142857142857142,0.5238095238095238,0.14285714285714285,0.3333333333333333,1.380952380952381,1.1904761904761905,0.19047619047619047,0.8095238095238095,0.42857142857142855,0.42857142857142855,0.5714285714285714,0.42857142857142855,13.476190476190476,11.428571428571429,4.476190476190476,4.190476190476191,5.857142857142857,4.857142857142857,1.3333333333333333,1.8095238095238095,29,25,283,240,94,0.10247349823321555,0.3321554770318021,1.4771428571428573,-0.09619047619047638,0.10416666666666667,Casa
E1,Swansea,21,1.7142857142857142,0.47619047619047616,0.2857142857142857,0.23809523809523808,1.4285714285714286,1.1428571428571428,0.2857142857142857,0.9047619047619048,0.3333333333333333,0.5714285714285714,0.47619047619047616,0.5238095238095238,13.476190476190476,11.523809523809524,3.619047619047619,3.5238095238095237,5.0,4.714285714285714,1.9523809523809523,2.619047619047619,30,24,283,242,76,0.10600706713780919,0.26855123674911663,1.1942857142857144,0.2342857142857142,0.09917355371900827,Casa
E1,Wrexham,20,1.65,0.45,0.3,0.25,1.8,1.5,0.3,0.95,0.2,0.75,0.55,0.45,14.2,11.35,4.8,3.9,5.4,4.7,1.3,2.15,36,30,284,227,96,0.1267605633802817,0.3380281690140845,1.584,0.21599999999999997,0.13215859030837004,Casa
E1,Hull,21,1.619047619047619,0.47619047619047616,0.19047619047619047,0.3333333333333333,1.5238095238095237,1.5238095238095237,0.0,0.7619047619047619,0.23809523809523808,0.6190476190476191,0.6190476190476191,0.38095238095238093,11.619047619047619,12.428571428571429,3.9523809523809526,4.380952380952381,4.857142857142857,4.380952380952381,2.142857142857143,1.8571428571428572,32,32,244,261,83,0.13114754098360656,0.3401639344262295,1.3042857142857143,0.21952380952380945,0.12260536398467432,Casa
E1,QPR,20,1.6,0.5,0.1,0.4,1.85,1.6,0.25,0.85,0.15,0.75,0.8,0.2,14.25,9.8,4.8,3.65,5.35,3.55,1.85,1.95,37,32,285,196,96,0.12982456140350876,0.3368421052631579,1.584,0.266,0.16326530612244897,Casa
E1,Stoke,20,1.6,0.45,0.25,0.3,1.55,1.05,0.5,0.75,0.3,0.55,0.55,0.45,12.85,11.2,5.0,3.6,6.2,4.6,1.95,2.0,31,21,257,224,100,0.12062256809338522,0.38910505836575876,1.65,-0.09999999999999987,0.09375,Casa
E1,Derby,21,1.5714285714285714,0.42857142857142855,0.2857142857142857,0.2857142857142857,1.380952380952381,1.1904761904761905,0.19047619047619047,0.9523809523809523,0.2857142857142857,0.6666666666666666,0.38095238095238093,0.6190476190476191,11.523809523809524,10.904761904761905,3.7142857142857144,3.3333333333333335,5.428571428571429,4.476190476190476,1.9523809523809523,2.0,29,25,242,229,78,0.11983471074380166,0.32231404958677684,1.2257142857142858,0.15523809523809518,0.1091703056768559,Casa
E1,Preston,21,1.4761904761904763,0.38095238095238093,0.3333333333333333,0.2857142857142857,1.2857142857142858,1.1904761904761905,0.09523809523809523,0.7619047619047619,0.23809523809523808,0.5714285714285714,0.47619047619047616,0.5238095238095238,11.142857142857142,14.0,3.4285714285714284,3.857142857142857,4.904761904761905,6.285714285714286,2.0952380952380953,1.7142857142857142,27,25,234,294,72,0.11538461538461539,0.3076923076923077,1.1314285714285715,0.15428571428571436,0.08503401360544217,Casa
E1,West Brom,20,1.45,0.35,0.4,0.25,1.25,1.25,0.0,0.75,0.25,0.6,0.45,0.55,15.25,8.65,4.6,2.95,6.35,2.95,1.3,1.95,25,25,305,173,92,0.08196721311475409,0.3016393442622951,1.5180000000000002,-0.26800000000000024,0.14450867052023122,Casa
E1,Charlton,20,1.4,0.4,0.2,0.4,0.95,1.05,-0.1,0.8,0.4,0.45,0.35,0.65,13.0,12.75,3.9,3.65,5.2,3.95,2.15,1.4,19,21,260,255,78,0.07307692307692308,0.3,1.2870000000000001,-0.3370000000000002,0.08235294117647059,Casa
E1,Sheffield United,20,1.4,0.4,0.2,0.4,1.65,1.3,0.35,0.85,0.25,0.65,0.7,0.3,15.45,10.45,4.8,3.8,7.35,4.2,1.4,2.3,33,26,309,209,96,0.10679611650485436,0.3106796116504854,1.584,0.06599999999999984,0.12440191387559808,Casa
E1,Bristol City,21,1.3333333333333333,0.38095238095238093,0.19047619047619047,0.42857142857142855,1.380952380952381,1.2857142857142858,0.09523809523809523,0.6666666666666666,0.3333333333333333,0.38095238095238093,0.47619047619047616,0.5238095238095238,12.904761904761905,13.714285714285714,3.857142857142857,4.428571428571429,4.904761904761905,4.142857142857143,1.5714285714285714,1.8571428571428572,29,27,271,288,81,0.1070110701107011,0.2988929889298893,1.272857142857143,0.10809523809523802,0.09375,Casa
E1,Leicester,20,1.3,0.35,0.25,0.4,1.4,1.5,-0.1,0.8,0.15,0.7,0.55,0.45,13.4,11.15,3.9,3.6,5.95,5.25,1.6,1.9,28,30,268,223,78,0.1044776119402985,0.291044776119403,1.2870000000000001,0.11299999999999977,0.13452914798206278,Casa
E1,Norwich,20,1.3,0.4,0.1,0.5,1.2,1.2,0.0,0.75,0.2,0.55,0.45,0.55,13.5,10.45,4.3,3.5,5.5,4.5,1.25,2.05,24,24,270,209,86,0.08888888888888889,0.31851851851851853,1.419,-0.21900000000000008,0.11483253588516747,Casa
E1,Oxford,20,1.15,0.25,0.4,0.35,0.9,1.25,-0.35,0.6,0.2,0.5,0.45,0.55,13.5,11.05,3.85,3.35,4.1,6.0,1.3,1.85,18,25,270,221,77,0.06666666666666667,0.2851851851851852,1.2705,-0.37049999999999994,0.11312217194570136,Casa
E1,Portsmouth,20,1.15,0.3,0.25,0.45,1.05,1.1,-0.05,0.65,0.2,0.5,0.45,0.55,15.9,10.3,4.6,3.45,6.65,3.85,1.65,2.6,21,22,318,206,92,0.0660377358490566,0.2893081761006289,1.5180000000000002,-0.4680000000000002,0.10679611650485436,Casa
E1,Blackburn,21,0.9523809523809523,0.19047619047619047,0.38095238095238093,0.42857142857142855,0.8571428571428571,1.1904761904761905,-0.3333333333333333,0.7142857142857143,0.23809523809523808,0.5714285714285714,0.3333333333333333,0.6666666666666666,11.80952380952381,9.428571428571429,3.2857142857142856,3.380952380952381,5.809523809523809,4.9523809523809526,1.9047619047619047,1.7142857142857142,18,25,248,198,69,0.07258064516129033,0.2782258064516129,1.0842857142857143,-0.2271428571428572,0.12626262626262627,Casa
E1,Sheffield Weds,21,0.2857142857142857,0.0,0.2857142857142857,0.7142857142857143,0.5238095238095238,2.0,-1.4761904761904763,0.42857142857142855,0.047619047619047616,0.42857142857142855,0.47619047619047616,0.5238095238095238,9.285714285714286,15.095238095238095,2.4285714285714284,5.809523809523809,4.666666666666667,6.095238095238095,1.4761904761904763,1.5238095238095237,11,42,195,317,51,0.05641025641025641,0.26153846153846155,0.8014285714285715,-0.27761904761904765,0.13249211356466878,Casa
E1,Millwall,20,1.8,0.5,0.3,0.2,1.35,1.1,0.25,0.85,0.3,0.6,0.45,0.55,11.7,14.75,3.7,3.95,5.1,5.9,2.35,1.7,27,22,234,295,74,0.11538461538461539,0.3162393162393162,1.221,0.129,0.07457627118644068,Fora
E1,Coventry,21,1.7142857142857142,0.47619047619047616,0.2857142857142857,0.23809523809523808,1.9523809523809523,1.1904761904761905,0.7619047619047619,0.8571428571428571,0.38095238095238093,0.5714285714285714,0.6190476190476191,0.38095238095238093,14.619047619047619,13.80952380952381,5.428571428571429,4.190476190476191,4.714285714285714,5.238095238095238,1.7142857142857142,1.7142857142857142,41,25,307,290,114,0.13355048859934854,0.3713355048859935,1.7914285714285716,0.16095238095238074,0.08620689655172414,Fora
E1,Middlesbrough,21,1.7142857142857142,0.47619047619047616,0.2857142857142857,0.23809523809523808,1.619047619047619,1.1904761904761905,0.42857142857142855,0.7619047619047619,0.19047619047619047,0.6190476190476191,0.6190476190476191,0.38095238095238093,15.428571428571429,9.571428571428571,4.571428571428571,3.2857142857142856,6.285714285714286,3.857142857142857,2.0476190476190474,2.1904761904761907,34,25,324,201,96,0.10493827160493827,0.2962962962962963,1.5085714285714285,0.11047619047619062,0.12437810945273632,Fora
E1,Hull,20,1.7,0.5,0.2,0.3,1.55,1.3,0.25,0.85,0.3,0.6,0.65,0.35,10.2,17.55,4.25,5.15,4.0,7.05,2.8,1.25,31,26,204,351,85,0.15196078431372548,0.4166666666666667,1.4025,0.14749999999999996,0.07407407407407407,Fora
E1,Wrexham,20,1.55,0.4,0.35,0.25,1.3,1.15,0.15,0.8,0.3,0.6,0.45,0.55,8.4,15.6,2.85,4.6,3.75,6.2,1.9,1.6,26,23,168,312,57,0.15476190476190477,0.3392857142857143,0.9405000000000001,0.35949999999999993,0.07371794871794872,Fora
E1,Norwich,21,1.5238095238095237,0.42857142857142855,0.23809523809523808,0.3333333333333333,1.4761904761904763,1.1428571428571428,0.3333333333333333,0.8571428571428571,0.23809523809523808,0.6190476190476191,0.47619047619047616,0.5238095238095238,11.142857142857142,13.714285714285714,4.333333333333333,3.857142857142857,4.714285714285714,6.0476190476190474,2.3333333333333335,1.619047619047619,31,24,234,288,91,0.13247863247863248,0.3888888888888889,1.4300000000000002,0.046190476190476115,0.08333333333333333,Fora
E1,Derby,20,1.5,0.45,0.15,0.4,1.55,1.3,0.25,0.85,0.25,0.6,0.6,0.4,9.95,13.95,3.2,4.65,3.55,6.4,2.6,1.45,31,26,199,279,64,0.15577889447236182,0.32160804020100503,1.056,0.494,0.0931899641577061,Fora
E1,Bristol City,20,1.45,0.4,0.25,0.35,1.15,1.2,-0.05,0.65,0.25,0.5,0.4,0.6,11.85,12.7,4.15,4.25,5.1,5.2,1.95,2.0,23,24,237,254,83,0.0970464135021097,0.350210970464135,1.3695,-0.21950000000000003,0.09448818897637795,Fora
E1,Ipswich,18,1.4444444444444444,0.3888888888888889,0.2777777777777778,0.3333333333333333,1.7222222222222223,1.3888888888888888,0.3333333333333333,0.8888888888888888,0.2777777777777778,0.6666666666666666,0.5,0.5,13.833333333333334,11.333333333333334,4.444444444444445,4.222222222222222,5.166666666666667,3.8333333333333335,2.3333333333333335,2.2777777777777777,31,25,249,204,80,0.12449799196787148,0.321285140562249,1.4666666666666668,0.25555555555555554,0.12254901960784313,Fora
E1,Blackburn,20,1.35,0.4,0.15,0.45,0.95,1.2,-0.25,0.6,0.35,0.35,0.45,0.55,11.8,13.3,3.05,3.75,5.05,5.05,2.2,1.35,19,24,236,266,61,0.08050847457627118,0.2584745762711864,1.0065000000000002,-0.05650000000000022,0.09022556390977443,Fora
E1,Southampton,20,1.35,0.35,0.3,0.35,1.7,1.7,0.0,0.95,0.05,0.9,0.7,0.3,12.95,14.3,5.1,4.25,4.95,5.0,2.15,2.0,34,34,259,286,102,0.13127413127413126,0.3938223938223938,1.6830000000000003,0.016999999999999682,0.11888111888111888,Fora
E1,QPR,21,1.1904761904761905,0.2857142857142857,0.3333333333333333,0.38095238095238093,1.0,1.4761904761904763,-0.47619047619047616,0.6666666666666666,0.2857142857142857,0.5714285714285714,0.47619047619047616,0.5238095238095238,11.333333333333334,13.904761904761905,3.1904761904761907,4.142857142857143,4.095238095238095,6.761904761904762,1.6666666666666667,1.7142857142857142,21,31,238,292,67,0.08823529411764706,0.2815126050420168,1.052857142857143,-0.052857142857142936,0.10616438356164383,Fora
E1,Preston,20,1.15,0.25,0.4,0.35,1.05,1.35,-0.3,0.7,0.2,0.55,0.4,0.6,10.05,14.9,3.5,4.7,3.6,6.4,1.9,1.1,21,27,201,298,70,0.1044776119402985,0.3482587064676617,1.155,-0.10499999999999998,0.09060402684563758,Fora
E1,Sheffield United,21,1.0952380952380953,0.3333333333333333,0.09523809523809523,0.5714285714285714,1.1428571428571428,1.5238095238095237,-0.38095238095238093,0.6190476190476191,0.19047619047619047,0.42857142857142855,0.42857142857142855,0.5714285714285714,11.238095238095237,13.857142857142858,3.4761904761904763,4.571428571428571,5.904761904761905,5.619047619047619,1.8095238095238095,1.6666666666666667,24,32,236,291,73,0.1016949152542373,0.3093220338983051,1.1471428571428572,-0.004285714285714448,0.10996563573883161,Fora
E1,Stoke,21,1.0476190476190477,0.2857142857142857,0.19047619047619047,0.5238095238095238,0.8095238095238095,1.1428571428571428,-0.3333333333333333,0.5238095238095238,0.3333333333333333,0.2857142857142857,0.3333333333333333,0.6666666666666666,9.714285714285714,15.0,2.9523809523809526,4.095238095238095,5.095238095238095,5.761904761904762,2.0,1.9047619047619047,17,24,204,315,62,0.08333333333333333,0.30392156862745096,0.9742857142857143,-0.16476190476190478,0.0761904761904762,Fora
E1,Charlton,21,1.0,0.19047619047619047,0.42857142857142855,0.38095238095238093,0.9047619047619048,1.3333333333333333,-0.42857142857142855,0.7142857142857143,0.23809523809523808,0.5238095238095238,0.3333333333333333,0.6666666666666666,8.857142857142858,19.333333333333332,2.9523809523809526,4.619047619047619,3.1904761904761907,6.761904761904762,2.142857142857143,1.380952380952381,19,28,186,406,62,0.10215053763440861,0.3333333333333333,0.9742857142857143,-0.06952380952380954,0.06896551724137931,Fora
E1,Leicester,21,1.0,0.19047619047619047,0.42857142857142855,0.38095238095238093,1.2380952380952381,1.5714285714285714,-0.3333333333333333,0.8571428571428571,0.09523809523809523,0.8095238095238095,0.6190476190476191,0.38095238095238093,11.380952380952381,14.285714285714286,4.190476190476191,4.809523809523809,4.0,6.0476190476190474,1.9047619047619047,1.4761904761904763,26,33,239,300,88,0.1087866108786611,0.3682008368200837,1.382857142857143,-0.14476190476190487,0.11,Fora
E1,Watford,20,1.0,0.2,0.4,0.4,1.1,1.4,-0.3,0.75,0.1,0.7,0.5,0.5,12.2,11.6,3.55,4.05,4.6,5.55,2.4,2.25,22,28,244,232,71,0.09016393442622951,0.29098360655737704,1.1715,-0.0714999999999999,0.1206896551724138,Fora
E1,Portsmouth,20,0.95,0.2,0.35,0.45,0.95,1.75,-0.8,0.7,0.15,0.6,0.45,0.55,9.65,12.15,3.1,4.25,5.55,5.4,2.0,1.75,19,35,193,243,62,0.09844559585492228,0.32124352331606215,1.0230000000000001,-0.07300000000000018,0.1440329218106996,Fora
E1,Swansea,20,0.9,0.25,0.15,0.6,0.95,1.5,-0.55,0.6,0.2,0.45,0.5,0.5,11.0,13.15,3.9,5.2,4.1,5.4,2.05,1.6,19,30,220,263,78,0.08636363636363636,0.35454545454545455,1.2870000000000001,-0.3370000000000002,0.11406844106463879,Fora
E1,Birmingham,21,0.8571428571428571,0.23809523809523808,0.14285714285714285,0.6190476190476191,0.7619047619047619,1.5238095238095237,-0.7619047619047619,0.5714285714285714,0.14285714285714285,0.42857142857142855,0.47619047619047616,0.5238095238095238,9.714285714285714,12.333333333333334,2.380952380952381,4.523809523809524,4.714285714285714,4.619047619047619,1.7142857142857142,1.2380952380952381,16,32,204,259,50,0.0784313725490196,0.24509803921568626,0.7857142857142857,-0.023809523809523836,0.12355212355212356,Fora
E1,Oxford,21,0.8571428571428571,0.19047619047619047,0.2857142857142857,0.5238095238095238,1.0,1.380952380952381,-0.38095238095238093,0.6190476190476191,0.14285714285714285,0.6190476190476191,0.5238095238095238,0.47619047619047616,9.904761904761905,16.857142857142858,2.761904761904762,5.0,3.5238095238095237,8.380952380952381,1.9523809523809523,1.5714285714285714,21,29,208,354,58,0.10096153846153846,0.27884615384615385,0.9114285714285715,0.08857142857142852,0.08192090395480225,Fora
E1,West Brom,21,0.7619047619047619,0.19047619047619047,0.19047619047619047,0.6190476190476191,0.8095238095238095,1.4761904761904763,-0.6666666666666666,0.6190476190476191,0.23809523809523808,0.47619047619047616,0.47619047619047616,0.5238095238095238,11.80952380952381,12.476190476190476,3.4761904761904763,3.5714285714285716,4.285714285714286,4.571428571428571,1.9047619047619047,1.2857142857142858,17,31,248,262,73,0.06854838709677419,0.29435483870967744,1.1471428571428572,-0.3376190476190477,0.1183206106870229,Fora
E1,Sheffield Weds,20,0.35,0.05,0.2,0.75,0.7,2.0,-1.3,0.55,0.1,0.5,0.6,0.4,7.9,16.1,2.6,6.4,4.15,6.4,1.45,1.25,14,40,158,322,52,0.08860759493670886,0.3291139240506329,0.858,-0.15800000000000003,0.12422360248447205,Fora
F1,Paris SG,27,2.3333333333333335,0.7407407407407407,0.1111111111111111,0.14814814814814814,2.259259259259259,0.8518518518518519,1.4074074074074074,0.9259259259259259,0.5185185185185185,0.4074074074074074,0.5925925925925926,0.4074074074074074,17.85185185185185,8.407407407407407,6.962962962962963,2.814814814814815,5.962962962962963,2.888888888888889,0.8888888888888888,1.4814814814814814,61,23,482,227,188,0.12655601659751037,0.3900414937759336,2.297777777777778,-0.03851851851851906,0.1013215859030837,Total
F1,Lens,28,2.107142857142857,0.6785714285714286,0.07142857142857142,0.25,1.9285714285714286,0.9642857142857143,0.9642857142857143,0.8214285714285714,0.35714285714285715,0.5,0.6785714285714286,0.32142857142857145,15.178571428571429,11.321428571428571,5.214285714285714,3.607142857142857,5.785714285714286,3.8214285714285716,1.8928571428571428,2.1785714285714284,54,27,425,317,146,0.12705882352941175,0.34352941176470586,1.7207142857142856,0.20785714285714296,0.08517350157728706,Total
F1,Lille,28,1.7857142857142858,0.5357142857142857,0.17857142857142858,0.2857142857142857,1.6071428571428572,1.2142857142857142,0.39285714285714285,0.7142857142857143,0.32142857142857145,0.42857142857142855,0.42857142857142855,0.5714285714285714,13.892857142857142,9.75,4.535714285714286,3.5714285714285716,5.857142857142857,3.6785714285714284,2.2857142857142856,1.8214285714285714,45,34,389,273,127,0.11568123393316196,0.3264781491002571,1.4967857142857144,0.11035714285714282,0.12454212454212454,Total
F1,Marseille,28,1.75,0.5357142857142857,0.14285714285714285,0.32142857142857145,1.9642857142857142,1.3214285714285714,0.6428571428571429,0.7857142857142857,0.2857142857142857,0.5,0.6428571428571429,0.35714285714285715,14.464285714285714,10.178571428571429,5.571428571428571,4.035714285714286,5.107142857142857,3.4285714285714284,2.25,1.6428571428571428,55,37,405,285,156,0.13580246913580246,0.3851851851851852,1.8385714285714287,0.12571428571428545,0.12982456140350876,Total
F1,Monaco,28,1.75,0.5357142857142857,0.14285714285714285,0.32142857142857145,1.75,1.3928571428571428,0.35714285714285715,0.7857142857142857,0.25,0.6071428571428571,0.6071428571428571,0.39285714285714285,12.178571428571429,13.571428571428571,4.321428571428571,4.428571428571429,4.571428571428571,4.571428571428571,2.25,1.7142857142857142,49,39,341,380,121,0.1436950146627566,0.3548387096774194,1.4260714285714287,0.32392857142857134,0.10263157894736842,Total
F1,Lyon,28,1.7142857142857142,0.5,0.21428571428571427,0.2857142857142857,1.4642857142857142,1.0357142857142858,0.42857142857142855,0.8214285714285714,0.5,0.4642857142857143,0.5,0.5,12.071428571428571,11.678571428571429,4.5,3.75,5.357142857142857,4.571428571428571,1.8571428571428572,2.25,41,29,338,327,126,0.12130177514792899,0.3727810650887574,1.485,-0.020714285714285907,0.08868501529051988,Total
F1,Rennes,28,1.6785714285714286,0.4642857142857143,0.2857142857142857,0.25,1.6785714285714286,1.4285714285714286,0.25,0.7857142857142857,0.32142857142857145,0.5357142857142857,0.6428571428571429,0.35714285714285715,13.535714285714286,13.071428571428571,4.714285714285714,4.0,5.5,4.642857142857143,1.7857142857142858,2.1785714285714284,47,40,379,366,132,0.12401055408970976,0.3482849604221636,1.5557142857142858,0.12285714285714278,0.1092896174863388,Total
F1,Strasbourg,28,1.5357142857142858,0.42857142857142855,0.25,0.32142857142857145,1.6428571428571428,1.2142857142857142,0.42857142857142855,0.8214285714285714,0.32142857142857145,0.6071428571428571,0.6071428571428571,0.39285714285714285,11.464285714285714,11.464285714285714,4.642857142857143,4.142857142857143,4.178571428571429,4.464285714285714,1.8928571428571428,1.8571428571428572,46,34,321,321,130,0.14330218068535824,0.40498442367601245,1.532142857142857,0.11071428571428577,0.1059190031152648,Total
F1,Lorient,28,1.3571428571428572,0.32142857142857145,0.39285714285714285,0.2857142857142857,1.3571428571428572,1.5,-0.14285714285714285,0.7142857142857143,0.17857142857142858,0.5714285714285714,0.42857142857142855,0.5714285714285714,11.357142857142858,10.75,3.7857142857142856,3.9285714285714284,3.3214285714285716,5.178571428571429,1.7142857142857142,2.142857142857143,38,42,318,301,106,0.11949685534591195,0.3333333333333333,1.2492857142857143,0.10785714285714287,0.13953488372093023,Total
F1,Toulouse,28,1.3214285714285714,0.35714285714285715,0.25,0.39285714285714285,1.3928571428571428,1.25,0.14285714285714285,0.6785714285714286,0.32142857142857145,0.42857142857142855,0.4642857142857143,0.5357142857142857,12.928571428571429,11.142857142857142,4.392857142857143,3.5357142857142856,4.571428571428571,4.821428571428571,2.2142857142857144,1.9642857142857142,39,35,362,312,123,0.10773480662983426,0.3397790055248619,1.4496428571428572,-0.05678571428571444,0.11217948717948718,Total
F1,Brest,28,1.2857142857142858,0.35714285714285715,0.21428571428571427,0.42857142857142855,1.3214285714285714,1.5357142857142858,-0.21428571428571427,0.6785714285714286,0.32142857142857145,0.42857142857142855,0.5,0.5,11.392857142857142,13.321428571428571,3.607142857142857,4.5,4.107142857142857,5.5,1.8214285714285714,1.7142857142857142,37,43,319,373,101,0.11598746081504702,0.3166144200626959,1.190357142857143,0.1310714285714285,0.11528150134048257,Total
F1,Angers,28,1.1785714285714286,0.32142857142857145,0.21428571428571427,0.4642857142857143,0.8571428571428571,1.3214285714285714,-0.4642857142857143,0.6071428571428571,0.35714285714285715,0.32142857142857145,0.25,0.75,9.571428571428571,13.928571428571429,3.3214285714285716,5.035714285714286,3.5714285714285716,5.25,1.4642857142857142,1.1428571428571428,24,37,268,390,93,0.08955223880597014,0.34701492537313433,1.0960714285714286,-0.2389285714285715,0.09487179487179487,Total
F1,Paris FC,28,1.1428571428571428,0.25,0.39285714285714285,0.35714285714285715,1.1785714285714286,1.5714285714285714,-0.39285714285714285,0.7142857142857143,0.25,0.6071428571428571,0.5,0.5,11.357142857142858,12.5,3.642857142857143,4.035714285714286,4.428571428571429,5.535714285714286,2.0,1.5714285714285714,33,44,318,350,102,0.10377358490566038,0.32075471698113206,1.2021428571428572,-0.023571428571428577,0.12571428571428572,Total
F1,Le Havre,28,1.0,0.21428571428571427,0.35714285714285715,0.42857142857142855,0.8214285714285714,1.2857142857142858,-0.4642857142857143,0.5357142857142857,0.25,0.4642857142857143,0.35714285714285715,0.6428571428571429,11.178571428571429,12.928571428571429,3.4642857142857144,4.0,4.464285714285714,4.714285714285714,1.75,2.142857142857143,23,36,313,362,97,0.07348242811501597,0.30990415335463256,1.1432142857142857,-0.32178571428571434,0.09944751381215469,Total
F1,Nice,28,0.9642857142857143,0.25,0.21428571428571427,0.5357142857142857,1.1785714285714286,1.9642857142857142,-0.7857142857142857,0.6785714285714286,0.14285714285714285,0.5714285714285714,0.5714285714285714,0.42857142857142855,11.285714285714286,15.071428571428571,4.035714285714286,5.357142857142857,5.214285714285714,5.642857142857143,2.1785714285714284,1.8928571428571428,33,55,316,422,113,0.10443037974683544,0.3575949367088608,1.3317857142857144,-0.15321428571428575,0.13033175355450238,Total
F1,Auxerre,28,0.8214285714285714,0.17857142857142858,0.2857142857142857,0.5357142857142857,0.8214285714285714,1.3214285714285714,-0.5,0.4642857142857143,0.25,0.35714285714285715,0.39285714285714285,0.6071428571428571,10.714285714285714,12.035714285714286,3.2857142857142856,4.642857142857143,4.892857142857143,4.678571428571429,2.107142857142857,2.607142857142857,23,37,300,337,92,0.07666666666666666,0.30666666666666664,1.0842857142857143,-0.2628571428571429,0.10979228486646884,Total
F1,Nantes,27,0.6666666666666666,0.14814814814814814,0.2222222222222222,0.6296296296296297,0.8888888888888888,1.6666666666666667,-0.7777777777777778,0.5925925925925926,0.18518518518518517,0.48148148148148145,0.4444444444444444,0.5555555555555556,10.296296296296296,14.0,2.962962962962963,4.962962962962963,3.1481481481481484,5.777777777777778,2.037037037037037,2.4074074074074074,24,45,278,378,80,0.08633093525179857,0.28776978417266186,0.9777777777777779,-0.08888888888888902,0.11904761904761904,Total
F1,Metz,28,0.5357142857142857,0.10714285714285714,0.21428571428571427,0.6785714285714286,0.8928571428571429,2.142857142857143,-1.25,0.5357142857142857,0.21428571428571427,0.4642857142857143,0.5714285714285714,0.42857142857142855,9.785714285714286,15.178571428571429,3.142857142857143,5.678571428571429,4.071428571428571,4.928571428571429,1.6785714285714286,1.3928571428571428,25,60,274,425,88,0.09124087591240876,0.32116788321167883,1.0371428571428571,-0.14428571428571424,0.1411764705882353,Total
F1,Paris SG,13,2.6153846153846154,0.8461538461538461,0.07692307692307693,0.07692307692307693,2.6153846153846154,0.6153846153846154,2.0,1.0,0.6923076923076923,0.3076923076923077,0.6923076923076923,0.3076923076923077,19.923076923076923,7.846153846153846,7.3076923076923075,2.923076923076923,6.3076923076923075,2.3846153846153846,1.0,1.4615384615384615,34,8,259,102,95,0.13127413127413126,0.3667953667953668,2.411538461538462,0.20384615384615357,0.0784313725490196,Casa
F1,Lens,14,2.5714285714285716,0.8571428571428571,0.0,0.14285714285714285,2.2142857142857144,0.6428571428571429,1.5714285714285714,0.9285714285714286,0.5,0.42857142857142855,0.6428571428571429,0.35714285714285715,16.5,10.571428571428571,5.785714285714286,2.5,6.285714285714286,4.5,1.5714285714285714,2.357142857142857,31,9,231,148,81,0.1341991341991342,0.35064935064935066,1.9092857142857143,0.30500000000000016,0.060810810810810814,Casa
F1,Lyon,13,2.1538461538461537,0.6923076923076923,0.07692307692307693,0.23076923076923078,1.6153846153846154,0.7692307692307693,0.8461538461538461,1.0,0.5384615384615384,0.46153846153846156,0.5384615384615384,0.46153846153846156,13.461538461538462,10.23076923076923,4.3076923076923075,3.230769230769231,5.6923076923076925,3.6153846153846154,1.6923076923076923,2.230769230769231,21,10,175,133,56,0.12,0.32,1.4215384615384616,0.19384615384615378,0.07518796992481203,Casa
F1,Marseille,14,2.142857142857143,0.6428571428571429,0.21428571428571427,0.14285714285714285,2.4285714285714284,1.2142857142857142,1.2142857142857142,0.9285714285714286,0.35714285714285715,0.5714285714285714,0.7142857142857143,0.2857142857142857,14.357142857142858,9.785714285714286,5.857142857142857,4.285714285714286,5.5,2.7142857142857144,2.0714285714285716,1.5714285714285714,34,17,201,137,82,0.1691542288557214,0.4079601990049751,1.932857142857143,0.49571428571428533,0.12408759124087591,Casa
F1,Monaco,15,2.066666666666667,0.6666666666666666,0.06666666666666667,0.26666666666666666,2.066666666666667,1.3333333333333333,0.7333333333333333,0.9333333333333333,0.3333333333333333,0.6,0.6666666666666666,0.3333333333333333,12.266666666666667,12.0,4.533333333333333,4.2,4.533333333333333,4.266666666666667,1.8,1.8,31,20,184,180,68,0.16847826086956522,0.3695652173913043,1.496,0.5706666666666669,0.1111111111111111,Casa
F1,Lille,14,1.9285714285714286,0.5714285714285714,0.21428571428571427,0.21428571428571427,1.6428571428571428,1.0,0.6428571428571429,0.8571428571428571,0.35714285714285715,0.5,0.35714285714285715,0.6428571428571429,14.857142857142858,9.0,4.714285714285714,3.0714285714285716,6.071428571428571,3.642857142857143,1.9285714285714286,1.6428571428571428,23,14,208,126,66,0.11057692307692307,0.3173076923076923,1.5557142857142858,0.08714285714285697,0.1111111111111111,Casa
F1,Lorient,14,1.9285714285714286,0.5,0.42857142857142855,0.07142857142857142,1.9285714285714286,1.4285714285714286,0.5,1.0,0.21428571428571427,0.7857142857142857,0.5714285714285714,0.42857142857142855,11.857142857142858,10.0,4.5,3.9285714285714284,2.857142857142857,5.357142857142857,1.8571428571428572,2.357142857142857,27,20,166,140,63,0.16265060240963855,0.3795180722891566,1.485,0.4435714285714285,0.14285714285714285,Casa
F1,Strasbourg,14,1.9285714285714286,0.5714285714285714,0.21428571428571427,0.21428571428571427,1.7142857142857142,0.7142857142857143,1.0,0.8571428571428571,0.5,0.5,0.5714285714285714,0.42857142857142855,12.285714285714286,10.0,5.285714285714286,3.0,5.0,4.214285714285714,1.5,1.8571428571428572,24,10,172,140,74,0.13953488372093023,0.43023255813953487,1.7442857142857144,-0.03000000000000025,0.07142857142857142,Casa
F1,Rennes,14,1.7857142857142858,0.5,0.2857142857142857,0.21428571428571427,1.7142857142857142,1.0,0.7142857142857143,0.7857142857142857,0.2857142857142857,0.6428571428571429,0.5714285714285714,0.42857142857142855,16.214285714285715,11.857142857142858,5.428571428571429,3.5714285714285716,6.071428571428571,4.642857142857143,1.6428571428571428,2.2857142857142856,24,14,227,166,76,0.10572687224669604,0.33480176211453744,1.7914285714285716,-0.0771428571428574,0.08433734939759036,Casa
F1,Brest,14,1.7142857142857142,0.5,0.21428571428571427,0.2857142857142857,1.6428571428571428,1.2142857142857142,0.42857142857142855,0.7142857142857143,0.5,0.35714285714285715,0.42857142857142855,0.5714285714285714,13.571428571428571,11.428571428571429,4.5,3.4285714285714284,4.857142857142857,3.857142857142857,1.7142857142857142,2.0714285714285716,23,17,190,160,63,0.12105263157894737,0.33157894736842103,1.485,0.1578571428571427,0.10625,Casa
F1,Angers,14,1.5,0.42857142857142855,0.21428571428571427,0.35714285714285715,1.1428571428571428,1.0714285714285714,0.07142857142857142,0.7142857142857143,0.42857142857142855,0.35714285714285715,0.21428571428571427,0.7857142857142857,10.571428571428571,13.285714285714286,3.9285714285714284,5.071428571428571,4.357142857142857,5.071428571428571,1.7857142857142858,1.4285714285714286,16,15,148,186,55,0.10810810810810811,0.3716216216216216,1.2964285714285715,-0.1535714285714287,0.08064516129032258,Casa
F1,Le Havre,15,1.4666666666666666,0.3333333333333333,0.4666666666666667,0.2,1.0666666666666667,0.8666666666666667,0.2,0.6666666666666666,0.26666666666666666,0.6,0.4,0.6,12.0,11.0,3.933333333333333,3.533333333333333,4.866666666666666,3.6,1.5333333333333334,2.533333333333333,16,13,180,165,59,0.08888888888888889,0.3277777777777778,1.2980000000000003,-0.2313333333333336,0.07878787878787878,Casa
F1,Toulouse,14,1.4285714285714286,0.35714285714285715,0.35714285714285715,0.2857142857142857,1.5,1.2142857142857142,0.2857142857142857,0.6428571428571429,0.42857142857142855,0.35714285714285715,0.42857142857142855,0.5714285714285714,14.928571428571429,9.5,5.0,3.2857142857142856,5.071428571428571,4.428571428571429,1.5,2.4285714285714284,21,17,209,133,70,0.10047846889952153,0.3349282296650718,1.6500000000000001,-0.15000000000000013,0.12781954887218044,Casa
F1,Paris FC,13,1.2307692307692308,0.3076923076923077,0.3076923076923077,0.38461538461538464,1.3846153846153846,1.8461538461538463,-0.46153846153846156,0.6923076923076923,0.23076923076923078,0.5384615384615384,0.6153846153846154,0.38461538461538464,13.461538461538462,11.461538461538462,4.0,3.5384615384615383,5.846153846153846,4.153846153846154,2.3076923076923075,2.0,18,24,175,149,52,0.10285714285714286,0.29714285714285715,1.32,0.06461538461538452,0.1610738255033557,Casa
F1,Nice,14,1.2142857142857142,0.2857142857142857,0.35714285714285715,0.35714285714285715,1.2142857142857142,1.7857142857142858,-0.5714285714285714,0.6428571428571429,0.21428571428571427,0.5,0.5,0.5,12.5,14.0,4.428571428571429,5.142857142857143,5.142857142857143,6.0,1.8571428571428572,1.8571428571428572,17,25,175,196,62,0.09714285714285714,0.35428571428571426,1.4614285714285715,-0.24714285714285733,0.12755102040816327,Casa
F1,Auxerre,14,1.0714285714285714,0.2857142857142857,0.21428571428571427,0.5,0.9285714285714286,1.0714285714285714,-0.14285714285714285,0.5,0.42857142857142855,0.2857142857142857,0.42857142857142855,0.5714285714285714,11.357142857142858,10.642857142857142,3.5714285714285716,4.285714285714286,5.428571428571429,4.785714285714286,1.8571428571428572,3.4285714285714284,13,15,159,149,50,0.08176100628930817,0.31446540880503143,1.1785714285714286,-0.25,0.10067114093959731,Casa
F1,Metz,14,0.7142857142857143,0.14285714285714285,0.2857142857142857,0.5714285714285714,0.9285714285714286,1.6428571428571428,-0.7142857142857143,0.5,0.2857142857142857,0.42857142857142855,0.42857142857142855,0.5714285714285714,11.857142857142858,12.142857142857142,4.0,4.214285714285714,4.714285714285714,3.9285714285714284,1.3571428571428572,1.5,13,23,166,170,56,0.0783132530120482,0.3373493975903614,1.32,-0.39142857142857146,0.13529411764705881,Casa
F1,Nantes,14,0.5714285714285714,0.14285714285714285,0.14285714285714285,0.7142857142857143,1.0,1.8571428571428572,-0.8571428571428571,0.6428571428571429,0.14285714285714285,0.5,0.42857142857142855,0.5714285714285714,11.5,12.857142857142858,3.2857142857142856,4.571428571428571,3.2857142857142856,5.285714285714286,2.0,2.357142857142857,14,26,161,180,46,0.08695652173913043,0.2857142857142857,1.0842857142857143,-0.0842857142857143,0.14444444444444443,Casa
F1,Paris SG,14,2.0714285714285716,0.6428571428571429,0.14285714285714285,0.21428571428571427,1.9285714285714286,1.0714285714285714,0.8571428571428571,0.8571428571428571,0.35714285714285715,0.5,0.5,0.5,15.928571428571429,8.928571428571429,6.642857142857143,2.7142857142857144,5.642857142857143,3.357142857142857,0.7857142857142857,1.5,27,15,223,125,93,0.1210762331838565,0.4170403587443946,2.192142857142857,-0.26357142857142857,0.12,Fora
F1,Lens,14,1.6428571428571428,0.5,0.14285714285714285,0.35714285714285715,1.6428571428571428,1.2857142857142858,0.35714285714285715,0.7142857142857143,0.21428571428571427,0.5714285714285714,0.7142857142857143,0.2857142857142857,13.857142857142858,12.071428571428571,4.642857142857143,4.714285714285714,5.285714285714286,3.142857142857143,2.2142857142857144,2.0,23,18,194,169,65,0.11855670103092783,0.33505154639175255,1.532142857142857,0.11071428571428577,0.10650887573964497,Fora
F1,Lille,14,1.6428571428571428,0.5,0.14285714285714285,0.35714285714285715,1.5714285714285714,1.4285714285714286,0.14285714285714285,0.5714285714285714,0.2857142857142857,0.35714285714285715,0.5,0.5,12.928571428571429,10.5,4.357142857142857,4.071428571428571,5.642857142857143,3.7142857142857144,2.642857142857143,2.0,22,20,181,147,61,0.12154696132596685,0.3370165745856354,1.437857142857143,0.13357142857142845,0.1360544217687075,Fora
F1,Rennes,14,1.5714285714285714,0.42857142857142855,0.2857142857142857,0.2857142857142857,1.6428571428571428,1.8571428571428572,-0.21428571428571427,0.7857142857142857,0.35714285714285715,0.42857142857142855,0.7142857142857143,0.2857142857142857,10.857142857142858,14.285714285714286,4.0,4.428571428571429,4.928571428571429,4.642857142857143,1.9285714285714286,2.0714285714285716,23,26,152,200,56,0.1513157894736842,0.3684210526315789,1.32,0.32285714285714273,0.13,Fora
F1,Monaco,13,1.3846153846153846,0.38461538461538464,0.23076923076923078,0.38461538461538464,1.3846153846153846,1.4615384615384615,-0.07692307692307693,0.6153846153846154,0.15384615384615385,0.6153846153846154,0.5384615384615384,0.46153846153846156,12.076923076923077,15.384615384615385,4.076923076923077,4.6923076923076925,4.615384615384615,4.923076923076923,2.769230769230769,1.6153846153846154,18,19,157,200,53,0.11464968152866242,0.3375796178343949,1.3453846153846156,0.03923076923076896,0.095,Fora
F1,Marseille,14,1.3571428571428572,0.42857142857142855,0.07142857142857142,0.5,1.5,1.4285714285714286,0.07142857142857142,0.6428571428571429,0.21428571428571427,0.42857142857142855,0.5714285714285714,0.42857142857142855,14.571428571428571,10.571428571428571,5.285714285714286,3.7857142857142856,4.714285714285714,4.142857142857143,2.4285714285714284,1.7142857142857142,21,20,204,148,74,0.10294117647058823,0.3627450980392157,1.7442857142857144,-0.24428571428571444,0.13513513513513514,Fora
F1,Lyon,15,1.3333333333333333,0.3333333333333333,0.3333333333333333,0.3333333333333333,1.3333333333333333,1.2666666666666666,0.06666666666666667,0.6666666666666666,0.4666666666666667,0.4666666666666667,0.4666666666666667,0.5333333333333333,10.866666666666667,12.933333333333334,4.666666666666667,4.2,5.066666666666666,5.4,2.0,2.2666666666666666,20,19,163,194,70,0.12269938650306748,0.4294478527607362,1.54,-0.20666666666666678,0.0979381443298969,Fora
F1,Toulouse,14,1.2142857142857142,0.35714285714285715,0.14285714285714285,0.5,1.2857142857142858,1.2857142857142858,0.0,0.7142857142857143,0.21428571428571427,0.5,0.5,0.5,10.928571428571429,12.785714285714286,3.7857142857142856,3.7857142857142856,4.071428571428571,5.214285714285714,2.9285714285714284,1.5,18,18,153,179,53,0.11764705882352941,0.3464052287581699,1.2492857142857143,0.03642857142857148,0.1005586592178771,Fora
F1,Strasbourg,14,1.1428571428571428,0.2857142857142857,0.2857142857142857,0.42857142857142855,1.5714285714285714,1.7142857142857142,-0.14285714285714285,0.7857142857142857,0.14285714285714285,0.7142857142857143,0.6428571428571429,0.35714285714285715,10.642857142857142,12.928571428571429,4.0,5.285714285714286,3.357142857142857,4.714285714285714,2.2857142857142856,1.8571428571428572,22,24,149,181,56,0.1476510067114094,0.37583892617449666,1.32,0.25142857142857133,0.13259668508287292,Fora
F1,Paris FC,15,1.0666666666666667,0.2,0.4666666666666667,0.3333333333333333,1.0,1.3333333333333333,-0.3333333333333333,0.7333333333333333,0.26666666666666666,0.6666666666666666,0.4,0.6,9.533333333333333,13.4,3.3333333333333335,4.466666666666667,3.2,6.733333333333333,1.7333333333333334,1.2,15,20,143,201,50,0.1048951048951049,0.34965034965034963,1.1,-0.10000000000000009,0.09950248756218906,Fora
F1,Angers,14,0.8571428571428571,0.21428571428571427,0.21428571428571427,0.5714285714285714,0.5714285714285714,1.5714285714285714,-1.0,0.5,0.2857142857142857,0.2857142857142857,0.2857142857142857,0.7142857142857143,8.571428571428571,14.571428571428571,2.7142857142857144,5.0,2.7857142857142856,5.428571428571429,1.1428571428571428,0.8571428571428571,8,22,120,204,38,0.06666666666666667,0.31666666666666665,0.8957142857142858,-0.3242857142857144,0.10784313725490197,Fora
F1,Brest,14,0.8571428571428571,0.21428571428571427,0.21428571428571427,0.5714285714285714,1.0,1.8571428571428572,-0.8571428571428571,0.6428571428571429,0.14285714285714285,0.5,0.5714285714285714,0.42857142857142855,9.214285714285714,15.214285714285714,2.7142857142857144,5.571428571428571,3.357142857142857,7.142857142857143,1.9285714285714286,1.3571428571428572,14,26,129,213,38,0.10852713178294573,0.29457364341085274,0.8957142857142858,0.1042857142857142,0.12206572769953052,Fora
F1,Lorient,14,0.7857142857142857,0.14285714285714285,0.35714285714285715,0.5,0.7857142857142857,1.5714285714285714,-0.7857142857142857,0.42857142857142855,0.14285714285714285,0.35714285714285715,0.2857142857142857,0.7142857142857143,10.857142857142858,11.5,3.0714285714285716,3.9285714285714284,3.7857142857142856,5.0,1.5714285714285714,1.9285714285714286,11,22,152,161,43,0.07236842105263158,0.28289473684210525,1.0135714285714286,-0.22785714285714287,0.13664596273291926,Fora
F1,Nantes,13,0.7692307692307693,0.15384615384615385,0.3076923076923077,0.5384615384615384,0.7692307692307693,1.4615384615384615,-0.6923076923076923,0.5384615384615384,0.23076923076923078,0.46153846153846156,0.46153846153846156,0.5384615384615384,9.0,15.23076923076923,2.6153846153846154,5.384615384615385,3.0,6.3076923076923075,2.076923076923077,2.4615384615384617,10,19,117,198,34,0.08547008547008547,0.2905982905982906,0.8630769230769231,-0.0938461538461538,0.09595959595959595,Fora
F1,Nice,14,0.7142857142857143,0.21428571428571427,0.07142857142857142,0.7142857142857143,1.1428571428571428,2.142857142857143,-1.0,0.7142857142857143,0.07142857142857142,0.6428571428571429,0.6428571428571429,0.35714285714285715,10.071428571428571,16.142857142857142,3.642857142857143,5.571428571428571,5.285714285714286,5.285714285714286,2.5,1.9285714285714286,16,30,141,226,51,0.11347517730496454,0.3617021276595745,1.2021428571428572,-0.059285714285714386,0.13274336283185842,Fora
F1,Auxerre,14,0.5714285714285714,0.07142857142857142,0.35714285714285715,0.5714285714285714,0.7142857142857143,1.5714285714285714,-0.8571428571428571,0.42857142857142855,0.07142857142857142,0.42857142857142855,0.35714285714285715,0.6428571428571429,10.071428571428571,13.428571428571429,3.0,5.0,4.357142857142857,4.571428571428571,2.357142857142857,1.7857142857142858,10,22,141,188,42,0.07092198581560284,0.2978723404255319,0.9900000000000001,-0.2757142857142858,0.11702127659574468,Fora
F1,Le Havre,13,0.46153846153846156,0.07692307692307693,0.23076923076923078,0.6923076923076923,0.5384615384615384,1.7692307692307692,-1.2307692307692308,0.38461538461538464,0.23076923076923078,0.3076923076923077,0.3076923076923077,0.6923076923076923,10.23076923076923,15.153846153846153,2.923076923076923,4.538461538461538,4.0,6.0,2.0,1.6923076923076923,7,23,133,197,38,0.05263157894736842,0.2857142857142857,0.9646153846153847,-0.4261538461538462,0.116751269035533,Fora
F1,Metz,14,0.35714285714285715,0.07142857142857142,0.14285714285714285,0.7857142857142857,0.8571428571428571,2.642857142857143,-1.7857142857142858,0.5714285714285714,0.14285714285714285,0.5,0.7142857142857143,0.2857142857142857,7.714285714285714,18.214285714285715,2.2857142857142856,7.142857142857143,3.4285714285714284,5.928571428571429,2.0,1.2857142857142858,12,37,108,255,32,0.1111111111111111,0.2962962962962963,0.7542857142857143,0.10285714285714276,0.1450980392156863,Fora
I1,Inter,31,2.3225806451612905,0.7419354838709677,0.0967741935483871,0.16129032258064516,2.2903225806451615,0.8387096774193549,1.4516129032258065,0.9354838709677419,0.4838709677419355,0.45161290322580644,0.5161290322580645,0.4838709677419355,17.967741935483872,8.451612903225806,6.225806451612903,2.806451612903226,6.709677419354839,2.7096774193548385,1.6129032258064515,1.7096774193548387,71,26,557,262,193,0.12746858168761221,0.3464991023339318,2.054516129032258,0.23580645161290326,0.09923664122137404,Total
I1,Napoli,31,2.096774193548387,0.6451612903225806,0.16129032258064516,0.1935483870967742,1.5161290322580645,0.967741935483871,0.5483870967741935,0.8064516129032258,0.3548387096774194,0.5161290322580645,0.5483870967741935,0.45161290322580644,12.935483870967742,10.483870967741936,4.741935483870968,2.838709677419355,5.290322580645161,2.870967741935484,1.4193548387096775,1.8064516129032258,47,30,401,325,147,0.1172069825436409,0.36658354114713215,1.5648387096774194,-0.048709677419354946,0.09230769230769231,Total
I1,Milan,31,2.032258064516129,0.5806451612903226,0.2903225806451613,0.12903225806451613,1.5161290322580645,0.7741935483870968,0.7419354838709677,0.8709677419354839,0.41935483870967744,0.4838709677419355,0.41935483870967744,0.5806451612903226,13.516129032258064,11.161290322580646,4.387096774193548,3.4193548387096775,4.580645161290323,4.451612903225806,1.5806451612903225,1.935483870967742,47,24,419,346,136,0.11217183770883055,0.324582338902148,1.447741935483871,0.06838709677419352,0.06936416184971098,Total
I1,Como,31,1.8709677419354838,0.5161290322580645,0.3225806451612903,0.16129032258064516,1.7096774193548387,0.7096774193548387,1.0,0.7419354838709677,0.4838709677419355,0.41935483870967744,0.45161290322580644,0.5483870967741935,14.193548387096774,9.32258064516129,5.129032258064516,3.2903225806451615,4.161290322580645,3.2580645161290325,2.096774193548387,2.129032258064516,53,22,440,289,159,0.12045454545454545,0.3613636363636364,1.6925806451612906,0.01709677419354816,0.07612456747404844,Total
I1,Juventus,31,1.8387096774193548,0.5161290322580645,0.2903225806451613,0.1935483870967742,1.7419354838709677,0.9354838709677419,0.8064516129032258,0.8064516129032258,0.3870967741935484,0.4838709677419355,0.45161290322580644,0.5483870967741935,16.838709677419356,10.161290322580646,6.129032258064516,2.838709677419355,5.225806451612903,3.806451612903226,1.2903225806451613,2.096774193548387,54,29,522,315,190,0.10344827586206896,0.36398467432950193,2.02258064516129,-0.28064516129032246,0.09206349206349207,Total
I1,Roma,31,1.7419354838709677,0.5483870967741935,0.0967741935483871,0.3548387096774194,1.3548387096774193,0.9032258064516129,0.45161290322580644,0.7741935483870968,0.41935483870967744,0.3548387096774194,0.3548387096774194,0.6451612903225806,13.064516129032258,10.193548387096774,4.387096774193548,3.870967741935484,5.064516129032258,3.193548387096774,1.8709677419354838,2.096774193548387,42,28,405,316,136,0.1037037037037037,0.3358024691358025,1.447741935483871,-0.09290322580645172,0.08860759493670886,Total
I1,Atalanta,31,1.7096774193548387,0.45161290322580644,0.3548387096774194,0.1935483870967742,1.4193548387096775,0.8709677419354839,0.5483870967741935,0.8387096774193549,0.3870967741935484,0.5161290322580645,0.3870967741935484,0.6129032258064516,14.806451612903226,11.741935483870968,4.67741935483871,3.774193548387097,5.709677419354839,4.290322580645161,1.5806451612903225,1.4193548387096775,44,27,459,364,145,0.09586056644880174,0.3159041394335512,1.5435483870967743,-0.12419354838709684,0.07417582417582418,Total
I1,Bologna,31,1.4516129032258065,0.41935483870967744,0.1935483870967742,0.3870967741935484,1.2903225806451613,1.1935483870967742,0.0967741935483871,0.7419354838709677,0.2903225806451613,0.4838709677419355,0.4838709677419355,0.5161290322580645,13.419354838709678,10.290322580645162,3.935483870967742,3.774193548387097,4.516129032258065,4.096774193548387,1.935483870967742,2.0,40,37,416,319,122,0.09615384615384616,0.2932692307692308,1.298709677419355,-0.008387096774193692,0.11598746081504702,Total
I1,Lazio,31,1.4193548387096775,0.3548387096774194,0.3548387096774194,0.2903225806451613,1.032258064516129,0.9354838709677419,0.0967741935483871,0.5483870967741935,0.45161290322580644,0.25806451612903225,0.25806451612903225,0.7419354838709677,10.96774193548387,13.516129032258064,3.838709677419355,4.258064516129032,3.7419354838709675,4.0,1.967741935483871,2.6451612903225805,32,29,340,419,119,0.09411764705882353,0.35,1.2667741935483872,-0.23451612903225816,0.06921241050119331,Total
I1,Sassuolo,31,1.3548387096774193,0.3870967741935484,0.1935483870967742,0.41935483870967744,1.2258064516129032,1.3225806451612903,-0.0967741935483871,0.6774193548387096,0.1935483870967742,0.5161290322580645,0.5483870967741935,0.45161290322580644,10.387096774193548,14.451612903225806,3.6451612903225805,5.129032258064516,3.903225806451613,4.838709677419355,2.193548387096774,1.7419354838709677,38,41,322,448,113,0.11801242236024845,0.35093167701863354,1.2029032258064516,0.022903225806451655,0.09151785714285714,Total
I1,Udinese,31,1.2903225806451613,0.3548387096774194,0.22580645161290322,0.41935483870967744,1.1290322580645162,1.3548387096774193,-0.22580645161290322,0.7419354838709677,0.25806451612903225,0.5161290322580645,0.4838709677419355,0.5161290322580645,11.258064516129032,13.129032258064516,3.6129032258064515,4.0,4.354838709677419,4.870967741935484,1.967741935483871,1.8064516129032258,35,42,349,407,112,0.10028653295128939,0.3209169054441261,1.1922580645161291,-0.06322580645161291,0.10319410319410319,Total
I1,Torino,31,1.1612903225806452,0.3225806451612903,0.1935483870967742,0.4838709677419355,1.1290322580645162,1.7096774193548387,-0.5806451612903226,0.7096774193548387,0.3548387096774194,0.45161290322580644,0.6129032258064516,0.3870967741935484,11.96774193548387,13.483870967741936,4.290322580645161,4.354838709677419,3.903225806451613,4.516129032258065,1.903225806451613,1.3548387096774193,35,53,371,418,133,0.09433962264150944,0.3584905660377358,1.4158064516129032,-0.28677419354838696,0.12679425837320574,Total
I1,Parma,31,1.1290322580645162,0.25806451612903225,0.3548387096774194,0.3870967741935484,0.7096774193548387,1.2580645161290323,-0.5483870967741935,0.5483870967741935,0.3225806451612903,0.41935483870967744,0.3225806451612903,0.6774193548387096,11.161290322580646,14.03225806451613,2.838709677419355,4.258064516129032,3.935483870967742,4.451612903225806,1.8064516129032258,1.903225806451613,22,39,346,435,88,0.06358381502890173,0.2543352601156069,0.9367741935483872,-0.22709677419354846,0.0896551724137931,Total
I1,Genoa,31,1.064516129032258,0.25806451612903225,0.2903225806451613,0.45161290322580644,1.1612903225806452,1.4193548387096775,-0.25806451612903225,0.6451612903225806,0.22580645161290322,0.5483870967741935,0.5483870967741935,0.45161290322580644,11.774193548387096,12.96774193548387,3.935483870967742,4.258064516129032,3.6451612903225805,5.129032258064516,1.8064516129032258,2.4838709677419355,36,44,365,402,122,0.09863013698630137,0.33424657534246577,1.298709677419355,-0.1374193548387097,0.10945273631840796,Total
I1,Fiorentina,31,1.032258064516129,0.22580645161290322,0.3548387096774194,0.41935483870967744,1.1612903225806452,1.4193548387096775,-0.25806451612903225,0.7419354838709677,0.1935483870967742,0.6451612903225806,0.5806451612903226,0.41935483870967744,13.419354838709678,13.096774193548388,3.5806451612903225,4.548387096774194,4.548387096774194,4.612903225806452,2.193548387096774,2.3548387096774195,36,44,416,406,111,0.08653846153846154,0.2668269230769231,1.1816129032258065,-0.020322580645161237,0.10837438423645321,Total
I1,Cagliari,31,0.967741935483871,0.22580645161290322,0.2903225806451613,0.4838709677419355,1.032258064516129,1.4193548387096775,-0.3870967741935484,0.6451612903225806,0.1935483870967742,0.5161290322580645,0.4838709677419355,0.5161290322580645,10.03225806451613,13.161290322580646,3.2580645161290325,4.741935483870968,3.4838709677419355,5.290322580645161,2.3548387096774195,1.7741935483870968,32,44,311,408,101,0.10289389067524116,0.3247588424437299,1.0751612903225807,-0.04290322580645167,0.10784313725490197,Total
I1,Cremonese,31,0.8709677419354839,0.1935483870967742,0.2903225806451613,0.5161290322580645,0.8387096774193549,1.4838709677419355,-0.6451612903225806,0.5483870967741935,0.25806451612903225,0.45161290322580644,0.41935483870967744,0.5806451612903226,9.193548387096774,16.612903225806452,3.193548387096774,5.483870967741935,3.225806451612903,6.451612903225806,2.064516129032258,1.4193548387096775,26,46,285,515,99,0.0912280701754386,0.3473684210526316,1.0538709677419356,-0.2151612903225807,0.08932038834951456,Total
I1,Lecce,31,0.8709677419354839,0.22580645161290322,0.1935483870967742,0.5806451612903226,0.6774193548387096,1.3870967741935485,-0.7096774193548387,0.4838709677419355,0.25806451612903225,0.3548387096774194,0.3870967741935484,0.6129032258064516,9.903225806451612,13.096774193548388,2.3548387096774195,4.258064516129032,4.419354838709677,5.483870967741935,1.6451612903225807,1.6451612903225807,21,43,307,406,73,0.06840390879478828,0.23778501628664495,0.7770967741935484,-0.09967741935483876,0.10591133004926108,Total
I1,Pisa,31,0.5806451612903226,0.06451612903225806,0.3870967741935484,0.5483870967741935,0.7419354838709677,1.7741935483870968,-1.032258064516129,0.45161290322580644,0.16129032258064516,0.41935483870967744,0.45161290322580644,0.5483870967741935,9.774193548387096,15.193548387096774,2.6774193548387095,4.580645161290323,3.6774193548387095,4.870967741935484,1.967741935483871,1.6774193548387097,23,55,303,471,83,0.07590759075907591,0.2739273927392739,0.8835483870967742,-0.14161290322580644,0.11677282377919321,Total
I1,Verona,31,0.5806451612903226,0.0967741935483871,0.2903225806451613,0.6129032258064516,0.7096774193548387,1.7096774193548387,-1.0,0.4838709677419355,0.16129032258064516,0.4838709677419355,0.5806451612903226,0.41935483870967744,11.161290322580646,13.193548387096774,3.806451612903226,4.161290322580645,3.870967741935484,4.774193548387097,2.2903225806451615,1.5483870967741935,22,53,346,409,118,0.06358381502890173,0.34104046242774566,1.2561290322580647,-0.546451612903226,0.1295843520782396,Total
I1,Napoli,15,2.466666666666667,0.7333333333333333,0.26666666666666666,0.0,1.7333333333333334,0.8666666666666667,0.8666666666666667,0.8666666666666667,0.3333333333333333,0.6666666666666666,0.6666666666666666,0.3333333333333333,13.2,10.933333333333334,5.266666666666667,2.7333333333333334,6.0,2.6666666666666665,1.1333333333333333,1.8,26,13,198,164,79,0.13131313131313133,0.398989898989899,1.738,-0.004666666666666597,0.07926829268292683,Casa
I1,Inter,16,2.375,0.75,0.125,0.125,2.75,0.9375,1.8125,0.9375,0.375,0.5625,0.6875,0.3125,18.6875,8.6875,7.125,3.375,7.375,2.625,1.5625,1.625,44,15,299,139,114,0.14715719063545152,0.38127090301003347,2.3512500000000003,0.3987499999999997,0.1079136690647482,Casa
I1,Roma,15,2.1333333333333333,0.6666666666666666,0.13333333333333333,0.2,1.5333333333333334,0.6,0.9333333333333333,0.8,0.5333333333333333,0.26666666666666666,0.26666666666666666,0.7333333333333333,15.6,8.466666666666667,4.866666666666666,2.8666666666666667,5.933333333333334,2.4,1.6,2.3333333333333335,23,9,234,127,73,0.09829059829059829,0.31196581196581197,1.606,-0.07266666666666666,0.07086614173228346,Casa
I1,Milan,15,2.066666666666667,0.6,0.26666666666666666,0.13333333333333333,1.4666666666666666,0.8666666666666667,0.6,0.9333333333333333,0.4,0.5333333333333333,0.4666666666666667,0.5333333333333333,16.133333333333333,9.8,5.133333333333334,3.0,5.466666666666667,3.8,1.8666666666666667,2.2,22,13,242,147,77,0.09090909090909091,0.3181818181818182,1.694,-0.2273333333333334,0.08843537414965986,Casa
I1,Juventus,16,2.0625,0.5625,0.375,0.0625,2.0,0.8125,1.1875,0.8125,0.4375,0.5,0.5,0.5,19.125,9.75,6.875,2.4375,6.0625,3.75,1.0625,2.1875,32,13,306,156,110,0.10457516339869281,0.35947712418300654,2.2687500000000003,-0.26875000000000027,0.08333333333333333,Casa
I1,Atalanta,16,2.0,0.5625,0.3125,0.125,1.5625,0.8125,0.75,0.8125,0.375,0.5,0.4375,0.5625,17.0,10.5,5.3125,2.6875,6.8125,3.6875,1.25,1.5,25,13,272,168,85,0.09191176470588236,0.3125,1.753125,-0.19062500000000004,0.07738095238095238,Casa
I1,Como,16,2.0,0.5625,0.3125,0.125,1.9375,0.6875,1.25,0.875,0.5,0.5,0.4375,0.5625,15.9375,7.75,6.25,2.75,4.75,2.125,1.9375,2.125,31,11,255,124,100,0.12156862745098039,0.39215686274509803,2.0625,-0.125,0.08870967741935484,Casa
I1,Lazio,16,1.625,0.4375,0.3125,0.25,1.375,1.125,0.25,0.6875,0.375,0.375,0.375,0.625,12.125,11.9375,4.375,4.4375,4.5625,3.8125,2.1875,2.5,22,18,194,191,70,0.1134020618556701,0.36082474226804123,1.44375,-0.06875000000000009,0.09424083769633508,Casa
I1,Sassuolo,16,1.4375,0.4375,0.125,0.4375,1.1875,1.375,-0.1875,0.625,0.1875,0.4375,0.5625,0.4375,10.3125,14.3125,3.5,4.875,3.9375,4.75,1.9375,1.75,19,22,165,229,56,0.11515151515151516,0.3393939393939394,1.155,0.03249999999999997,0.09606986899563319,Casa
I1,Torino,15,1.3333333333333333,0.4,0.13333333333333333,0.4666666666666667,1.2666666666666666,1.5333333333333334,-0.26666666666666666,0.8,0.3333333333333333,0.5333333333333333,0.6,0.4,12.2,12.6,4.533333333333333,4.2,4.066666666666666,4.4,1.8,1.3333333333333333,19,23,183,189,68,0.10382513661202186,0.37158469945355194,1.496,-0.2293333333333334,0.12169312169312169,Casa
I1,Udinese,16,1.25,0.3125,0.3125,0.375,1.0,1.1875,-0.1875,0.6875,0.3125,0.4375,0.4375,0.5625,12.5,11.4375,3.8125,3.5625,4.375,4.3125,1.8125,2.125,16,19,200,183,61,0.08,0.305,1.2581250000000002,-0.25812500000000016,0.10382513661202186,Casa
I1,Genoa,16,1.1875,0.3125,0.25,0.4375,1.1875,1.3125,-0.125,0.5625,0.25,0.4375,0.5625,0.4375,12.1875,10.625,4.0,3.375,3.625,4.0625,1.75,2.875,19,21,195,170,64,0.09743589743589744,0.3282051282051282,1.32,-0.13250000000000006,0.12352941176470589,Casa
I1,Bologna,15,1.1333333333333333,0.3333333333333333,0.13333333333333333,0.5333333333333333,0.9333333333333333,1.2,-0.26666666666666666,0.6,0.3333333333333333,0.3333333333333333,0.4,0.6,15.6,9.066666666666666,3.933333333333333,3.2,5.066666666666666,3.533333333333333,1.5333333333333334,1.8666666666666667,14,18,234,136,59,0.05982905982905983,0.25213675213675213,1.2980000000000003,-0.3646666666666669,0.1323529411764706,Casa
I1,Cagliari,15,1.0666666666666667,0.26666666666666666,0.26666666666666666,0.4666666666666667,1.0666666666666667,1.2,-0.13333333333333333,0.6,0.3333333333333333,0.3333333333333333,0.3333333333333333,0.6666666666666666,9.533333333333333,12.4,3.1333333333333333,4.066666666666666,3.933333333333333,5.333333333333333,2.066666666666667,1.8,16,18,143,186,47,0.11188811188811189,0.32867132867132864,1.034,0.03266666666666662,0.0967741935483871,Casa
I1,Fiorentina,15,1.0,0.2,0.4,0.4,1.2666666666666666,1.3333333333333333,-0.06666666666666667,0.8666666666666667,0.2,0.7333333333333333,0.5333333333333333,0.4666666666666667,16.266666666666666,11.133333333333333,4.4,3.8,5.666666666666667,4.0,2.2666666666666666,2.6666666666666665,19,20,244,167,66,0.0778688524590164,0.27049180327868855,1.4520000000000002,-0.18533333333333357,0.11976047904191617,Casa
I1,Lecce,16,1.0,0.25,0.25,0.5,0.6875,1.375,-0.6875,0.4375,0.25,0.375,0.5,0.5,10.6875,11.6875,2.6875,3.9375,4.5625,4.375,1.8125,2.0625,11,22,171,187,43,0.06432748538011696,0.25146198830409355,0.8868750000000001,-0.19937500000000008,0.11764705882352941,Casa
I1,Parma,15,0.9333333333333333,0.2,0.3333333333333333,0.4666666666666667,0.7333333333333333,1.4,-0.6666666666666666,0.5333333333333333,0.2,0.4666666666666667,0.3333333333333333,0.6666666666666666,12.733333333333333,13.133333333333333,2.8666666666666667,4.4,4.333333333333333,3.8666666666666667,1.7333333333333334,2.1333333333333333,11,21,191,197,43,0.05759162303664921,0.225130890052356,0.9460000000000001,-0.21266666666666678,0.1065989847715736,Casa
I1,Cremonese,15,0.8,0.13333333333333333,0.4,0.4666666666666667,0.8666666666666667,1.5333333333333334,-0.6666666666666666,0.6,0.26666666666666666,0.5333333333333333,0.4,0.6,10.2,14.866666666666667,3.6,4.933333333333334,3.3333333333333335,5.866666666666666,2.066666666666667,1.0666666666666667,13,23,153,223,54,0.08496732026143791,0.35294117647058826,1.188,-0.32133333333333325,0.1031390134529148,Casa
I1,Pisa,16,0.625,0.125,0.25,0.625,0.4375,1.1875,-0.75,0.3125,0.25,0.25,0.25,0.75,10.125,12.5625,2.875,3.6875,3.75,4.375,1.875,1.875,7,19,162,201,46,0.043209876543209874,0.2839506172839506,0.9487500000000001,-0.5112500000000001,0.0945273631840796,Casa
I1,Verona,15,0.4666666666666667,0.06666666666666667,0.26666666666666666,0.6666666666666666,0.8,1.6,-0.8,0.5333333333333333,0.13333333333333333,0.5333333333333333,0.5333333333333333,0.4666666666666667,11.4,12.266666666666667,4.266666666666667,4.066666666666666,4.733333333333333,3.8666666666666667,2.1333333333333333,1.8666666666666667,12,24,171,184,64,0.07017543859649122,0.3742690058479532,1.4080000000000001,-0.6080000000000001,0.13043478260869565,Casa
I1,Inter,15,2.2666666666666666,0.7333333333333333,0.06666666666666667,0.2,1.8,0.7333333333333333,1.0666666666666667,0.9333333333333333,0.6,0.3333333333333333,0.3333333333333333,0.6666666666666666,17.2,8.2,5.266666666666667,2.2,6.0,2.8,1.6666666666666667,1.8,27,11,258,123,79,0.10465116279069768,0.3062015503875969,1.738,0.062000000000000055,0.08943089430894309,Fora
I1,Milan,16,2.0,0.5625,0.3125,0.125,1.5625,0.6875,0.875,0.8125,0.4375,0.4375,0.375,0.625,11.0625,12.4375,3.6875,3.8125,3.75,5.0625,1.3125,1.6875,25,11,177,199,59,0.14124293785310735,0.3333333333333333,1.2168750000000002,0.34562499999999985,0.05527638190954774,Fora
I1,Bologna,16,1.75,0.5,0.25,0.25,1.625,1.1875,0.4375,0.875,0.25,0.625,0.5625,0.4375,11.375,11.4375,3.9375,4.3125,4.0,4.625,2.3125,2.125,26,19,182,183,63,0.14285714285714285,0.34615384615384615,1.2993750000000002,0.32562499999999983,0.10382513661202186,Fora
I1,Napoli,16,1.75,0.5625,0.0625,0.375,1.3125,1.0625,0.25,0.75,0.375,0.375,0.4375,0.5625,12.6875,10.0625,4.25,2.9375,4.625,3.0625,1.6875,1.8125,21,17,203,161,68,0.10344827586206896,0.33497536945812806,1.4025,-0.09000000000000008,0.10559006211180125,Fora
I1,Como,15,1.7333333333333334,0.4666666666666667,0.3333333333333333,0.2,1.4666666666666666,0.7333333333333333,0.7333333333333333,0.6,0.4666666666666667,0.3333333333333333,0.4666666666666667,0.5333333333333333,12.333333333333334,11.0,3.933333333333333,3.8666666666666667,3.533333333333333,4.466666666666667,2.2666666666666666,2.1333333333333333,22,11,185,165,59,0.11891891891891893,0.31891891891891894,1.2980000000000003,0.1686666666666663,0.06666666666666667,Fora
I1,Juventus,15,1.6,0.4666666666666667,0.2,0.3333333333333333,1.4666666666666666,1.0666666666666667,0.4,0.8,0.3333333333333333,0.4666666666666667,0.4,0.6,14.4,10.6,5.333333333333333,3.2666666666666666,4.333333333333333,3.8666666666666667,1.5333333333333334,2.0,22,16,216,159,80,0.10185185185185185,0.37037037037037035,1.7600000000000002,-0.29333333333333367,0.10062893081761007,Fora
I1,Atalanta,15,1.4,0.3333333333333333,0.4,0.26666666666666666,1.2666666666666666,0.9333333333333333,0.3333333333333333,0.8666666666666667,0.4,0.5333333333333333,0.3333333333333333,0.6666666666666666,12.466666666666667,13.066666666666666,4.0,4.933333333333334,4.533333333333333,4.933333333333334,1.9333333333333333,1.3333333333333333,19,14,187,196,60,0.10160427807486631,0.32085561497326204,1.32,-0.053333333333333455,0.07142857142857142,Fora
I1,Roma,16,1.375,0.4375,0.0625,0.5,1.1875,1.1875,0.0,0.75,0.3125,0.4375,0.4375,0.5625,10.6875,11.8125,3.9375,4.8125,4.25,3.9375,2.125,1.875,19,19,171,189,63,0.1111111111111111,0.3684210526315789,1.2993750000000002,-0.11187500000000017,0.10052910052910052,Fora
I1,Udinese,15,1.3333333333333333,0.4,0.13333333333333333,0.4666666666666667,1.2666666666666666,1.5333333333333334,-0.26666666666666666,0.8,0.2,0.6,0.5333333333333333,0.4666666666666667,9.933333333333334,14.933333333333334,3.4,4.466666666666667,4.333333333333333,5.466666666666667,2.1333333333333333,1.4666666666666666,19,23,149,224,51,0.12751677852348994,0.3422818791946309,1.122,0.1446666666666665,0.10267857142857142,Fora
I1,Parma,16,1.3125,0.3125,0.375,0.3125,0.6875,1.125,-0.4375,0.5625,0.4375,0.375,0.3125,0.6875,9.6875,14.875,2.8125,4.125,3.5625,5.0,1.875,1.6875,11,18,155,238,45,0.07096774193548387,0.2903225806451613,0.9281250000000001,-0.2406250000000001,0.07563025210084033,Fora
I1,Sassuolo,15,1.2666666666666666,0.3333333333333333,0.26666666666666666,0.4,1.2666666666666666,1.2666666666666666,0.0,0.7333333333333333,0.2,0.6,0.5333333333333333,0.4666666666666667,10.466666666666667,14.6,3.8,5.4,3.8666666666666667,4.933333333333334,2.466666666666667,1.7333333333333334,19,19,157,219,57,0.12101910828025478,0.3630573248407643,1.2540000000000002,0.012666666666666382,0.0867579908675799,Fora
I1,Lazio,15,1.2,0.26666666666666666,0.4,0.3333333333333333,0.6666666666666666,0.7333333333333333,-0.06666666666666667,0.4,0.5333333333333333,0.13333333333333333,0.13333333333333333,0.8666666666666667,9.733333333333333,15.2,3.2666666666666666,4.066666666666666,2.8666666666666667,4.2,1.7333333333333334,2.8,10,11,146,228,49,0.0684931506849315,0.3356164383561644,1.078,-0.41133333333333344,0.04824561403508772,Fora
I1,Fiorentina,16,1.0625,0.25,0.3125,0.4375,1.0625,1.5,-0.4375,0.625,0.1875,0.5625,0.625,0.375,10.75,14.9375,2.8125,5.25,3.5,5.1875,2.125,2.0625,17,24,172,239,45,0.09883720930232558,0.2616279069767442,0.9281250000000001,0.1343749999999999,0.100418410041841,Fora
I1,Torino,16,1.0,0.25,0.25,0.5,1.0,1.875,-0.875,0.625,0.375,0.375,0.625,0.375,11.75,14.3125,4.0625,4.5,3.75,4.625,2.0,1.375,16,30,188,229,65,0.0851063829787234,0.34574468085106386,1.340625,-0.34062499999999996,0.13100436681222707,Fora
I1,Cremonese,16,0.9375,0.25,0.1875,0.5625,0.8125,1.4375,-0.625,0.5,0.25,0.375,0.4375,0.5625,8.25,18.25,2.8125,6.0,3.125,7.0,2.0625,1.75,13,23,132,292,45,0.09848484848484848,0.3409090909090909,0.9281250000000001,-0.11562500000000009,0.07876712328767123,Fora
I1,Genoa,15,0.9333333333333333,0.2,0.3333333333333333,0.4666666666666667,1.1333333333333333,1.5333333333333334,-0.4,0.7333333333333333,0.2,0.6666666666666666,0.5333333333333333,0.4666666666666667,11.333333333333334,15.466666666666667,3.8666666666666667,5.2,3.6666666666666665,6.266666666666667,1.8666666666666667,2.066666666666667,17,23,170,232,58,0.1,0.3411764705882353,1.276,-0.14266666666666672,0.09913793103448276,Fora
I1,Cagliari,16,0.875,0.1875,0.3125,0.5,1.0,1.625,-0.625,0.6875,0.0625,0.6875,0.625,0.375,10.5,13.875,3.375,5.375,3.0625,5.25,2.625,1.75,16,26,168,222,54,0.09523809523809523,0.32142857142857145,1.11375,-0.11375000000000002,0.11711711711711711,Fora
I1,Lecce,15,0.7333333333333333,0.2,0.13333333333333333,0.6666666666666666,0.6666666666666666,1.4,-0.7333333333333333,0.5333333333333333,0.26666666666666666,0.3333333333333333,0.26666666666666666,0.7333333333333333,9.066666666666666,14.6,2.0,4.6,4.266666666666667,6.666666666666667,1.4666666666666666,1.2,10,21,136,219,30,0.07352941176470588,0.22058823529411764,0.66,0.006666666666666599,0.0958904109589041,Fora
I1,Verona,16,0.6875,0.125,0.3125,0.5625,0.625,1.8125,-1.1875,0.4375,0.1875,0.4375,0.625,0.375,10.9375,14.0625,3.375,4.25,3.0625,5.625,2.4375,1.25,10,29,175,225,54,0.05714285714285714,0.30857142857142855,1.11375,-0.48875,0.1288888888888889,Fora
I1,Pisa,15,0.5333333333333333,0.0,0.5333333333333333,0.4666666666666667,1.0666666666666667,2.4,-1.3333333333333333,0.6,0.06666666666666667,0.6,0.6666666666666666,0.3333333333333333,9.4,18.0,2.466666666666667,5.533333333333333,3.6,5.4,2.066666666666667,1.4666666666666666,16,36,141,270,37,0.11347517730496454,0.2624113475177305,0.8140000000000001,0.2526666666666666,0.13333333333333333,Fora
N1,PSV Eindhoven,29,2.4482758620689653,0.7931034482758621,0.06896551724137931,0.13793103448275862,2.8275862068965516,1.3793103448275863,1.4482758620689655,0.9655172413793104,0.20689655172413793,0.7586206896551724,0.8620689655172413,0.13793103448275862,17.862068965517242,11.793103448275861,7.310344827586207,4.0344827586206895,7.413793103448276,4.172413793103448,1.3448275862068966,1.6551724137931034,82,40,518,342,212,0.1583011583011583,0.4092664092664093,2.4124137931034486,0.415172413793103,0.11695906432748537,Total
N1,Feyenoord,29,1.8620689655172413,0.5517241379310345,0.20689655172413793,0.2413793103448276,2.103448275862069,1.3793103448275863,0.7241379310344828,0.8620689655172413,0.3103448275862069,0.5862068965517241,0.6206896551724138,0.3793103448275862,17.06896551724138,10.89655172413793,6.379310344827586,4.172413793103448,7.413793103448276,3.4827586206896552,1.5517241379310345,1.3793103448275863,61,40,495,316,185,0.12323232323232323,0.37373737373737376,2.1051724137931034,-0.0017241379310344307,0.12658227848101267,Total
N1,Nijmegen,29,1.8275862068965518,0.5172413793103449,0.27586206896551724,0.20689655172413793,2.4482758620689653,1.6206896551724137,0.8275862068965517,0.9655172413793104,0.1724137931034483,0.7931034482758621,0.7931034482758621,0.20689655172413793,16.344827586206897,11.379310344827585,6.827586206896552,4.931034482758621,5.758620689655173,4.137931034482759,1.6896551724137931,1.8275862068965518,71,47,474,330,198,0.14978902953586498,0.4177215189873418,2.253103448275862,0.19517241379310324,0.14242424242424243,Total
N1,Twente,29,1.7241379310344827,0.4482758620689655,0.3793103448275862,0.1724137931034483,1.6896551724137931,1.0689655172413792,0.6206896551724138,0.7931034482758621,0.2413793103448276,0.6206896551724138,0.4482758620689655,0.5517241379310345,17.75862068965517,10.206896551724139,6.344827586206897,3.5172413793103448,5.206896551724138,3.9310344827586206,1.4137931034482758,1.9655172413793103,49,31,515,296,184,0.09514563106796116,0.3572815533980582,2.093793103448276,-0.4041379310344828,0.10472972972972973,Total
N1,Ajax,29,1.6551724137931034,0.41379310344827586,0.41379310344827586,0.1724137931034483,1.8620689655172413,1.2758620689655173,0.5862068965517241,0.9310344827586207,0.2413793103448276,0.7241379310344828,0.5862068965517241,0.41379310344827586,14.551724137931034,13.10344827586207,5.931034482758621,4.655172413793103,4.862068965517241,4.827586206896552,1.7241379310344827,1.6551724137931034,54,37,422,380,172,0.12796208530805686,0.4075829383886256,1.957241379310345,-0.0951724137931036,0.09736842105263158,Total
N1,AZ Alkmaar,29,1.5517241379310345,0.4482758620689655,0.20689655172413793,0.3448275862068966,1.6896551724137931,1.5517241379310345,0.13793103448275862,0.896551724137931,0.2413793103448276,0.6551724137931034,0.6551724137931034,0.3448275862068966,15.241379310344827,12.379310344827585,5.862068965517241,4.482758620689655,5.724137931034483,4.379310344827586,2.0689655172413794,1.6551724137931034,49,45,442,359,170,0.11085972850678733,0.38461538461538464,1.9344827586206896,-0.24482758620689649,0.12534818941504178,Total
N1,Heerenveen,29,1.5172413793103448,0.41379310344827586,0.27586206896551724,0.3103448275862069,1.8275862068965518,1.6206896551724137,0.20689655172413793,0.8275862068965517,0.10344827586206896,0.7241379310344828,0.7586206896551724,0.2413793103448276,15.413793103448276,12.793103448275861,5.655172413793103,5.103448275862069,5.448275862068965,4.931034482758621,1.5172413793103448,1.3103448275862069,53,47,447,371,164,0.1185682326621924,0.3668903803131991,1.8662068965517242,-0.0386206896551724,0.12668463611859837,Total
N1,Sparta Rotterdam,29,1.4482758620689655,0.41379310344827586,0.20689655172413793,0.3793103448275862,1.206896551724138,1.6206896551724137,-0.41379310344827586,0.7586206896551724,0.3793103448275862,0.41379310344827586,0.4827586206896552,0.5172413793103449,12.827586206896552,15.89655172413793,4.620689655172414,5.931034482758621,4.586206896551724,6.758620689655173,1.9310344827586208,1.9655172413793103,35,47,372,461,134,0.09408602150537634,0.3602150537634409,1.5248275862068965,-0.3179310344827586,0.1019522776572668,Total
N1,Groningen,29,1.4137931034482758,0.41379310344827586,0.1724137931034483,0.41379310344827586,1.4482758620689655,1.2758620689655173,0.1724137931034483,0.7931034482758621,0.3103448275862069,0.5172413793103449,0.5172413793103449,0.4827586206896552,16.137931034482758,11.620689655172415,5.9655172413793105,4.241379310344827,6.413793103448276,4.724137931034483,1.8275862068965518,1.5172413793103448,42,37,468,337,173,0.08974358974358974,0.3696581196581197,1.9686206896551726,-0.520344827586207,0.10979228486646884,Total
N1,Utrecht,29,1.4137931034482758,0.3793103448275862,0.27586206896551724,0.3448275862068966,1.5517241379310345,1.206896551724138,0.3448275862068966,0.8275862068965517,0.2413793103448276,0.6206896551724138,0.4827586206896552,0.5172413793103449,14.758620689655173,12.655172413793103,5.275862068965517,4.655172413793103,5.172413793103448,4.517241379310345,1.4827586206896552,1.793103448275862,45,35,428,367,153,0.10514018691588785,0.3574766355140187,1.7410344827586208,-0.18931034482758635,0.09536784741144415,Total
N1,For Sittard,29,1.206896551724138,0.3448275862068966,0.1724137931034483,0.4827586206896552,1.4827586206896552,1.8620689655172413,-0.3793103448275862,0.8620689655172413,0.10344827586206896,0.7586206896551724,0.6896551724137931,0.3103448275862069,12.931034482758621,14.862068965517242,4.586206896551724,5.689655172413793,4.482758620689655,6.896551724137931,2.1724137931034484,1.2758620689655173,43,54,375,431,133,0.11466666666666667,0.3546666666666667,1.513448275862069,-0.030689655172413843,0.12529002320185614,Total
N1,Go Ahead Eagles,29,1.206896551724138,0.27586206896551724,0.3793103448275862,0.3448275862068966,1.7241379310344827,1.5517241379310345,0.1724137931034483,0.8275862068965517,0.2413793103448276,0.5862068965517241,0.6206896551724138,0.3793103448275862,11.655172413793103,18.17241379310345,5.344827586206897,5.689655172413793,5.344827586206897,5.758620689655173,1.5172413793103448,1.5862068965517242,50,45,338,527,155,0.14792899408284024,0.45857988165680474,1.7637931034482761,-0.03965517241379346,0.08538899430740038,Total
N1,Zwolle,29,1.1379310344827587,0.27586206896551724,0.3103448275862069,0.41379310344827586,1.3103448275862069,2.0,-0.6896551724137931,0.8275862068965517,0.1724137931034483,0.6896551724137931,0.6206896551724138,0.3793103448275862,9.758620689655173,17.310344827586206,3.5172413793103448,6.275862068965517,3.5517241379310347,6.206896551724138,1.7586206896551724,1.4827586206896552,38,58,283,502,102,0.13427561837455831,0.36042402826855124,1.160689655172414,0.1496551724137929,0.11553784860557768,Total
N1,Volendam,29,0.9655172413793104,0.2413793103448276,0.2413793103448276,0.5172413793103449,1.0344827586206897,1.6551724137931034,-0.6206896551724138,0.6206896551724138,0.06896551724137931,0.5862068965517241,0.6206896551724138,0.3793103448275862,10.655172413793103,18.75862068965517,3.5517241379310347,6.344827586206897,3.5517241379310347,6.9655172413793105,1.4827586206896552,1.896551724137931,30,48,309,544,103,0.0970873786407767,0.3333333333333333,1.1720689655172414,-0.13758620689655165,0.08823529411764706,Total
N1,Excelsior,29,0.9310344827586207,0.2413793103448276,0.20689655172413793,0.5517241379310345,1.0,1.6896551724137931,-0.6896551724137931,0.7586206896551724,0.1724137931034483,0.6206896551724138,0.5862068965517241,0.41379310344827586,11.96551724137931,15.068965517241379,4.0344827586206895,5.793103448275862,4.103448275862069,5.551724137931035,1.3793103448275863,1.3448275862068966,29,49,347,437,117,0.08357348703170028,0.3371757925072046,1.3313793103448275,-0.3313793103448275,0.11212814645308924,Total
N1,Telstar,29,0.9310344827586207,0.20689655172413793,0.3103448275862069,0.4827586206896552,1.3103448275862069,1.6551724137931034,-0.3448275862068966,0.7241379310344828,0.13793103448275862,0.6206896551724138,0.5517241379310345,0.4482758620689655,13.206896551724139,16.379310344827587,4.896551724137931,6.482758620689655,4.9655172413793105,6.206896551724138,1.206896551724138,1.793103448275862,38,48,383,475,142,0.09921671018276762,0.370757180156658,1.6158620689655172,-0.30551724137931036,0.10105263157894737,Total
N1,NAC Breda,29,0.8275862068965517,0.1724137931034483,0.3103448275862069,0.5172413793103449,1.0,1.7241379310344827,-0.7241379310344828,0.5862068965517241,0.1724137931034483,0.4827586206896552,0.5517241379310345,0.4482758620689655,13.862068965517242,12.482758620689655,4.103448275862069,5.103448275862069,5.517241379310345,4.206896551724138,1.6896551724137931,2.0344827586206895,29,50,402,362,119,0.07213930348258707,0.2960199004975124,1.3541379310344828,-0.35413793103448277,0.13812154696132597,Total
N1,Heracles,29,0.6551724137931034,0.1724137931034483,0.13793103448275862,0.6896551724137931,1.1724137931034482,2.5517241379310347,-1.3793103448275863,0.5862068965517241,0.06896551724137931,0.5517241379310345,0.7241379310344828,0.27586206896551724,10.89655172413793,17.137931034482758,3.8275862068965516,6.931034482758621,4.206896551724138,6.068965517241379,2.0,1.6206896551724137,34,74,316,497,111,0.10759493670886076,0.3512658227848101,1.263103448275862,-0.0906896551724139,0.1488933601609658,Total
N1,PSV Eindhoven,15,2.3333333333333335,0.7333333333333333,0.13333333333333333,0.13333333333333333,3.1333333333333333,1.6,1.5333333333333334,0.9333333333333333,0.13333333333333333,0.8,0.9333333333333333,0.06666666666666667,19.6,10.8,7.2,4.2,7.6,3.8666666666666667,1.1333333333333333,2.066666666666667,47,24,294,162,108,0.1598639455782313,0.3673469387755102,2.376,0.7573333333333334,0.14814814814814814,Casa
N1,Feyenoord,15,2.1333333333333333,0.6666666666666666,0.13333333333333333,0.2,2.3333333333333335,1.4,0.9333333333333333,1.0,0.26666666666666666,0.7333333333333333,0.6,0.4,19.533333333333335,10.666666666666666,7.466666666666667,3.8666666666666667,8.266666666666667,3.2,1.1333333333333333,1.2666666666666666,35,21,293,160,112,0.11945392491467577,0.3822525597269625,2.464,-0.1306666666666665,0.13125,Casa
N1,Ajax,15,2.0,0.6,0.2,0.2,1.9333333333333333,0.8666666666666667,1.0666666666666667,0.9333333333333333,0.4,0.5333333333333333,0.4666666666666667,0.5333333333333333,16.333333333333332,12.333333333333334,6.733333333333333,4.2,5.333333333333333,4.2,1.4,1.6666666666666667,29,13,245,185,101,0.11836734693877551,0.4122448979591837,2.222,-0.2886666666666666,0.07027027027027027,Casa
N1,Nijmegen,14,1.9285714285714286,0.5714285714285714,0.21428571428571427,0.21428571428571427,2.642857142857143,1.5714285714285714,1.0714285714285714,1.0,0.2857142857142857,0.7142857142857143,0.9285714285714286,0.07142857142857142,17.0,11.071428571428571,6.642857142857143,5.071428571428571,6.357142857142857,3.5714285714285716,1.4285714285714286,2.4285714285714284,37,22,238,155,93,0.15546218487394958,0.3907563025210084,2.192142857142857,0.4507142857142856,0.14193548387096774,Casa
N1,AZ Alkmaar,14,1.8571428571428572,0.5,0.35714285714285715,0.14285714285714285,2.2142857142857144,1.5,0.7142857142857143,1.0,0.21428571428571427,0.7857142857142857,0.7142857142857143,0.2857142857142857,15.5,11.357142857142858,6.0,4.214285714285714,5.928571428571429,4.214285714285714,1.6428571428571428,1.9285714285714286,31,21,217,159,84,0.14285714285714285,0.3870967741935484,1.9800000000000002,0.2342857142857142,0.1320754716981132,Casa
N1,Twente,14,1.7857142857142858,0.5,0.2857142857142857,0.21428571428571427,1.5714285714285714,1.0,0.5714285714285714,0.7142857142857143,0.42857142857142855,0.42857142857142855,0.42857142857142855,0.5714285714285714,18.642857142857142,8.285714285714286,6.428571428571429,2.7857142857142856,5.571428571428571,3.357142857142857,1.0,2.142857142857143,22,14,261,116,90,0.0842911877394636,0.3448275862068966,2.1214285714285714,-0.55,0.1206896551724138,Casa
N1,Heerenveen,15,1.7333333333333334,0.4666666666666667,0.3333333333333333,0.2,2.066666666666667,1.5333333333333334,0.5333333333333333,0.8666666666666667,0.06666666666666667,0.8,0.7333333333333333,0.26666666666666666,16.333333333333332,10.533333333333333,5.866666666666666,4.6,5.6,4.4,1.5333333333333334,1.1333333333333333,31,23,245,158,88,0.12653061224489795,0.35918367346938773,1.9360000000000002,0.1306666666666667,0.14556962025316456,Casa
N1,Utrecht,14,1.7142857142857142,0.5,0.21428571428571427,0.2857142857142857,1.6428571428571428,0.8571428571428571,0.7857142857142857,0.7857142857142857,0.2857142857142857,0.5,0.42857142857142855,0.5714285714285714,16.142857142857142,11.0,5.285714285714286,4.714285714285714,5.0,4.428571428571429,1.2142857142857142,2.0714285714285716,23,12,226,154,74,0.10176991150442478,0.3274336283185841,1.7442857142857144,-0.10142857142857165,0.07792207792207792,Casa
N1,Zwolle,14,1.7142857142857142,0.5,0.21428571428571427,0.2857142857142857,1.2857142857142858,1.2142857142857142,0.07142857142857142,0.7142857142857143,0.2857142857142857,0.5,0.5,0.5,9.857142857142858,14.857142857142858,3.5,5.428571428571429,4.214285714285714,6.214285714285714,1.7142857142857142,1.7857142857142858,18,17,138,208,49,0.13043478260869565,0.35507246376811596,1.155,0.13071428571428578,0.08173076923076923,Casa
N1,Go Ahead Eagles,15,1.6,0.4,0.4,0.2,2.2,1.3333333333333333,0.8666666666666667,0.9333333333333333,0.3333333333333333,0.6,0.7333333333333333,0.26666666666666666,13.8,15.466666666666667,6.666666666666667,4.733333333333333,6.466666666666667,5.533333333333333,0.9333333333333333,1.3333333333333333,33,20,207,232,100,0.15942028985507245,0.4830917874396135,2.2,0.0,0.08620689655172414,Casa
N1,Sparta Rotterdam,14,1.5714285714285714,0.42857142857142855,0.2857142857142857,0.2857142857142857,1.2142857142857142,1.4285714285714286,-0.21428571428571427,0.7857142857142857,0.35714285714285715,0.42857142857142855,0.35714285714285715,0.6428571428571429,13.071428571428571,15.785714285714286,5.071428571428571,6.214285714285714,4.642857142857143,6.857142857142857,1.4285714285714286,2.142857142857143,17,20,183,221,71,0.09289617486338798,0.3879781420765027,1.6735714285714285,-0.4592857142857143,0.09049773755656108,Casa
N1,Volendam,15,1.5333333333333334,0.4,0.3333333333333333,0.26666666666666666,1.5333333333333334,1.2666666666666666,0.26666666666666666,0.8666666666666667,0.13333333333333333,0.8,0.6666666666666666,0.3333333333333333,12.6,16.466666666666665,4.466666666666667,4.933333333333334,4.133333333333334,5.866666666666666,1.9333333333333333,2.6666666666666665,23,19,189,247,67,0.12169312169312169,0.3544973544973545,1.474,0.05933333333333346,0.07692307692307693,Casa
N1,For Sittard,14,1.5,0.42857142857142855,0.21428571428571427,0.35714285714285715,1.6428571428571428,1.7142857142857142,-0.07142857142857142,1.0,0.21428571428571427,0.7857142857142857,0.7142857142857143,0.2857142857142857,15.571428571428571,13.142857142857142,4.571428571428571,5.428571428571429,5.142857142857143,6.571428571428571,2.357142857142857,1.5714285714285714,23,24,218,184,64,0.10550458715596331,0.29357798165137616,1.5085714285714287,0.13428571428571412,0.13043478260869565,Casa
N1,Groningen,14,1.5,0.42857142857142855,0.21428571428571427,0.35714285714285715,1.6428571428571428,1.0,0.6428571428571429,0.7857142857142857,0.35714285714285715,0.5,0.6428571428571429,0.35714285714285715,16.857142857142858,10.642857142857142,5.357142857142857,3.9285714285714284,7.071428571428571,4.714285714285714,1.5714285714285714,1.7857142857142858,23,14,236,149,75,0.09745762711864407,0.3177966101694915,1.7678571428571428,-0.125,0.09395973154362416,Casa
N1,NAC Breda,15,1.1333333333333333,0.26666666666666666,0.3333333333333333,0.4,1.2,1.4,-0.2,0.6666666666666666,0.2,0.5333333333333333,0.4666666666666667,0.5333333333333333,14.2,11.866666666666667,4.533333333333333,5.133333333333334,5.666666666666667,4.266666666666667,1.6,2.4,18,21,213,178,68,0.08450704225352113,0.3192488262910798,1.496,-0.29600000000000004,0.11797752808988764,Casa
N1,Heracles,14,1.0714285714285714,0.2857142857142857,0.21428571428571427,0.5,1.5714285714285714,2.0714285714285716,-0.5,0.6428571428571429,0.14285714285714285,0.5714285714285714,0.6428571428571429,0.35714285714285715,13.571428571428571,16.0,5.0,6.642857142857143,4.357142857142857,5.071428571428571,1.4285714285714286,2.357142857142857,22,29,190,224,70,0.11578947368421053,0.3684210526315789,1.6500000000000001,-0.07857142857142874,0.12946428571428573,Casa
N1,Excelsior,15,0.9333333333333333,0.26666666666666666,0.13333333333333333,0.6,0.9333333333333333,1.4,-0.4666666666666667,0.7333333333333333,0.2,0.5333333333333333,0.5333333333333333,0.4666666666666667,12.8,15.133333333333333,4.133333333333334,5.333333333333333,4.2,4.666666666666667,1.4,1.2,14,21,192,227,62,0.07291666666666667,0.3229166666666667,1.364,-0.43066666666666675,0.09251101321585903,Casa
N1,Telstar,15,0.9333333333333333,0.2,0.3333333333333333,0.4666666666666667,1.6,1.8,-0.2,0.8,0.06666666666666667,0.7333333333333333,0.6666666666666666,0.3333333333333333,13.8,14.866666666666667,5.4,6.2,5.266666666666667,5.6,1.2,1.6666666666666667,24,27,207,223,81,0.11594202898550725,0.391304347826087,1.782,-0.18199999999999994,0.1210762331838565,Casa
N1,PSV Eindhoven,14,2.5714285714285716,0.8571428571428571,0.0,0.14285714285714285,2.5,1.1428571428571428,1.3571428571428572,1.0,0.2857142857142857,0.7142857142857143,0.7857142857142857,0.21428571428571427,16.0,12.857142857142858,7.428571428571429,3.857142857142857,7.214285714285714,4.5,1.5714285714285714,1.2142857142857142,35,16,224,180,104,0.15625,0.4642857142857143,2.4514285714285715,0.04857142857142849,0.08888888888888889,Fora
N1,Nijmegen,15,1.7333333333333334,0.4666666666666667,0.3333333333333333,0.2,2.2666666666666666,1.6666666666666667,0.6,0.9333333333333333,0.06666666666666667,0.8666666666666667,0.6666666666666666,0.3333333333333333,15.733333333333333,11.666666666666666,7.0,4.8,5.2,4.666666666666667,1.9333333333333333,1.2666666666666666,34,25,236,175,105,0.1440677966101695,0.4449152542372881,2.31,-0.043333333333333446,0.14285714285714285,Fora
N1,Twente,15,1.6666666666666667,0.4,0.4666666666666667,0.13333333333333333,1.8,1.1333333333333333,0.6666666666666666,0.8666666666666667,0.06666666666666667,0.8,0.4666666666666667,0.5333333333333333,16.933333333333334,12.0,6.266666666666667,4.2,4.866666666666666,4.466666666666667,1.8,1.8,27,17,254,180,94,0.1062992125984252,0.3700787401574803,2.068,-0.268,0.09444444444444444,Fora
N1,Feyenoord,14,1.5714285714285714,0.42857142857142855,0.2857142857142857,0.2857142857142857,1.8571428571428572,1.3571428571428572,0.5,0.7142857142857143,0.35714285714285715,0.42857142857142855,0.6428571428571429,0.35714285714285715,14.428571428571429,11.142857142857142,5.214285714285714,4.5,6.5,3.7857142857142856,2.0,1.5,26,19,202,156,73,0.12871287128712872,0.3613861386138614,1.7207142857142856,0.13642857142857157,0.12179487179487179,Fora
N1,Groningen,15,1.3333333333333333,0.4,0.13333333333333333,0.4666666666666667,1.2666666666666666,1.5333333333333334,-0.26666666666666666,0.8,0.26666666666666666,0.5333333333333333,0.4,0.6,15.466666666666667,12.533333333333333,6.533333333333333,4.533333333333333,5.8,4.733333333333333,2.066666666666667,1.2666666666666666,19,23,232,188,98,0.08189655172413793,0.4224137931034483,2.156,-0.8893333333333335,0.12234042553191489,Fora
N1,Sparta Rotterdam,15,1.3333333333333333,0.4,0.13333333333333333,0.4666666666666667,1.2,1.8,-0.6,0.7333333333333333,0.4,0.4,0.6,0.4,12.6,16.0,4.2,5.666666666666667,4.533333333333333,6.666666666666667,2.4,1.8,18,27,189,240,63,0.09523809523809523,0.3333333333333333,1.3860000000000001,-0.18600000000000017,0.1125,Fora
N1,Ajax,14,1.2857142857142858,0.21428571428571427,0.6428571428571429,0.14285714285714285,1.7857142857142858,1.7142857142857142,0.07142857142857142,0.9285714285714286,0.07142857142857142,0.9285714285714286,0.7142857142857143,0.2857142857142857,12.642857142857142,13.928571428571429,5.071428571428571,5.142857142857143,4.357142857142857,5.5,2.0714285714285716,1.6428571428571428,25,24,177,195,71,0.14124293785310735,0.4011299435028249,1.6735714285714285,0.11214285714285732,0.12307692307692308,Fora
N1,Heerenveen,14,1.2857142857142858,0.35714285714285715,0.21428571428571427,0.42857142857142855,1.5714285714285714,1.7142857142857142,-0.14285714285714285,0.7857142857142857,0.14285714285714285,0.6428571428571429,0.7857142857142857,0.21428571428571427,14.428571428571429,15.214285714285714,5.428571428571429,5.642857142857143,5.285714285714286,5.5,1.5,1.5,22,24,202,213,76,0.10891089108910891,0.37623762376237624,1.7914285714285716,-0.2200000000000002,0.11267605633802817,Fora
N1,AZ Alkmaar,15,1.2666666666666666,0.4,0.06666666666666667,0.5333333333333333,1.2,1.6,-0.4,0.8,0.26666666666666666,0.5333333333333333,0.6,0.4,15.0,13.333333333333334,5.733333333333333,4.733333333333333,5.533333333333333,4.533333333333333,2.466666666666667,1.4,18,24,225,200,86,0.08,0.38222222222222224,1.8920000000000001,-0.6920000000000002,0.12,Fora
N1,Utrecht,15,1.1333333333333333,0.26666666666666666,0.3333333333333333,0.4,1.4666666666666666,1.5333333333333334,-0.06666666666666667,0.8666666666666667,0.2,0.7333333333333333,0.5333333333333333,0.4666666666666667,13.466666666666667,14.2,5.266666666666667,4.6,5.333333333333333,4.6,1.7333333333333334,1.5333333333333334,22,23,202,213,79,0.10891089108910891,0.3910891089108911,1.738,-0.2713333333333334,0.107981220657277,Fora
N1,For Sittard,15,0.9333333333333333,0.26666666666666666,0.13333333333333333,0.6,1.3333333333333333,2.0,-0.6666666666666666,0.7333333333333333,0.0,0.7333333333333333,0.6666666666666666,0.3333333333333333,10.466666666666667,16.466666666666665,4.6,5.933333333333334,3.8666666666666667,7.2,2.0,1.0,20,30,157,247,69,0.12738853503184713,0.4394904458598726,1.518,-0.18466666666666676,0.1214574898785425,Fora
N1,Excelsior,14,0.9285714285714286,0.21428571428571427,0.2857142857142857,0.5,1.0714285714285714,2.0,-0.9285714285714286,0.7857142857142857,0.14285714285714285,0.7142857142857143,0.6428571428571429,0.35714285714285715,11.071428571428571,15.0,3.9285714285714284,6.285714285714286,4.0,6.5,1.3571428571428572,1.5,15,28,155,210,55,0.0967741935483871,0.3548387096774194,1.2964285714285715,-0.2250000000000001,0.13333333333333333,Fora
N1,Telstar,14,0.9285714285714286,0.21428571428571427,0.2857142857142857,0.5,1.0,1.5,-0.5,0.6428571428571429,0.21428571428571427,0.5,0.42857142857142855,0.5714285714285714,12.571428571428571,18.0,4.357142857142857,6.785714285714286,4.642857142857143,6.857142857142857,1.2142857142857142,1.9285714285714286,14,21,176,252,61,0.07954545454545454,0.3465909090909091,1.437857142857143,-0.43785714285714294,0.08333333333333333,Fora
N1,Go Ahead Eagles,14,0.7857142857142857,0.14285714285714285,0.35714285714285715,0.5,1.2142857142857142,1.7857142857142858,-0.5714285714285714,0.7142857142857143,0.14285714285714285,0.5714285714285714,0.5,0.5,9.357142857142858,21.071428571428573,3.9285714285714284,6.714285714285714,4.142857142857143,6.0,2.142857142857143,1.8571428571428572,17,25,131,295,55,0.1297709923664122,0.4198473282442748,1.2964285714285715,-0.0821428571428573,0.0847457627118644,Fora
N1,Zwolle,15,0.6,0.06666666666666667,0.4,0.5333333333333333,1.3333333333333333,2.7333333333333334,-1.4,0.9333333333333333,0.06666666666666667,0.8666666666666667,0.7333333333333333,0.26666666666666666,9.666666666666666,19.6,3.533333333333333,7.066666666666666,2.933333333333333,6.2,1.8,1.2,20,41,145,294,53,0.13793103448275862,0.36551724137931035,1.1660000000000001,0.1673333333333331,0.13945578231292516,Fora
N1,NAC Breda,14,0.5,0.07142857142857142,0.2857142857142857,0.6428571428571429,0.7857142857142857,2.0714285714285716,-1.2857142857142858,0.5,0.14285714285714285,0.42857142857142855,0.6428571428571429,0.35714285714285715,13.5,13.142857142857142,3.642857142857143,5.071428571428571,5.357142857142857,4.142857142857143,1.7857142857142858,1.6428571428571428,11,29,189,184,51,0.0582010582010582,0.2698412698412698,1.2021428571428572,-0.4164285714285715,0.15760869565217392,Fora
N1,Volendam,14,0.35714285714285715,0.07142857142857142,0.14285714285714285,0.7857142857142857,0.5,2.0714285714285716,-1.5714285714285714,0.35714285714285715,0.0,0.35714285714285715,0.5714285714285714,0.42857142857142855,8.571428571428571,21.214285714285715,2.5714285714285716,7.857142857142857,2.9285714285714284,8.142857142857142,1.0,1.0714285714285714,7,29,120,297,36,0.058333333333333334,0.3,0.8485714285714286,-0.34857142857142864,0.09764309764309764,Fora
N1,Heracles,15,0.26666666666666666,0.06666666666666667,0.06666666666666667,0.8666666666666667,0.8,3.0,-2.2,0.5333333333333333,0.0,0.5333333333333333,0.8,0.2,8.4,18.2,2.7333333333333334,7.2,4.066666666666666,7.0,2.533333333333333,0.9333333333333333,12,45,126,273,41,0.09523809523809523,0.3253968253968254,0.902,-0.10199999999999998,0.16483516483516483,Fora
P1,Porto,28,2.607142857142857,0.8214285714285714,0.14285714285714285,0.03571428571428571,2.0,0.4642857142857143,1.5357142857142858,0.9642857142857143,0.6428571428571429,0.35714285714285715,0.5714285714285714,0.42857142857142855,13.964285714285714,9.678571428571429,5.285714285714286,2.2142857142857144,5.357142857142857,3.0357142857142856,2.4285714285714284,2.9285714285714284,56,13,391,271,148,0.1432225063938619,0.37851662404092073,1.7442857142857144,0.25571428571428556,0.04797047970479705,Total
P1,Sp Lisbon,27,2.5185185185185186,0.7777777777777778,0.18518518518518517,0.037037037037037035,2.6666666666666665,0.6296296296296297,2.037037037037037,1.0,0.48148148148148145,0.5185185185185185,0.7037037037037037,0.2962962962962963,18.037037037037038,8.25925925925926,7.037037037037037,2.888888888888889,7.037037037037037,2.740740740740741,2.3703703703703702,2.740740740740741,72,17,487,223,190,0.14784394250513347,0.39014373716632444,2.3222222222222224,0.3444444444444441,0.07623318385650224,Total
P1,Benfica,28,2.357142857142857,0.6785714285714286,0.32142857142857145,0.0,2.107142857142857,0.6428571428571429,1.4642857142857142,0.9285714285714286,0.4642857142857143,0.5357142857142857,0.6785714285714286,0.32142857142857145,16.892857142857142,8.785714285714286,5.928571428571429,2.892857142857143,6.857142857142857,2.8214285714285716,2.0,2.892857142857143,59,18,473,246,166,0.12473572938689217,0.35095137420718814,1.9564285714285714,0.1507142857142858,0.07317073170731707,Total
P1,Sp Braga,27,1.8148148148148149,0.5185185185185185,0.25925925925925924,0.2222222222222222,2.0,1.0,1.0,0.8888888888888888,0.37037037037037035,0.5185185185185185,0.7037037037037037,0.2962962962962963,12.592592592592593,9.444444444444445,5.2592592592592595,3.259259259259259,5.518518518518518,2.925925925925926,2.111111111111111,2.5185185185185186,54,27,340,255,142,0.1588235294117647,0.4176470588235294,1.7355555555555555,0.2644444444444445,0.10588235294117647,Total
P1,Famalicao,28,1.6428571428571428,0.4642857142857143,0.25,0.2857142857142857,1.25,0.8571428571428571,0.39285714285714285,0.7142857142857143,0.5,0.32142857142857145,0.39285714285714285,0.6071428571428571,12.607142857142858,11.464285714285714,4.285714285714286,4.035714285714286,5.178571428571429,5.071428571428571,2.5714285714285716,2.3214285714285716,35,24,353,321,120,0.09915014164305949,0.33994334277620397,1.4142857142857144,-0.16428571428571437,0.07476635514018691,Total
P1,Gil Vicente,28,1.6071428571428572,0.42857142857142855,0.32142857142857145,0.25,1.5,1.0,0.5,0.7857142857142857,0.39285714285714285,0.4642857142857143,0.5,0.5,14.035714285714286,10.178571428571429,4.642857142857143,3.5714285714285716,5.571428571428571,3.7857142857142856,2.4285714285714284,2.357142857142857,42,28,393,285,130,0.10687022900763359,0.33078880407124683,1.532142857142857,-0.03214285714285703,0.09824561403508772,Total
P1,Estoril,28,1.3214285714285714,0.35714285714285715,0.25,0.39285714285714285,1.7857142857142858,1.6785714285714286,0.10714285714285714,0.7142857142857143,0.17857142857142858,0.5714285714285714,0.6785714285714286,0.32142857142857145,12.107142857142858,12.071428571428571,4.25,4.428571428571429,4.571428571428571,4.714285714285714,2.5,2.25,50,47,339,338,119,0.14749262536873156,0.35103244837758113,1.4025,0.38321428571428573,0.1390532544378698,Total
P1,Guimaraes,28,1.25,0.35714285714285715,0.17857142857142858,0.4642857142857143,1.2142857142857142,1.5,-0.2857142857142857,0.6428571428571429,0.2857142857142857,0.42857142857142855,0.5,0.5,13.428571428571429,11.321428571428571,3.9642857142857144,4.464285714285714,4.357142857142857,3.7857142857142856,2.3214285714285716,2.75,34,42,376,317,111,0.09042553191489362,0.29521276595744683,1.3082142857142858,-0.09392857142857158,0.13249211356466878,Total
P1,Moreirense,28,1.25,0.35714285714285715,0.17857142857142858,0.4642857142857143,1.1071428571428572,1.4285714285714286,-0.32142857142857145,0.6785714285714286,0.25,0.4642857142857143,0.5357142857142857,0.4642857142857143,8.75,13.464285714285714,3.2142857142857144,4.714285714285714,3.6785714285714284,4.678571428571429,2.5,2.0,31,40,245,377,90,0.12653061224489795,0.3673469387755102,1.0607142857142857,0.046428571428571486,0.10610079575596817,Total
P1,Alverca,28,1.1428571428571428,0.2857142857142857,0.2857142857142857,0.42857142857142855,1.0357142857142858,1.6428571428571428,-0.6071428571428571,0.75,0.21428571428571427,0.5714285714285714,0.5357142857142857,0.4642857142857143,9.928571428571429,13.964285714285714,3.607142857142857,4.571428571428571,4.035714285714286,4.321428571428571,2.2857142857142856,2.392857142857143,29,46,278,391,101,0.10431654676258993,0.36330935251798563,1.190357142857143,-0.15464285714285708,0.11764705882352941,Total
P1,Arouca,28,1.1428571428571428,0.32142857142857145,0.17857142857142858,0.5,1.3214285714285714,2.0357142857142856,-0.7142857142857143,0.7142857142857143,0.21428571428571427,0.5357142857142857,0.6785714285714286,0.32142857142857145,10.392857142857142,13.714285714285714,3.5357142857142856,4.857142857142857,3.642857142857143,5.214285714285714,2.7857142857142856,2.392857142857143,37,57,291,384,99,0.12714776632302405,0.3402061855670103,1.1667857142857143,0.15464285714285708,0.1484375,Total
P1,Rio Ave,28,1.0714285714285714,0.25,0.32142857142857145,0.42857142857142855,1.0357142857142858,1.7142857142857142,-0.6785714285714286,0.6071428571428571,0.14285714285714285,0.5357142857142857,0.6428571428571429,0.35714285714285715,10.392857142857142,15.642857142857142,3.857142857142857,5.321428571428571,4.25,6.642857142857143,2.6785714285714284,2.3214285714285716,29,48,291,438,108,0.09965635738831616,0.3711340206185567,1.272857142857143,-0.2371428571428571,0.1095890410958904,Total
P1,Estrela,28,1.0,0.21428571428571427,0.35714285714285715,0.42857142857142855,1.1785714285714286,1.6785714285714286,-0.5,0.5714285714285714,0.25,0.4642857142857143,0.5357142857142857,0.4642857142857143,11.285714285714286,13.678571428571429,3.7142857142857144,4.678571428571429,3.5,5.535714285714286,2.5357142857142856,2.607142857142857,33,47,316,383,104,0.10443037974683544,0.3291139240506329,1.2257142857142858,-0.04714285714285715,0.1227154046997389,Total
P1,Santa Clara,28,1.0,0.25,0.25,0.5,0.9285714285714286,1.25,-0.32142857142857145,0.6428571428571429,0.2857142857142857,0.42857142857142855,0.35714285714285715,0.6428571428571429,11.892857142857142,10.0,3.392857142857143,3.607142857142857,4.607142857142857,4.357142857142857,2.9642857142857144,2.9285714285714284,26,35,333,280,95,0.07807807807807808,0.2852852852852853,1.1196428571428572,-0.19107142857142856,0.125,Total
P1,Casa Pia,27,0.9259259259259259,0.18518518518518517,0.37037037037037035,0.4444444444444444,1.0,1.8148148148148149,-0.8148148148148148,0.5555555555555556,0.18518518518518517,0.48148148148148145,0.48148148148148145,0.5185185185185185,8.444444444444445,14.592592592592593,2.740740740740741,4.814814814814815,3.5185185185185186,6.222222222222222,2.888888888888889,2.4444444444444446,27,49,228,394,74,0.11842105263157894,0.32456140350877194,0.9044444444444445,0.0955555555555555,0.12436548223350254,Total
P1,Nacional,28,0.8928571428571429,0.21428571428571427,0.25,0.5357142857142857,1.1071428571428572,1.3928571428571428,-0.2857142857142857,0.6785714285714286,0.17857142857142858,0.5357142857142857,0.4642857142857143,0.5357142857142857,12.678571428571429,14.178571428571429,4.178571428571429,4.5,4.321428571428571,6.071428571428571,2.9642857142857144,2.5357142857142856,31,39,355,397,117,0.08732394366197183,0.3295774647887324,1.3789285714285715,-0.2717857142857143,0.0982367758186398,Total
P1,Tondela,27,0.7407407407407407,0.14814814814814814,0.2962962962962963,0.5555555555555556,0.7037037037037037,1.6296296296296295,-0.9259259259259259,0.4074074074074074,0.18518518518518517,0.3333333333333333,0.5185185185185185,0.48148148148148145,10.407407407407407,13.222222222222221,3.3333333333333335,4.962962962962963,3.888888888888889,5.62962962962963,2.5185185185185186,2.259259259259259,19,44,281,357,90,0.06761565836298933,0.3202846975088968,1.1,-0.39629629629629637,0.12324929971988796,Total
P1,AVS,28,0.39285714285714285,0.03571428571428571,0.2857142857142857,0.6785714285714286,0.6428571428571429,2.1785714285714284,-1.5357142857142858,0.39285714285714285,0.14285714285714285,0.35714285714285715,0.6071428571428571,0.39285714285714285,10.642857142857142,14.678571428571429,2.857142857142857,5.214285714285714,3.5357142857142856,5.785714285714286,2.142857142857143,2.357142857142857,18,61,298,411,80,0.06040268456375839,0.2684563758389262,0.942857142857143,-0.30000000000000004,0.14841849148418493,Total
P1,Sp Lisbon,13,2.6153846153846154,0.8461538461538461,0.07692307692307693,0.07692307692307693,3.076923076923077,0.46153846153846156,2.6153846153846154,1.0,0.6923076923076923,0.3076923076923077,0.7692307692307693,0.23076923076923078,20.0,6.923076923076923,7.769230769230769,2.5384615384615383,7.0,2.230769230769231,1.6923076923076923,2.230769230769231,40,6,260,90,101,0.15384615384615385,0.38846153846153847,2.563846153846154,0.5130769230769232,0.06666666666666667,Casa
P1,Porto,14,2.5714285714285716,0.7857142857142857,0.21428571428571427,0.0,2.0714285714285716,0.42857142857142855,1.6428571428571428,0.9285714285714286,0.6428571428571429,0.35714285714285715,0.5714285714285714,0.42857142857142855,14.142857142857142,7.785714285714286,5.142857142857143,2.0714285714285716,5.357142857142857,2.7142857142857144,2.2142857142857144,2.857142857142857,29,6,198,109,72,0.14646464646464646,0.36363636363636365,1.6971428571428573,0.37428571428571433,0.05504587155963303,Casa
P1,Benfica,14,2.2857142857142856,0.6428571428571429,0.35714285714285715,0.0,2.357142857142857,0.7142857142857143,1.6428571428571428,1.0,0.42857142857142855,0.5714285714285714,0.7142857142857143,0.2857142857142857,17.285714285714285,7.928571428571429,6.714285714285714,3.0,6.785714285714286,2.7857142857142856,1.7142857142857142,2.4285714285714284,33,10,242,111,94,0.13636363636363635,0.3884297520661157,2.2157142857142857,0.14142857142857146,0.09009009009009009,Casa
P1,Gil Vicente,14,1.9285714285714286,0.5714285714285714,0.21428571428571427,0.21428571428571427,1.7857142857142858,0.8571428571428571,0.9285714285714286,0.8571428571428571,0.42857142857142855,0.42857142857142855,0.5,0.5,15.0,10.785714285714286,5.0,3.0,5.142857142857143,3.5,2.0714285714285716,2.2857142857142856,25,12,210,151,70,0.11904761904761904,0.3333333333333333,1.6500000000000001,0.13571428571428568,0.07947019867549669,Casa
P1,Famalicao,14,1.8571428571428572,0.5714285714285714,0.14285714285714285,0.2857142857142857,1.6428571428571428,0.6428571428571429,1.0,0.7857142857142857,0.6428571428571429,0.2857142857142857,0.5,0.5,14.357142857142858,10.571428571428571,5.142857142857143,3.7857142857142856,5.142857142857143,5.142857142857143,2.7142857142857144,2.357142857142857,23,9,201,148,72,0.11442786069651742,0.3582089552238806,1.6971428571428573,-0.05428571428571449,0.060810810810810814,Casa
P1,Sp Braga,13,1.8461538461538463,0.5384615384615384,0.23076923076923078,0.23076923076923078,2.1538461538461537,1.0,1.1538461538461537,0.8461538461538461,0.38461538461538464,0.46153846153846156,0.7692307692307693,0.23076923076923078,11.307692307692308,8.76923076923077,4.6923076923076925,3.0,5.153846153846154,3.076923076923077,2.0,2.6923076923076925,28,13,147,114,61,0.19047619047619047,0.41496598639455784,1.5484615384615386,0.6053846153846152,0.11403508771929824,Casa
P1,Guimaraes,15,1.6666666666666667,0.4666666666666667,0.26666666666666666,0.26666666666666666,1.6,1.2,0.4,0.8,0.26666666666666666,0.6,0.6,0.4,13.533333333333333,11.666666666666666,4.266666666666667,4.133333333333334,4.4,4.266666666666667,2.466666666666667,3.066666666666667,24,18,203,175,64,0.11822660098522167,0.31527093596059114,1.4080000000000001,0.19199999999999995,0.10285714285714286,Casa
P1,Estoril,14,1.6428571428571428,0.42857142857142855,0.35714285714285715,0.21428571428571427,1.9285714285714286,1.3571428571428572,0.5714285714285714,0.7857142857142857,0.14285714285714285,0.7142857142857143,0.5714285714285714,0.42857142857142855,12.214285714285714,10.714285714285714,4.642857142857143,4.5,4.785714285714286,5.071428571428571,2.642857142857143,1.8571428571428572,27,19,171,150,65,0.15789473684210525,0.38011695906432746,1.532142857142857,0.3964285714285716,0.12666666666666668,Casa
P1,Moreirense,14,1.4285714285714286,0.42857142857142855,0.14285714285714285,0.42857142857142855,1.1428571428571428,1.3571428571428572,-0.21428571428571427,0.7142857142857143,0.21428571428571427,0.5,0.5714285714285714,0.42857142857142855,8.642857142857142,13.357142857142858,2.857142857142857,4.642857142857143,4.071428571428571,5.642857142857143,2.5,1.7857142857142858,16,19,121,187,40,0.1322314049586777,0.3305785123966942,0.942857142857143,0.19999999999999984,0.10160427807486631,Casa
P1,Alverca,14,1.3571428571428572,0.35714285714285715,0.2857142857142857,0.35714285714285715,0.8571428571428571,1.4285714285714286,-0.5714285714285714,0.7142857142857143,0.35714285714285715,0.42857142857142855,0.42857142857142855,0.5714285714285714,11.0,12.642857142857142,3.7142857142857144,4.071428571428571,4.285714285714286,2.642857142857143,1.9285714285714286,1.9285714285714286,12,20,154,177,52,0.07792207792207792,0.33766233766233766,1.2257142857142858,-0.36857142857142866,0.11299435028248588,Casa
P1,Arouca,14,1.2857142857142858,0.35714285714285715,0.21428571428571427,0.42857142857142855,1.5,1.9285714285714286,-0.42857142857142855,0.7142857142857143,0.14285714285714285,0.5714285714285714,0.7142857142857143,0.2857142857142857,10.5,13.785714285714286,4.214285714285714,4.5,3.9285714285714284,6.071428571428571,3.357142857142857,2.7857142857142856,21,27,147,193,59,0.14285714285714285,0.4013605442176871,1.3907142857142858,0.10928571428571421,0.13989637305699482,Casa
P1,Estrela,14,1.2142857142857142,0.2857142857142857,0.35714285714285715,0.35714285714285715,1.4285714285714286,1.5,-0.07142857142857142,0.6428571428571429,0.2857142857142857,0.42857142857142855,0.5714285714285714,0.42857142857142855,14.142857142857142,12.214285714285714,4.214285714285714,4.142857142857143,3.857142857142857,4.571428571428571,2.5,2.642857142857143,20,21,198,171,59,0.10101010101010101,0.29797979797979796,1.3907142857142858,0.03785714285714281,0.12280701754385964,Casa
P1,Santa Clara,14,1.2142857142857142,0.35714285714285715,0.14285714285714285,0.5,0.9285714285714286,1.0,-0.07142857142857142,0.6428571428571429,0.42857142857142855,0.35714285714285715,0.35714285714285715,0.6428571428571429,11.285714285714286,8.857142857142858,3.2142857142857144,3.2142857142857144,4.714285714285714,4.428571428571429,3.5,3.0714285714285716,13,14,158,124,45,0.08227848101265822,0.2848101265822785,1.0607142857142857,-0.13214285714285712,0.11290322580645161,Casa
P1,Casa Pia,13,1.0,0.15384615384615385,0.5384615384615384,0.3076923076923077,1.3076923076923077,1.7692307692307692,-0.46153846153846156,0.6923076923076923,0.07692307692307693,0.6923076923076923,0.38461538461538464,0.6153846153846154,7.769230769230769,14.076923076923077,2.6923076923076925,4.615384615384615,2.8461538461538463,6.3076923076923075,2.8461538461538463,2.3846153846153846,17,23,101,183,35,0.16831683168316833,0.3465346534653465,0.8884615384615385,0.4192307692307692,0.12568306010928962,Casa
P1,Nacional,14,1.0,0.2857142857142857,0.14285714285714285,0.5714285714285714,1.3571428571428572,1.5,-0.14285714285714285,0.6428571428571429,0.21428571428571427,0.5,0.5714285714285714,0.42857142857142855,12.5,15.928571428571429,4.0,4.642857142857143,4.785714285714286,6.928571428571429,3.2857142857142856,3.0714285714285716,19,21,175,223,56,0.10857142857142857,0.32,1.32,0.037142857142857144,0.09417040358744394,Casa
P1,Rio Ave,14,0.9285714285714286,0.21428571428571427,0.2857142857142857,0.5,1.0,1.6428571428571428,-0.6428571428571429,0.5714285714285714,0.14285714285714285,0.5,0.6428571428571429,0.35714285714285715,11.5,15.142857142857142,4.071428571428571,5.214285714285714,4.928571428571429,5.785714285714286,2.5714285714285716,2.2142857142857144,14,23,161,212,57,0.08695652173913043,0.35403726708074534,1.3435714285714286,-0.34357142857142864,0.10849056603773585,Casa
P1,Tondela,14,0.6428571428571429,0.07142857142857142,0.42857142857142855,0.5,0.6428571428571429,1.2142857142857142,-0.5714285714285714,0.35714285714285715,0.21428571428571427,0.35714285714285715,0.35714285714285715,0.6428571428571429,11.428571428571429,14.0,3.357142857142857,4.928571428571429,3.7857142857142856,5.714285714285714,2.4285714285714284,2.2857142857142856,9,17,160,196,47,0.05625,0.29375,1.1078571428571429,-0.46499999999999997,0.08673469387755102,Casa
P1,AVS,14,0.5,0.07142857142857142,0.2857142857142857,0.6428571428571429,0.7142857142857143,1.7142857142857142,-1.0,0.42857142857142855,0.14285714285714285,0.35714285714285715,0.5,0.5,11.214285714285714,13.571428571428571,3.4285714285714284,4.928571428571429,3.642857142857143,5.214285714285714,2.5,3.0,10,24,157,190,48,0.06369426751592357,0.3057324840764331,1.1314285714285715,-0.41714285714285715,0.12631578947368421,Casa
P1,Porto,14,2.642857142857143,0.8571428571428571,0.07142857142857142,0.07142857142857142,1.9285714285714286,0.5,1.4285714285714286,1.0,0.6428571428571429,0.35714285714285715,0.5714285714285714,0.42857142857142855,13.785714285714286,11.571428571428571,5.428571428571429,2.357142857142857,5.357142857142857,3.357142857142857,2.642857142857143,3.0,27,7,193,162,76,0.13989637305699482,0.39378238341968913,1.7914285714285716,0.137142857142857,0.043209876543209874,Fora
P1,Benfica,14,2.4285714285714284,0.7142857142857143,0.2857142857142857,0.0,1.8571428571428572,0.5714285714285714,1.2857142857142858,0.8571428571428571,0.5,0.5,0.6428571428571429,0.35714285714285715,16.5,9.642857142857142,5.142857142857143,2.7857142857142856,6.928571428571429,2.857142857142857,2.2857142857142856,3.357142857142857,26,8,231,135,72,0.11255411255411256,0.3116883116883117,1.6971428571428573,0.15999999999999992,0.05925925925925926,Fora
P1,Sp Lisbon,14,2.4285714285714284,0.7142857142857143,0.2857142857142857,0.0,2.2857142857142856,0.7857142857142857,1.5,1.0,0.2857142857142857,0.7142857142857143,0.6428571428571429,0.35714285714285715,16.214285714285715,9.5,6.357142857142857,3.2142857142857144,7.071428571428571,3.2142857142857144,3.0,3.2142857142857144,32,11,227,133,89,0.14096916299559473,0.3920704845814978,2.097857142857143,0.18785714285714272,0.08270676691729323,Fora
P1,Sp Braga,14,1.7857142857142858,0.5,0.2857142857142857,0.21428571428571427,1.8571428571428572,1.0,0.8571428571428571,0.9285714285714286,0.35714285714285715,0.5714285714285714,0.6428571428571429,0.35714285714285715,13.785714285714286,10.071428571428571,5.785714285714286,3.5,5.857142857142857,2.7857142857142856,2.2142857142857144,2.357142857142857,26,14,193,141,81,0.13471502590673576,0.41968911917098445,1.9092857142857143,-0.052142857142857046,0.09929078014184398,Fora
P1,Famalicao,14,1.4285714285714286,0.35714285714285715,0.35714285714285715,0.2857142857142857,0.8571428571428571,1.0714285714285714,-0.21428571428571427,0.6428571428571429,0.35714285714285715,0.35714285714285715,0.2857142857142857,0.7142857142857143,10.857142857142858,12.357142857142858,3.4285714285714284,4.285714285714286,5.214285714285714,5.0,2.4285714285714284,2.2857142857142856,12,15,152,173,48,0.07894736842105263,0.3157894736842105,1.1314285714285715,-0.27428571428571435,0.08670520231213873,Fora
P1,Gil Vicente,14,1.2857142857142858,0.2857142857142857,0.42857142857142855,0.2857142857142857,1.2142857142857142,1.1428571428571428,0.07142857142857142,0.7142857142857143,0.35714285714285715,0.5,0.5,0.5,13.071428571428571,9.571428571428571,4.285714285714286,4.142857142857143,6.0,4.071428571428571,2.7857142857142856,2.4285714285714284,17,16,183,134,60,0.09289617486338798,0.32786885245901637,1.4142857142857144,-0.20000000000000018,0.11940298507462686,Fora
P1,Rio Ave,14,1.2142857142857142,0.2857142857142857,0.35714285714285715,0.35714285714285715,1.0714285714285714,1.7857142857142858,-0.7142857142857143,0.6428571428571429,0.14285714285714285,0.5714285714285714,0.6428571428571429,0.35714285714285715,9.285714285714286,16.142857142857142,3.642857142857143,5.428571428571429,3.5714285714285716,7.5,2.7857142857142856,2.4285714285714284,15,25,130,226,51,0.11538461538461539,0.3923076923076923,1.2021428571428572,-0.13071428571428578,0.11061946902654868,Fora
P1,Moreirense,14,1.0714285714285714,0.2857142857142857,0.21428571428571427,0.5,1.0714285714285714,1.5,-0.42857142857142855,0.6428571428571429,0.2857142857142857,0.42857142857142855,0.5,0.5,8.857142857142858,13.571428571428571,3.5714285714285716,4.785714285714286,3.2857142857142856,3.7142857142857144,2.5,2.2142857142857144,15,21,124,190,50,0.12096774193548387,0.4032258064516129,1.1785714285714286,-0.1071428571428572,0.11052631578947368,Fora
P1,Arouca,14,1.0,0.2857142857142857,0.14285714285714285,0.5714285714285714,1.1428571428571428,2.142857142857143,-1.0,0.7142857142857143,0.2857142857142857,0.5,0.6428571428571429,0.35714285714285715,10.285714285714286,13.642857142857142,2.857142857142857,5.214285714285714,3.357142857142857,4.357142857142857,2.2142857142857144,2.0,16,30,144,191,40,0.1111111111111111,0.2777777777777778,0.942857142857143,0.19999999999999984,0.15706806282722513,Fora
P1,Estoril,14,1.0,0.2857142857142857,0.14285714285714285,0.5714285714285714,1.6428571428571428,2.0,-0.35714285714285715,0.6428571428571429,0.21428571428571427,0.42857142857142855,0.7857142857142857,0.21428571428571427,12.0,13.428571428571429,3.857142857142857,4.357142857142857,4.357142857142857,4.357142857142857,2.357142857142857,2.642857142857143,23,28,168,188,54,0.13690476190476192,0.32142857142857145,1.272857142857143,0.3699999999999999,0.14893617021276595,Fora
P1,Alverca,14,0.9285714285714286,0.21428571428571427,0.2857142857142857,0.5,1.2142857142857142,1.8571428571428572,-0.6428571428571429,0.7857142857142857,0.07142857142857142,0.7142857142857143,0.6428571428571429,0.35714285714285715,8.857142857142858,15.285714285714286,3.5,5.071428571428571,3.7857142857142856,6.0,2.642857142857143,2.857142857142857,17,26,124,214,49,0.13709677419354838,0.3951612903225806,1.155,0.059285714285714164,0.12149532710280374,Fora
P1,Casa Pia,14,0.8571428571428571,0.21428571428571427,0.21428571428571427,0.5714285714285714,0.7142857142857143,1.8571428571428572,-1.1428571428571428,0.42857142857142855,0.2857142857142857,0.2857142857142857,0.5714285714285714,0.42857142857142855,9.071428571428571,15.071428571428571,2.7857142857142856,5.0,4.142857142857143,6.142857142857143,2.9285714285714284,2.5,10,26,127,211,39,0.07874015748031496,0.30708661417322836,0.9192857142857144,-0.20500000000000007,0.12322274881516587,Fora
P1,Tondela,13,0.8461538461538461,0.23076923076923078,0.15384615384615385,0.6153846153846154,0.7692307692307693,2.076923076923077,-1.3076923076923077,0.46153846153846156,0.15384615384615385,0.3076923076923077,0.6923076923076923,0.3076923076923077,9.307692307692308,12.384615384615385,3.3076923076923075,5.0,4.0,5.538461538461538,2.6153846153846154,2.230769230769231,10,27,121,161,43,0.08264462809917356,0.35537190082644626,1.0915384615384616,-0.3223076923076923,0.16770186335403728,Fora
P1,Estrela,14,0.7857142857142857,0.14285714285714285,0.35714285714285715,0.5,0.9285714285714286,1.8571428571428572,-0.9285714285714286,0.5,0.21428571428571427,0.5,0.5,0.5,8.428571428571429,15.142857142857142,3.2142857142857144,5.214285714285714,3.142857142857143,6.5,2.5714285714285716,2.5714285714285716,13,26,118,212,45,0.11016949152542373,0.3813559322033898,1.0607142857142857,-0.13214285714285712,0.12264150943396226,Fora
P1,Nacional,14,0.7857142857142857,0.14285714285714285,0.35714285714285715,0.5,0.8571428571428571,1.2857142857142858,-0.42857142857142855,0.7142857142857143,0.14285714285714285,0.5714285714285714,0.35714285714285715,0.6428571428571429,12.857142857142858,12.428571428571429,4.357142857142857,4.357142857142857,3.857142857142857,5.214285714285714,2.642857142857143,2.0,12,18,180,174,61,0.06666666666666667,0.3388888888888889,1.437857142857143,-0.5807142857142858,0.10344827586206896,Fora
P1,Santa Clara,14,0.7857142857142857,0.14285714285714285,0.35714285714285715,0.5,0.9285714285714286,1.5,-0.5714285714285714,0.6428571428571429,0.14285714285714285,0.5,0.35714285714285715,0.6428571428571429,12.5,11.142857142857142,3.5714285714285716,4.0,4.5,4.285714285714286,2.4285714285714284,2.7857142857142856,13,21,175,156,50,0.07428571428571429,0.2857142857142857,1.1785714285714286,-0.25,0.1346153846153846,Fora
P1,Guimaraes,13,0.7692307692307693,0.23076923076923078,0.07692307692307693,0.6923076923076923,0.7692307692307693,1.8461538461538463,-1.0769230769230769,0.46153846153846156,0.3076923076923077,0.23076923076923078,0.38461538461538464,0.6153846153846154,13.307692307692308,10.923076923076923,3.6153846153846154,4.846153846153846,4.3076923076923075,3.230769230769231,2.1538461538461537,2.3846153846153846,10,24,173,142,47,0.057803468208092484,0.27167630057803466,1.1930769230769231,-0.4238461538461539,0.16901408450704225,Fora
P1,AVS,14,0.2857142857142857,0.0,0.2857142857142857,0.7142857142857143,0.5714285714285714,2.642857142857143,-2.0714285714285716,0.35714285714285715,0.14285714285714285,0.35714285714285715,0.7142857142857143,0.2857142857142857,10.071428571428571,15.785714285714286,2.2857142857142856,5.5,3.4285714285714284,6.357142857142857,1.7857142857142858,1.7142857142857142,8,37,141,221,32,0.05673758865248227,0.22695035460992907,0.7542857142857143,-0.18285714285714294,0.167420814479638,Fora
SC0,Hearts,32,2.09375,0.625,0.21875,0.15625,1.71875,0.84375,0.875,0.875,0.5,0.40625,0.46875,0.53125,14.46875,10.0625,5.1875,2.9375,5.5,4.5,1.78125,2.4375,55,27,463,322,166,0.11879049676025918,0.35853131749460043,1.711875,0.0068749999999999645,0.08385093167701864,Total
SC0,Rangers,32,2.0625,0.5625,0.375,0.0625,1.875,0.875,1.0,0.875,0.375,0.59375,0.53125,0.46875,16.59375,10.5625,6.1875,3.78125,6.90625,4.03125,1.9375,1.96875,60,28,531,338,198,0.11299435028248588,0.3728813559322034,2.041875,-0.1668750000000001,0.08284023668639054,Total
SC0,Celtic,32,2.0,0.625,0.125,0.25,1.8125,1.09375,0.71875,0.84375,0.375,0.53125,0.65625,0.34375,16.9375,9.34375,5.6875,3.4375,6.71875,3.78125,1.8125,1.6875,58,35,542,299,182,0.1070110701107011,0.33579335793357934,1.876875,-0.06437500000000007,0.11705685618729098,Total
SC0,Motherwell,32,1.6875,0.4375,0.375,0.1875,1.59375,0.8125,0.78125,0.8125,0.53125,0.4375,0.375,0.625,13.34375,10.5,5.0,3.65625,3.8125,4.03125,1.40625,3.0625,51,26,427,336,160,0.11943793911007025,0.3747072599531616,1.6500000000000001,-0.05625000000000013,0.07738095238095238,Total
SC0,Hibernian,32,1.59375,0.40625,0.375,0.21875,1.59375,1.09375,0.5,0.71875,0.34375,0.5,0.53125,0.46875,13.03125,11.25,4.90625,3.71875,5.28125,5.34375,1.71875,2.03125,51,35,417,360,157,0.1223021582733813,0.3764988009592326,1.6190625,-0.02531250000000007,0.09722222222222222,Total
SC0,Falkirk,32,1.4375,0.40625,0.21875,0.375,1.3125,1.3125,0.0,0.6875,0.25,0.5,0.53125,0.46875,12.28125,12.09375,4.0,4.4375,4.78125,4.78125,2.0625,1.875,42,42,393,387,128,0.10687022900763359,0.3256997455470738,1.32,-0.007500000000000062,0.10852713178294573,Total
SC0,Dundee United,32,1.15625,0.25,0.40625,0.34375,1.3125,1.625,-0.3125,0.6875,0.15625,0.59375,0.5,0.5,13.21875,15.59375,4.5625,4.84375,4.625,5.46875,2.28125,1.65625,42,52,423,499,146,0.09929078014184398,0.34515366430260047,1.505625,-0.193125,0.10420841683366733,Total
SC0,Dundee,32,1.0,0.25,0.25,0.5,1.0,1.59375,-0.59375,0.5625,0.15625,0.46875,0.53125,0.46875,9.96875,15.71875,3.03125,5.53125,3.78125,5.84375,1.4375,1.90625,32,51,319,503,97,0.10031347962382445,0.30407523510971785,1.0003125,-0.00031249999999993783,0.10139165009940358,Total
SC0,Aberdeen,32,0.9375,0.25,0.1875,0.5625,0.96875,1.5,-0.53125,0.53125,0.21875,0.375,0.34375,0.65625,11.375,15.21875,3.46875,4.90625,4.8125,5.53125,2.53125,1.9375,31,48,364,487,111,0.08516483516483517,0.30494505494505497,1.1446875,-0.17593750000000008,0.09856262833675565,Total
SC0,St Mirren,32,0.9375,0.21875,0.28125,0.5,0.84375,1.46875,-0.625,0.5625,0.25,0.40625,0.34375,0.65625,11.875,12.90625,3.5,4.375,5.53125,5.71875,1.96875,1.1875,27,47,380,413,112,0.07105263157894737,0.29473684210526313,1.155,-0.31125,0.11380145278450363,Total
SC0,Kilmarnock,32,0.84375,0.1875,0.28125,0.53125,1.09375,1.96875,-0.875,0.71875,0.21875,0.5625,0.625,0.375,11.03125,14.9375,3.78125,5.5625,4.375,5.59375,2.09375,2.15625,35,63,353,478,121,0.09915014164305949,0.34277620396600567,1.2478125,-0.1540625,0.13179916317991633,Total
SC0,Livingston,32,0.5,0.03125,0.40625,0.5625,1.03125,1.96875,-0.9375,0.6875,0.0625,0.6875,0.625,0.375,9.5625,15.5,3.25,5.375,4.4375,5.9375,2.4375,1.5625,33,63,306,496,104,0.10784313725490197,0.33986928104575165,1.0725,-0.04125000000000001,0.12701612903225806,Total
SC0,Hearts,16,2.5,0.75,0.25,0.0,1.8125,0.5625,1.25,1.0,0.625,0.375,0.375,0.625,15.3125,8.5,5.5625,1.9375,5.625,4.4375,1.5625,2.4375,29,9,245,136,89,0.11836734693877551,0.363265306122449,1.835625,-0.023125000000000062,0.0661764705882353,Casa
SC0,Celtic,15,2.2666666666666666,0.7333333333333333,0.06666666666666667,0.2,2.2,0.8,1.4,0.9333333333333333,0.5333333333333333,0.4666666666666667,0.7333333333333333,0.26666666666666666,20.066666666666666,6.8,7.466666666666667,2.533333333333333,8.266666666666667,2.8666666666666667,1.5333333333333334,1.5333333333333334,33,12,301,102,112,0.10963455149501661,0.37209302325581395,2.464,-0.2639999999999998,0.11764705882352941,Casa
SC0,Rangers,17,2.235294117647059,0.6470588235294118,0.29411764705882354,0.058823529411764705,2.1176470588235294,0.9411764705882353,1.1764705882352942,0.8235294117647058,0.35294117647058826,0.5882352941176471,0.5882352941176471,0.4117647058823529,17.941176470588236,8.823529411764707,6.294117647058823,3.1176470588235294,6.470588235294118,2.823529411764706,1.411764705882353,2.0588235294117645,36,16,305,150,107,0.1180327868852459,0.35081967213114756,2.077058823529412,0.04058823529411759,0.10666666666666667,Casa
SC0,Motherwell,17,2.0588235294117645,0.5882352941176471,0.29411764705882354,0.11764705882352941,1.7058823529411764,0.5294117647058824,1.1764705882352942,0.8823529411764706,0.7058823529411765,0.29411764705882354,0.29411764705882354,0.7058823529411765,14.294117647058824,8.705882352941176,5.823529411764706,2.7058823529411766,3.9411764705882355,3.6470588235294117,1.1764705882352942,3.411764705882353,29,9,243,148,99,0.11934156378600823,0.4074074074074074,1.921764705882353,-0.21588235294117664,0.060810810810810814,Casa
SC0,Hibernian,16,1.875,0.5,0.375,0.125,1.875,0.875,1.0,0.8125,0.5,0.4375,0.5,0.5,15.3125,9.875,5.75,3.5,6.1875,5.625,1.5625,2.25,30,14,245,158,92,0.12244897959183673,0.37551020408163266,1.8975000000000002,-0.022500000000000187,0.08860759493670886,Casa
SC0,Falkirk,16,1.4375,0.375,0.3125,0.3125,1.625,1.25,0.375,0.8125,0.1875,0.6875,0.5625,0.4375,13.0625,10.9375,4.3125,3.8125,4.5625,4.0,1.5625,2.0625,26,20,209,175,69,0.12440191387559808,0.33014354066985646,1.423125,0.20187500000000003,0.11428571428571428,Casa
SC0,Dundee,16,1.375,0.375,0.25,0.375,1.5,1.625,-0.125,0.8125,0.125,0.6875,0.6875,0.3125,10.625,15.875,3.4375,5.4375,4.1875,5.8125,1.5,2.0,24,26,170,254,55,0.1411764705882353,0.3235294117647059,1.1343750000000001,0.36562499999999987,0.10236220472440945,Casa
SC0,Dundee United,16,1.3125,0.3125,0.375,0.3125,1.125,1.25,-0.125,0.625,0.25,0.5,0.4375,0.5625,14.375,16.25,4.625,4.5,5.5625,5.8125,2.125,1.8125,18,20,230,260,74,0.0782608695652174,0.3217391304347826,1.52625,-0.4012500000000001,0.07692307692307693,Casa
SC0,St Mirren,16,1.25,0.3125,0.3125,0.375,0.625,1.0,-0.375,0.4375,0.5,0.125,0.1875,0.8125,11.9375,12.25,3.8125,3.6875,5.375,5.1875,2.0,1.4375,10,16,191,196,61,0.05235602094240838,0.3193717277486911,1.2581250000000002,-0.6331250000000002,0.08163265306122448,Casa
SC0,Aberdeen,15,1.1333333333333333,0.26666666666666666,0.3333333333333333,0.4,1.5333333333333334,1.4,0.13333333333333333,0.7333333333333333,0.2,0.6,0.4666666666666667,0.5333333333333333,12.466666666666667,13.333333333333334,4.6,4.6,6.066666666666666,5.266666666666667,2.1333333333333333,2.4,23,21,187,200,69,0.12299465240641712,0.3689839572192513,1.518,0.015333333333333421,0.105,Casa
SC0,Kilmarnock,16,1.125,0.3125,0.1875,0.5,1.25,1.5625,-0.3125,0.6875,0.3125,0.4375,0.5625,0.4375,13.3125,12.8125,4.1875,4.5625,4.875,4.4375,2.0,2.6875,20,25,213,205,67,0.09389671361502347,0.3145539906103286,1.381875,-0.13187499999999996,0.12195121951219512,Casa
SC0,Livingston,16,0.625,0.0625,0.4375,0.5,1.3125,1.875,-0.5625,0.875,0.0,0.875,0.6875,0.3125,10.25,14.4375,3.6875,5.25,5.25,5.1875,2.75,1.5,21,30,164,231,59,0.12804878048780488,0.3597560975609756,1.2168750000000002,0.09562499999999985,0.12987012987012986,Casa
SC0,Rangers,15,1.8666666666666667,0.4666666666666667,0.4666666666666667,0.06666666666666667,1.6,0.8,0.8,0.9333333333333333,0.4,0.6,0.4666666666666667,0.5333333333333333,15.066666666666666,12.533333333333333,6.066666666666666,4.533333333333333,7.4,5.4,2.533333333333333,1.8666666666666667,24,12,226,188,91,0.10619469026548672,0.4026548672566372,2.0020000000000002,-0.40200000000000014,0.06382978723404255,Fora
SC0,Celtic,17,1.7647058823529411,0.5294117647058824,0.17647058823529413,0.29411764705882354,1.4705882352941178,1.3529411764705883,0.11764705882352941,0.7647058823529411,0.23529411764705882,0.5882352941176471,0.5882352941176471,0.4117647058823529,14.176470588235293,11.588235294117647,4.117647058823529,4.235294117647059,5.352941176470588,4.588235294117647,2.0588235294117645,1.8235294117647058,25,23,241,197,70,0.1037344398340249,0.29045643153526973,1.3588235294117648,0.11176470588235299,0.116751269035533,Fora
SC0,Hearts,16,1.6875,0.5,0.1875,0.3125,1.625,1.125,0.5,0.75,0.375,0.4375,0.5625,0.4375,13.625,11.625,4.8125,3.9375,5.375,4.5625,2.0,2.4375,26,18,218,186,77,0.11926605504587157,0.3532110091743119,1.588125,0.03687499999999999,0.0967741935483871,Fora
SC0,Falkirk,16,1.4375,0.4375,0.125,0.4375,1.0,1.375,-0.375,0.5625,0.3125,0.3125,0.5,0.5,11.5,13.25,3.6875,5.0625,5.0,5.5625,2.5625,1.6875,16,22,184,212,59,0.08695652173913043,0.32065217391304346,1.2168750000000002,-0.21687500000000015,0.10377358490566038,Fora
SC0,Hibernian,16,1.3125,0.3125,0.375,0.3125,1.3125,1.3125,0.0,0.625,0.1875,0.5625,0.5625,0.4375,10.75,12.625,4.0625,3.9375,4.375,5.0625,1.875,1.8125,21,21,172,202,65,0.12209302325581395,0.37790697674418605,1.340625,-0.028124999999999956,0.10396039603960396,Fora
SC0,Motherwell,15,1.2666666666666666,0.26666666666666666,0.4666666666666667,0.26666666666666666,1.4666666666666666,1.1333333333333333,0.3333333333333333,0.7333333333333333,0.3333333333333333,0.6,0.4666666666666667,0.5333333333333333,12.266666666666667,12.533333333333333,4.066666666666666,4.733333333333333,3.6666666666666665,4.466666666666667,1.6666666666666667,2.6666666666666665,22,17,184,188,61,0.11956521739130435,0.33152173913043476,1.342,0.12466666666666648,0.09042553191489362,Fora
SC0,Dundee United,16,1.0,0.1875,0.4375,0.375,1.5,2.0,-0.5,0.75,0.0625,0.6875,0.5625,0.4375,12.0625,14.9375,4.5,5.1875,3.6875,5.125,2.4375,1.5,24,32,193,239,72,0.12435233160621761,0.37305699481865284,1.485,0.014999999999999902,0.13389121338912133,Fora
SC0,Aberdeen,17,0.7647058823529411,0.23529411764705882,0.058823529411764705,0.7058823529411765,0.47058823529411764,1.588235294117647,-1.1176470588235294,0.35294117647058826,0.23529411764705882,0.17647058823529413,0.23529411764705882,0.7647058823529411,10.411764705882353,16.88235294117647,2.4705882352941178,5.176470588235294,3.7058823529411766,5.764705882352941,2.8823529411764706,1.5294117647058822,8,27,177,287,42,0.04519774011299435,0.23728813559322035,0.815294117647059,-0.3447058823529413,0.09407665505226481,Fora
SC0,Dundee,16,0.625,0.125,0.25,0.625,0.5,1.5625,-1.0625,0.3125,0.1875,0.25,0.375,0.625,9.3125,15.5625,2.625,5.625,3.375,5.875,1.375,1.8125,8,25,149,249,42,0.053691275167785234,0.28187919463087246,0.8662500000000001,-0.3662500000000001,0.10040160642570281,Fora
SC0,St Mirren,16,0.625,0.125,0.25,0.625,1.0625,1.9375,-0.875,0.6875,0.0,0.6875,0.5,0.5,11.8125,13.5625,3.1875,5.0625,5.6875,6.25,1.9375,0.9375,17,31,189,217,51,0.08994708994708994,0.2698412698412698,1.0518750000000001,0.010624999999999885,0.14285714285714285,Fora
SC0,Kilmarnock,16,0.5625,0.0625,0.375,0.5625,0.9375,2.375,-1.4375,0.75,0.125,0.6875,0.6875,0.3125,8.75,17.0625,3.375,6.5625,3.875,6.75,2.1875,1.625,15,38,140,273,54,0.10714285714285714,0.38571428571428573,1.11375,-0.17625000000000002,0.1391941391941392,Fora
SC0,Livingston,16,0.375,0.0,0.375,0.625,0.75,2.0625,-1.3125,0.5,0.125,0.5,0.5625,0.4375,8.875,16.5625,2.8125,5.5,3.625,6.6875,2.125,1.625,12,33,142,265,45,0.08450704225352113,0.31690140845070425,0.9281250000000001,-0.1781250000000001,0.12452830188679245,Fora
SP1,Barcelona,30,2.533333333333333,0.8333333333333334,0.03333333333333333,0.13333333333333333,2.6666666666666665,0.9666666666666667,1.7,1.0,0.4,0.6,0.8,0.2,19.733333333333334,9.166666666666666,7.2,3.7,7.266666666666667,4.2,1.5,2.466666666666667,80,29,592,275,216,0.13513513513513514,0.36486486486486486,2.376,0.29066666666666663,0.10545454545454545,Total
SP1,Real Madrid,30,2.3,0.7333333333333333,0.1,0.16666666666666666,2.1333333333333333,0.9333333333333333,1.2,0.9,0.36666666666666664,0.5666666666666667,0.6333333333333333,0.36666666666666664,17.966666666666665,10.1,6.866666666666666,3.066666666666667,6.333333333333333,3.533333333333333,1.8,2.6333333333333333,64,28,539,303,206,0.11873840445269017,0.3821892393320965,2.266,-0.1326666666666667,0.0924092409240924,Total
SP1,Villarreal,30,1.9333333333333333,0.6,0.13333333333333333,0.26666666666666666,1.8,1.1666666666666667,0.6333333333333333,0.8333333333333334,0.26666666666666666,0.5666666666666667,0.5666666666666667,0.43333333333333335,12.166666666666666,12.533333333333333,4.5,3.566666666666667,3.933333333333333,4.566666666666666,2.1666666666666665,2.1,54,35,365,376,135,0.14794520547945206,0.3698630136986301,1.485,0.31499999999999995,0.09308510638297872,Total
SP1,Ath Madrid,30,1.9,0.5666666666666667,0.2,0.23333333333333334,1.6666666666666667,1.0,0.6666666666666666,0.8666666666666667,0.4,0.5,0.4666666666666667,0.5333333333333333,13.4,10.933333333333334,5.433333333333334,3.5,6.5,3.933333333333333,2.033333333333333,1.9666666666666666,50,30,402,328,163,0.12437810945273632,0.4054726368159204,1.793,-0.1263333333333332,0.09146341463414634,Total
SP1,Betis,30,1.5,0.36666666666666664,0.4,0.23333333333333334,1.4666666666666666,1.2333333333333334,0.23333333333333334,0.8666666666666667,0.3,0.6333333333333333,0.4666666666666667,0.5333333333333333,14.7,12.233333333333333,4.833333333333333,4.266666666666667,4.533333333333333,5.233333333333333,1.9333333333333333,2.533333333333333,44,37,441,367,145,0.09977324263038549,0.3287981859410431,1.595,-0.1283333333333334,0.1008174386920981,Total
SP1,Celta,30,1.4666666666666666,0.36666666666666664,0.36666666666666664,0.26666666666666666,1.4666666666666666,1.2333333333333334,0.23333333333333334,0.8666666666666667,0.26666666666666666,0.6666666666666666,0.43333333333333335,0.5666666666666667,10.8,12.066666666666666,4.166666666666667,4.1,4.0,4.6,1.9333333333333333,2.433333333333333,44,37,324,362,125,0.13580246913580246,0.38580246913580246,1.375,0.09166666666666656,0.10220994475138122,Total
SP1,Getafe,30,1.3666666666666667,0.4,0.16666666666666666,0.43333333333333335,0.9,1.0333333333333334,-0.13333333333333333,0.6,0.3,0.3333333333333333,0.3,0.7,9.533333333333333,10.8,3.0,4.066666666666666,4.466666666666667,4.866666666666666,2.8666666666666667,2.1333333333333333,27,31,286,324,90,0.0944055944055944,0.3146853146853147,0.9900000000000001,-0.09000000000000008,0.09567901234567901,Total
SP1,Sociedad,30,1.3666666666666667,0.36666666666666664,0.26666666666666666,0.36666666666666664,1.5333333333333334,1.5,0.03333333333333333,0.9,0.1,0.8,0.6,0.4,13.0,13.2,4.8,4.3,5.8,4.666666666666667,2.033333333333333,2.2333333333333334,46,45,390,396,144,0.11794871794871795,0.36923076923076925,1.584,-0.05066666666666664,0.11363636363636363,Total
SP1,Ath Bilbao,30,1.2666666666666666,0.36666666666666664,0.16666666666666666,0.4666666666666667,1.0666666666666667,1.4333333333333333,-0.36666666666666664,0.6333333333333333,0.16666666666666666,0.5,0.4666666666666667,0.5333333333333333,13.866666666666667,9.766666666666667,4.533333333333333,4.2,5.333333333333333,3.9,2.2666666666666666,2.0,32,43,416,293,136,0.07692307692307693,0.3269230769230769,1.496,-0.42933333333333334,0.14675767918088736,Total
SP1,Espanol,30,1.2666666666666666,0.3333333333333333,0.26666666666666666,0.4,1.2,1.4666666666666666,-0.26666666666666666,0.8,0.26666666666666666,0.6,0.5333333333333333,0.4666666666666667,12.8,13.166666666666666,4.166666666666667,4.933333333333334,4.666666666666667,4.466666666666667,2.2333333333333334,2.5,36,44,384,395,125,0.09375,0.3255208333333333,1.375,-0.17500000000000004,0.11139240506329114,Total
SP1,Osasuna,30,1.2666666666666666,0.3333333333333333,0.26666666666666666,0.4,1.2,1.2333333333333334,-0.03333333333333333,0.6666666666666666,0.23333333333333334,0.5,0.4666666666666667,0.5333333333333333,11.466666666666667,12.8,3.7666666666666666,4.6,3.466666666666667,4.7,2.433333333333333,2.3666666666666667,36,37,344,384,113,0.10465116279069768,0.32848837209302323,1.2429999999999999,-0.04299999999999993,0.09635416666666667,Total
SP1,Girona,30,1.2333333333333334,0.3,0.3333333333333333,0.36666666666666664,1.0666666666666667,1.4666666666666666,-0.4,0.7333333333333333,0.2,0.5666666666666667,0.5,0.5,10.4,15.333333333333334,3.933333333333333,4.966666666666667,4.166666666666667,5.266666666666667,2.1333333333333333,1.8333333333333333,32,44,312,460,118,0.10256410256410256,0.3782051282051282,1.2980000000000003,-0.2313333333333336,0.09565217391304348,Total
SP1,Valencia,30,1.1666666666666667,0.3,0.26666666666666666,0.43333333333333335,1.1333333333333333,1.5,-0.36666666666666664,0.7666666666666667,0.26666666666666666,0.5333333333333333,0.43333333333333335,0.5666666666666667,11.4,11.8,3.033333333333333,4.2,5.2,4.466666666666667,1.9666666666666666,2.466666666666667,34,45,342,354,91,0.09941520467836257,0.26608187134502925,1.0010000000000001,0.1323333333333332,0.1271186440677966,Total
SP1,Vallecano,30,1.1666666666666667,0.26666666666666666,0.36666666666666664,0.36666666666666664,0.9666666666666667,1.1666666666666667,-0.2,0.6333333333333333,0.3,0.43333333333333335,0.36666666666666664,0.6333333333333333,13.6,12.033333333333333,4.566666666666666,3.966666666666667,6.0,5.033333333333333,2.6,2.2666666666666666,29,35,408,361,137,0.07107843137254902,0.33578431372549017,1.5070000000000001,-0.5403333333333334,0.09695290858725762,Total
SP1,Alaves,30,1.0666666666666667,0.26666666666666666,0.26666666666666666,0.4666666666666667,1.0666666666666667,1.4333333333333333,-0.36666666666666664,0.6666666666666666,0.1,0.6,0.4666666666666667,0.5333333333333333,12.066666666666666,12.6,3.966666666666667,4.133333333333334,4.9,4.666666666666667,2.433333333333333,2.1,32,43,362,378,119,0.08839779005524862,0.3287292817679558,1.3090000000000002,-0.2423333333333335,0.11375661375661375,Total
SP1,Mallorca,30,1.0333333333333334,0.26666666666666666,0.23333333333333334,0.5,1.2,1.6,-0.4,0.7333333333333333,0.1,0.6666666666666666,0.6666666666666666,0.3333333333333333,10.4,15.0,4.0,4.9,3.4,6.6,2.3,1.9666666666666666,36,48,312,450,120,0.11538461538461539,0.38461538461538464,1.32,-0.1200000000000001,0.10666666666666667,Total
SP1,Sevilla,30,1.0333333333333334,0.26666666666666666,0.23333333333333334,0.5,1.2333333333333334,1.6666666666666667,-0.43333333333333335,0.7666666666666667,0.16666666666666666,0.6,0.5666666666666667,0.43333333333333335,11.166666666666666,10.7,3.6333333333333333,4.5,4.933333333333334,4.566666666666666,2.8333333333333335,2.1333333333333333,37,50,335,321,109,0.11044776119402985,0.3253731343283582,1.199,0.03433333333333333,0.1557632398753894,Total
SP1,Elche,30,0.9666666666666667,0.2,0.36666666666666664,0.43333333333333335,1.2666666666666666,1.5666666666666667,-0.3,0.8333333333333334,0.2,0.7,0.6,0.4,11.066666666666666,14.6,3.933333333333333,4.9,3.6666666666666665,4.533333333333333,2.1333333333333333,2.1333333333333333,38,47,332,438,118,0.1144578313253012,0.35542168674698793,1.2980000000000003,-0.03133333333333366,0.10730593607305935,Total
SP1,Levante,30,0.8666666666666667,0.2,0.26666666666666666,0.5333333333333333,1.1333333333333333,1.6666666666666667,-0.5333333333333333,0.6333333333333333,0.16666666666666666,0.5,0.43333333333333335,0.5666666666666667,11.6,16.666666666666668,3.533333333333333,5.466666666666667,3.7666666666666666,6.366666666666666,2.2333333333333334,2.3666666666666667,34,50,348,500,106,0.09770114942528736,0.3045977011494253,1.1660000000000001,-0.032666666666666844,0.1,Total
SP1,Oviedo,30,0.8,0.16666666666666666,0.3,0.5333333333333333,0.7,1.6,-0.9,0.4666666666666667,0.26666666666666666,0.3333333333333333,0.36666666666666664,0.6333333333333333,9.833333333333334,15.466666666666667,3.2333333333333334,5.766666666666667,3.8666666666666667,6.033333333333333,2.3333333333333335,1.5333333333333334,21,48,295,464,97,0.0711864406779661,0.3288135593220339,1.067,-0.367,0.10344827586206896,Total
SP1,Barcelona,15,3.0,1.0,0.0,0.0,3.1333333333333333,0.5333333333333333,2.6,1.0,0.5333333333333333,0.4666666666666667,0.8666666666666667,0.13333333333333333,19.6,7.466666666666667,7.466666666666667,2.533333333333333,7.533333333333333,3.7333333333333334,1.0,1.8666666666666667,47,8,294,112,112,0.1598639455782313,0.38095238095238093,2.464,0.6693333333333333,0.07142857142857142,Casa
SP1,Real Madrid,15,2.6,0.8666666666666667,0.0,0.13333333333333333,2.4,0.8,1.6,0.8666666666666667,0.3333333333333333,0.5333333333333333,0.6,0.4,18.866666666666667,9.866666666666667,7.6,3.2,6.533333333333333,2.933333333333333,2.2,2.6666666666666665,36,12,283,148,114,0.127208480565371,0.4028268551236749,2.5080000000000005,-0.10800000000000054,0.08108108108108109,Casa
SP1,Ath Madrid,16,2.5,0.8125,0.0625,0.125,2.1875,0.875,1.3125,0.9375,0.4375,0.5,0.5625,0.4375,15.625,9.0625,6.6875,2.4375,7.875,3.75,2.0625,2.125,35,14,250,145,107,0.14,0.428,2.206875,-0.019375000000000142,0.09655172413793103,Casa
SP1,Villarreal,15,2.466666666666667,0.8,0.06666666666666667,0.13333333333333333,2.2666666666666666,0.8666666666666667,1.4,0.8666666666666667,0.3333333333333333,0.5333333333333333,0.6666666666666666,0.3333333333333333,14.866666666666667,11.066666666666666,5.8,3.4,5.133333333333334,4.466666666666667,1.4666666666666666,2.0,34,13,223,166,87,0.15246636771300448,0.3901345291479821,1.9140000000000001,0.35266666666666646,0.0783132530120482,Casa
SP1,Osasuna,14,2.0,0.5714285714285714,0.2857142857142857,0.14285714285714285,1.7857142857142858,1.1428571428571428,0.6428571428571429,1.0,0.35714285714285715,0.6428571428571429,0.5714285714285714,0.42857142857142855,14.142857142857142,10.785714285714286,5.142857142857143,4.214285714285714,4.071428571428571,3.7857142857142856,2.142857142857143,2.7142857142857144,25,16,198,151,72,0.12626262626262627,0.36363636363636365,1.6971428571428573,0.08857142857142852,0.10596026490066225,Casa
SP1,Sociedad,15,1.8,0.5333333333333333,0.2,0.26666666666666666,1.9333333333333333,1.4,0.5333333333333333,0.9333333333333333,0.13333333333333333,0.8,0.7333333333333333,0.26666666666666666,13.333333333333334,12.2,5.133333333333334,4.133333333333334,6.066666666666666,4.8,1.8666666666666667,2.4,29,21,200,183,77,0.145,0.385,1.694,0.2393333333333334,0.11475409836065574,Casa
SP1,Ath Bilbao,15,1.7333333333333334,0.5333333333333333,0.13333333333333333,0.3333333333333333,1.2666666666666666,1.1333333333333333,0.13333333333333333,0.7333333333333333,0.2,0.5333333333333333,0.4666666666666667,0.5333333333333333,14.666666666666666,7.533333333333333,4.866666666666666,3.4,5.466666666666667,3.8666666666666667,2.2,2.2,19,17,220,113,73,0.08636363636363636,0.33181818181818185,1.606,-0.3393333333333335,0.1504424778761062,Casa
SP1,Betis,15,1.7333333333333334,0.4666666666666667,0.3333333333333333,0.2,1.7333333333333334,1.0666666666666667,0.6666666666666666,0.8666666666666667,0.4,0.5333333333333333,0.4666666666666667,0.5333333333333333,15.933333333333334,11.933333333333334,5.133333333333334,3.8,4.266666666666667,4.466666666666667,1.9333333333333333,2.933333333333333,26,16,239,179,77,0.1087866108786611,0.32217573221757323,1.694,0.03933333333333344,0.0893854748603352,Casa
SP1,Elche,15,1.6666666666666667,0.4,0.4666666666666667,0.13333333333333333,1.6,1.0666666666666667,0.5333333333333333,0.8666666666666667,0.4,0.6,0.6,0.4,13.733333333333333,13.266666666666667,4.933333333333334,4.4,4.133333333333334,3.533333333333333,1.8666666666666667,2.466666666666667,24,16,206,199,74,0.11650485436893204,0.3592233009708738,1.6280000000000001,-0.028000000000000025,0.08040201005025126,Casa
SP1,Mallorca,15,1.6666666666666667,0.4666666666666667,0.26666666666666666,0.26666666666666666,1.5333333333333334,1.2666666666666666,0.26666666666666666,0.8666666666666667,0.13333333333333333,0.7333333333333333,0.6,0.4,11.6,13.666666666666666,4.466666666666667,4.533333333333333,3.533333333333333,6.133333333333334,2.1333333333333333,2.1333333333333333,23,19,174,205,67,0.13218390804597702,0.3850574712643678,1.474,0.05933333333333346,0.09268292682926829,Casa
SP1,Valencia,15,1.5333333333333334,0.4,0.3333333333333333,0.26666666666666666,1.4,1.2,0.2,0.8666666666666667,0.26666666666666666,0.6,0.3333333333333333,0.6666666666666666,13.8,9.4,3.533333333333333,3.066666666666667,6.466666666666667,4.133333333333334,1.8666666666666667,3.1333333333333333,21,18,207,141,53,0.10144927536231885,0.2560386473429952,1.1660000000000001,0.23399999999999976,0.1276595744680851,Casa
SP1,Vallecano,15,1.5333333333333334,0.3333333333333333,0.5333333333333333,0.13333333333333333,1.1333333333333333,0.7333333333333333,0.4,0.8,0.4,0.5333333333333333,0.26666666666666666,0.7333333333333333,15.933333333333334,11.266666666666667,5.533333333333333,3.4,6.933333333333334,4.666666666666667,1.9333333333333333,2.6,17,11,239,169,83,0.07112970711297072,0.3472803347280335,1.826,-0.6926666666666668,0.0650887573964497,Casa
SP1,Girona,15,1.4666666666666666,0.4,0.26666666666666666,0.3333333333333333,1.1333333333333333,1.4,-0.26666666666666666,0.7333333333333333,0.3333333333333333,0.4666666666666667,0.5333333333333333,0.4666666666666667,10.6,15.266666666666667,4.066666666666666,4.533333333333333,5.0,4.466666666666667,2.0,2.066666666666667,17,21,159,229,61,0.1069182389937107,0.3836477987421384,1.342,-0.20866666666666678,0.09170305676855896,Casa
SP1,Alaves,15,1.4,0.3333333333333333,0.4,0.26666666666666666,1.2666666666666666,1.2,0.06666666666666667,0.8,0.13333333333333333,0.7333333333333333,0.5333333333333333,0.4666666666666667,13.0,11.4,4.2,3.933333333333333,5.866666666666666,4.066666666666666,2.1333333333333333,2.533333333333333,19,18,195,171,63,0.09743589743589744,0.3230769230769231,1.3860000000000001,-0.11933333333333351,0.10526315789473684,Casa
SP1,Espanol,15,1.4,0.4,0.2,0.4,1.2,1.4,-0.2,0.8,0.2,0.6,0.5333333333333333,0.4666666666666667,13.4,11.933333333333334,4.866666666666666,4.466666666666667,5.2,4.4,2.2666666666666666,3.0,18,21,201,179,73,0.08955223880597014,0.36318407960199006,1.606,-0.40600000000000014,0.11731843575418995,Casa
SP1,Getafe,15,1.4,0.4,0.2,0.4,0.9333333333333333,0.7333333333333333,0.2,0.6,0.3333333333333333,0.3333333333333333,0.2,0.8,9.4,9.466666666666667,3.0,3.4,4.266666666666667,4.133333333333334,2.4,2.1333333333333333,14,11,141,142,45,0.09929078014184398,0.3191489361702128,0.9900000000000001,-0.056666666666666754,0.07746478873239436,Casa
SP1,Celta,15,1.1333333333333333,0.26666666666666666,0.3333333333333333,0.4,1.5333333333333334,1.4,0.13333333333333333,0.8666666666666667,0.2,0.6666666666666666,0.4,0.6,12.0,11.466666666666667,4.266666666666667,3.7333333333333334,4.666666666666667,4.2,1.7333333333333334,2.6666666666666665,23,21,180,172,64,0.12777777777777777,0.35555555555555557,1.4080000000000001,0.1253333333333333,0.12209302325581395,Casa
SP1,Oviedo,15,1.1333333333333333,0.26666666666666666,0.3333333333333333,0.4,0.4666666666666667,0.9333333333333333,-0.4666666666666667,0.4666666666666667,0.5333333333333333,0.2,0.2,0.8,10.0,14.066666666666666,3.2,4.733333333333333,4.6,5.333333333333333,2.2,1.4666666666666666,7,14,150,211,48,0.04666666666666667,0.32,1.056,-0.5893333333333334,0.06635071090047394,Casa
SP1,Sevilla,15,1.0666666666666667,0.26666666666666666,0.26666666666666666,0.4666666666666667,1.2666666666666666,1.4666666666666666,-0.2,0.7333333333333333,0.13333333333333333,0.6,0.5333333333333333,0.4666666666666667,10.933333333333334,9.866666666666667,3.7333333333333334,4.133333333333334,4.666666666666667,3.4,2.933333333333333,2.466666666666667,19,22,164,148,56,0.11585365853658537,0.34146341463414637,1.232,0.03466666666666662,0.14864864864864866,Casa
SP1,Levante,15,0.9333333333333333,0.2,0.3333333333333333,0.4666666666666667,1.2,1.7333333333333334,-0.5333333333333333,0.6666666666666666,0.13333333333333333,0.6,0.4666666666666667,0.5333333333333333,13.266666666666667,16.266666666666666,3.6666666666666665,5.466666666666667,4.6,5.0,2.2,2.2666666666666666,18,26,199,244,55,0.09045226130653267,0.27638190954773867,1.2100000000000002,-0.010000000000000231,0.10655737704918032,Casa
SP1,Barcelona,15,2.066666666666667,0.6666666666666666,0.06666666666666667,0.26666666666666666,2.2,1.4,0.8,1.0,0.26666666666666666,0.7333333333333333,0.7333333333333333,0.26666666666666666,19.866666666666667,10.866666666666667,6.933333333333334,4.866666666666666,7.0,4.666666666666667,2.0,3.066666666666667,33,21,298,163,104,0.11073825503355705,0.348993288590604,2.288,-0.08799999999999963,0.12883435582822086,Fora
SP1,Real Madrid,15,2.0,0.6,0.2,0.2,1.8666666666666667,1.0666666666666667,0.8,0.9333333333333333,0.4,0.6,0.6666666666666666,0.3333333333333333,17.066666666666666,10.333333333333334,6.133333333333334,2.933333333333333,6.133333333333334,4.133333333333334,1.4,2.6,28,16,256,155,92,0.109375,0.359375,2.024,-0.15733333333333333,0.1032258064516129,Fora
SP1,Celta,15,1.8,0.4666666666666667,0.4,0.13333333333333333,1.4,1.0666666666666667,0.3333333333333333,0.8666666666666667,0.3333333333333333,0.6666666666666666,0.4666666666666667,0.5333333333333333,9.6,12.666666666666666,4.066666666666666,4.466666666666667,3.3333333333333335,5.0,2.1333333333333333,2.2,21,16,144,190,61,0.14583333333333334,0.4236111111111111,1.342,0.05799999999999983,0.08421052631578947,Fora
SP1,Villarreal,15,1.4,0.4,0.2,0.4,1.3333333333333333,1.4666666666666666,-0.13333333333333333,0.8,0.2,0.6,0.4666666666666667,0.5333333333333333,9.466666666666667,14.0,3.2,3.7333333333333334,2.7333333333333334,4.666666666666667,2.8666666666666667,2.2,20,22,142,210,48,0.14084507042253522,0.3380281690140845,1.056,0.2773333333333332,0.10476190476190476,Fora
SP1,Getafe,15,1.3333333333333333,0.4,0.13333333333333333,0.4666666666666667,0.8666666666666667,1.3333333333333333,-0.4666666666666667,0.6,0.26666666666666666,0.3333333333333333,0.4,0.6,9.666666666666666,12.133333333333333,3.0,4.733333333333333,4.666666666666667,5.6,3.3333333333333335,2.1333333333333333,13,20,145,182,45,0.0896551724137931,0.3103448275862069,0.9900000000000001,-0.1233333333333334,0.10989010989010989,Fora
SP1,Betis,15,1.2666666666666666,0.26666666666666666,0.4666666666666667,0.26666666666666666,1.2,1.4,-0.2,0.8666666666666667,0.2,0.7333333333333333,0.4666666666666667,0.5333333333333333,13.466666666666667,12.533333333333333,4.533333333333333,4.733333333333333,4.8,6.0,1.9333333333333333,2.1333333333333333,18,21,202,188,68,0.0891089108910891,0.33663366336633666,1.496,-0.29600000000000004,0.11170212765957446,Fora
SP1,Ath Madrid,14,1.2142857142857142,0.2857142857142857,0.35714285714285715,0.35714285714285715,1.0714285714285714,1.1428571428571428,-0.07142857142857142,0.7857142857142857,0.35714285714285715,0.5,0.35714285714285715,0.6428571428571429,10.857142857142858,13.071428571428571,4.0,4.714285714285714,4.928571428571429,4.142857142857143,2.0,1.7857142857142858,15,16,152,183,56,0.09868421052631579,0.3684210526315789,1.32,-0.24857142857142867,0.08743169398907104,Fora
SP1,Espanol,15,1.1333333333333333,0.26666666666666666,0.3333333333333333,0.4,1.2,1.5333333333333334,-0.3333333333333333,0.8,0.3333333333333333,0.6,0.5333333333333333,0.4666666666666667,12.2,14.4,3.466666666666667,5.4,4.133333333333334,4.533333333333333,2.2,2.0,18,23,183,216,52,0.09836065573770492,0.28415300546448086,1.144,0.05600000000000005,0.10648148148148148,Fora
SP1,Girona,15,1.0,0.2,0.4,0.4,1.0,1.5333333333333334,-0.5333333333333333,0.7333333333333333,0.06666666666666667,0.6666666666666666,0.4666666666666667,0.5333333333333333,10.2,15.4,3.8,5.4,3.3333333333333335,6.066666666666666,2.2666666666666666,1.6,15,23,153,231,57,0.09803921568627451,0.37254901960784315,1.2540000000000002,-0.2540000000000002,0.09956709956709957,Fora
SP1,Sevilla,15,1.0,0.26666666666666666,0.2,0.5333333333333333,1.2,1.8666666666666667,-0.6666666666666666,0.8,0.2,0.6,0.6,0.4,11.4,11.533333333333333,3.533333333333333,4.866666666666666,5.2,5.733333333333333,2.7333333333333334,1.8,18,28,171,173,53,0.10526315789473684,0.30994152046783624,1.1660000000000001,0.03399999999999981,0.16184971098265896,Fora
SP1,Sociedad,15,0.9333333333333333,0.2,0.3333333333333333,0.4666666666666667,1.1333333333333333,1.6,-0.4666666666666667,0.8666666666666667,0.06666666666666667,0.8,0.4666666666666667,0.5333333333333333,12.666666666666666,14.2,4.466666666666667,4.466666666666667,5.533333333333333,4.533333333333333,2.2,2.066666666666667,17,24,190,213,67,0.08947368421052632,0.3526315789473684,1.474,-0.3406666666666667,0.11267605633802817,Fora
SP1,Ath Bilbao,15,0.8,0.2,0.2,0.6,0.8666666666666667,1.7333333333333334,-0.8666666666666667,0.5333333333333333,0.13333333333333333,0.4666666666666667,0.4666666666666667,0.5333333333333333,13.066666666666666,12.0,4.2,5.0,5.2,3.933333333333333,2.3333333333333335,1.8,13,26,196,180,63,0.0663265306122449,0.32142857142857145,1.3860000000000001,-0.5193333333333334,0.14444444444444443,Fora
SP1,Levante,15,0.8,0.2,0.2,0.6,1.0666666666666667,1.6,-0.5333333333333333,0.6,0.2,0.4,0.4,0.6,9.933333333333334,17.066666666666666,3.4,5.466666666666667,2.933333333333333,7.733333333333333,2.2666666666666666,2.466666666666667,16,24,149,256,51,0.10738255033557047,0.3422818791946309,1.122,-0.055333333333333456,0.09375,Fora
SP1,Valencia,15,0.8,0.2,0.2,0.6,0.8666666666666667,1.8,-0.9333333333333333,0.6666666666666666,0.26666666666666666,0.4666666666666667,0.5333333333333333,0.4666666666666667,9.0,14.2,2.533333333333333,5.333333333333333,3.933333333333333,4.8,2.066666666666667,1.8,13,27,135,213,38,0.0962962962962963,0.2814814814814815,0.8360000000000001,0.03066666666666662,0.1267605633802817,Fora
SP1,Vallecano,15,0.8,0.2,0.2,0.6,0.8,1.6,-0.8,0.4666666666666667,0.2,0.3333333333333333,0.4666666666666667,0.5333333333333333,11.266666666666667,12.8,3.6,4.533333333333333,5.066666666666666,5.4,3.2666666666666666,1.9333333333333333,12,24,169,192,54,0.07100591715976332,0.31952662721893493,1.188,-0.3879999999999999,0.125,Fora
SP1,Alaves,15,0.7333333333333333,0.2,0.13333333333333333,0.6666666666666666,0.8666666666666667,1.6666666666666667,-0.8,0.5333333333333333,0.06666666666666667,0.4666666666666667,0.4,0.6,11.133333333333333,13.8,3.7333333333333334,4.333333333333333,3.933333333333333,5.266666666666667,2.7333333333333334,1.6666666666666667,13,25,167,207,56,0.07784431137724551,0.33532934131736525,1.232,-0.3653333333333333,0.12077294685990338,Fora
SP1,Osasuna,16,0.625,0.125,0.25,0.625,0.6875,1.3125,-0.625,0.375,0.125,0.375,0.375,0.625,9.125,14.5625,2.5625,4.9375,2.9375,5.5,2.6875,2.0625,11,21,146,233,41,0.07534246575342465,0.2808219178082192,0.8456250000000001,-0.15812500000000007,0.09012875536480687,Fora
SP1,Oviedo,15,0.4666666666666667,0.06666666666666667,0.26666666666666666,0.6666666666666666,0.9333333333333333,2.2666666666666666,-1.3333333333333333,0.4666666666666667,0.0,0.4666666666666667,0.5333333333333333,0.4666666666666667,9.666666666666666,16.866666666666667,3.2666666666666666,6.8,3.1333333333333333,6.733333333333333,2.466666666666667,1.6,14,34,145,253,49,0.09655172413793103,0.33793103448275863,1.078,-0.14466666666666672,0.13438735177865613,Fora
SP1,Mallorca,15,0.4,0.06666666666666667,0.2,0.7333333333333333,0.8666666666666667,1.9333333333333333,-1.0666666666666667,0.6,0.06666666666666667,0.6,0.7333333333333333,0.26666666666666666,9.2,16.333333333333332,3.533333333333333,5.266666666666667,3.2666666666666666,7.066666666666666,2.466666666666667,1.8,13,29,138,245,53,0.09420289855072464,0.38405797101449274,1.1660000000000001,-0.29933333333333345,0.11836734693877551,Fora
SP1,Elche,15,0.26666666666666666,0.0,0.26666666666666666,0.7333333333333333,0.9333333333333333,2.066666666666667,-1.1333333333333333,0.8,0.0,0.8,0.6,0.4,8.4,15.933333333333334,2.933333333333333,5.4,3.2,5.533333333333333,2.4,1.8,14,31,126,239,44,0.1111111111111111,0.3492063492063492,0.9680000000000001,-0.034666666666666734,0.1297071129707113,Fora
T1,Galatasaray,27,2.3703703703703702,0.7407407407407407,0.14814814814814814,0.1111111111111111,2.3333333333333335,0.7407407407407407,1.5925925925925926,0.8888888888888888,0.4074074074074074,0.5185185185185185,0.6666666666666666,0.3333333333333333,17.037037037037038,10.296296296296296,5.777777777777778,3.4074074074074074,5.62962962962963,3.5925925925925926,1.962962962962963,2.2962962962962963,63,20,460,278,156,0.13695652173913042,0.3391304347826087,1.9066666666666667,0.42666666666666675,0.07194244604316546,Total
T1,Fenerbahce,28,2.25,0.6428571428571429,0.32142857142857145,0.03571428571428571,2.2142857142857144,1.0,1.2142857142857142,0.8928571428571429,0.32142857142857145,0.6428571428571429,0.5714285714285714,0.42857142857142855,17.178571428571427,10.214285714285714,6.142857142857143,3.2857142857142856,7.214285714285714,4.25,2.357142857142857,2.892857142857143,62,28,481,286,172,0.1288981288981289,0.3575883575883576,2.027142857142857,0.18714285714285728,0.0979020979020979,Total
T1,Trabzonspor,28,2.25,0.6785714285714286,0.21428571428571427,0.10714285714285714,1.9642857142857142,1.0714285714285714,0.8928571428571429,0.9285714285714286,0.32142857142857145,0.6428571428571429,0.5714285714285714,0.42857142857142855,15.178571428571429,13.464285714285714,5.535714285714286,3.9285714285714284,4.642857142857143,5.25,1.6428571428571428,2.5,55,30,425,377,155,0.12941176470588237,0.36470588235294116,1.8267857142857145,0.13749999999999973,0.07957559681697612,Total
T1,Besiktas,28,1.8571428571428572,0.5357142857142857,0.25,0.21428571428571427,1.75,1.1428571428571428,0.6071428571428571,0.8571428571428571,0.2857142857142857,0.5714285714285714,0.5714285714285714,0.42857142857142855,16.535714285714285,11.892857142857142,6.107142857142857,3.5714285714285716,5.464285714285714,4.678571428571429,2.357142857142857,3.0357142857142856,49,32,463,333,171,0.10583153347732181,0.3693304535637149,2.015357142857143,-0.26535714285714285,0.0960960960960961,Total
T1,Goztep,27,1.7037037037037037,0.4444444444444444,0.37037037037037035,0.18518518518518517,1.1851851851851851,0.7407407407407407,0.4444444444444444,0.7037037037037037,0.5555555555555556,0.37037037037037035,0.37037037037037035,0.6296296296296297,13.555555555555555,12.222222222222221,4.407407407407407,3.4444444444444446,4.666666666666667,5.148148148148148,2.5185185185185186,2.2222222222222223,32,20,366,330,119,0.08743169398907104,0.3251366120218579,1.4544444444444447,-0.26925925925925953,0.06060606060606061,Total
T1,Buyuksehyr,28,1.5714285714285714,0.42857142857142855,0.2857142857142857,0.2857142857142857,1.5714285714285714,1.0714285714285714,0.5,0.7857142857142857,0.35714285714285715,0.5714285714285714,0.5714285714285714,0.42857142857142855,13.0,12.821428571428571,4.607142857142857,4.285714285714286,4.964285714285714,5.214285714285714,2.1785714285714284,2.357142857142857,44,30,364,359,129,0.12087912087912088,0.3543956043956044,1.520357142857143,0.051071428571428434,0.08356545961002786,Total
T1,Samsunspor,27,1.3333333333333333,0.2962962962962963,0.4444444444444444,0.25925925925925924,1.1481481481481481,1.2222222222222223,-0.07407407407407407,0.7037037037037037,0.2962962962962963,0.5925925925925926,0.4444444444444444,0.5555555555555556,12.962962962962964,11.62962962962963,3.740740740740741,3.4444444444444446,5.962962962962963,4.0,2.074074074074074,1.8518518518518519,31,33,350,314,101,0.08857142857142856,0.2885714285714286,1.2344444444444445,-0.08629629629629632,0.10509554140127389,Total
T1,Gaziantep,28,1.2142857142857142,0.2857142857142857,0.35714285714285715,0.35714285714285715,1.3214285714285714,1.6785714285714286,-0.35714285714285715,0.75,0.17857142857142858,0.6428571428571429,0.6428571428571429,0.35714285714285715,12.964285714285714,13.892857142857142,4.464285714285714,5.142857142857143,4.964285714285714,5.178571428571429,2.892857142857143,3.107142857142857,37,47,363,389,125,0.10192837465564739,0.3443526170798898,1.4732142857142858,-0.1517857142857144,0.12082262210796915,Total
T1,Kocaelispor,28,1.2142857142857142,0.32142857142857145,0.25,0.42857142857142855,0.8214285714285714,1.1428571428571428,-0.32142857142857145,0.5714285714285714,0.35714285714285715,0.35714285714285715,0.32142857142857145,0.6785714285714286,10.25,11.5,3.107142857142857,3.142857142857143,4.214285714285714,4.178571428571429,2.25,2.142857142857143,23,32,287,322,87,0.08013937282229965,0.30313588850174217,1.0253571428571429,-0.20392857142857146,0.09937888198757763,Total
T1,Alanyaspor,28,1.1428571428571428,0.21428571428571427,0.5,0.2857142857142857,1.2142857142857142,1.1785714285714286,0.03571428571428571,0.75,0.32142857142857145,0.6071428571428571,0.4642857142857143,0.5357142857142857,12.785714285714286,11.071428571428571,4.071428571428571,3.9642857142857144,4.678571428571429,3.5357142857142856,2.357142857142857,2.107142857142857,34,33,358,310,114,0.09497206703910614,0.31843575418994413,1.3435714285714286,-0.12928571428571445,0.1064516129032258,Total
T1,Rizespor,27,1.1111111111111112,0.25925925925925924,0.3333333333333333,0.4074074074074074,1.2222222222222223,1.4074074074074074,-0.18518518518518517,0.7407407407407407,0.2962962962962963,0.5185185185185185,0.5185185185185185,0.48148148148148145,12.444444444444445,14.037037037037036,3.7037037037037037,4.555555555555555,3.925925925925926,4.481481481481482,2.4444444444444446,1.8148148148148149,33,38,336,379,100,0.09821428571428571,0.2976190476190476,1.2222222222222223,0.0,0.10026385224274406,Total
T1,Konyaspor,28,1.1071428571428572,0.25,0.35714285714285715,0.39285714285714285,1.1785714285714286,1.4642857142857142,-0.2857142857142857,0.7857142857142857,0.17857142857142858,0.6785714285714286,0.5,0.5,13.428571428571429,12.25,4.071428571428571,3.892857142857143,5.178571428571429,4.75,2.5,2.392857142857143,33,41,376,343,114,0.08776595744680851,0.30319148936170215,1.3435714285714286,-0.16500000000000004,0.119533527696793,Total
T1,Antalyaspor,28,1.0,0.25,0.25,0.5,1.0,1.5357142857142858,-0.5357142857142857,0.6428571428571429,0.25,0.5357142857142857,0.5357142857142857,0.4642857142857143,9.142857142857142,14.0,3.5,4.892857142857143,4.071428571428571,5.785714285714286,2.5357142857142856,2.607142857142857,28,43,256,392,98,0.109375,0.3828125,1.155,-0.15500000000000003,0.1096938775510204,Total
T1,Kasimpasa,28,0.9642857142857143,0.21428571428571427,0.32142857142857145,0.4642857142857143,0.8928571428571429,1.3571428571428572,-0.4642857142857143,0.6428571428571429,0.25,0.5357142857142857,0.42857142857142855,0.5714285714285714,9.928571428571429,12.107142857142858,2.642857142857143,4.0,4.321428571428571,4.428571428571429,2.5714285714285716,2.3214285714285716,25,38,278,339,74,0.08992805755395683,0.26618705035971224,0.8721428571428572,0.020714285714285685,0.11209439528023599,Total
T1,Genclerbirligi,28,0.8928571428571429,0.21428571428571427,0.25,0.5357142857142857,1.0,1.3928571428571428,-0.39285714285714285,0.6071428571428571,0.17857142857142858,0.5357142857142857,0.5,0.5,10.535714285714286,15.107142857142858,3.25,4.678571428571429,4.107142857142857,5.821428571428571,2.1785714285714284,2.0357142857142856,28,39,295,423,91,0.09491525423728814,0.30847457627118646,1.0725,-0.07250000000000001,0.09219858156028368,Total
T1,Kayserispor,28,0.8214285714285714,0.14285714285714285,0.39285714285714285,0.4642857142857143,0.75,1.7857142857142858,-1.0357142857142858,0.6071428571428571,0.21428571428571427,0.5,0.4642857142857143,0.5357142857142857,11.535714285714286,14.464285714285714,3.6785714285714284,5.357142857142857,5.071428571428571,4.678571428571429,2.5357142857142856,1.6071428571428572,21,50,323,405,103,0.06501547987616099,0.3188854489164087,1.2139285714285715,-0.46392857142857147,0.12345679012345678,Total
T1,Eyupspor,28,0.7857142857142857,0.17857142857142858,0.25,0.5714285714285714,0.6785714285714286,1.4642857142857142,-0.7857142857142857,0.4642857142857143,0.17857142857142858,0.39285714285714285,0.39285714285714285,0.6071428571428571,10.571428571428571,14.107142857142858,3.392857142857143,4.964285714285714,3.5,5.75,2.392857142857143,2.107142857142857,19,41,296,395,95,0.06418918918918919,0.32094594594594594,1.1196428571428572,-0.44107142857142856,0.10379746835443038,Total
T1,Karagumruk,28,0.7142857142857143,0.17857142857142858,0.17857142857142858,0.6428571428571429,0.9285714285714286,1.7142857142857142,-0.7857142857142857,0.6071428571428571,0.14285714285714285,0.5,0.4642857142857143,0.5357142857142857,10.714285714285714,14.392857142857142,3.357142857142857,5.5,3.75,5.5,1.8928571428571428,2.2142857142857144,26,48,300,403,94,0.08666666666666667,0.31333333333333335,1.1078571428571429,-0.17928571428571427,0.11910669975186104,Total
T1,Galatasaray,14,2.5714285714285716,0.7857142857142857,0.21428571428571427,0.0,2.7142857142857144,0.7857142857142857,1.9285714285714286,0.9285714285714286,0.35714285714285715,0.6428571428571429,0.7857142857142857,0.21428571428571427,20.214285714285715,8.642857142857142,6.928571428571429,3.4285714285714284,6.785714285714286,3.142857142857143,1.2142857142857142,2.4285714285714284,38,11,283,121,97,0.13427561837455831,0.34275618374558303,2.2864285714285715,0.42785714285714294,0.09090909090909091,Casa
T1,Fenerbahce,14,2.4285714285714284,0.7142857142857143,0.2857142857142857,0.0,2.2857142857142856,0.9285714285714286,1.3571428571428572,1.0,0.2857142857142857,0.7142857142857143,0.5714285714285714,0.42857142857142855,19.785714285714285,9.285714285714286,7.0,3.0714285714285716,7.428571428571429,3.5714285714285716,2.2857142857142856,3.7142857142857144,32,13,277,130,98,0.11552346570397112,0.35379061371841153,2.31,-0.024285714285714466,0.1,Casa
T1,Trabzonspor,14,2.2142857142857144,0.6428571428571429,0.2857142857142857,0.07142857142857142,1.9285714285714286,0.9285714285714286,1.0,1.0,0.35714285714285715,0.6428571428571429,0.5,0.5,17.0,12.0,5.857142857142857,3.5,4.642857142857143,4.928571428571429,1.7857142857142858,2.642857142857143,27,13,238,168,82,0.1134453781512605,0.3445378151260504,1.932857142857143,-0.004285714285714448,0.07738095238095238,Casa
T1,Besiktas,14,1.9285714285714286,0.5714285714285714,0.21428571428571427,0.21428571428571427,1.7857142857142858,1.1428571428571428,0.6428571428571429,0.9285714285714286,0.21428571428571427,0.7142857142857143,0.7142857142857143,0.2857142857142857,18.142857142857142,10.571428571428571,6.785714285714286,3.357142857142857,6.142857142857143,3.7142857142857144,2.2857142857142856,4.0,25,16,254,148,95,0.0984251968503937,0.37401574803149606,2.2392857142857143,-0.4535714285714285,0.10810810810810811,Casa
T1,Goztep,13,1.8461538461538463,0.46153846153846156,0.46153846153846156,0.07692307692307693,1.2307692307692308,0.5384615384615384,0.6923076923076923,0.6923076923076923,0.6153846153846154,0.38461538461538464,0.38461538461538464,0.6153846153846154,13.846153846153847,11.461538461538462,4.3076923076923075,2.6923076923076925,5.076923076923077,4.846153846153846,2.6153846153846154,2.3846153846153846,16,7,180,149,56,0.08888888888888889,0.3111111111111111,1.4215384615384616,-0.1907692307692308,0.04697986577181208,Casa
T1,Buyuksehyr,14,1.5,0.35714285714285715,0.42857142857142855,0.21428571428571427,1.6428571428571428,1.2142857142857142,0.42857142857142855,0.8571428571428571,0.2857142857142857,0.7142857142857143,0.5,0.5,12.357142857142858,13.214285714285714,4.5,4.857142857142857,4.5,4.857142857142857,2.2142857142857144,2.5714285714285716,23,17,173,185,63,0.1329479768786127,0.36416184971098264,1.485,0.1578571428571427,0.0918918918918919,Casa
T1,Kocaelispor,15,1.4666666666666666,0.4,0.26666666666666666,0.3333333333333333,0.9333333333333333,0.7333333333333333,0.2,0.6666666666666666,0.4666666666666667,0.3333333333333333,0.26666666666666666,0.7333333333333333,11.6,10.066666666666666,3.6,2.8,4.333333333333333,4.133333333333334,1.9333333333333333,2.066666666666667,14,11,174,151,54,0.08045977011494253,0.3103448275862069,1.188,-0.2546666666666666,0.0728476821192053,Casa
T1,Alanyaspor,14,1.3571428571428572,0.35714285714285715,0.2857142857142857,0.35714285714285715,1.2142857142857142,0.8571428571428571,0.35714285714285715,0.6428571428571429,0.5714285714285714,0.35714285714285715,0.42857142857142855,0.5714285714285714,13.285714285714286,9.5,4.571428571428571,3.142857142857143,5.5,3.0,1.9285714285714286,2.142857142857143,17,12,186,133,64,0.0913978494623656,0.34408602150537637,1.5085714285714287,-0.2942857142857145,0.09022556390977443,Casa
T1,Genclerbirligi,14,1.3571428571428572,0.35714285714285715,0.2857142857142857,0.35714285714285715,1.3571428571428572,1.4285714285714286,-0.07142857142857142,0.7142857142857143,0.21428571428571427,0.5714285714285714,0.5714285714285714,0.42857142857142855,12.714285714285714,14.285714285714286,4.357142857142857,4.285714285714286,4.928571428571429,5.642857142857143,2.0714285714285716,2.142857142857143,19,20,178,200,61,0.10674157303370786,0.34269662921348315,1.437857142857143,-0.08071428571428574,0.1,Casa
T1,Samsunspor,14,1.3571428571428572,0.2857142857142857,0.5,0.21428571428571427,0.9285714285714286,1.0714285714285714,-0.14285714285714285,0.5714285714285714,0.35714285714285715,0.5,0.42857142857142855,0.5714285714285714,14.285714285714286,9.285714285714286,4.0,2.7857142857142856,6.714285714285714,2.857142857142857,1.5714285714285714,1.9285714285714286,13,15,200,130,56,0.065,0.28,1.32,-0.39142857142857146,0.11538461538461539,Casa
T1,Rizespor,13,1.3076923076923077,0.38461538461538464,0.15384615384615385,0.46153846153846156,1.0,1.3076923076923077,-0.3076923076923077,0.6923076923076923,0.46153846153846156,0.3076923076923077,0.46153846153846156,0.5384615384615384,13.153846153846153,14.384615384615385,3.769230769230769,3.923076923076923,3.6923076923076925,4.615384615384615,2.3846153846153846,2.0,13,17,171,187,49,0.07602339181286549,0.28654970760233917,1.243846153846154,-0.24384615384615405,0.09090909090909091,Casa
T1,Konyaspor,14,1.2857142857142858,0.2857142857142857,0.42857142857142855,0.2857142857142857,1.1428571428571428,1.0714285714285714,0.07142857142857142,0.7857142857142857,0.35714285714285715,0.5714285714285714,0.35714285714285715,0.6428571428571429,14.285714285714286,9.214285714285714,4.071428571428571,2.4285714285714284,5.642857142857143,3.642857142857143,2.5714285714285716,2.4285714285714284,16,15,200,129,57,0.08,0.285,1.3435714285714286,-0.20071428571428584,0.11627906976744186,Casa
T1,Gaziantep,14,1.2142857142857142,0.2857142857142857,0.35714285714285715,0.35714285714285715,1.2857142857142858,1.6428571428571428,-0.35714285714285715,0.7857142857142857,0.07142857142857142,0.7142857142857143,0.6428571428571429,0.35714285714285715,15.285714285714286,11.357142857142858,5.071428571428571,4.714285714285714,6.642857142857143,5.214285714285714,2.9285714285714284,3.4285714285714284,18,23,214,159,71,0.08411214953271028,0.3317757009345794,1.6735714285714285,-0.3878571428571427,0.14465408805031446,Casa
T1,Antalyaspor,14,1.0714285714285714,0.2857142857142857,0.21428571428571427,0.5,1.5,2.2142857142857144,-0.7142857142857143,0.9285714285714286,0.07142857142857142,0.8571428571428571,0.8571428571428571,0.14285714285714285,11.214285714285714,13.5,4.285714285714286,4.928571428571429,4.928571428571429,5.428571428571429,2.357142857142857,2.642857142857143,21,31,157,189,60,0.1337579617834395,0.3821656050955414,1.4142857142857144,0.08571428571428563,0.164021164021164,Casa
T1,Karagumruk,14,1.0714285714285714,0.2857142857142857,0.21428571428571427,0.5,1.0,1.4285714285714286,-0.42857142857142855,0.5714285714285714,0.2857142857142857,0.35714285714285715,0.2857142857142857,0.7142857142857143,10.642857142857142,13.571428571428571,3.2857142857142856,4.928571428571429,3.2857142857142856,5.714285714285714,1.6428571428571428,2.4285714285714284,14,20,149,190,46,0.09395973154362416,0.3087248322147651,1.0842857142857143,-0.0842857142857143,0.10526315789473684,Casa
T1,Kasimpasa,14,1.0,0.21428571428571427,0.35714285714285715,0.42857142857142855,0.8571428571428571,1.2857142857142858,-0.42857142857142855,0.5714285714285714,0.2857142857142857,0.42857142857142855,0.2857142857142857,0.7142857142857143,12.071428571428571,10.071428571428571,3.2142857142857144,3.5,4.857142857142857,3.642857142857143,2.357142857142857,2.357142857142857,12,18,169,141,45,0.07100591715976332,0.26627218934911245,1.0607142857142857,-0.20357142857142863,0.1276595744680851,Casa
T1,Eyupspor,14,0.9285714285714286,0.21428571428571427,0.2857142857142857,0.5,0.7857142857142857,1.3571428571428572,-0.5714285714285714,0.5714285714285714,0.21428571428571427,0.42857142857142855,0.35714285714285715,0.6428571428571429,10.928571428571429,13.785714285714286,4.0,4.571428571428571,3.9285714285714284,4.928571428571429,2.142857142857143,1.7142857142857142,11,19,153,193,56,0.0718954248366013,0.3660130718954248,1.32,-0.5342857142857144,0.09844559585492228,Casa
T1,Kayserispor,13,0.9230769230769231,0.23076923076923078,0.23076923076923078,0.5384615384615384,0.7692307692307693,2.0,-1.2307692307692308,0.6153846153846154,0.23076923076923078,0.46153846153846156,0.6153846153846154,0.38461538461538464,12.846153846153847,11.615384615384615,3.6923076923076925,4.846153846153846,5.538461538461538,4.153846153846154,2.6153846153846154,1.3846153846153846,10,26,167,151,48,0.059880239520958084,0.2874251497005988,1.2184615384615385,-0.4492307692307692,0.17218543046357615,Casa
T1,Trabzonspor,14,2.2857142857142856,0.7142857142857143,0.14285714285714285,0.14285714285714285,2.0,1.2142857142857142,0.7857142857142857,0.8571428571428571,0.2857142857142857,0.6428571428571429,0.6428571428571429,0.35714285714285715,13.357142857142858,14.928571428571429,5.214285714285714,4.357142857142857,4.642857142857143,5.571428571428571,1.5,2.357142857142857,28,17,187,209,73,0.1497326203208556,0.39037433155080214,1.7207142857142856,0.27928571428571436,0.08133971291866028,Fora
T1,Galatasaray,13,2.1538461538461537,0.6923076923076923,0.07692307692307693,0.23076923076923078,1.9230769230769231,0.6923076923076923,1.2307692307692308,0.8461538461538461,0.46153846153846156,0.38461538461538464,0.5384615384615384,0.46153846153846156,13.615384615384615,12.076923076923077,4.538461538461538,3.3846153846153846,4.384615384615385,4.076923076923077,2.769230769230769,2.1538461538461537,25,9,177,157,59,0.14124293785310735,0.3333333333333333,1.4976923076923079,0.42538461538461525,0.05732484076433121,Fora
T1,Fenerbahce,14,2.0714285714285716,0.5714285714285714,0.35714285714285715,0.07142857142857142,2.142857142857143,1.0714285714285714,1.0714285714285714,0.7857142857142857,0.35714285714285715,0.5714285714285714,0.5714285714285714,0.42857142857142855,14.571428571428571,11.142857142857142,5.285714285714286,3.5,7.0,4.928571428571429,2.4285714285714284,2.0714285714285716,30,15,204,156,74,0.14705882352941177,0.3627450980392157,1.7442857142857144,0.39857142857142835,0.09615384615384616,Fora
T1,Besiktas,14,1.7857142857142858,0.5,0.2857142857142857,0.21428571428571427,1.7142857142857142,1.1428571428571428,0.5714285714285714,0.7857142857142857,0.35714285714285715,0.42857142857142855,0.42857142857142855,0.5714285714285714,14.928571428571429,13.214285714285714,5.428571428571429,3.7857142857142856,4.785714285714286,5.642857142857143,2.4285714285714284,2.0714285714285716,24,16,209,185,76,0.11483253588516747,0.36363636363636365,1.7914285714285716,-0.0771428571428574,0.08648648648648649,Fora
T1,Buyuksehyr,14,1.6428571428571428,0.5,0.14285714285714285,0.35714285714285715,1.5,0.9285714285714286,0.5714285714285714,0.7142857142857143,0.42857142857142855,0.42857142857142855,0.6428571428571429,0.35714285714285715,13.642857142857142,12.428571428571429,4.714285714285714,3.7142857142857144,5.428571428571429,5.571428571428571,2.142857142857143,2.142857142857143,21,13,191,174,66,0.1099476439790576,0.34554973821989526,1.5557142857142858,-0.05571428571428583,0.07471264367816093,Fora
T1,Goztep,14,1.5714285714285714,0.42857142857142855,0.2857142857142857,0.2857142857142857,1.1428571428571428,0.9285714285714286,0.21428571428571427,0.7142857142857143,0.5,0.35714285714285715,0.35714285714285715,0.6428571428571429,13.285714285714286,12.928571428571429,4.5,4.142857142857143,4.285714285714286,5.428571428571429,2.4285714285714284,2.0714285714285716,16,13,186,181,63,0.08602150537634409,0.3387096774193548,1.485,-0.3421428571428573,0.0718232044198895,Fora
T1,Samsunspor,13,1.3076923076923077,0.3076923076923077,0.38461538461538464,0.3076923076923077,1.3846153846153846,1.3846153846153846,0.0,0.8461538461538461,0.23076923076923078,0.6923076923076923,0.46153846153846156,0.5384615384615384,11.538461538461538,14.153846153846153,3.4615384615384617,4.153846153846154,5.153846153846154,5.230769230769231,2.6153846153846154,1.7692307692307692,18,18,150,184,45,0.12,0.3,1.1423076923076925,0.2423076923076921,0.09782608695652174,Fora
T1,Gaziantep,14,1.2142857142857142,0.2857142857142857,0.35714285714285715,0.35714285714285715,1.3571428571428572,1.7142857142857142,-0.35714285714285715,0.7142857142857143,0.2857142857142857,0.5714285714285714,0.6428571428571429,0.35714285714285715,10.642857142857142,16.428571428571427,3.857142857142857,5.571428571428571,3.2857142857142856,5.142857142857143,2.857142857142857,2.7857142857142856,19,24,149,230,54,0.12751677852348994,0.3624161073825503,1.272857142857143,0.0842857142857143,0.10434782608695652,Fora
T1,Alanyaspor,14,0.9285714285714286,0.07142857142857142,0.7142857142857143,0.21428571428571427,1.2142857142857142,1.5,-0.2857142857142857,0.8571428571428571,0.07142857142857142,0.8571428571428571,0.5,0.5,12.285714285714286,12.642857142857142,3.5714285714285716,4.785714285714286,3.857142857142857,4.071428571428571,2.7857142857142856,2.0714285714285716,17,21,172,177,50,0.09883720930232558,0.29069767441860467,1.1785714285714286,0.03571428571428559,0.11864406779661017,Fora
T1,Antalyaspor,14,0.9285714285714286,0.21428571428571427,0.2857142857142857,0.5,0.5,0.8571428571428571,-0.35714285714285715,0.35714285714285715,0.42857142857142855,0.21428571428571427,0.21428571428571427,0.7857142857142857,7.071428571428571,14.5,2.7142857142857144,4.857142857142857,3.2142857142857144,6.142857142857143,2.7142857142857144,2.5714285714285716,7,12,99,203,38,0.0707070707070707,0.3838383838383838,0.8957142857142858,-0.3957142857142858,0.059113300492610835,Fora
T1,Kasimpasa,14,0.9285714285714286,0.21428571428571427,0.2857142857142857,0.5,0.9285714285714286,1.4285714285714286,-0.5,0.7142857142857143,0.21428571428571427,0.6428571428571429,0.5714285714285714,0.42857142857142855,7.785714285714286,14.142857142857142,2.0714285714285716,4.5,3.7857142857142856,5.214285714285714,2.7857142857142856,2.2857142857142856,13,20,109,198,29,0.11926605504587157,0.26605504587155965,0.6835714285714286,0.245,0.10101010101010101,Fora
T1,Konyaspor,14,0.9285714285714286,0.21428571428571427,0.2857142857142857,0.5,1.2142857142857142,1.8571428571428572,-0.6428571428571429,0.7857142857142857,0.0,0.7857142857142857,0.6428571428571429,0.35714285714285715,12.571428571428571,15.285714285714286,4.071428571428571,5.357142857142857,4.714285714285714,5.857142857142857,2.4285714285714284,2.357142857142857,17,26,176,214,57,0.09659090909090909,0.32386363636363635,1.3435714285714286,-0.12928571428571445,0.12149532710280374,Fora
T1,Rizespor,14,0.9285714285714286,0.14285714285714285,0.5,0.35714285714285715,1.4285714285714286,1.5,-0.07142857142857142,0.7857142857142857,0.14285714285714285,0.7142857142857143,0.5714285714285714,0.42857142857142855,11.785714285714286,13.714285714285714,3.642857142857143,5.142857142857143,4.142857142857143,4.357142857142857,2.5,1.6428571428571428,20,21,165,192,51,0.12121212121212122,0.3090909090909091,1.2021428571428572,0.22642857142857142,0.109375,Fora
T1,Kocaelispor,13,0.9230769230769231,0.23076923076923078,0.23076923076923078,0.5384615384615384,0.6923076923076923,1.6153846153846154,-0.9230769230769231,0.46153846153846156,0.23076923076923078,0.38461538461538464,0.38461538461538464,0.6153846153846154,8.692307692307692,13.153846153846153,2.5384615384615383,3.5384615384615383,4.076923076923077,4.230769230769231,2.6153846153846154,2.230769230769231,9,21,113,171,33,0.07964601769911504,0.2920353982300885,0.8376923076923077,-0.14538461538461545,0.12280701754385964,Fora
T1,Kayserispor,15,0.7333333333333333,0.06666666666666667,0.5333333333333333,0.4,0.7333333333333333,1.6,-0.8666666666666667,0.6,0.2,0.5333333333333333,0.3333333333333333,0.6666666666666666,10.4,16.933333333333334,3.6666666666666665,5.8,4.666666666666667,5.133333333333334,2.466666666666667,1.8,11,24,156,254,55,0.07051282051282051,0.3525641025641026,1.2100000000000002,-0.4766666666666669,0.09448818897637795,Fora
T1,Eyupspor,14,0.6428571428571429,0.14285714285714285,0.21428571428571427,0.6428571428571429,0.5714285714285714,1.5714285714285714,-1.0,0.35714285714285715,0.14285714285714285,0.35714285714285715,0.42857142857142855,0.5714285714285714,10.214285714285714,14.428571428571429,2.7857142857142856,5.357142857142857,3.0714285714285716,6.571428571428571,2.642857142857143,2.5,8,22,143,202,39,0.055944055944055944,0.2727272727272727,0.9192857142857144,-0.347857142857143,0.10891089108910891,Fora
T1,Genclerbirligi,14,0.42857142857142855,0.07142857142857142,0.21428571428571427,0.7142857142857143,0.6428571428571429,1.3571428571428572,-0.7142857142857143,0.5,0.14285714285714285,0.5,0.42857142857142855,0.5714285714285714,8.357142857142858,15.928571428571429,2.142857142857143,5.071428571428571,3.2857142857142856,6.0,2.2857142857142856,1.9285714285714286,9,19,117,223,30,0.07692307692307693,0.2564102564102564,0.7071428571428572,-0.06428571428571428,0.08520179372197309,Fora
T1,Karagumruk,14,0.35714285714285715,0.07142857142857142,0.14285714285714285,0.7857142857142857,0.8571428571428571,2.0,-1.1428571428571428,0.6428571428571429,0.0,0.6428571428571429,0.6428571428571429,0.35714285714285715,10.785714285714286,15.214285714285714,3.4285714285714284,6.071428571428571,4.214285714285714,5.285714285714286,2.142857142857143,2.0,12,28,151,213,48,0.07947019867549669,0.31788079470198677,1.1314285714285715,-0.27428571428571435,0.13145539906103287,Fora
