league,team,date,venue,opponent,gf,ga,result,points,jogo_n,roll5_points,roll5_gf,roll5_ga,roll5_goal_diff,roll5_over_2_5,roll5_under_2_5,roll5_btts,roll5_team_scored,roll5_clean_sheet
D1,Augsburg,2025-08-23,A,Freiburg,3,1,W,3,1,3.0,3.0,1.0,2.0,1.0,0.0,1.0,1.0,0.0
D1,Augsburg,2025-08-30,H,Bayern Munich,2,3,L,0,2,1.5,2.5,2.0,0.5,1.0,0.0,1.0,1.0,0.0
D1,Augsburg,2025-09-14,A,St Pauli,1,2,L,0,3,1.0,2.0,2.0,0.0,1.0,0.0,1.0,1.0,0.0
D1,Augsburg,2025-09-20,H,Mainz,1,4,L,0,4,0.75,1.75,2.5,-0.75,1.0,0.0,1.0,1.0,0.0
D1,Augsburg,2025-09-27,A,Heidenheim,1,2,L,0,5,0.6,1.6,2.4,-0.8,1.0,0.0,1.0,1.0,0.0
D1,Augsburg,2025-10-04,H,Wolfsburg,3,1,W,3,6,0.6,1.6,2.4,-0.8,1.0,0.0,1.0,1.0,0.0
D1,Augsburg,2025-10-18,A,FC Koln,1,1,D,1,7,0.8,1.4,2.0,-0.6,0.8,0.2,1.0,1.0,0.0
D1,Augsburg,2025-10-25,H,RB Leipzig,0,6,L,0,8,0.8,1.2,2.8,-1.6,0.8,0.2,0.8,0.8,0.0
D1,Augsburg,2025-10-31,H,Dortmund,0,1,L,0,9,0.8,1.0,2.2,-1.2,0.6,0.4,0.6,0.6,0.0
D1,Augsburg,2025-11-09,A,Stuttgart,2,3,L,0,10,0.8,1.2,2.4,-1.2,0.6,0.4,0.6,0.6,0.0
D1,Augsburg,2025-11-22,H,Hamburg,1,0,W,3,11,0.8,0.8,2.2,-1.4,0.4,0.6,0.4,0.6,0.2
D1,Augsburg,2025-11-29,A,Hoffenheim,0,3,L,0,12,0.6,0.6,2.6,-2.0,0.6,0.4,0.2,0.4,0.2
D1,Augsburg,2025-12-06,H,Leverkusen,2,0,W,3,13,1.2,1.0,1.4,-0.4,0.4,0.6,0.2,0.6,0.4
D1,Augsburg,2025-12-13,A,Ein Frankfurt,0,1,L,0,14,1.2,1.0,1.4,-0.4,0.4,0.6,0.2,0.6,0.4
D1,Augsburg,2025-12-20,H,Werder Bremen,0,0,D,1,15,1.4,0.6,0.8,-0.2,0.2,0.8,0.0,0.4,0.6
D1,Augsburg,2026-01-11,A,M'gladbach,0,4,L,0,16,0.8,0.4,1.6,-1.2,0.4,0.6,0.0,0.2,0.4
D1,Augsburg,2026-01-15,H,Union Berlin,1,1,D,1,17,1.0,0.6,1.2,-0.6,0.2,0.8,0.2,0.4,0.4
D1,Augsburg,2026-01-18,H,Freiburg,2,2,D,1,18,0.6,0.6,1.6,-1.0,0.4,0.6,0.4,0.4,0.2
D1,Augsburg,2026-01-24,A,Bayern Munich,2,1,W,3,19,1.2,1.0,1.6,-0.6,0.6,0.4,0.6,0.6,0.2
D1,Augsburg,2026-01-31,H,St Pauli,2,1,W,3,20,1.6,1.4,1.8,-0.4,0.8,0.2,0.8,0.8,0.0
D1,Augsburg,2026-02-07,A,Mainz,0,2,L,0,21,1.6,1.4,1.4,0.0,0.6,0.4,0.8,0.8,0.0
D1,Augsburg,2026-02-15,H,Heidenheim,1,0,W,3,22,2.0,1.4,1.2,0.2,0.6,0.4,0.6,0.8,0.2
D1,Augsburg,2026-02-21,A,Wolfsburg,3,2,W,3,23,2.4,1.6,1.2,0.4,0.6,0.4,0.6,0.8,0.2
D1,Augsburg,2026-02-27,H,FC Koln,2,0,W,3,24,2.4,1.6,1.0,0.6,0.4,0.6,0.4,0.8,0.4
D1,Augsburg,2026-03-07,A,RB Leipzig,1,2,L,0,25,1.8,1.4,1.2,0.2,0.4,0.6,0.4,0.8,0.4
D1,Augsburg,2026-03-14,A,Dortmund,0,2,L,0,26,1.8,1.4,1.2,0.2,0.4,0.6,0.4,0.8,0.4
D1,Augsburg,2026-03-22,H,Stuttgart,2,5,L,0,27,1.2,1.6,2.2,-0.6,0.6,0.4,0.6,0.8,0.2
D1,Augsburg,2026-04-04,A,Hamburg,1,1,D,1,28,0.8,1.2,2.0,-0.8,0.4,0.6,0.6,0.8,0.2
D1,Bayern Munich,2025-08-22,H,RB Leipzig,6,0,W,3,1,3.0,6.0,0.0,6.0,1.0,0.0,0.0,1.0,1.0
D1,Bayern Munich,2025-08-30,A,Augsburg,3,2,W,3,2,3.0,4.5,1.0,3.5,1.0,0.0,0.5,1.0,0.5
D1,Bayern Munich,2025-09-13,H,Hamburg,5,0,W,3,3,3.0,4.666666666666667,0.6666666666666666,4.0,1.0,0.0,0.3333333333333333,1.0,0.6666666666666666
D1,Bayern Munich,2025-09-20,A,Hoffenheim,4,1,W,3,4,3.0,4.5,0.75,3.75,1.0,0.0,0.5,1.0,0.5
D1,Bayern Munich,2025-09-26,H,Werder Bremen,4,0,W,3,5,3.0,4.4,0.6,3.8,1.0,0.0,0.4,1.0,0.6
D1,Bayern Munich,2025-10-04,A,Ein Frankfurt,3,0,W,3,6,3.0,3.8,0.6,3.2,1.0,0.0,0.4,1.0,0.6
D1,Bayern Munich,2025-10-18,H,Dortmund,2,1,W,3,7,3.0,3.6,0.4,3.2,1.0,0.0,0.4,1.0,0.6
D1,Bayern Munich,2025-10-25,A,M'gladbach,3,0,W,3,8,3.0,3.2,0.4,2.8,1.0,0.0,0.4,1.0,0.6
D1,Bayern Munich,2025-11-01,H,Leverkusen,3,0,W,3,9,3.0,3.0,0.2,2.8,1.0,0.0,0.2,1.0,0.8
D1,Bayern Munich,2025-11-08,A,Union Berlin,2,2,D,1,10,2.6,2.6,0.6,2.0,1.0,0.0,0.4,1.0,0.6
D1,Bayern Munich,2025-11-22,H,Freiburg,6,2,W,3,11,2.6,3.2,1.0,2.2,1.0,0.0,0.6,1.0,0.4
D1,Bayern Munich,2025-11-29,H,St Pauli,3,1,W,3,12,2.6,3.4,1.0,2.4,1.0,0.0,0.6,1.0,0.4
D1,Bayern Munich,2025-12-06,A,Stuttgart,5,0,W,3,13,2.6,3.8,1.0,2.8,1.0,0.0,0.6,1.0,0.4
D1,Bayern Munich,2025-12-14,H,Mainz,2,2,D,1,14,2.2,3.6,1.4,2.2,1.0,0.0,0.8,1.0,0.2
D1,Bayern Munich,2025-12-21,A,Heidenheim,4,0,W,3,15,2.6,4.0,1.0,3.0,1.0,0.0,0.6,1.0,0.4
D1,Bayern Munich,2026-01-11,H,Wolfsburg,8,1,W,3,16,2.6,4.4,0.8,3.6,1.0,0.0,0.6,1.0,0.4
D1,Bayern Munich,2026-01-14,A,FC Koln,3,1,W,3,17,2.6,4.4,0.8,3.6,1.0,0.0,0.6,1.0,0.4
D1,Bayern Munich,2026-01-17,A,RB Leipzig,5,1,W,3,18,2.6,4.4,1.0,3.4,1.0,0.0,0.8,1.0,0.2
D1,Bayern Munich,2026-01-24,H,Augsburg,1,2,L,0,19,2.4,4.2,1.0,3.2,1.0,0.0,0.8,1.0,0.2
D1,Bayern Munich,2026-01-31,A,Hamburg,2,2,D,1,20,2.0,3.8,1.4,2.4,1.0,0.0,1.0,1.0,0.0
D1,Bayern Munich,2026-02-08,H,Hoffenheim,5,1,W,3,21,2.0,3.2,1.4,1.8,1.0,0.0,1.0,1.0,0.0
D1,Bayern Munich,2026-02-14,A,Werder Bremen,3,0,W,3,22,2.0,3.2,1.2,2.0,1.0,0.0,0.8,1.0,0.2
D1,Bayern Munich,2026-02-21,H,Ein Frankfurt,3,2,W,3,23,2.0,2.8,1.4,1.4,1.0,0.0,0.8,1.0,0.2
D1,Bayern Munich,2026-02-28,A,Dortmund,3,2,W,3,24,2.6,3.2,1.4,1.8,1.0,0.0,0.8,1.0,0.2
D1,Bayern Munich,2026-03-06,H,M'gladbach,4,1,W,3,25,3.0,3.6,1.2,2.4,1.0,0.0,0.8,1.0,0.2
D1,Bayern Munich,2026-03-14,A,Leverkusen,1,1,D,1,26,2.6,2.8,1.2,1.6,0.8,0.2,0.8,1.0,0.2
D1,Bayern Munich,2026-03-21,H,Union Berlin,4,0,W,3,27,2.6,3.0,1.2,1.8,0.8,0.2,0.8,1.0,0.2
D1,Bayern Munich,2026-04-04,A,Freiburg,3,2,W,3,28,2.6,3.0,1.2,1.8,0.8,0.2,0.8,1.0,0.2
D1,Dortmund,2025-08-23,A,St Pauli,3,3,D,1,1,1.0,3.0,3.0,0.0,1.0,0.0,1.0,1.0,0.0
D1,Dortmund,2025-08-31,H,Union Berlin,3,0,W,3,2,2.0,3.0,1.5,1.5,1.0,0.0,0.5,1.0,0.5
D1,Dortmund,2025-09-13,A,Heidenheim,2,0,W,3,3,2.3333333333333335,2.6666666666666665,1.0,1.6666666666666667,0.6666666666666666,0.3333333333333333,0.3333333333333333,1.0,0.6666666666666666
D1,Dortmund,2025-09-21,H,Wolfsburg,1,0,W,3,4,2.5,2.25,0.75,1.5,0.5,0.5,0.25,1.0,0.75
D1,Dortmund,2025-09-27,A,Mainz,2,0,W,3,5,2.6,2.2,0.6,1.6,0.4,0.6,0.2,1.0,0.8
D1,Dortmund,2025-10-04,H,RB Leipzig,1,1,D,1,6,2.6,1.8,0.2,1.6,0.2,0.8,0.2,1.0,0.8
D1,Dortmund,2025-10-18,A,Bayern Munich,1,2,L,0,7,2.0,1.4,0.6,0.8,0.2,0.8,0.4,1.0,0.6
D1,Dortmund,2025-10-25,H,FC Koln,1,0,W,3,8,2.0,1.2,0.6,0.6,0.2,0.8,0.4,1.0,0.6
D1,Dortmund,2025-10-31,A,Augsburg,1,0,W,3,9,2.0,1.2,0.6,0.6,0.2,0.8,0.4,1.0,0.6
D1,Dortmund,2025-11-08,A,Hamburg,1,1,D,1,10,1.6,1.0,0.8,0.2,0.2,0.8,0.6,1.0,0.4
D1,Dortmund,2025-11-22,H,Stuttgart,3,3,D,1,11,1.6,1.4,1.2,0.2,0.4,0.6,0.6,1.0,0.4
D1,Dortmund,2025-11-29,A,Leverkusen,2,1,W,3,12,2.2,1.6,1.0,0.6,0.4,0.6,0.6,1.0,0.4
D1,Dortmund,2025-12-07,H,Hoffenheim,2,0,W,3,13,2.2,1.8,1.0,0.8,0.4,0.6,0.6,1.0,0.4
D1,Dortmund,2025-12-14,A,Freiburg,1,1,D,1,14,1.8,1.8,1.2,0.6,0.4,0.6,0.8,1.0,0.2
D1,Dortmund,2025-12-19,H,M'gladbach,2,0,W,3,15,2.2,2.0,1.0,1.0,0.4,0.6,0.6,1.0,0.4
D1,Dortmund,2026-01-09,A,Ein Frankfurt,3,3,D,1,16,2.2,2.0,1.0,1.0,0.4,0.6,0.6,1.0,0.4
D1,Dortmund,2026-01-13,H,Werder Bremen,3,0,W,3,17,2.2,2.2,0.8,1.4,0.4,0.6,0.4,1.0,0.6
D1,Dortmund,2026-01-17,H,St Pauli,3,2,W,3,18,2.2,2.4,1.2,1.2,0.6,0.4,0.6,1.0,0.4
D1,Dortmund,2026-01-24,A,Union Berlin,3,0,W,3,19,2.6,2.8,1.0,1.8,0.8,0.2,0.4,1.0,0.6
D1,Dortmund,2026-02-01,H,Heidenheim,3,2,W,3,20,2.6,3.0,1.4,1.6,1.0,0.0,0.6,1.0,0.4
D1,Dortmund,2026-02-07,A,Wolfsburg,2,1,W,3,21,3.0,2.8,1.0,1.8,1.0,0.0,0.6,1.0,0.4
D1,Dortmund,2026-02-13,H,Mainz,4,0,W,3,22,3.0,3.0,1.0,2.0,1.0,0.0,0.6,1.0,0.4
D1,Dortmund,2026-02-21,A,RB Leipzig,2,2,D,1,23,2.6,2.8,1.0,1.8,1.0,0.0,0.6,1.0,0.4
D1,Dortmund,2026-02-28,H,Bayern Munich,2,3,L,0,24,2.0,2.6,1.6,1.0,1.0,0.0,0.8,1.0,0.2
D1,Dortmund,2026-03-07,A,FC Koln,2,1,W,3,25,2.0,2.4,1.4,1.0,1.0,0.0,0.8,1.0,0.2
D1,Dortmund,2026-03-14,H,Augsburg,2,0,W,3,26,2.0,2.4,1.2,1.2,0.8,0.2,0.6,1.0,0.4
D1,Dortmund,2026-03-21,H,Hamburg,3,2,W,3,27,2.0,2.2,1.6,0.6,0.8,0.2,0.8,1.0,0.2
D1,Dortmund,2026-04-04,A,Stuttgart,2,0,W,3,28,2.4,2.2,1.2,1.0,0.6,0.4,0.6,1.0,0.4
D1,Ein Frankfurt,2025-08-23,H,Werder Bremen,4,1,W,3,1,3.0,4.0,1.0,3.0,1.0,0.0,1.0,1.0,0.0
D1,Ein Frankfurt,2025-08-30,A,Hoffenheim,3,1,W,3,2,3.0,3.5,1.0,2.5,1.0,0.0,1.0,1.0,0.0
D1,Ein Frankfurt,2025-09-12,A,Leverkusen,1,3,L,0,3,2.0,2.6666666666666665,1.6666666666666667,1.0,1.0,0.0,1.0,1.0,0.0
D1,Ein Frankfurt,2025-09-21,H,Union Berlin,3,4,L,0,4,1.5,2.75,2.25,0.5,1.0,0.0,1.0,1.0,0.0
D1,Ein Frankfurt,2025-09-27,A,M'gladbach,6,4,W,3,5,1.8,3.4,2.6,0.8,1.0,0.0,1.0,1.0,0.0
D1,Ein Frankfurt,2025-10-04,H,Bayern Munich,0,3,L,0,6,1.2,2.6,3.0,-0.4,1.0,0.0,0.8,0.8,0.0
D1,Ein Frankfurt,2025-10-19,A,Freiburg,2,2,D,1,7,0.8,2.4,3.2,-0.8,1.0,0.0,0.8,0.8,0.0
D1,Ein Frankfurt,2025-10-25,H,St Pauli,2,0,W,3,8,1.4,2.6,2.6,0.0,0.8,0.2,0.6,0.8,0.2
D1,Ein Frankfurt,2025-11-01,A,Heidenheim,1,1,D,1,9,1.6,2.2,2.0,0.2,0.6,0.4,0.6,0.8,0.2
D1,Ein Frankfurt,2025-11-09,H,Mainz,1,0,W,3,10,1.6,1.2,1.2,0.0,0.4,0.6,0.4,0.8,0.4
D1,Ein Frankfurt,2025-11-22,A,FC Koln,4,3,W,3,11,2.2,2.0,1.2,0.8,0.4,0.6,0.6,1.0,0.4
D1,Ein Frankfurt,2025-11-30,H,Wolfsburg,1,1,D,1,12,2.2,1.8,1.0,0.8,0.2,0.8,0.6,1.0,0.4
D1,Ein Frankfurt,2025-12-06,A,RB Leipzig,0,6,L,0,13,1.6,1.4,2.2,-0.8,0.4,0.6,0.6,0.8,0.2
D1,Ein Frankfurt,2025-12-13,H,Augsburg,1,0,W,3,14,2.0,1.4,2.0,-0.6,0.4,0.6,0.4,0.8,0.4
D1,Ein Frankfurt,2025-12-20,A,Hamburg,1,1,D,1,15,1.6,1.4,2.2,-0.8,0.4,0.6,0.6,0.8,0.2
D1,Ein Frankfurt,2026-01-09,H,Dortmund,3,3,D,1,16,1.2,1.2,2.2,-1.0,0.4,0.6,0.6,0.8,0.2
D1,Ein Frankfurt,2026-01-13,A,Stuttgart,2,3,L,0,17,1.0,1.4,2.6,-1.2,0.6,0.4,0.6,0.8,0.2
D1,Ein Frankfurt,2026-01-16,A,Werder Bremen,3,3,D,1,18,1.2,2.0,2.0,0.0,0.6,0.4,0.8,1.0,0.2
D1,Ein Frankfurt,2026-01-24,H,Hoffenheim,1,3,L,0,19,0.6,2.0,2.6,-0.6,0.8,0.2,1.0,1.0,0.0
D1,Ein Frankfurt,2026-01-31,H,Leverkusen,1,3,L,0,20,0.4,2.0,3.0,-1.0,1.0,0.0,1.0,1.0,0.0
D1,Ein Frankfurt,2026-02-06,A,Union Berlin,1,1,D,1,21,0.4,1.6,2.6,-1.0,0.8,0.2,1.0,1.0,0.0
D1,Ein Frankfurt,2026-02-14,H,M'gladbach,3,0,W,3,22,1.0,1.8,2.0,-0.2,0.8,0.2,0.8,1.0,0.2
D1,Ein Frankfurt,2026-02-21,A,Bayern Munich,2,3,L,0,23,0.8,1.6,2.0,-0.4,0.8,0.2,0.8,1.0,0.2
D1,Ein Frankfurt,2026-03-01,H,Freiburg,2,0,W,3,24,1.4,1.8,1.4,0.4,0.6,0.4,0.6,1.0,0.4
D1,Ein Frankfurt,2026-03-08,A,St Pauli,0,0,D,1,25,1.6,1.6,0.8,0.8,0.4,0.6,0.4,0.8,0.6
D1,Ein Frankfurt,2026-03-14,H,Heidenheim,1,0,W,3,26,2.0,1.6,0.6,1.0,0.4,0.6,0.2,0.8,0.8
D1,Ein Frankfurt,2026-03-22,A,Mainz,1,2,L,0,27,1.4,1.2,1.0,0.2,0.4,0.6,0.4,0.8,0.6
D1,Ein Frankfurt,2026-04-05,H,FC Koln,2,2,D,1,28,1.6,1.2,0.8,0.4,0.4,0.6,0.4,0.8,0.6
D1,FC Koln,2025-08-24,A,Mainz,1,0,W,3,1,3.0,1.0,0.0,1.0,0.0,1.0,0.0,1.0,1.0
D1,FC Koln,2025-08-31,H,Freiburg,4,1,W,3,2,3.0,2.5,0.5,2.0,0.5,0.5,0.5,1.0,0.5
D1,FC Koln,2025-09-13,A,Wolfsburg,3,3,D,1,3,2.3333333333333335,2.6666666666666665,1.3333333333333333,1.3333333333333333,0.6666666666666666,0.3333333333333333,0.6666666666666666,1.0,0.3333333333333333
D1,FC Koln,2025-09-20,A,RB Leipzig,1,3,L,0,4,1.75,2.25,1.75,0.5,0.75,0.25,0.75,1.0,0.25
D1,FC Koln,2025-09-28,H,Stuttgart,1,2,L,0,5,1.4,2.0,1.8,0.2,0.8,0.2,0.8,1.0,0.2
D1,FC Koln,2025-10-03,A,Hoffenheim,1,0,W,3,6,1.4,2.0,1.8,0.2,0.8,0.2,0.8,1.0,0.2
D1,FC Koln,2025-10-18,H,Augsburg,1,1,D,1,7,1.0,1.4,1.8,-0.4,0.6,0.4,0.8,1.0,0.2
D1,FC Koln,2025-10-25,A,Dortmund,0,1,L,0,8,0.8,0.8,1.4,-0.6,0.4,0.6,0.6,0.8,0.2
D1,FC Koln,2025-11-02,H,Hamburg,4,1,W,3,9,1.4,1.4,1.0,0.4,0.4,0.6,0.6,0.8,0.2
D1,FC Koln,2025-11-08,A,M'gladbach,1,3,L,0,10,1.4,1.4,1.2,0.2,0.4,0.6,0.6,0.8,0.2
D1,FC Koln,2025-11-22,H,Ein Frankfurt,3,4,L,0,11,0.8,1.8,2.0,-0.2,0.6,0.4,0.8,0.8,0.0
D1,FC Koln,2025-11-29,A,Werder Bremen,1,1,D,1,12,0.8,1.8,2.0,-0.2,0.6,0.4,0.8,0.8,0.0
D1,FC Koln,2025-12-06,H,St Pauli,1,1,D,1,13,1.0,2.0,2.0,0.0,0.6,0.4,1.0,1.0,0.0
D1,FC Koln,2025-12-13,A,Leverkusen,0,2,L,0,14,0.4,1.2,2.2,-1.0,0.4,0.6,0.8,0.8,0.0
D1,FC Koln,2025-12-20,H,Union Berlin,0,1,L,0,15,0.4,1.0,1.8,-0.8,0.2,0.8,0.6,0.6,0.0
D1,FC Koln,2026-01-10,A,Heidenheim,2,2,D,1,16,0.6,0.8,1.4,-0.6,0.2,0.8,0.6,0.6,0.0
D1,FC Koln,2026-01-14,H,Bayern Munich,1,3,L,0,17,0.4,0.8,1.8,-1.0,0.4,0.6,0.6,0.6,0.0
D1,FC Koln,2026-01-17,H,Mainz,2,1,W,3,18,0.8,1.0,1.8,-0.8,0.6,0.4,0.6,0.6,0.0
D1,FC Koln,2026-01-25,A,Freiburg,1,2,L,0,19,0.8,1.2,1.8,-0.6,0.8,0.2,0.8,0.8,0.0
D1,FC Koln,2026-01-30,H,Wolfsburg,1,0,W,3,20,1.4,1.4,1.6,-0.2,0.8,0.2,0.8,1.0,0.2
D1,FC Koln,2026-02-08,H,RB Leipzig,1,2,L,0,21,1.2,1.2,1.6,-0.4,0.8,0.2,0.8,1.0,0.2
D1,FC Koln,2026-02-14,A,Stuttgart,1,3,L,0,22,1.2,1.2,1.6,-0.4,0.8,0.2,0.8,1.0,0.2
D1,FC Koln,2026-02-21,H,Hoffenheim,2,2,D,1,23,0.8,1.2,1.8,-0.6,0.8,0.2,0.8,1.0,0.2
D1,FC Koln,2026-02-27,A,Augsburg,0,2,L,0,24,0.8,1.0,1.8,-0.8,0.6,0.4,0.6,0.8,0.2
D1,FC Koln,2026-03-07,H,Dortmund,1,2,L,0,25,0.2,1.0,2.2,-1.2,0.8,0.2,0.8,0.8,0.0
D1,FC Koln,2026-03-14,A,Hamburg,1,1,D,1,26,0.4,1.0,2.0,-1.0,0.6,0.4,0.8,0.8,0.0
D1,FC Koln,2026-03-21,H,M'gladbach,3,3,D,1,27,0.6,1.4,2.0,-0.6,0.6,0.4,0.8,0.8,0.0
D1,FC Koln,2026-04-05,A,Ein Frankfurt,2,2,D,1,28,0.6,1.4,2.0,-0.6,0.6,0.4,0.8,0.8,0.0
D1,Freiburg,2025-08-23,H,Augsburg,1,3,L,0,1,0.0,1.0,3.0,-2.0,1.0,0.0,1.0,1.0,0.0
D1,Freiburg,2025-08-31,A,FC Koln,1,4,L,0,2,0.0,1.0,3.5,-2.5,1.0,0.0,1.0,1.0,0.0
D1,Freiburg,2025-09-13,H,Stuttgart,3,1,W,3,3,1.0,1.6666666666666667,2.6666666666666665,-1.0,1.0,0.0,1.0,1.0,0.0
D1,Freiburg,2025-09-20,A,Werder Bremen,3,0,W,3,4,1.5,2.0,2.0,0.0,1.0,0.0,0.75,1.0,0.25
D1,Freiburg,2025-09-28,H,Hoffenheim,1,1,D,1,5,1.4,1.8,1.8,0.0,0.8,0.2,0.8,1.0,0.2
D1,Freiburg,2025-10-05,A,M'gladbach,0,0,D,1,6,1.6,1.6,1.2,0.4,0.6,0.4,0.6,0.8,0.4
D1,Freiburg,2025-10-19,H,Ein Frankfurt,2,2,D,1,7,1.8,1.8,0.8,1.0,0.6,0.4,0.6,0.8,0.4
D1,Freiburg,2025-10-26,A,Leverkusen,0,2,L,0,8,1.2,1.2,1.0,0.2,0.4,0.6,0.4,0.6,0.4
D1,Freiburg,2025-11-01,A,Union Berlin,0,0,D,1,9,0.8,0.6,1.0,-0.4,0.2,0.8,0.4,0.4,0.4
D1,Freiburg,2025-11-09,H,St Pauli,2,1,W,3,10,1.2,0.8,1.0,-0.2,0.4,0.6,0.4,0.4,0.4
D1,Freiburg,2025-11-22,A,Bayern Munich,2,6,L,0,11,1.0,1.2,2.2,-1.0,0.6,0.4,0.6,0.6,0.2
D1,Freiburg,2025-11-30,H,Mainz,4,0,W,3,12,1.4,1.6,1.8,-0.2,0.6,0.4,0.4,0.6,0.4
D1,Freiburg,2025-12-06,A,Heidenheim,1,2,L,0,13,1.4,1.8,1.8,0.0,0.8,0.2,0.6,0.8,0.4
D1,Freiburg,2025-12-14,H,Dortmund,1,1,D,1,14,1.4,2.0,2.0,0.0,0.8,0.2,0.8,1.0,0.2
D1,Freiburg,2025-12-20,A,Wolfsburg,4,3,W,3,15,1.4,2.4,2.4,0.0,0.8,0.2,0.8,1.0,0.2
D1,Freiburg,2026-01-10,H,Hamburg,2,1,W,3,16,2.0,2.4,1.4,1.0,0.8,0.2,0.8,1.0,0.2
D1,Freiburg,2026-01-14,A,RB Leipzig,0,2,L,0,17,1.4,1.6,1.8,-0.2,0.6,0.4,0.8,0.8,0.0
D1,Freiburg,2026-01-18,A,Augsburg,2,2,D,1,18,1.6,1.8,1.8,0.0,0.6,0.4,0.8,0.8,0.0
D1,Freiburg,2026-01-25,H,FC Koln,2,1,W,3,19,2.0,2.0,1.8,0.2,0.8,0.2,0.8,0.8,0.0
D1,Freiburg,2026-02-01,A,Stuttgart,0,1,L,0,20,1.4,1.2,1.4,-0.2,0.6,0.4,0.6,0.6,0.0
D1,Freiburg,2026-02-07,H,Werder Bremen,1,0,W,3,21,1.4,1.0,1.2,-0.2,0.4,0.6,0.4,0.6,0.2
D1,Freiburg,2026-02-14,A,Hoffenheim,0,3,L,0,22,1.4,1.0,1.4,-0.4,0.6,0.4,0.4,0.6,0.2
D1,Freiburg,2026-02-22,H,M'gladbach,2,1,W,3,23,1.8,1.0,1.2,-0.2,0.6,0.4,0.4,0.6,0.2
D1,Freiburg,2026-03-01,A,Ein Frankfurt,0,2,L,0,24,1.2,0.6,1.4,-0.8,0.4,0.6,0.2,0.4,0.2
D1,Freiburg,2026-03-07,H,Leverkusen,3,3,D,1,25,1.4,1.2,1.8,-0.6,0.6,0.4,0.4,0.6,0.2
D1,Freiburg,2026-03-15,H,Union Berlin,0,1,L,0,26,0.8,1.0,2.0,-1.0,0.6,0.4,0.4,0.4,0.0
D1,Freiburg,2026-03-22,A,St Pauli,2,1,W,3,27,1.4,1.4,1.6,-0.2,0.6,0.4,0.6,0.6,0.0
D1,Freiburg,2026-04-04,H,Bayern Munich,2,3,L,0,28,0.8,1.4,2.0,-0.6,0.6,0.4,0.6,0.6,0.0
D1,Hamburg,2025-08-24,A,M'gladbach,0,0,D,1,1,1.0,0.0,0.0,0.0,0.0,1.0,0.0,0.0,1.0
D1,Hamburg,2025-08-29,H,St Pauli,0,2,L,0,2,0.5,0.0,1.0,-1.0,0.0,1.0,0.0,0.0,0.5
D1,Hamburg,2025-09-13,A,Bayern Munich,0,5,L,0,3,0.3333333333333333,0.0,2.3333333333333335,-2.3333333333333335,0.3333333333333333,0.6666666666666666,0.0,0.0,0.3333333333333333
D1,Hamburg,2025-09-20,H,Heidenheim,2,1,W,3,4,1.0,0.5,2.0,-1.5,0.5,0.5,0.25,0.25,0.25
D1,Hamburg,2025-09-28,A,Union Berlin,0,0,D,1,5,1.0,0.4,1.6,-1.2,0.4,0.6,0.2,0.2,0.4
D1,Hamburg,2025-10-05,H,Mainz,4,0,W,3,6,1.4,1.2,1.6,-0.4,0.6,0.4,0.2,0.4,0.4
D1,Hamburg,2025-10-18,A,RB Leipzig,1,2,L,0,7,1.4,1.4,1.6,-0.2,0.8,0.2,0.4,0.6,0.4
D1,Hamburg,2025-10-25,H,Wolfsburg,0,1,L,0,8,1.4,1.4,0.8,0.6,0.6,0.4,0.4,0.6,0.4
D1,Hamburg,2025-11-02,A,FC Koln,1,4,L,0,9,0.8,1.2,1.4,-0.2,0.6,0.4,0.4,0.6,0.4
D1,Hamburg,2025-11-08,H,Dortmund,1,1,D,1,10,0.8,1.4,1.6,-0.2,0.6,0.4,0.6,0.8,0.2
D1,Hamburg,2025-11-22,A,Augsburg,0,1,L,0,11,0.2,0.6,1.8,-1.2,0.4,0.6,0.6,0.6,0.0
D1,Hamburg,2025-11-30,H,Stuttgart,2,1,W,3,12,0.8,0.8,1.6,-0.8,0.4,0.6,0.6,0.6,0.0
D1,Hamburg,2025-12-07,H,Werder Bremen,3,2,W,3,13,1.4,1.4,1.8,-0.4,0.6,0.4,0.8,0.8,0.0
D1,Hamburg,2025-12-13,A,Hoffenheim,1,4,L,0,14,1.4,1.4,1.8,-0.4,0.6,0.4,0.8,0.8,0.0
D1,Hamburg,2025-12-20,H,Ein Frankfurt,1,1,D,1,15,1.4,1.4,1.8,-0.4,0.6,0.4,0.8,0.8,0.0
D1,Hamburg,2026-01-10,A,Freiburg,1,2,L,0,16,1.4,1.6,2.0,-0.4,0.8,0.2,1.0,1.0,0.0
D1,Hamburg,2026-01-17,H,M'gladbach,0,0,D,1,17,1.0,1.2,1.8,-0.6,0.6,0.4,0.8,0.8,0.2
D1,Hamburg,2026-01-23,A,St Pauli,0,0,D,1,18,0.6,0.6,1.4,-0.8,0.4,0.6,0.6,0.6,0.4
D1,Hamburg,2026-01-31,H,Bayern Munich,2,2,D,1,19,0.8,0.8,1.0,-0.2,0.4,0.6,0.6,0.6,0.4
D1,Hamburg,2026-02-07,A,Heidenheim,2,0,W,3,20,1.2,1.0,0.8,0.2,0.4,0.6,0.4,0.6,0.6
D1,Hamburg,2026-02-14,H,Union Berlin,3,2,W,3,21,1.8,1.4,0.8,0.6,0.4,0.6,0.4,0.6,0.6
D1,Hamburg,2026-02-20,A,Mainz,1,1,D,1,22,1.8,1.6,1.0,0.6,0.4,0.6,0.6,0.8,0.4
D1,Hamburg,2026-03-01,H,RB Leipzig,1,2,L,0,23,1.6,1.8,1.4,0.4,0.6,0.4,0.8,1.0,0.2
D1,Hamburg,2026-03-04,H,Leverkusen,0,1,L,0,24,1.4,1.4,1.2,0.2,0.4,0.6,0.6,0.8,0.2
D1,Hamburg,2026-03-07,A,Wolfsburg,2,1,W,3,25,1.4,1.4,1.4,0.0,0.6,0.4,0.8,0.8,0.0
D1,Hamburg,2026-03-14,H,FC Koln,1,1,D,1,26,1.0,1.0,1.2,-0.2,0.4,0.6,0.8,0.8,0.0
D1,Hamburg,2026-03-21,A,Dortmund,2,3,L,0,27,0.8,1.2,1.6,-0.4,0.6,0.4,0.8,0.8,0.0
D1,Hamburg,2026-04-04,H,Augsburg,1,1,D,1,28,1.0,1.2,1.4,-0.2,0.4,0.6,0.8,0.8,0.0
D1,Heidenheim,2025-08-23,H,Wolfsburg,1,3,L,0,1,0.0,1.0,3.0,-2.0,1.0,0.0,1.0,1.0,0.0
D1,Heidenheim,2025-08-30,A,RB Leipzig,0,2,L,0,2,0.0,0.5,2.5,-2.0,0.5,0.5,0.5,0.5,0.0
D1,Heidenheim,2025-09-13,H,Dortmund,0,2,L,0,3,0.0,0.3333333333333333,2.3333333333333335,-2.0,0.3333333333333333,0.6666666666666666,0.3333333333333333,0.3333333333333333,0.0
D1,Heidenheim,2025-09-20,A,Hamburg,1,2,L,0,4,0.0,0.5,2.25,-1.75,0.5,0.5,0.5,0.5,0.0
D1,Heidenheim,2025-09-27,H,Augsburg,2,1,W,3,5,0.6,0.8,2.0,-1.2,0.6,0.4,0.6,0.6,0.0
D1,Heidenheim,2025-10-05,A,Stuttgart,0,1,L,0,6,0.6,0.6,1.6,-1.0,0.4,0.6,0.4,0.4,0.0
D1,Heidenheim,2025-10-18,H,Werder Bremen,2,2,D,1,7,0.8,1.0,1.6,-0.6,0.6,0.4,0.6,0.6,0.0
D1,Heidenheim,2025-10-25,A,Hoffenheim,1,3,L,0,8,0.8,1.2,1.8,-0.6,0.8,0.2,0.8,0.8,0.0
D1,Heidenheim,2025-11-01,H,Ein Frankfurt,1,1,D,1,9,1.0,1.2,1.6,-0.4,0.6,0.4,0.8,0.8,0.0
D1,Heidenheim,2025-11-08,A,Leverkusen,0,6,L,0,10,0.4,0.8,2.6,-1.8,0.6,0.4,0.6,0.6,0.0
D1,Heidenheim,2025-11-22,H,M'gladbach,0,3,L,0,11,0.4,0.8,3.0,-2.2,0.8,0.2,0.6,0.6,0.0
D1,Heidenheim,2025-11-29,A,Union Berlin,2,1,W,3,12,0.8,0.8,2.8,-2.0,0.8,0.2,0.6,0.6,0.0
D1,Heidenheim,2025-12-06,H,Freiburg,2,1,W,3,13,1.4,1.0,2.4,-1.4,0.8,0.2,0.6,0.6,0.0
D1,Heidenheim,2025-12-13,A,St Pauli,1,2,L,0,14,1.2,1.0,2.6,-1.6,1.0,0.0,0.6,0.6,0.0
D1,Heidenheim,2025-12-21,H,Bayern Munich,0,4,L,0,15,1.2,1.0,2.2,-1.2,1.0,0.0,0.6,0.6,0.0
D1,Heidenheim,2026-01-10,H,FC Koln,2,2,D,1,16,1.4,1.4,2.0,-0.6,1.0,0.0,0.8,0.8,0.0
D1,Heidenheim,2026-01-13,A,Mainz,1,2,L,0,17,0.8,1.2,2.2,-1.0,1.0,0.0,0.8,0.8,0.0
D1,Heidenheim,2026-01-17,A,Wolfsburg,1,1,D,1,18,0.4,1.0,2.2,-1.2,0.8,0.2,0.8,0.8,0.0
D1,Heidenheim,2026-01-24,H,RB Leipzig,0,3,L,0,19,0.4,0.8,2.4,-1.6,0.8,0.2,0.6,0.6,0.0
D1,Heidenheim,2026-02-01,A,Dortmund,2,3,L,0,20,0.4,1.2,2.2,-1.0,0.8,0.2,0.8,0.8,0.0
D1,Heidenheim,2026-02-07,H,Hamburg,0,2,L,0,21,0.2,0.8,2.2,-1.4,0.6,0.4,0.6,0.6,0.0
D1,Heidenheim,2026-02-15,A,Augsburg,0,1,L,0,22,0.2,0.6,2.0,-1.4,0.4,0.6,0.4,0.4,0.0
D1,Heidenheim,2026-02-22,H,Stuttgart,3,3,D,1,23,0.2,1.0,2.4,-1.4,0.6,0.4,0.4,0.4,0.0
D1,Heidenheim,2026-02-28,A,Werder Bremen,0,2,L,0,24,0.2,1.0,2.2,-1.2,0.4,0.6,0.4,0.4,0.0
D1,Heidenheim,2026-03-07,H,Hoffenheim,2,4,L,0,25,0.2,1.0,2.4,-1.4,0.4,0.6,0.4,0.4,0.0
D1,Heidenheim,2026-03-14,A,Ein Frankfurt,0,1,L,0,26,0.2,1.0,2.2,-1.2,0.4,0.6,0.4,0.4,0.0
D1,Heidenheim,2026-03-21,H,Leverkusen,3,3,D,1,27,0.4,1.6,2.6,-1.0,0.6,0.4,0.6,0.6,0.0
D1,Heidenheim,2026-04-04,A,M'gladbach,2,2,D,1,28,0.4,1.4,2.4,-1.0,0.6,0.4,0.6,0.6,0.0
D1,Hoffenheim,2025-08-23,A,Leverkusen,2,1,W,3,1,3.0,2.0,1.0,1.0,1.0,0.0,1.0,1.0,0.0
D1,Hoffenheim,2025-08-30,H,Ein Frankfurt,1,3,L,0,2,1.5,1.5,2.0,-0.5,1.0,0.0,1.0,1.0,0.0
D1,Hoffenheim,2025-09-13,A,Union Berlin,4,2,W,3,3,2.0,2.3333333333333335,2.0,0.3333333333333333,1.0,0.0,1.0,1.0,0.0
D1,Hoffenheim,2025-09-20,H,Bayern Munich,1,4,L,0,4,1.5,2.0,2.5,-0.5,1.0,0.0,1.0,1.0,0.0
D1,Hoffenheim,2025-09-28,A,Freiburg,1,1,D,1,5,1.4,1.8,2.2,-0.4,0.8,0.2,1.0,1.0,0.0
D1,Hoffenheim,2025-10-03,H,FC Koln,0,1,L,0,6,0.8,1.4,2.2,-0.8,0.6,0.4,0.8,0.8,0.0
D1,Hoffenheim,2025-10-19,A,St Pauli,3,0,W,3,7,1.4,1.8,1.6,0.2,0.6,0.4,0.6,0.8,0.2
D1,Hoffenheim,2025-10-25,H,Heidenheim,3,1,W,3,8,1.4,1.6,1.4,0.2,0.6,0.4,0.6,0.8,0.2
D1,Hoffenheim,2025-11-02,A,Wolfsburg,3,2,W,3,9,2.0,2.0,1.0,1.0,0.6,0.4,0.6,0.8,0.2
D1,Hoffenheim,2025-11-08,H,RB Leipzig,3,1,W,3,10,2.4,2.4,1.0,1.4,0.8,0.2,0.6,0.8,0.2
D1,Hoffenheim,2025-11-21,A,Mainz,1,1,D,1,11,2.6,2.6,1.0,1.6,0.8,0.2,0.8,1.0,0.2
D1,Hoffenheim,2025-11-29,H,Augsburg,3,0,W,3,12,2.6,2.6,1.0,1.6,0.8,0.2,0.8,1.0,0.2
D1,Hoffenheim,2025-12-07,A,Dortmund,0,2,L,0,13,2.0,2.0,1.2,0.8,0.6,0.4,0.6,0.8,0.2
D1,Hoffenheim,2025-12-13,H,Hamburg,4,1,W,3,14,2.0,2.2,1.0,1.2,0.6,0.4,0.6,0.8,0.2
D1,Hoffenheim,2025-12-20,A,Stuttgart,0,0,D,1,15,1.6,1.6,0.8,0.8,0.4,0.6,0.4,0.6,0.4
D1,Hoffenheim,2026-01-14,H,M'gladbach,5,1,W,3,16,2.0,2.4,0.8,1.6,0.6,0.4,0.4,0.6,0.4
D1,Hoffenheim,2026-01-17,H,Leverkusen,1,0,W,3,17,2.0,2.0,0.8,1.2,0.4,0.6,0.4,0.6,0.4
D1,Hoffenheim,2026-01-24,A,Ein Frankfurt,3,1,W,3,18,2.6,2.6,0.6,2.0,0.6,0.4,0.6,0.8,0.4
D1,Hoffenheim,2026-01-27,A,Werder Bremen,2,0,W,3,19,2.6,2.2,0.4,1.8,0.4,0.6,0.4,0.8,0.6
D1,Hoffenheim,2026-01-31,H,Union Berlin,3,1,W,3,20,3.0,2.8,0.6,2.2,0.6,0.4,0.6,1.0,0.4
D1,Hoffenheim,2026-02-08,A,Bayern Munich,1,5,L,0,21,2.4,2.0,1.4,0.6,0.6,0.4,0.6,1.0,0.4
D1,Hoffenheim,2026-02-14,H,Freiburg,3,0,W,3,22,2.4,2.4,1.4,1.0,0.8,0.2,0.6,1.0,0.4
D1,Hoffenheim,2026-02-21,A,FC Koln,2,2,D,1,23,2.0,2.2,1.6,0.6,0.8,0.2,0.6,1.0,0.4
D1,Hoffenheim,2026-02-28,H,St Pauli,0,1,L,0,24,1.4,1.8,1.8,0.0,0.8,0.2,0.6,0.8,0.2
D1,Hoffenheim,2026-03-07,A,Heidenheim,4,2,W,3,25,1.4,2.0,2.0,0.0,0.8,0.2,0.6,0.8,0.2
D1,Hoffenheim,2026-03-14,H,Wolfsburg,1,1,D,1,26,1.6,2.0,1.2,0.8,0.6,0.4,0.6,0.8,0.2
D1,Hoffenheim,2026-03-20,A,RB Leipzig,0,5,L,0,27,1.0,1.4,2.2,-0.8,0.6,0.4,0.6,0.6,0.0
D1,Hoffenheim,2026-04-04,H,Mainz,1,2,L,0,28,0.8,1.2,2.2,-1.0,0.6,0.4,0.6,0.6,0.0
D1,Leverkusen,2025-08-23,H,Hoffenheim,1,2,L,0,1,0.0,1.0,2.0,-1.0,1.0,0.0,1.0,1.0,0.0
D1,Leverkusen,2025-08-30,A,Werder Bremen,3,3,D,1,2,0.5,2.0,2.5,-0.5,1.0,0.0,1.0,1.0,0.0
D1,Leverkusen,2025-09-12,H,Ein Frankfurt,3,1,W,3,3,1.3333333333333333,2.3333333333333335,2.0,0.3333333333333333,1.0,0.0,1.0,1.0,0.0
D1,Leverkusen,2025-09-21,H,M'gladbach,1,1,D,1,4,1.25,2.0,1.75,0.25,0.75,0.25,1.0,1.0,0.0
D1,Leverkusen,2025-09-27,A,St Pauli,2,1,W,3,5,1.6,2.0,1.6,0.4,0.8,0.2,1.0,1.0,0.0
D1,Leverkusen,2025-10-04,H,Union Berlin,2,0,W,3,6,2.2,2.2,1.2,1.0,0.6,0.4,0.8,1.0,0.2
D1,Leverkusen,2025-10-18,A,Mainz,4,3,W,3,7,2.6,2.4,1.2,1.2,0.6,0.4,0.8,1.0,0.2
D1,Leverkusen,2025-10-26,H,Freiburg,2,0,W,3,8,2.6,2.2,1.0,1.2,0.4,0.6,0.6,1.0,0.4
D1,Leverkusen,2025-11-01,A,Bayern Munich,0,3,L,0,9,2.4,2.0,1.4,0.6,0.6,0.4,0.4,0.8,0.4
D1,Leverkusen,2025-11-08,H,Heidenheim,6,0,W,3,10,2.4,2.8,1.2,1.6,0.6,0.4,0.2,0.8,0.6
D1,Leverkusen,2025-11-22,A,Wolfsburg,3,1,W,3,11,2.4,3.0,1.4,1.6,0.8,0.2,0.4,0.8,0.4
D1,Leverkusen,2025-11-29,H,Dortmund,1,2,L,0,12,1.8,2.4,1.2,1.2,0.8,0.2,0.4,0.8,0.4
D1,Leverkusen,2025-12-06,A,Augsburg,0,2,L,0,13,1.2,2.0,1.6,0.4,0.8,0.2,0.4,0.6,0.2
D1,Leverkusen,2025-12-13,H,FC Koln,2,0,W,3,14,1.8,2.4,1.0,1.4,0.6,0.4,0.4,0.8,0.4
D1,Leverkusen,2025-12-20,A,RB Leipzig,3,1,W,3,15,1.8,1.8,1.2,0.6,0.6,0.4,0.6,0.8,0.2
D1,Leverkusen,2026-01-10,H,Stuttgart,1,4,L,0,16,1.2,1.4,1.8,-0.4,0.6,0.4,0.6,0.8,0.2
D1,Leverkusen,2026-01-17,A,Hoffenheim,0,1,L,0,17,1.2,1.2,1.6,-0.4,0.4,0.6,0.4,0.6,0.2
D1,Leverkusen,2026-01-24,H,Werder Bremen,1,0,W,3,18,1.8,1.4,1.2,0.2,0.4,0.6,0.4,0.8,0.4
D1,Leverkusen,2026-01-31,A,Ein Frankfurt,3,1,W,3,19,1.8,1.6,1.4,0.2,0.6,0.4,0.6,0.8,0.2
D1,Leverkusen,2026-02-07,A,M'gladbach,1,1,D,1,20,1.4,1.2,1.4,-0.2,0.4,0.6,0.6,0.8,0.2
D1,Leverkusen,2026-02-14,H,St Pauli,4,0,W,3,21,2.0,1.8,0.6,1.2,0.4,0.6,0.4,0.8,0.4
D1,Leverkusen,2026-02-21,A,Union Berlin,0,1,L,0,22,2.0,1.8,0.6,1.2,0.4,0.6,0.4,0.8,0.4
D1,Leverkusen,2026-02-28,H,Mainz,1,1,D,1,23,1.6,1.8,0.8,1.0,0.4,0.6,0.6,0.8,0.2
D1,Leverkusen,2026-03-04,A,Hamburg,1,0,W,3,24,1.6,1.4,0.6,0.8,0.2,0.8,0.4,0.8,0.4
D1,Leverkusen,2026-03-07,A,Freiburg,3,3,D,1,25,1.6,1.8,1.0,0.8,0.4,0.6,0.4,0.8,0.4
D1,Leverkusen,2026-03-14,H,Bayern Munich,1,1,D,1,26,1.2,1.2,1.2,0.0,0.2,0.8,0.6,0.8,0.2
D1,Leverkusen,2026-03-21,A,Heidenheim,3,3,D,1,27,1.4,1.8,1.6,0.2,0.4,0.6,0.8,1.0,0.2
D1,Leverkusen,2026-04-04,H,Wolfsburg,6,3,W,3,28,1.8,2.8,2.0,0.8,0.6,0.4,0.8,1.0,0.2
D1,M'gladbach,2025-08-24,H,Hamburg,0,0,D,1,1,1.0,0.0,0.0,0.0,0.0,1.0,0.0,0.0,1.0
D1,M'gladbach,2025-08-30,A,Stuttgart,0,1,L,0,2,0.5,0.0,0.5,-0.5,0.0,1.0,0.0,0.0,0.5
D1,M'gladbach,2025-09-14,H,Werder Bremen,0,4,L,0,3,0.3333333333333333,0.0,1.6666666666666667,-1.6666666666666667,0.3333333333333333,0.6666666666666666,0.0,0.0,0.3333333333333333
D1,M'gladbach,2025-09-21,A,Leverkusen,1,1,D,1,4,0.5,0.25,1.5,-1.25,0.25,0.75,0.25,0.25,0.25
D1,M'gladbach,2025-09-27,H,Ein Frankfurt,4,6,L,0,5,0.4,1.0,2.4,-1.4,0.4,0.6,0.4,0.4,0.2
D1,M'gladbach,2025-10-05,H,Freiburg,0,0,D,1,6,0.4,1.0,2.4,-1.4,0.4,0.6,0.4,0.4,0.2
D1,M'gladbach,2025-10-17,A,Union Berlin,1,3,L,0,7,0.4,1.2,2.8,-1.6,0.6,0.4,0.6,0.6,0.2
D1,M'gladbach,2025-10-25,H,Bayern Munich,0,3,L,0,8,0.4,1.2,2.6,-1.4,0.6,0.4,0.6,0.6,0.2
D1,M'gladbach,2025-11-01,A,St Pauli,4,0,W,3,9,0.8,1.8,2.4,-0.6,0.8,0.2,0.4,0.6,0.4
D1,M'gladbach,2025-11-08,H,FC Koln,3,1,W,3,10,1.4,1.6,1.4,0.2,0.8,0.2,0.4,0.6,0.4
D1,M'gladbach,2025-11-22,A,Heidenheim,3,0,W,3,11,1.8,2.2,1.4,0.8,1.0,0.0,0.4,0.8,0.4
D1,M'gladbach,2025-11-28,H,RB Leipzig,0,0,D,1,12,2.0,2.0,0.8,1.2,0.8,0.2,0.2,0.6,0.6
D1,M'gladbach,2025-12-05,A,Mainz,1,0,W,3,13,2.6,2.2,0.2,2.0,0.6,0.4,0.2,0.8,0.8
D1,M'gladbach,2025-12-13,H,Wolfsburg,1,3,L,0,14,2.0,1.6,0.8,0.8,0.6,0.4,0.4,0.8,0.6
D1,M'gladbach,2025-12-19,A,Dortmund,0,2,L,0,15,1.4,1.0,1.0,0.0,0.4,0.6,0.2,0.6,0.6
D1,M'gladbach,2026-01-11,H,Augsburg,4,0,W,3,16,1.4,1.2,1.0,0.2,0.4,0.6,0.2,0.6,0.6
D1,M'gladbach,2026-01-14,A,Hoffenheim,1,5,L,0,17,1.2,1.4,2.0,-0.6,0.6,0.4,0.4,0.8,0.4
D1,M'gladbach,2026-01-17,A,Hamburg,0,0,D,1,18,0.8,1.2,2.0,-0.8,0.6,0.4,0.4,0.6,0.4
D1,M'gladbach,2026-01-25,H,Stuttgart,0,3,L,0,19,0.8,1.0,2.0,-1.0,0.6,0.4,0.2,0.4,0.4
D1,M'gladbach,2026-01-31,A,Werder Bremen,1,1,D,1,20,1.0,1.2,1.8,-0.6,0.6,0.4,0.4,0.6,0.4
D1,M'gladbach,2026-02-07,H,Leverkusen,1,1,D,1,21,0.6,0.6,2.0,-1.4,0.4,0.6,0.6,0.6,0.2
D1,M'gladbach,2026-02-14,A,Ein Frankfurt,0,3,L,0,22,0.6,0.4,1.6,-1.2,0.4,0.6,0.4,0.4,0.2
D1,M'gladbach,2026-02-22,A,Freiburg,1,2,L,0,23,0.4,0.6,2.0,-1.4,0.6,0.4,0.6,0.6,0.0
D1,M'gladbach,2026-02-28,H,Union Berlin,1,0,W,3,24,1.0,0.8,1.4,-0.6,0.4,0.6,0.6,0.8,0.2
D1,M'gladbach,2026-03-06,A,Bayern Munich,1,4,L,0,25,0.8,0.8,2.0,-1.2,0.6,0.4,0.6,0.8,0.2
D1,M'gladbach,2026-03-13,H,St Pauli,2,0,W,3,26,1.2,1.0,1.8,-0.8,0.6,0.4,0.4,0.8,0.4
D1,M'gladbach,2026-03-21,A,FC Koln,3,3,D,1,27,1.4,1.6,1.8,-0.2,0.6,0.4,0.6,1.0,0.4
D1,M'gladbach,2026-04-04,H,Heidenheim,2,2,D,1,28,1.6,1.8,1.8,0.0,0.6,0.4,0.6,1.0,0.4
D1,Mainz,2025-08-24,H,FC Koln,0,1,L,0,1,0.0,0.0,1.0,-1.0,0.0,1.0,0.0,0.0,0.0
D1,Mainz,2025-08-31,A,Wolfsburg,1,1,D,1,2,0.5,0.5,1.0,-0.5,0.0,1.0,0.5,0.5,0.0
D1,Mainz,2025-09-13,H,RB Leipzig,0,1,L,0,3,0.3333333333333333,0.3333333333333333,1.0,-0.6666666666666666,0.0,1.0,0.3333333333333333,0.3333333333333333,0.0
D1,Mainz,2025-09-20,A,Augsburg,4,1,W,3,4,1.0,1.25,1.0,0.25,0.25,0.75,0.5,0.5,0.0
D1,Mainz,2025-09-27,H,Dortmund,0,2,L,0,5,0.8,1.0,1.2,-0.2,0.2,0.8,0.4,0.4,0.0
D1,Mainz,2025-10-05,A,Hamburg,0,4,L,0,6,0.8,1.0,1.8,-0.8,0.4,0.6,0.4,0.4,0.0
D1,Mainz,2025-10-18,H,Leverkusen,3,4,L,0,7,0.6,1.4,2.4,-1.0,0.6,0.4,0.4,0.4,0.0
D1,Mainz,2025-10-26,A,Stuttgart,1,2,L,0,8,0.6,1.6,2.6,-1.0,0.8,0.2,0.6,0.6,0.0
D1,Mainz,2025-11-01,H,Werder Bremen,1,1,D,1,9,0.2,1.0,2.6,-1.6,0.6,0.4,0.6,0.6,0.0
D1,Mainz,2025-11-09,A,Ein Frankfurt,0,1,L,0,10,0.2,1.0,2.4,-1.4,0.6,0.4,0.6,0.6,0.0
D1,Mainz,2025-11-21,H,Hoffenheim,1,1,D,1,11,0.4,1.2,1.8,-0.6,0.4,0.6,0.8,0.8,0.0
D1,Mainz,2025-11-30,A,Freiburg,0,4,L,0,12,0.4,0.6,1.8,-1.2,0.4,0.6,0.6,0.6,0.0
D1,Mainz,2025-12-05,H,M'gladbach,0,1,L,0,13,0.4,0.4,1.6,-1.2,0.2,0.8,0.4,0.4,0.0
D1,Mainz,2025-12-14,A,Bayern Munich,2,2,D,1,14,0.4,0.6,1.8,-1.2,0.4,0.6,0.4,0.4,0.0
D1,Mainz,2025-12-21,H,St Pauli,0,0,D,1,15,0.6,0.6,1.6,-1.0,0.4,0.6,0.4,0.4,0.2
D1,Mainz,2026-01-10,A,Union Berlin,2,2,D,1,16,0.6,0.8,1.8,-1.0,0.6,0.4,0.4,0.4,0.2
D1,Mainz,2026-01-13,H,Heidenheim,2,1,W,3,17,1.2,1.2,1.2,0.0,0.6,0.4,0.6,0.6,0.2
D1,Mainz,2026-01-17,A,FC Koln,1,2,L,0,18,1.2,1.4,1.4,0.0,0.8,0.2,0.8,0.8,0.2
D1,Mainz,2026-01-24,H,Wolfsburg,3,1,W,3,19,1.6,1.6,1.2,0.4,0.8,0.2,0.8,0.8,0.2
D1,Mainz,2026-01-31,A,RB Leipzig,2,1,W,3,20,2.0,2.0,1.4,0.6,1.0,0.0,1.0,1.0,0.0
D1,Mainz,2026-02-07,H,Augsburg,2,0,W,3,21,2.4,2.0,1.0,1.0,0.8,0.2,0.8,1.0,0.2
D1,Mainz,2026-02-13,A,Dortmund,0,4,L,0,22,1.8,1.6,1.6,0.0,0.8,0.2,0.6,0.8,0.2
D1,Mainz,2026-02-20,H,Hamburg,1,1,D,1,23,2.0,1.6,1.4,0.2,0.6,0.4,0.6,0.8,0.2
D1,Mainz,2026-02-28,A,Leverkusen,1,1,D,1,24,1.6,1.2,1.4,-0.2,0.4,0.6,0.6,0.8,0.2
D1,Mainz,2026-03-07,H,Stuttgart,2,2,D,1,25,1.2,1.2,1.6,-0.4,0.4,0.6,0.6,0.8,0.2
D1,Mainz,2026-03-15,A,Werder Bremen,2,0,W,3,26,1.2,1.2,1.6,-0.4,0.4,0.6,0.6,0.8,0.2
D1,Mainz,2026-03-22,H,Ein Frankfurt,2,1,W,3,27,1.8,1.6,1.0,0.6,0.4,0.6,0.8,1.0,0.2
D1,Mainz,2026-04-04,A,Hoffenheim,2,1,W,3,28,2.2,1.8,1.0,0.8,0.6,0.4,0.8,1.0,0.2
D1,RB Leipzig,2025-08-22,A,Bayern Munich,0,6,L,0,1,0.0,0.0,6.0,-6.0,1.0,0.0,0.0,0.0,0.0
D1,RB Leipzig,2025-08-30,H,Heidenheim,2,0,W,3,2,1.5,1.0,3.0,-2.0,0.5,0.5,0.0,0.5,0.5
D1,RB Leipzig,2025-09-13,A,Mainz,1,0,W,3,3,2.0,1.0,2.0,-1.0,0.3333333333333333,0.6666666666666666,0.0,0.6666666666666666,0.6666666666666666
D1,RB Leipzig,2025-09-20,H,FC Koln,3,1,W,3,4,2.25,1.5,1.75,-0.25,0.5,0.5,0.25,0.75,0.5
D1,RB Leipzig,2025-09-27,A,Wolfsburg,1,0,W,3,5,2.4,1.4,1.4,0.0,0.4,0.6,0.2,0.8,0.6
D1,RB Leipzig,2025-10-04,A,Dortmund,1,1,D,1,6,2.6,1.6,0.4,1.2,0.2,0.8,0.4,1.0,0.6
D1,RB Leipzig,2025-10-18,H,Hamburg,2,1,W,3,7,2.6,1.6,0.6,1.0,0.4,0.6,0.6,1.0,0.4
D1,RB Leipzig,2025-10-25,A,Augsburg,6,0,W,3,8,2.6,2.6,0.6,2.0,0.6,0.4,0.6,1.0,0.4
D1,RB Leipzig,2025-11-01,H,Stuttgart,3,1,W,3,9,2.6,2.6,0.6,2.0,0.6,0.4,0.6,1.0,0.4
D1,RB Leipzig,2025-11-08,A,Hoffenheim,1,3,L,0,10,2.0,2.6,1.2,1.4,0.8,0.2,0.8,1.0,0.2
D1,RB Leipzig,2025-11-23,H,Werder Bremen,2,0,W,3,11,2.4,2.8,1.0,1.8,0.8,0.2,0.6,1.0,0.4
D1,RB Leipzig,2025-11-28,A,M'gladbach,0,0,D,1,12,2.0,2.4,0.8,1.6,0.6,0.4,0.4,0.8,0.6
D1,RB Leipzig,2025-12-06,H,Ein Frankfurt,6,0,W,3,13,2.0,2.4,0.8,1.6,0.6,0.4,0.4,0.8,0.6
D1,RB Leipzig,2025-12-12,A,Union Berlin,1,3,L,0,14,1.4,2.0,1.2,0.8,0.6,0.4,0.4,0.8,0.6
D1,RB Leipzig,2025-12-20,H,Leverkusen,1,3,L,0,15,1.4,2.0,1.2,0.8,0.6,0.4,0.4,0.8,0.6
D1,RB Leipzig,2026-01-14,H,Freiburg,2,0,W,3,16,1.4,2.0,1.2,0.8,0.6,0.4,0.4,0.8,0.6
D1,RB Leipzig,2026-01-17,H,Bayern Munich,1,5,L,0,17,1.2,2.2,2.2,0.0,0.8,0.2,0.6,1.0,0.4
D1,RB Leipzig,2026-01-24,A,Heidenheim,3,0,W,3,18,1.2,1.6,2.2,-0.6,0.8,0.2,0.6,1.0,0.4
D1,RB Leipzig,2026-01-27,A,St Pauli,1,1,D,1,19,1.4,1.6,1.8,-0.2,0.6,0.4,0.6,1.0,0.4
D1,RB Leipzig,2026-01-31,H,Mainz,1,2,L,0,20,1.4,1.6,1.6,0.0,0.6,0.4,0.6,1.0,0.4
D1,RB Leipzig,2026-02-08,A,FC Koln,2,1,W,3,21,1.4,1.6,1.8,-0.2,0.8,0.2,0.8,1.0,0.2
D1,RB Leipzig,2026-02-15,H,Wolfsburg,2,2,D,1,22,1.6,1.8,1.2,0.6,0.8,0.2,0.8,1.0,0.2
D1,RB Leipzig,2026-02-21,H,Dortmund,2,2,D,1,23,1.2,1.6,1.6,0.0,0.8,0.2,1.0,1.0,0.0
D1,RB Leipzig,2026-03-01,A,Hamburg,2,1,W,3,24,1.6,1.8,1.6,0.2,1.0,0.0,1.0,1.0,0.0
D1,RB Leipzig,2026-03-07,H,Augsburg,2,1,W,3,25,2.2,2.0,1.4,0.6,1.0,0.0,1.0,1.0,0.0
D1,RB Leipzig,2026-03-15,A,Stuttgart,0,1,L,0,26,1.6,1.6,1.4,0.2,0.8,0.2,0.8,0.8,0.0
D1,RB Leipzig,2026-03-20,H,Hoffenheim,5,0,W,3,27,2.0,2.2,1.0,1.2,0.8,0.2,0.6,0.8,0.2
D1,RB Leipzig,2026-04-04,A,Werder Bremen,2,1,W,3,28,2.4,2.2,0.8,1.4,0.8,0.2,0.6,0.8,0.2
D1,St Pauli,2025-08-23,H,Dortmund,3,3,D,1,1,1.0,3.0,3.0,0.0,1.0,0.0,1.0,1.0,0.0
D1,St Pauli,2025-08-29,A,Hamburg,2,0,W,3,2,2.0,2.5,1.5,1.0,0.5,0.5,0.5,1.0,0.5
D1,St Pauli,2025-09-14,H,Augsburg,2,1,W,3,3,2.3333333333333335,2.3333333333333335,1.3333333333333333,1.0,0.6666666666666666,0.3333333333333333,0.6666666666666666,1.0,0.3333333333333333
D1,St Pauli,2025-09-19,A,Stuttgart,0,2,L,0,4,1.75,1.75,1.5,0.25,0.5,0.5,0.5,0.75,0.25
D1,St Pauli,2025-09-27,H,Leverkusen,1,2,L,0,5,1.4,1.6,1.6,0.0,0.6,0.4,0.6,0.8,0.2
D1,St Pauli,2025-10-04,A,Werder Bremen,0,1,L,0,6,1.2,1.0,1.2,-0.2,0.4,0.6,0.4,0.6,0.2
D1,St Pauli,2025-10-19,H,Hoffenheim,0,3,L,0,7,0.6,0.6,1.8,-1.2,0.6,0.4,0.4,0.4,0.0
D1,St Pauli,2025-10-25,A,Ein Frankfurt,0,2,L,0,8,0.0,0.2,2.0,-1.8,0.4,0.6,0.2,0.2,0.0
D1,St Pauli,2025-11-01,H,M'gladbach,0,4,L,0,9,0.0,0.2,2.4,-2.2,0.6,0.4,0.2,0.2,0.0
D1,St Pauli,2025-11-09,A,Freiburg,1,2,L,0,10,0.0,0.2,2.4,-2.2,0.6,0.4,0.2,0.2,0.0
D1,St Pauli,2025-11-23,H,Union Berlin,0,1,L,0,11,0.0,0.2,2.4,-2.2,0.6,0.4,0.2,0.2,0.0
D1,St Pauli,2025-11-29,A,Bayern Munich,1,3,L,0,12,0.0,0.4,2.4,-2.0,0.6,0.4,0.4,0.4,0.0
D1,St Pauli,2025-12-06,A,FC Koln,1,1,D,1,13,0.2,0.6,2.2,-1.6,0.6,0.4,0.6,0.6,0.0
D1,St Pauli,2025-12-13,H,Heidenheim,2,1,W,3,14,0.8,1.0,1.6,-0.6,0.6,0.4,0.8,0.8,0.0
D1,St Pauli,2025-12-21,A,Mainz,0,0,D,1,15,1.0,0.8,1.2,-0.4,0.4,0.6,0.6,0.6,0.2
D1,St Pauli,2026-01-14,A,Wolfsburg,1,2,L,0,16,1.0,1.0,1.4,-0.4,0.6,0.4,0.8,0.8,0.2
D1,St Pauli,2026-01-17,A,Dortmund,2,3,L,0,17,1.0,1.2,1.4,-0.2,0.6,0.4,0.8,0.8,0.2
D1,St Pauli,2026-01-23,H,Hamburg,0,0,D,1,18,1.0,1.0,1.2,-0.2,0.6,0.4,0.6,0.6,0.4
D1,St Pauli,2026-01-27,H,RB Leipzig,1,1,D,1,19,0.6,0.8,1.2,-0.4,0.4,0.6,0.6,0.6,0.4
D1,St Pauli,2026-01-31,A,Augsburg,1,2,L,0,20,0.4,1.0,1.6,-0.6,0.6,0.4,0.8,0.8,0.2
D1,St Pauli,2026-02-07,H,Stuttgart,2,1,W,3,21,1.0,1.2,1.4,-0.2,0.6,0.4,0.8,0.8,0.2
D1,St Pauli,2026-02-14,A,Leverkusen,0,4,L,0,22,1.0,0.8,1.6,-0.8,0.6,0.4,0.6,0.6,0.2
D1,St Pauli,2026-02-22,H,Werder Bremen,2,1,W,3,23,1.4,1.2,1.8,-0.6,0.8,0.2,0.8,0.8,0.0
D1,St Pauli,2026-02-28,A,Hoffenheim,1,0,W,3,24,1.8,1.2,1.6,-0.4,0.8,0.2,0.6,0.8,0.2
D1,St Pauli,2026-03-08,H,Ein Frankfurt,0,0,D,1,25,2.0,1.0,1.2,-0.2,0.6,0.4,0.4,0.6,0.4
D1,St Pauli,2026-03-13,A,M'gladbach,0,2,L,0,26,1.4,0.6,1.4,-0.8,0.4,0.6,0.2,0.4,0.4
D1,St Pauli,2026-03-22,H,Freiburg,1,2,L,0,27,1.4,0.8,1.0,-0.2,0.4,0.6,0.4,0.6,0.4
D1,St Pauli,2026-04-05,A,Union Berlin,1,1,D,1,28,1.0,0.6,1.0,-0.4,0.2,0.8,0.4,0.6,0.4
D1,Stuttgart,2025-08-23,A,Union Berlin,1,2,L,0,1,0.0,1.0,2.0,-1.0,1.0,0.0,1.0,1.0,0.0
D1,Stuttgart,2025-08-30,H,M'gladbach,1,0,W,3,2,1.5,1.0,1.0,0.0,0.5,0.5,0.5,1.0,0.5
D1,Stuttgart,2025-09-13,A,Freiburg,1,3,L,0,3,1.0,1.0,1.6666666666666667,-0.6666666666666666,0.6666666666666666,0.3333333333333333,0.6666666666666666,1.0,0.3333333333333333
D1,Stuttgart,2025-09-19,H,St Pauli,2,0,W,3,4,1.5,1.25,1.25,0.0,0.5,0.5,0.5,1.0,0.5
D1,Stuttgart,2025-09-28,A,FC Koln,2,1,W,3,5,1.8,1.4,1.2,0.2,0.6,0.4,0.6,1.0,0.4
D1,Stuttgart,2025-10-05,H,Heidenheim,1,0,W,3,6,2.4,1.4,0.8,0.6,0.4,0.6,0.4,1.0,0.6
D1,Stuttgart,2025-10-18,A,Wolfsburg,3,0,W,3,7,2.4,1.8,0.8,1.0,0.6,0.4,0.4,1.0,0.6
D1,Stuttgart,2025-10-26,H,Mainz,2,1,W,3,8,3.0,2.0,0.4,1.6,0.6,0.4,0.4,1.0,0.6
D1,Stuttgart,2025-11-01,A,RB Leipzig,1,3,L,0,9,2.4,1.8,1.0,0.8,0.8,0.2,0.6,1.0,0.4
D1,Stuttgart,2025-11-09,H,Augsburg,3,2,W,3,10,2.4,2.0,1.2,0.8,0.8,0.2,0.6,1.0,0.4
D1,Stuttgart,2025-11-22,A,Dortmund,3,3,D,1,11,2.0,2.4,1.8,0.6,1.0,0.0,0.8,1.0,0.2
D1,Stuttgart,2025-11-30,A,Hamburg,1,2,L,0,12,1.4,2.0,2.2,-0.2,1.0,0.0,1.0,1.0,0.0
D1,Stuttgart,2025-12-06,H,Bayern Munich,0,5,L,0,13,0.8,1.6,3.0,-1.4,1.0,0.0,0.8,0.8,0.0
D1,Stuttgart,2025-12-14,A,Werder Bremen,4,0,W,3,14,1.4,2.2,2.4,-0.2,1.0,0.0,0.6,0.8,0.2
D1,Stuttgart,2025-12-20,H,Hoffenheim,0,0,D,1,15,1.0,1.6,2.0,-0.4,0.8,0.2,0.4,0.6,0.4
D1,Stuttgart,2026-01-10,A,Leverkusen,4,1,W,3,16,1.4,1.8,1.6,0.2,0.8,0.2,0.4,0.6,0.4
D1,Stuttgart,2026-01-13,H,Ein Frankfurt,3,2,W,3,17,2.0,2.2,1.6,0.6,0.8,0.2,0.4,0.6,0.4
D1,Stuttgart,2026-01-18,H,Union Berlin,1,1,D,1,18,2.2,2.4,0.8,1.6,0.6,0.4,0.6,0.8,0.4
D1,Stuttgart,2026-01-25,A,M'gladbach,3,0,W,3,19,2.2,2.2,0.8,1.4,0.6,0.4,0.6,0.8,0.4
D1,Stuttgart,2026-02-01,H,Freiburg,1,0,W,3,20,2.6,2.4,0.8,1.6,0.6,0.4,0.6,1.0,0.4
D1,Stuttgart,2026-02-07,A,St Pauli,1,2,L,0,21,2.0,1.8,1.0,0.8,0.6,0.4,0.6,1.0,0.4
D1,Stuttgart,2026-02-14,H,FC Koln,3,1,W,3,22,2.0,1.8,0.8,1.0,0.6,0.4,0.6,1.0,0.4
D1,Stuttgart,2026-02-22,A,Heidenheim,3,3,D,1,23,2.0,2.2,1.2,1.0,0.8,0.2,0.6,1.0,0.4
D1,Stuttgart,2026-03-01,H,Wolfsburg,4,0,W,3,24,2.0,2.4,1.2,1.2,0.8,0.2,0.6,1.0,0.4
D1,Stuttgart,2026-03-07,A,Mainz,2,2,D,1,25,1.6,2.6,1.6,1.0,1.0,0.0,0.8,1.0,0.2
D1,Stuttgart,2026-03-15,H,RB Leipzig,1,0,W,3,26,2.2,2.6,1.2,1.4,0.8,0.2,0.6,1.0,0.4
D1,Stuttgart,2026-03-22,A,Augsburg,5,2,W,3,27,2.2,3.0,1.4,1.6,0.8,0.2,0.6,1.0,0.4
D1,Stuttgart,2026-04-04,H,Dortmund,0,2,L,0,28,2.0,2.4,1.2,1.2,0.6,0.4,0.4,0.8,0.4
D1,Union Berlin,2025-08-23,H,Stuttgart,2,1,W,3,1,3.0,2.0,1.0,1.0,1.0,0.0,1.0,1.0,0.0
D1,Union Berlin,2025-08-31,A,Dortmund,0,3,L,0,2,1.5,1.0,2.0,-1.0,1.0,0.0,0.5,0.5,0.0
D1,Union Berlin,2025-09-13,H,Hoffenheim,2,4,L,0,3,1.0,1.3333333333333333,2.6666666666666665,-1.3333333333333333,1.0,0.0,0.6666666666666666,0.6666666666666666,0.0
D1,Union Berlin,2025-09-21,A,Ein Frankfurt,4,3,W,3,4,1.5,2.0,2.75,-0.75,1.0,0.0,0.75,0.75,0.0
D1,Union Berlin,2025-09-28,H,Hamburg,0,0,D,1,5,1.4,1.6,2.2,-0.6,0.8,0.2,0.6,0.6,0.2
D1,Union Berlin,2025-10-04,A,Leverkusen,0,2,L,0,6,0.8,1.2,2.4,-1.2,0.6,0.4,0.4,0.4,0.2
D1,Union Berlin,2025-10-17,H,M'gladbach,3,1,W,3,7,1.4,1.8,2.0,-0.2,0.6,0.4,0.6,0.6,0.2
D1,Union Berlin,2025-10-24,A,Werder Bremen,0,1,L,0,8,1.4,1.4,1.4,0.0,0.4,0.6,0.4,0.4,0.2
D1,Union Berlin,2025-11-01,H,Freiburg,0,0,D,1,9,1.0,0.6,0.8,-0.2,0.2,0.8,0.2,0.2,0.4
D1,Union Berlin,2025-11-08,H,Bayern Munich,2,2,D,1,10,1.0,1.0,1.2,-0.2,0.4,0.6,0.4,0.4,0.2
D1,Union Berlin,2025-11-23,A,St Pauli,1,0,W,3,11,1.6,1.2,0.8,0.4,0.4,0.6,0.4,0.6,0.4
D1,Union Berlin,2025-11-29,H,Heidenheim,1,2,L,0,12,1.0,0.8,1.0,-0.2,0.4,0.6,0.4,0.6,0.4
D1,Union Berlin,2025-12-06,A,Wolfsburg,1,3,L,0,13,1.0,1.0,1.4,-0.4,0.6,0.4,0.6,0.8,0.4
D1,Union Berlin,2025-12-12,H,RB Leipzig,3,1,W,3,14,1.4,1.6,1.6,0.0,0.8,0.2,0.8,1.0,0.2
D1,Union Berlin,2025-12-20,A,FC Koln,1,0,W,3,15,1.8,1.4,1.2,0.2,0.6,0.4,0.6,1.0,0.4
D1,Union Berlin,2026-01-10,H,Mainz,2,2,D,1,16,1.4,1.6,1.6,0.0,0.8,0.2,0.8,1.0,0.2
D1,Union Berlin,2026-01-15,A,Augsburg,1,1,D,1,17,1.6,1.6,1.4,0.2,0.6,0.4,0.8,1.0,0.2
D1,Union Berlin,2026-01-18,A,Stuttgart,1,1,D,1,18,1.8,1.6,1.0,0.6,0.4,0.6,0.8,1.0,0.2
D1,Union Berlin,2026-01-24,H,Dortmund,0,3,L,0,19,1.2,1.0,1.4,-0.4,0.4,0.6,0.6,0.8,0.2
D1,Union Berlin,2026-01-31,A,Hoffenheim,1,3,L,0,20,0.6,1.0,2.0,-1.0,0.6,0.4,0.8,0.8,0.0
D1,Union Berlin,2026-02-06,H,Ein Frankfurt,1,1,D,1,21,0.6,0.8,1.8,-1.0,0.4,0.6,0.8,0.8,0.0
D1,Union Berlin,2026-02-14,A,Hamburg,2,3,L,0,22,0.4,1.0,2.2,-1.2,0.6,0.4,0.8,0.8,0.0
D1,Union Berlin,2026-02-21,H,Leverkusen,1,0,W,3,23,0.8,1.0,2.0,-1.0,0.6,0.4,0.6,0.8,0.2
D1,Union Berlin,2026-02-28,A,M'gladbach,0,1,L,0,24,0.8,1.0,1.6,-0.6,0.4,0.6,0.6,0.8,0.2
D1,Union Berlin,2026-03-08,H,Werder Bremen,1,4,L,0,25,0.8,1.0,1.8,-0.8,0.4,0.6,0.6,0.8,0.2
D1,Union Berlin,2026-03-15,A,Freiburg,1,0,W,3,26,1.2,1.0,1.6,-0.6,0.4,0.6,0.4,0.8,0.4
D1,Union Berlin,2026-03-21,A,Bayern Munich,0,4,L,0,27,1.2,0.6,1.8,-1.2,0.4,0.6,0.2,0.6,0.4
D1,Union Berlin,2026-04-05,H,St Pauli,1,1,D,1,28,0.8,0.6,2.0,-1.4,0.4,0.6,0.4,0.6,0.2
D1,Werder Bremen,2025-08-23,A,Ein Frankfurt,1,4,L,0,1,0.0,1.0,4.0,-3.0,1.0,0.0,1.0,1.0,0.0
D1,Werder Bremen,2025-08-30,H,Leverkusen,3,3,D,1,2,0.5,2.0,3.5,-1.5,1.0,0.0,1.0,1.0,0.0
D1,Werder Bremen,2025-09-14,A,M'gladbach,4,0,W,3,3,1.3333333333333333,2.6666666666666665,2.3333333333333335,0.3333333333333333,1.0,0.0,0.6666666666666666,1.0,0.3333333333333333
D1,Werder Bremen,2025-09-20,H,Freiburg,0,3,L,0,4,1.0,2.0,2.5,-0.5,1.0,0.0,0.5,0.75,0.25
D1,Werder Bremen,2025-09-26,A,Bayern Munich,0,4,L,0,5,0.8,1.6,2.8,-1.2,1.0,0.0,0.4,0.6,0.2
D1,Werder Bremen,2025-10-04,H,St Pauli,1,0,W,3,6,1.4,1.6,2.0,-0.4,0.8,0.2,0.2,0.6,0.4
D1,Werder Bremen,2025-10-18,A,Heidenheim,2,2,D,1,7,1.4,1.4,1.8,-0.4,0.8,0.2,0.2,0.6,0.4
D1,Werder Bremen,2025-10-24,H,Union Berlin,1,0,W,3,8,1.4,0.8,1.8,-1.0,0.6,0.4,0.2,0.6,0.4
D1,Werder Bremen,2025-11-01,A,Mainz,1,1,D,1,9,1.6,1.0,1.4,-0.4,0.4,0.6,0.4,0.8,0.4
D1,Werder Bremen,2025-11-07,H,Wolfsburg,2,1,W,3,10,2.2,1.4,0.8,0.6,0.4,0.6,0.6,1.0,0.4
D1,Werder Bremen,2025-11-23,A,RB Leipzig,0,2,L,0,11,1.6,1.2,1.2,0.0,0.4,0.6,0.6,0.8,0.2
D1,Werder Bremen,2025-11-29,H,FC Koln,1,1,D,1,12,1.6,1.0,1.0,0.0,0.2,0.8,0.6,0.8,0.2
D1,Werder Bremen,2025-12-07,A,Hamburg,2,3,L,0,13,1.0,1.2,1.6,-0.4,0.4,0.6,0.8,0.8,0.0
D1,Werder Bremen,2025-12-14,H,Stuttgart,0,4,L,0,14,0.8,1.0,2.2,-1.2,0.6,0.4,0.6,0.6,0.0
D1,Werder Bremen,2025-12-20,A,Augsburg,0,0,D,1,15,0.4,0.6,2.0,-1.4,0.4,0.6,0.4,0.4,0.2
D1,Werder Bremen,2026-01-13,A,Dortmund,0,3,L,0,16,0.4,0.6,2.2,-1.6,0.6,0.4,0.4,0.4,0.2
D1,Werder Bremen,2026-01-16,H,Ein Frankfurt,3,3,D,1,17,0.4,1.0,2.6,-1.6,0.8,0.2,0.4,0.4,0.2
D1,Werder Bremen,2026-01-24,A,Leverkusen,0,1,L,0,18,0.4,0.6,2.2,-1.6,0.6,0.4,0.2,0.2,0.2
D1,Werder Bremen,2026-01-27,H,Hoffenheim,0,2,L,0,19,0.4,0.6,1.8,-1.2,0.4,0.6,0.2,0.2,0.2
D1,Werder Bremen,2026-01-31,H,M'gladbach,1,1,D,1,20,0.4,0.8,2.0,-1.2,0.4,0.6,0.4,0.4,0.0
D1,Werder Bremen,2026-02-07,A,Freiburg,0,1,L,0,21,0.4,0.8,1.6,-0.8,0.2,0.8,0.4,0.4,0.0
D1,Werder Bremen,2026-02-14,H,Bayern Munich,0,3,L,0,22,0.2,0.2,1.6,-1.4,0.2,0.8,0.2,0.2,0.0
D1,Werder Bremen,2026-02-22,A,St Pauli,1,2,L,0,23,0.2,0.4,1.8,-1.4,0.4,0.6,0.4,0.4,0.0
D1,Werder Bremen,2026-02-28,H,Heidenheim,2,0,W,3,24,0.8,0.8,1.4,-0.6,0.4,0.6,0.4,0.6,0.2
D1,Werder Bremen,2026-03-08,A,Union Berlin,4,1,W,3,25,1.2,1.4,1.4,0.0,0.6,0.4,0.4,0.6,0.2
D1,Werder Bremen,2026-03-15,H,Mainz,0,2,L,0,26,1.2,1.4,1.6,-0.2,0.6,0.4,0.4,0.6,0.2
D1,Werder Bremen,2026-03-21,A,Wolfsburg,1,0,W,3,27,1.8,1.6,1.0,0.6,0.4,0.6,0.4,0.8,0.4
D1,Werder Bremen,2026-04-04,H,RB Leipzig,1,2,L,0,28,1.8,1.6,1.0,0.6,0.4,0.6,0.4,0.8,0.4
D1,Wolfsburg,2025-08-23,A,Heidenheim,3,1,W,3,1,3.0,3.0,1.0,2.0,1.0,0.0,1.0,1.0,0.0
D1,Wolfsburg,2025-08-31,H,Mainz,1,1,D,1,2,2.0,2.0,1.0,1.0,0.5,0.5,1.0,1.0,0.0
D1,Wolfsburg,2025-09-13,H,FC Koln,3,3,D,1,3,1.6666666666666667,2.3333333333333335,1.6666666666666667,0.6666666666666666,0.6666666666666666,0.3333333333333333,1.0,1.0,0.0
D1,Wolfsburg,2025-09-21,A,Dortmund,0,1,L,0,4,1.25,1.75,1.5,0.25,0.5,0.5,0.75,0.75,0.0
D1,Wolfsburg,2025-09-27,H,RB Leipzig,0,1,L,0,5,1.0,1.4,1.4,0.0,0.4,0.6,0.6,0.6,0.0
D1,Wolfsburg,2025-10-04,A,Augsburg,1,3,L,0,6,0.4,1.0,1.8,-0.8,0.4,0.6,0.6,0.6,0.0
D1,Wolfsburg,2025-10-18,H,Stuttgart,0,3,L,0,7,0.2,0.8,2.2,-1.4,0.6,0.4,0.4,0.4,0.0
D1,Wolfsburg,2025-10-25,A,Hamburg,1,0,W,3,8,0.6,0.4,1.6,-1.2,0.4,0.6,0.2,0.4,0.2
D1,Wolfsburg,2025-11-02,H,Hoffenheim,2,3,L,0,9,0.6,0.8,2.0,-1.2,0.6,0.4,0.4,0.6,0.2
D1,Wolfsburg,2025-11-07,A,Werder Bremen,1,2,L,0,10,0.6,1.0,2.2,-1.2,0.8,0.2,0.6,0.8,0.2
D1,Wolfsburg,2025-11-22,H,Leverkusen,1,3,L,0,11,0.6,1.0,2.2,-1.2,0.8,0.2,0.6,0.8,0.2
D1,Wolfsburg,2025-11-30,A,Ein Frankfurt,1,1,D,1,12,0.8,1.2,1.8,-0.6,0.6,0.4,0.8,1.0,0.2
D1,Wolfsburg,2025-12-06,H,Union Berlin,3,1,W,3,13,0.8,1.6,2.0,-0.4,0.8,0.2,1.0,1.0,0.0
D1,Wolfsburg,2025-12-13,A,M'gladbach,3,1,W,3,14,1.4,1.8,1.6,0.2,0.8,0.2,1.0,1.0,0.0
D1,Wolfsburg,2025-12-20,H,Freiburg,3,4,L,0,15,1.4,2.2,2.0,0.2,0.8,0.2,1.0,1.0,0.0
D1,Wolfsburg,2026-01-11,A,Bayern Munich,1,8,L,0,16,1.4,2.2,3.0,-0.8,0.8,0.2,1.0,1.0,0.0
D1,Wolfsburg,2026-01-14,H,St Pauli,2,1,W,3,17,1.8,2.4,3.0,-0.6,1.0,0.0,1.0,1.0,0.0
D1,Wolfsburg,2026-01-17,H,Heidenheim,1,1,D,1,18,1.4,2.0,3.0,-1.0,0.8,0.2,1.0,1.0,0.0
D1,Wolfsburg,2026-01-24,A,Mainz,1,3,L,0,19,0.8,1.6,3.4,-1.8,0.8,0.2,1.0,1.0,0.0
D1,Wolfsburg,2026-01-30,A,FC Koln,0,1,L,0,20,0.8,1.0,2.8,-1.8,0.6,0.4,0.8,0.8,0.0
D1,Wolfsburg,2026-02-07,H,Dortmund,1,2,L,0,21,0.8,1.0,1.6,-0.6,0.6,0.4,0.8,0.8,0.0
D1,Wolfsburg,2026-02-15,A,RB Leipzig,2,2,D,1,22,0.4,1.0,1.8,-0.8,0.6,0.4,0.8,0.8,0.0
D1,Wolfsburg,2026-02-21,H,Augsburg,2,3,L,0,23,0.2,1.2,2.2,-1.0,0.8,0.2,0.8,0.8,0.0
D1,Wolfsburg,2026-03-01,A,Stuttgart,0,4,L,0,24,0.2,1.0,2.4,-1.4,0.8,0.2,0.6,0.6,0.0
D1,Wolfsburg,2026-03-07,H,Hamburg,1,2,L,0,25,0.2,1.2,2.6,-1.4,1.0,0.0,0.8,0.8,0.0
D1,Wolfsburg,2026-03-14,A,Hoffenheim,1,1,D,1,26,0.4,1.2,2.4,-1.2,0.8,0.2,0.8,0.8,0.0
D1,Wolfsburg,2026-03-21,H,Werder Bremen,0,1,L,0,27,0.2,0.8,2.2,-1.4,0.6,0.4,0.6,0.6,0.0
D1,Wolfsburg,2026-04-04,A,Leverkusen,3,6,L,0,28,0.2,1.0,2.8,-1.8,0.6,0.4,0.6,0.6,0.0
E0,Arsenal,2025-08-17,A,Man United,1,0,W,3,1,3.0,1.0,0.0,1.0,0.0,1.0,0.0,1.0,1.0
E0,Arsenal,2025-08-23,H,Leeds,5,0,W,3,2,3.0,3.0,0.0,3.0,0.5,0.5,0.0,1.0,1.0
E0,Arsenal,2025-08-31,A,Liverpool,0,1,L,0,3,2.0,2.0,0.3333333333333333,1.6666666666666667,0.3333333333333333,0.6666666666666666,0.0,0.6666666666666666,0.6666666666666666
E0,Arsenal,2025-09-13,H,Nott'm Forest,3,0,W,3,4,2.25,2.25,0.25,2.0,0.5,0.5,0.0,0.75,0.75
E0,Arsenal,2025-09-21,H,Man City,1,1,D,1,5,2.0,2.0,0.4,1.6,0.4,0.6,0.2,0.8,0.6
E0,Arsenal,2025-09-28,A,Newcastle,2,1,W,3,6,2.0,2.2,0.6,1.6,0.6,0.4,0.4,0.8,0.4
E0,Arsenal,2025-10-04,H,West Ham,2,0,W,3,7,2.0,1.6,0.6,1.0,0.4,0.6,0.4,0.8,0.4
E0,Arsenal,2025-10-18,A,Fulham,1,0,W,3,8,2.6,1.8,0.4,1.4,0.4,0.6,0.4,1.0,0.6
E0,Arsenal,2025-10-26,H,Crystal Palace,1,0,W,3,9,2.6,1.4,0.4,1.0,0.2,0.8,0.4,1.0,0.6
E0,Arsenal,2025-11-01,A,Burnley,2,0,W,3,10,3.0,1.6,0.2,1.4,0.2,0.8,0.2,1.0,0.8
E0,Arsenal,2025-11-08,A,Sunderland,2,2,D,1,11,2.6,1.6,0.4,1.2,0.2,0.8,0.2,1.0,0.8
E0,Arsenal,2025-11-23,H,Tottenham,4,1,W,3,12,2.6,2.0,0.6,1.4,0.4,0.6,0.4,1.0,0.6
E0,Arsenal,2025-11-30,A,Chelsea,1,1,D,1,13,2.2,2.0,0.8,1.2,0.4,0.6,0.6,1.0,0.4
E0,Arsenal,2025-12-03,H,Brentford,2,0,W,3,14,2.2,2.2,0.8,1.4,0.4,0.6,0.6,1.0,0.4
E0,Arsenal,2025-12-06,A,Aston Villa,1,2,L,0,15,1.6,2.0,1.2,0.8,0.6,0.4,0.8,1.0,0.2
E0,Arsenal,2025-12-13,H,Wolves,2,1,W,3,16,2.0,2.0,1.0,1.0,0.6,0.4,0.8,1.0,0.2
E0,Arsenal,2025-12-20,A,Everton,1,0,W,3,17,2.0,1.4,0.8,0.6,0.4,0.6,0.6,1.0,0.4
E0,Arsenal,2025-12-27,H,Brighton,2,1,W,3,18,2.4,1.6,0.8,0.8,0.6,0.4,0.6,1.0,0.4
E0,Arsenal,2025-12-30,H,Aston Villa,4,1,W,3,19,2.4,2.0,1.0,1.0,0.8,0.2,0.8,1.0,0.2
E0,Arsenal,2026-01-03,A,Bournemouth,3,2,W,3,20,3.0,2.4,1.0,1.4,0.8,0.2,0.8,1.0,0.2
E0,Arsenal,2026-01-08,H,Liverpool,0,0,D,1,21,2.6,2.0,0.8,1.2,0.6,0.4,0.6,0.8,0.4
E0,Arsenal,2026-01-17,A,Nott'm Forest,0,0,D,1,22,2.2,1.8,0.8,1.0,0.6,0.4,0.6,0.6,0.4
E0,Arsenal,2026-01-25,H,Man United,2,3,L,0,23,1.6,1.8,1.2,0.6,0.6,0.4,0.6,0.6,0.4
E0,Arsenal,2026-01-31,A,Leeds,4,0,W,3,24,1.6,1.8,1.0,0.8,0.6,0.4,0.4,0.6,0.6
E0,Arsenal,2026-02-07,H,Sunderland,3,0,W,3,25,1.6,1.8,0.6,1.2,0.6,0.4,0.2,0.6,0.8
E0,Arsenal,2026-02-12,A,Brentford,1,1,D,1,26,1.6,2.0,0.8,1.2,0.6,0.4,0.4,0.8,0.6
E0,Arsenal,2026-02-18,A,Wolves,2,2,D,1,27,1.6,2.4,1.2,1.2,0.8,0.2,0.6,1.0,0.4
E0,Arsenal,2026-02-22,A,Tottenham,4,1,W,3,28,2.2,2.8,0.8,2.0,0.8,0.2,0.6,1.0,0.4
E0,Arsenal,2026-03-01,H,Chelsea,2,1,W,3,29,2.2,2.4,1.0,1.4,0.8,0.2,0.8,1.0,0.2
E0,Arsenal,2026-03-04,A,Brighton,1,0,W,3,30,2.2,2.0,1.0,1.0,0.6,0.4,0.8,1.0,0.2
E0,Arsenal,2026-03-14,H,Everton,2,0,W,3,31,2.6,2.2,0.8,1.4,0.6,0.4,0.6,1.0,0.4
E0,Aston Villa,2025-08-16,H,Newcastle,0,0,D,1,1,1.0,0.0,0.0,0.0,0.0,1.0,0.0,0.0,1.0
E0,Aston Villa,2025-08-23,A,Brentford,0,1,L,0,2,0.5,0.0,0.5,-0.5,0.0,1.0,0.0,0.0,0.5
E0,Aston Villa,2025-08-31,H,Crystal Palace,0,3,L,0,3,0.3333333333333333,0.0,1.3333333333333333,-1.3333333333333333,0.3333333333333333,0.6666666666666666,0.0,0.0,0.3333333333333333
E0,Aston Villa,2025-09-13,A,Everton,0,0,D,1,4,0.5,0.0,1.0,-1.0,0.25,0.75,0.0,0.0,0.5
E0,Aston Villa,2025-09-21,A,Sunderland,1,1,D,1,5,0.6,0.2,1.0,-0.8,0.2,0.8,0.2,0.2,0.4
E0,Aston Villa,2025-09-28,H,Fulham,3,1,W,3,6,1.0,0.8,1.2,-0.4,0.4,0.6,0.4,0.4,0.2
E0,Aston Villa,2025-10-05,H,Burnley,2,1,W,3,7,1.6,1.2,1.2,0.0,0.6,0.4,0.6,0.6,0.2
E0,Aston Villa,2025-10-19,A,Tottenham,2,1,W,3,8,2.2,1.6,0.8,0.8,0.6,0.4,0.8,0.8,0.2
E0,Aston Villa,2025-10-26,H,Man City,1,0,W,3,9,2.6,1.8,0.8,1.0,0.6,0.4,0.8,1.0,0.2
E0,Aston Villa,2025-11-01,A,Liverpool,0,2,L,0,10,2.4,1.6,1.0,0.6,0.6,0.4,0.6,0.8,0.2
E0,Aston Villa,2025-11-09,H,Bournemouth,4,0,W,3,11,2.4,1.8,0.8,1.0,0.6,0.4,0.4,0.8,0.4
E0,Aston Villa,2025-11-23,A,Leeds,2,1,W,3,12,2.4,1.8,0.8,1.0,0.6,0.4,0.4,0.8,0.4
E0,Aston Villa,2025-11-30,H,Wolves,1,0,W,3,13,2.4,1.6,0.6,1.0,0.4,0.6,0.2,0.8,0.6
E0,Aston Villa,2025-12-03,A,Brighton,4,3,W,3,14,2.4,2.2,1.2,1.0,0.6,0.4,0.4,0.8,0.4
E0,Aston Villa,2025-12-06,H,Arsenal,2,1,W,3,15,3.0,2.6,1.0,1.6,0.8,0.2,0.6,1.0,0.4
E0,Aston Villa,2025-12-14,A,West Ham,3,2,W,3,16,3.0,2.4,1.4,1.0,0.8,0.2,0.8,1.0,0.2
E0,Aston Villa,2025-12-21,H,Man United,2,1,W,3,17,3.0,2.4,1.4,1.0,0.8,0.2,0.8,1.0,0.2
E0,Aston Villa,2025-12-27,A,Chelsea,2,1,W,3,18,3.0,2.6,1.6,1.0,1.0,0.0,1.0,1.0,0.0
E0,Aston Villa,2025-12-30,A,Arsenal,1,4,L,0,19,2.4,2.0,1.8,0.2,1.0,0.0,1.0,1.0,0.0
E0,Aston Villa,2026-01-03,H,Nott'm Forest,3,1,W,3,20,2.4,2.2,1.8,0.4,1.0,0.0,1.0,1.0,0.0
E0,Aston Villa,2026-01-07,A,Crystal Palace,0,0,D,1,21,2.0,1.6,1.4,0.2,0.8,0.2,0.8,0.8,0.2
E0,Aston Villa,2026-01-18,H,Everton,0,1,L,0,22,1.4,1.2,1.4,-0.2,0.6,0.4,0.6,0.6,0.2
E0,Aston Villa,2026-01-25,A,Newcastle,2,0,W,3,23,1.4,1.2,1.2,0.0,0.4,0.6,0.4,0.6,0.4
E0,Aston Villa,2026-02-01,H,Brentford,0,1,L,0,24,1.4,1.0,0.6,0.4,0.2,0.8,0.2,0.4,0.4
E0,Aston Villa,2026-02-07,A,Bournemouth,1,1,D,1,25,1.0,0.6,0.6,0.0,0.0,1.0,0.2,0.4,0.4
E0,Aston Villa,2026-02-11,H,Brighton,1,0,W,3,26,1.4,0.8,0.6,0.2,0.0,1.0,0.2,0.6,0.4
E0,Aston Villa,2026-02-21,H,Leeds,1,1,D,1,27,1.6,1.0,0.6,0.4,0.0,1.0,0.4,0.8,0.4
E0,Aston Villa,2026-02-27,A,Wolves,0,2,L,0,28,1.0,0.6,1.0,-0.4,0.0,1.0,0.4,0.6,0.2
E0,Aston Villa,2026-03-04,H,Chelsea,1,4,L,0,29,1.0,0.8,1.6,-0.8,0.2,0.8,0.6,0.8,0.2
E0,Aston Villa,2026-03-15,A,Man United,1,3,L,0,30,0.8,0.8,2.0,-1.2,0.4,0.6,0.6,0.8,0.2
E0,Aston Villa,2026-03-22,H,West Ham,2,0,W,3,31,0.8,1.0,2.0,-1.0,0.4,0.6,0.6,0.8,0.2
E0,Bournemouth,2025-08-15,A,Liverpool,2,4,L,0,1,0.0,2.0,4.0,-2.0,1.0,0.0,1.0,1.0,0.0
E0,Bournemouth,2025-08-23,H,Wolves,1,0,W,3,2,1.5,1.5,2.0,-0.5,0.5,0.5,0.5,1.0,0.5
E0,Bournemouth,2025-08-30,A,Tottenham,1,0,W,3,3,2.0,1.3333333333333333,1.3333333333333333,0.0,0.3333333333333333,0.6666666666666666,0.3333333333333333,1.0,0.6666666666666666
E0,Bournemouth,2025-09-13,H,Brighton,2,1,W,3,4,2.25,1.5,1.25,0.25,0.5,0.5,0.5,1.0,0.5
E0,Bournemouth,2025-09-21,H,Newcastle,0,0,D,1,5,2.0,1.2,1.0,0.2,0.4,0.6,0.4,0.8,0.6
E0,Bournemouth,2025-09-27,A,Leeds,2,2,D,1,6,2.2,1.2,0.6,0.6,0.4,0.6,0.4,0.8,0.6
E0,Bournemouth,2025-10-03,H,Fulham,3,1,W,3,7,2.2,1.6,0.8,0.8,0.6,0.4,0.6,0.8,0.4
E0,Bournemouth,2025-10-18,A,Crystal Palace,3,3,D,1,8,1.8,2.0,1.4,0.6,0.8,0.2,0.8,0.8,0.2
E0,Bournemouth,2025-10-26,H,Nott'm Forest,2,0,W,3,9,1.8,2.0,1.2,0.8,0.6,0.4,0.6,0.8,0.4
E0,Bournemouth,2025-11-02,A,Man City,1,3,L,0,10,1.6,2.2,1.8,0.4,0.8,0.2,0.8,1.0,0.2
E0,Bournemouth,2025-11-09,A,Aston Villa,0,4,L,0,11,1.4,1.8,2.2,-0.4,0.8,0.2,0.6,0.8,0.2
E0,Bournemouth,2025-11-22,H,West Ham,2,2,D,1,12,1.0,1.6,2.4,-0.8,0.8,0.2,0.6,0.8,0.2
E0,Bournemouth,2025-11-29,A,Sunderland,2,3,L,0,13,0.8,1.4,2.4,-1.0,0.8,0.2,0.6,0.8,0.2
E0,Bournemouth,2025-12-02,H,Everton,0,1,L,0,14,0.2,1.0,2.6,-1.6,0.8,0.2,0.6,0.6,0.0
E0,Bournemouth,2025-12-06,H,Chelsea,0,0,D,1,15,0.4,0.8,2.0,-1.2,0.6,0.4,0.4,0.4,0.2
E0,Bournemouth,2025-12-15,A,Man United,4,4,D,1,16,0.6,1.6,2.0,-0.4,0.6,0.4,0.6,0.6,0.2
E0,Bournemouth,2025-12-20,H,Burnley,1,1,D,1,17,0.6,1.4,1.8,-0.4,0.4,0.6,0.6,0.6,0.2
E0,Bournemouth,2025-12-27,A,Brentford,1,4,L,0,18,0.6,1.2,2.0,-0.8,0.4,0.6,0.6,0.6,0.2
E0,Bournemouth,2025-12-30,A,Chelsea,2,2,D,1,19,0.8,1.6,2.2,-0.6,0.6,0.4,0.8,0.8,0.2
E0,Bournemouth,2026-01-03,H,Arsenal,2,3,L,0,20,0.6,2.0,2.8,-0.8,0.8,0.2,1.0,1.0,0.0
E0,Bournemouth,2026-01-07,H,Tottenham,3,2,W,3,21,1.0,1.8,2.4,-0.6,0.8,0.2,1.0,1.0,0.0
E0,Bournemouth,2026-01-19,A,Brighton,1,1,D,1,22,1.0,1.8,2.4,-0.6,0.8,0.2,1.0,1.0,0.0
E0,Bournemouth,2026-01-24,H,Liverpool,3,2,W,3,23,1.6,2.2,2.0,0.2,0.8,0.2,1.0,1.0,0.0
E0,Bournemouth,2026-01-31,A,Wolves,2,0,W,3,24,2.0,2.2,1.6,0.6,0.6,0.4,0.8,1.0,0.2
E0,Bournemouth,2026-02-07,H,Aston Villa,1,1,D,1,25,2.2,2.0,1.2,0.8,0.4,0.6,0.8,1.0,0.2
E0,Bournemouth,2026-02-10,A,Everton,2,1,W,3,26,2.2,1.8,1.0,0.8,0.4,0.6,0.8,1.0,0.2
E0,Bournemouth,2026-02-21,A,West Ham,0,0,D,1,27,2.2,1.6,0.8,0.8,0.4,0.6,0.6,0.8,0.4
E0,Bournemouth,2026-02-28,H,Sunderland,1,1,D,1,28,1.8,1.2,0.6,0.6,0.2,0.8,0.6,0.8,0.4
E0,Bournemouth,2026-03-03,H,Brentford,0,0,D,1,29,1.4,0.8,0.6,0.2,0.2,0.8,0.6,0.6,0.4
E0,Bournemouth,2026-03-14,A,Burnley,0,0,D,1,30,1.4,0.6,0.4,0.2,0.2,0.8,0.4,0.4,0.6
E0,Bournemouth,2026-03-20,H,Man United,2,2,D,1,31,1.0,0.6,0.6,0.0,0.2,0.8,0.4,0.4,0.6
E0,Brentford,2025-08-17,A,Nott'm Forest,1,3,L,0,1,0.0,1.0,3.0,-2.0,1.0,0.0,1.0,1.0,0.0
E0,Brentford,2025-08-23,H,Aston Villa,1,0,W,3,2,1.5,1.0,1.5,-0.5,0.5,0.5,0.5,1.0,0.5
E0,Brentford,2025-08-30,A,Sunderland,1,2,L,0,3,1.0,1.0,1.6666666666666667,-0.6666666666666666,0.6666666666666666,0.3333333333333333,0.6666666666666666,1.0,0.3333333333333333
E0,Brentford,2025-09-13,H,Chelsea,2,2,D,1,4,1.0,1.25,1.75,-0.5,0.75,0.25,0.75,1.0,0.25
E0,Brentford,2025-09-20,A,Fulham,1,3,L,0,5,0.8,1.2,2.0,-0.8,0.8,0.2,0.8,1.0,0.2
E0,Brentford,2025-09-27,H,Man United,3,1,W,3,6,1.4,1.6,1.6,0.0,0.8,0.2,0.8,1.0,0.2
E0,Brentford,2025-10-05,H,Man City,0,1,L,0,7,0.8,1.4,1.8,-0.4,0.8,0.2,0.8,0.8,0.0
E0,Brentford,2025-10-20,A,West Ham,2,0,W,3,8,1.4,1.6,1.4,0.2,0.6,0.4,0.6,0.8,0.2
E0,Brentford,2025-10-25,H,Liverpool,3,2,W,3,9,1.8,1.8,1.4,0.4,0.6,0.4,0.6,0.8,0.2
E0,Brentford,2025-11-01,A,Crystal Palace,0,2,L,0,10,1.8,1.6,1.2,0.4,0.4,0.6,0.4,0.6,0.2
E0,Brentford,2025-11-09,H,Newcastle,3,1,W,3,11,1.8,1.6,1.2,0.4,0.4,0.6,0.4,0.6,0.2
E0,Brentford,2025-11-22,A,Brighton,1,2,L,0,12,1.8,1.8,1.4,0.4,0.6,0.4,0.6,0.8,0.2
E0,Brentford,2025-11-29,H,Burnley,3,1,W,3,13,1.8,2.0,1.6,0.4,0.8,0.2,0.8,0.8,0.0
E0,Brentford,2025-12-03,A,Arsenal,0,2,L,0,14,1.2,1.4,1.6,-0.2,0.6,0.4,0.6,0.6,0.0
E0,Brentford,2025-12-06,A,Tottenham,0,2,L,0,15,1.2,1.4,1.6,-0.2,0.6,0.4,0.6,0.6,0.0
E0,Brentford,2025-12-14,H,Leeds,1,1,D,1,16,0.8,1.0,1.6,-0.6,0.4,0.6,0.6,0.6,0.0
E0,Brentford,2025-12-20,A,Wolves,2,0,W,3,17,1.4,1.2,1.2,0.0,0.2,0.8,0.4,0.6,0.2
E0,Brentford,2025-12-27,H,Bournemouth,4,1,W,3,18,1.4,1.4,1.2,0.2,0.2,0.8,0.4,0.6,0.2
E0,Brentford,2026-01-01,H,Tottenham,0,0,D,1,19,1.6,1.4,0.8,0.6,0.2,0.8,0.4,0.6,0.4
E0,Brentford,2026-01-04,A,Everton,4,2,W,3,20,2.2,2.2,0.8,1.4,0.4,0.6,0.6,0.8,0.4
E0,Brentford,2026-01-07,H,Sunderland,3,0,W,3,21,2.6,2.6,0.6,2.0,0.6,0.4,0.4,0.8,0.6
E0,Brentford,2026-01-17,A,Chelsea,0,2,L,0,22,2.0,2.2,1.0,1.2,0.6,0.4,0.4,0.6,0.4
E0,Brentford,2026-01-25,H,Nott'm Forest,0,2,L,0,23,1.4,1.4,1.2,0.2,0.4,0.6,0.2,0.4,0.4
E0,Brentford,2026-02-01,A,Aston Villa,1,0,W,3,24,1.8,1.6,1.2,0.4,0.4,0.6,0.2,0.6,0.4
E0,Brentford,2026-02-07,A,Newcastle,3,2,W,3,25,1.8,1.4,1.2,0.2,0.4,0.6,0.2,0.6,0.4
E0,Brentford,2026-02-12,H,Arsenal,1,1,D,1,26,1.4,1.0,1.4,-0.4,0.2,0.8,0.4,0.6,0.2
E0,Brentford,2026-02-21,H,Brighton,0,2,L,0,27,1.4,1.0,1.4,-0.4,0.2,0.8,0.4,0.6,0.2
E0,Brentford,2026-02-28,A,Burnley,4,3,W,3,28,2.0,1.8,1.6,0.2,0.4,0.6,0.6,0.8,0.2
E0,Brentford,2026-03-03,A,Bournemouth,0,0,D,1,29,1.6,1.6,1.6,0.0,0.4,0.6,0.6,0.6,0.2
E0,Brentford,2026-03-16,H,Wolves,2,2,D,1,30,1.2,1.4,1.6,-0.2,0.4,0.6,0.6,0.6,0.2
E0,Brentford,2026-03-21,A,Leeds,0,0,D,1,31,1.2,1.2,1.4,-0.2,0.4,0.6,0.4,0.4,0.4
E0,Brighton,2025-08-16,H,Fulham,1,1,D,1,1,1.0,1.0,1.0,0.0,0.0,1.0,1.0,1.0,0.0
E0,Brighton,2025-08-24,A,Everton,0,2,L,0,2,0.5,0.5,1.5,-1.0,0.0,1.0,0.5,0.5,0.0
E0,Brighton,2025-08-31,H,Man City,2,1,W,3,3,1.3333333333333333,1.0,1.3333333333333333,-0.3333333333333333,0.3333333333333333,0.6666666666666666,0.6666666666666666,0.6666666666666666,0.0
E0,Brighton,2025-09-13,A,Bournemouth,1,2,L,0,4,1.0,1.0,1.5,-0.5,0.5,0.5,0.75,0.75,0.0
E0,Brighton,2025-09-20,H,Tottenham,2,2,D,1,5,1.0,1.2,1.6,-0.4,0.6,0.4,0.8,0.8,0.0
E0,Brighton,2025-09-27,A,Chelsea,3,1,W,3,6,1.4,1.6,1.6,0.0,0.8,0.2,0.8,0.8,0.0
E0,Brighton,2025-10-05,A,Wolves,1,1,D,1,7,1.6,1.8,1.4,0.4,0.8,0.2,1.0,1.0,0.0
E0,Brighton,2025-10-18,H,Newcastle,2,1,W,3,8,1.6,1.8,1.4,0.4,0.8,0.2,1.0,1.0,0.0
E0,Brighton,2025-10-25,A,Man United,2,4,L,0,9,1.6,2.0,1.8,0.2,0.8,0.2,1.0,1.0,0.0
E0,Brighton,2025-11-01,H,Leeds,3,0,W,3,10,2.0,2.2,1.4,0.8,0.8,0.2,0.8,1.0,0.2
E0,Brighton,2025-11-09,A,Crystal Palace,0,0,D,1,11,1.6,1.6,1.2,0.4,0.6,0.4,0.6,0.8,0.4
E0,Brighton,2025-11-22,H,Brentford,2,1,W,3,12,2.0,1.8,1.2,0.6,0.8,0.2,0.6,0.8,0.4
E0,Brighton,2025-11-30,A,Nott'm Forest,2,0,W,3,13,2.0,1.8,1.0,0.8,0.6,0.4,0.4,0.8,0.6
E0,Brighton,2025-12-03,H,Aston Villa,3,4,L,0,14,2.0,2.0,1.0,1.0,0.6,0.4,0.4,0.8,0.6
E0,Brighton,2025-12-07,H,West Ham,1,1,D,1,15,1.6,1.6,1.2,0.4,0.4,0.6,0.6,0.8,0.4
E0,Brighton,2025-12-13,A,Liverpool,0,2,L,0,16,1.4,1.6,1.6,0.0,0.4,0.6,0.6,0.8,0.2
E0,Brighton,2025-12-20,H,Sunderland,0,0,D,1,17,1.0,1.2,1.4,-0.2,0.2,0.8,0.4,0.6,0.4
E0,Brighton,2025-12-27,A,Arsenal,1,2,L,0,18,0.4,1.0,1.8,-0.8,0.4,0.6,0.6,0.6,0.2
E0,Brighton,2025-12-30,A,West Ham,2,2,D,1,19,0.6,0.8,1.4,-0.6,0.4,0.6,0.6,0.6,0.2
E0,Brighton,2026-01-03,H,Burnley,2,0,W,3,20,1.0,1.0,1.2,-0.2,0.4,0.6,0.4,0.6,0.4
E0,Brighton,2026-01-07,A,Man City,1,1,D,1,21,1.2,1.2,1.0,0.2,0.4,0.6,0.6,0.8,0.4
E0,Brighton,2026-01-19,H,Bournemouth,1,1,D,1,22,1.2,1.4,1.2,0.2,0.4,0.6,0.8,1.0,0.2
E0,Brighton,2026-01-24,A,Fulham,1,2,L,0,23,1.2,1.4,1.2,0.2,0.4,0.6,0.8,1.0,0.2
E0,Brighton,2026-01-31,H,Everton,1,1,D,1,24,1.2,1.2,1.0,0.2,0.2,0.8,0.8,1.0,0.2
E0,Brighton,2026-02-08,H,Crystal Palace,0,1,L,0,25,0.6,0.8,1.2,-0.4,0.2,0.8,0.8,0.8,0.0
E0,Brighton,2026-02-11,A,Aston Villa,0,1,L,0,26,0.4,0.6,1.2,-0.6,0.2,0.8,0.6,0.6,0.0
E0,Brighton,2026-02-21,A,Brentford,2,0,W,3,27,0.8,0.8,1.0,-0.2,0.2,0.8,0.4,0.6,0.2
E0,Brighton,2026-03-01,H,Nott'm Forest,2,1,W,3,28,1.4,1.0,0.8,0.2,0.2,0.8,0.4,0.6,0.2
E0,Brighton,2026-03-04,H,Arsenal,0,1,L,0,29,1.2,0.8,0.8,0.0,0.2,0.8,0.2,0.4,0.2
E0,Brighton,2026-03-14,A,Sunderland,1,0,W,3,30,1.8,1.0,0.6,0.4,0.2,0.8,0.2,0.6,0.4
E0,Brighton,2026-03-21,H,Liverpool,2,1,W,3,31,2.4,1.4,0.6,0.8,0.4,0.6,0.4,0.8,0.4
E0,Burnley,2025-08-16,A,Tottenham,0,3,L,0,1,0.0,0.0,3.0,-3.0,1.0,0.0,0.0,0.0,0.0
E0,Burnley,2025-08-23,H,Sunderland,2,0,W,3,2,1.5,1.0,1.5,-0.5,0.5,0.5,0.0,0.5,0.5
E0,Burnley,2025-08-30,A,Man United,2,3,L,0,3,1.0,1.3333333333333333,2.0,-0.6666666666666666,0.6666666666666666,0.3333333333333333,0.3333333333333333,0.6666666666666666,0.3333333333333333
E0,Burnley,2025-09-14,H,Liverpool,0,1,L,0,4,0.75,1.0,1.75,-0.75,0.5,0.5,0.25,0.5,0.25
E0,Burnley,2025-09-20,H,Nott'm Forest,1,1,D,1,5,0.8,1.0,1.6,-0.6,0.4,0.6,0.4,0.6,0.2
E0,Burnley,2025-09-27,A,Man City,1,5,L,0,6,0.8,1.2,2.0,-0.8,0.4,0.6,0.6,0.8,0.2
E0,Burnley,2025-10-05,A,Aston Villa,1,2,L,0,7,0.2,1.0,2.4,-1.4,0.6,0.4,0.8,0.8,0.0
E0,Burnley,2025-10-18,H,Leeds,2,0,W,3,8,0.8,1.0,1.8,-0.8,0.4,0.6,0.6,0.8,0.2
E0,Burnley,2025-10-26,A,Wolves,3,2,W,3,9,1.4,1.6,2.0,-0.4,0.6,0.4,0.8,1.0,0.2
E0,Burnley,2025-11-01,H,Arsenal,0,2,L,0,10,1.2,1.4,2.2,-0.8,0.6,0.4,0.6,0.8,0.2
E0,Burnley,2025-11-08,A,West Ham,2,3,L,0,11,1.2,1.6,1.8,-0.2,0.6,0.4,0.6,0.8,0.2
E0,Burnley,2025-11-22,H,Chelsea,0,2,L,0,12,1.2,1.4,1.8,-0.4,0.4,0.6,0.4,0.6,0.2
E0,Burnley,2025-11-29,A,Brentford,1,3,L,0,13,0.6,1.2,2.4,-1.2,0.6,0.4,0.6,0.6,0.0
E0,Burnley,2025-12-03,H,Crystal Palace,0,1,L,0,14,0.0,0.6,2.2,-1.6,0.4,0.6,0.4,0.4,0.0
E0,Burnley,2025-12-06,A,Newcastle,1,2,L,0,15,0.0,0.8,2.2,-1.4,0.6,0.4,0.6,0.6,0.0
E0,Burnley,2025-12-13,H,Fulham,2,3,L,0,16,0.0,0.8,2.2,-1.4,0.6,0.4,0.6,0.6,0.0
E0,Burnley,2025-12-20,A,Bournemouth,1,1,D,1,17,0.2,1.0,2.0,-1.0,0.6,0.4,0.8,0.8,0.0
E0,Burnley,2025-12-27,H,Everton,0,0,D,1,18,0.4,0.8,1.4,-0.6,0.4,0.6,0.6,0.6,0.2
E0,Burnley,2025-12-30,H,Newcastle,1,3,L,0,19,0.4,1.0,1.8,-0.8,0.6,0.4,0.8,0.8,0.2
E0,Burnley,2026-01-03,A,Brighton,0,2,L,0,20,0.4,0.8,1.8,-1.0,0.4,0.6,0.6,0.6,0.2
E0,Burnley,2026-01-07,H,Man United,2,2,D,1,21,0.6,0.8,1.6,-0.8,0.4,0.6,0.6,0.6,0.2
E0,Burnley,2026-01-17,A,Liverpool,1,1,D,1,22,0.6,0.8,1.6,-0.8,0.4,0.6,0.6,0.6,0.2
E0,Burnley,2026-01-24,H,Tottenham,2,2,D,1,23,0.6,1.2,2.0,-0.8,0.6,0.4,0.8,0.8,0.0
E0,Burnley,2026-02-02,A,Sunderland,0,3,L,0,24,0.6,1.0,2.0,-1.0,0.6,0.4,0.6,0.6,0.0
E0,Burnley,2026-02-07,H,West Ham,0,2,L,0,25,0.6,1.0,2.0,-1.0,0.6,0.4,0.6,0.6,0.0
E0,Burnley,2026-02-11,A,Crystal Palace,3,2,W,3,26,1.0,1.2,2.0,-0.8,0.6,0.4,0.6,0.6,0.0
E0,Burnley,2026-02-21,A,Chelsea,1,1,D,1,27,1.0,1.2,2.0,-0.8,0.6,0.4,0.6,0.6,0.0
E0,Burnley,2026-02-28,H,Brentford,3,4,L,0,28,0.8,1.4,2.4,-1.0,0.6,0.4,0.6,0.6,0.0
E0,Burnley,2026-03-03,A,Everton,0,2,L,0,29,0.8,1.4,2.2,-0.8,0.4,0.6,0.6,0.6,0.0
E0,Burnley,2026-03-14,H,Bournemouth,0,0,D,1,30,1.0,1.4,1.8,-0.4,0.4,0.6,0.6,0.6,0.2
E0,Burnley,2026-03-21,A,Fulham,1,3,L,0,31,0.4,1.0,2.0,-1.0,0.4,0.6,0.6,0.6,0.2
E0,Chelsea,2025-08-17,H,Crystal Palace,0,0,D,1,1,1.0,0.0,0.0,0.0,0.0,1.0,0.0,0.0,1.0
E0,Chelsea,2025-08-22,A,West Ham,5,1,W,3,2,2.0,2.5,0.5,2.0,0.5,0.5,0.5,0.5,0.5
E0,Chelsea,2025-08-30,H,Fulham,2,0,W,3,3,2.3333333333333335,2.3333333333333335,0.3333333333333333,2.0,0.3333333333333333,0.6666666666666666,0.3333333333333333,0.6666666666666666,0.6666666666666666
E0,Chelsea,2025-09-13,A,Brentford,2,2,D,1,4,2.0,2.25,0.75,1.5,0.5,0.5,0.5,0.75,0.5
E0,Chelsea,2025-09-20,A,Man United,1,2,L,0,5,1.6,2.0,1.0,1.0,0.6,0.4,0.6,0.8,0.4
E0,Chelsea,2025-09-27,H,Brighton,1,3,L,0,6,1.4,2.2,1.6,0.6,0.8,0.2,0.8,1.0,0.2
E0,Chelsea,2025-10-04,H,Liverpool,2,1,W,3,7,1.4,1.6,1.6,0.0,0.8,0.2,0.8,1.0,0.2
E0,Chelsea,2025-10-18,A,Nott'm Forest,3,0,W,3,8,1.4,1.8,1.6,0.2,1.0,0.0,0.8,1.0,0.2
E0,Chelsea,2025-10-25,H,Sunderland,1,2,L,0,9,1.2,1.6,1.6,0.0,1.0,0.0,0.8,1.0,0.2
E0,Chelsea,2025-11-01,A,Tottenham,1,0,W,3,10,1.8,1.6,1.2,0.4,0.8,0.2,0.6,1.0,0.4
E0,Chelsea,2025-11-08,H,Wolves,3,0,W,3,11,2.4,2.0,0.6,1.4,0.8,0.2,0.4,1.0,0.6
E0,Chelsea,2025-11-22,A,Burnley,2,0,W,3,12,2.4,2.0,0.4,1.6,0.6,0.4,0.2,1.0,0.8
E0,Chelsea,2025-11-30,H,Arsenal,1,1,D,1,13,2.0,1.6,0.6,1.0,0.4,0.6,0.4,1.0,0.6
E0,Chelsea,2025-12-03,A,Leeds,1,3,L,0,14,2.0,1.6,0.8,0.8,0.4,0.6,0.4,1.0,0.6
E0,Chelsea,2025-12-06,A,Bournemouth,0,0,D,1,15,1.6,1.4,0.8,0.6,0.4,0.6,0.4,0.8,0.6
E0,Chelsea,2025-12-13,H,Everton,2,0,W,3,16,1.6,1.2,0.8,0.4,0.2,0.8,0.4,0.8,0.6
E0,Chelsea,2025-12-20,A,Newcastle,2,2,D,1,17,1.2,1.2,1.2,0.0,0.4,0.6,0.6,0.8,0.4
E0,Chelsea,2025-12-27,H,Aston Villa,1,2,L,0,18,1.0,1.2,1.4,-0.2,0.6,0.4,0.6,0.8,0.4
E0,Chelsea,2025-12-30,H,Bournemouth,2,2,D,1,19,1.2,1.4,1.2,0.2,0.6,0.4,0.6,0.8,0.4
E0,Chelsea,2026-01-04,A,Man City,1,1,D,1,20,1.2,1.6,1.4,0.2,0.6,0.4,0.8,1.0,0.2
E0,Chelsea,2026-01-07,A,Fulham,1,2,L,0,21,0.6,1.4,1.8,-0.4,0.8,0.2,1.0,1.0,0.0
E0,Chelsea,2026-01-17,H,Brentford,2,0,W,3,22,1.0,1.4,1.4,0.0,0.6,0.4,0.8,1.0,0.2
E0,Chelsea,2026-01-25,A,Crystal Palace,3,1,W,3,23,1.6,1.8,1.2,0.6,0.6,0.4,0.8,1.0,0.2
E0,Chelsea,2026-01-31,H,West Ham,3,2,W,3,24,2.0,2.0,1.2,0.8,0.6,0.4,0.8,1.0,0.2
E0,Chelsea,2026-02-07,A,Wolves,3,1,W,3,25,2.4,2.4,1.2,1.2,0.8,0.2,0.8,1.0,0.2
E0,Chelsea,2026-02-10,H,Leeds,2,2,D,1,26,2.6,2.6,1.2,1.4,0.8,0.2,0.8,1.0,0.2
E0,Chelsea,2026-02-21,H,Burnley,1,1,D,1,27,2.2,2.4,1.4,1.0,0.8,0.2,1.0,1.0,0.0
E0,Chelsea,2026-03-01,A,Arsenal,1,2,L,0,28,1.6,2.0,1.6,0.4,0.8,0.2,1.0,1.0,0.0
E0,Chelsea,2026-03-04,A,Aston Villa,4,1,W,3,29,1.6,2.2,1.4,0.8,0.8,0.2,1.0,1.0,0.0
E0,Chelsea,2026-03-14,H,Newcastle,0,1,L,0,30,1.0,1.6,1.4,0.2,0.6,0.4,0.8,0.8,0.0
E0,Chelsea,2026-03-21,A,Everton,0,3,L,0,31,0.8,1.2,1.6,-0.4,0.6,0.4,0.6,0.6,0.0
E0,Crystal Palace,2025-08-17,A,Chelsea,0,0,D,1,1,1.0,0.0,0.0,0.0,0.0,1.0,0.0,0.0,1.0
E0,Crystal Palace,2025-08-24,H,Nott'm Forest,1,1,D,1,2,1.0,0.5,0.5,0.0,0.0,1.0,0.5,0.5,0.5
E0,Crystal Palace,2025-08-31,A,Aston Villa,3,0,W,3,3,1.6666666666666667,1.3333333333333333,0.3333333333333333,1.0,0.3333333333333333,0.6666666666666666,0.3333333333333333,0.6666666666666666,0.6666666666666666
E0,Crystal Palace,2025-09-13,H,Sunderland,0,0,D,1,4,1.5,1.0,0.25,0.75,0.25,0.75,0.25,0.5,0.75
E0,Crystal Palace,2025-09-20,A,West Ham,2,1,W,3,5,1.8,1.2,0.4,0.8,0.4,0.6,0.4,0.6,0.6
E0,Crystal Palace,2025-09-27,H,Liverpool,2,1,W,3,6,2.2,1.6,0.6,1.0,0.6,0.4,0.6,0.8,0.4
E0,Crystal Palace,2025-10-05,A,Everton,1,2,L,0,7,2.0,1.6,0.8,0.8,0.8,0.2,0.6,0.8,0.4
E0,Crystal Palace,2025-10-18,H,Bournemouth,3,3,D,1,8,1.6,1.6,1.4,0.2,0.8,0.2,0.8,0.8,0.2
E0,Crystal Palace,2025-10-26,A,Arsenal,0,1,L,0,9,1.4,1.6,1.6,0.0,0.8,0.2,0.8,0.8,0.0
E0,Crystal Palace,2025-11-01,H,Brentford,2,0,W,3,10,1.4,1.6,1.4,0.2,0.6,0.4,0.6,0.8,0.2
E0,Crystal Palace,2025-11-09,H,Brighton,0,0,D,1,11,1.0,1.2,1.2,0.0,0.4,0.6,0.4,0.6,0.4
E0,Crystal Palace,2025-11-22,A,Wolves,2,0,W,3,12,1.6,1.4,0.8,0.6,0.2,0.8,0.2,0.6,0.6
E0,Crystal Palace,2025-11-30,H,Man United,1,2,L,0,13,1.4,1.0,0.6,0.4,0.2,0.8,0.2,0.6,0.6
E0,Crystal Palace,2025-12-03,A,Burnley,1,0,W,3,14,2.0,1.2,0.4,0.8,0.2,0.8,0.2,0.8,0.8
E0,Crystal Palace,2025-12-07,A,Fulham,2,1,W,3,15,2.0,1.2,0.6,0.6,0.4,0.6,0.4,0.8,0.6
E0,Crystal Palace,2025-12-14,H,Man City,0,3,L,0,16,1.8,1.2,1.2,0.0,0.6,0.4,0.4,0.8,0.4
E0,Crystal Palace,2025-12-20,A,Leeds,1,4,L,0,17,1.2,1.0,2.0,-1.0,0.8,0.2,0.6,0.8,0.2
E0,Crystal Palace,2025-12-28,H,Tottenham,0,1,L,0,18,1.2,0.8,1.8,-1.0,0.6,0.4,0.4,0.6,0.2
E0,Crystal Palace,2026-01-01,H,Fulham,1,1,D,1,19,0.8,0.8,2.0,-1.2,0.6,0.4,0.6,0.6,0.0
E0,Crystal Palace,2026-01-04,A,Newcastle,0,2,L,0,20,0.2,0.4,2.2,-1.8,0.4,0.6,0.4,0.4,0.0
E0,Crystal Palace,2026-01-07,H,Aston Villa,0,0,D,1,21,0.4,0.4,1.6,-1.2,0.2,0.8,0.4,0.4,0.2
E0,Crystal Palace,2026-01-17,A,Sunderland,1,2,L,0,22,0.4,0.4,1.2,-0.8,0.2,0.8,0.4,0.4,0.2
E0,Crystal Palace,2026-01-25,H,Chelsea,1,3,L,0,23,0.4,0.6,1.6,-1.0,0.4,0.6,0.6,0.6,0.2
E0,Crystal Palace,2026-02-01,A,Nott'm Forest,1,1,D,1,24,0.4,0.6,1.6,-1.0,0.4,0.6,0.6,0.6,0.2
E0,Crystal Palace,2026-02-08,A,Brighton,1,0,W,3,25,1.0,0.8,1.2,-0.4,0.4,0.6,0.6,0.8,0.4
E0,Crystal Palace,2026-02-11,H,Burnley,2,3,L,0,26,0.8,1.2,1.8,-0.6,0.6,0.4,0.8,1.0,0.2
E0,Crystal Palace,2026-02-22,H,Wolves,1,0,W,3,27,1.4,1.2,1.4,-0.2,0.4,0.6,0.6,1.0,0.4
E0,Crystal Palace,2026-03-01,A,Man United,1,2,L,0,28,1.4,1.2,1.2,0.0,0.4,0.6,0.6,1.0,0.4
E0,Crystal Palace,2026-03-05,A,Tottenham,3,1,W,3,29,1.8,1.6,1.2,0.4,0.6,0.4,0.6,1.0,0.4
E0,Crystal Palace,2026-03-15,H,Leeds,0,0,D,1,30,1.4,1.4,1.2,0.2,0.6,0.4,0.6,0.8,0.4
E0,Everton,2025-08-18,A,Leeds,0,1,L,0,1,0.0,0.0,1.0,-1.0,0.0,1.0,0.0,0.0,0.0
E0,Everton,2025-08-24,H,Brighton,2,0,W,3,2,1.5,1.0,0.5,0.5,0.0,1.0,0.0,0.5,0.5
E0,Everton,2025-08-30,A,Wolves,3,2,W,3,3,2.0,1.6666666666666667,1.0,0.6666666666666666,0.3333333333333333,0.6666666666666666,0.3333333333333333,0.6666666666666666,0.3333333333333333
E0,Everton,2025-09-13,H,Aston Villa,0,0,D,1,4,1.75,1.25,0.75,0.5,0.25,0.75,0.25,0.5,0.5
E0,Everton,2025-09-20,A,Liverpool,1,2,L,0,5,1.4,1.2,1.0,0.2,0.4,0.6,0.4,0.6,0.4
E0,Everton,2025-09-29,H,West Ham,1,1,D,1,6,1.6,1.4,1.0,0.4,0.4,0.6,0.6,0.8,0.4
E0,Everton,2025-10-05,H,Crystal Palace,2,1,W,3,7,1.6,1.4,1.2,0.2,0.6,0.4,0.8,0.8,0.2
E0,Everton,2025-10-18,A,Man City,0,2,L,0,8,1.0,0.8,1.2,-0.4,0.4,0.6,0.6,0.6,0.2
E0,Everton,2025-10-26,H,Tottenham,0,3,L,0,9,0.8,0.8,1.8,-1.0,0.6,0.4,0.6,0.6,0.0
E0,Everton,2025-11-03,A,Sunderland,1,1,D,1,10,1.0,0.8,1.6,-0.8,0.4,0.6,0.6,0.6,0.0
E0,Everton,2025-11-08,H,Fulham,2,0,W,3,11,1.4,1.0,1.4,-0.4,0.4,0.6,0.4,0.6,0.2
E0,Everton,2025-11-24,A,Man United,1,0,W,3,12,1.4,0.8,1.2,-0.4,0.2,0.8,0.2,0.6,0.4
E0,Everton,2025-11-29,H,Newcastle,1,4,L,0,13,1.4,1.0,1.6,-0.6,0.4,0.6,0.4,0.8,0.4
E0,Everton,2025-12-02,A,Bournemouth,1,0,W,3,14,2.0,1.2,1.0,0.2,0.2,0.8,0.4,1.0,0.6
E0,Everton,2025-12-06,H,Nott'm Forest,3,0,W,3,15,2.4,1.6,0.8,0.8,0.4,0.6,0.2,1.0,0.8
E0,Everton,2025-12-13,A,Chelsea,0,2,L,0,16,1.8,1.2,1.2,0.0,0.4,0.6,0.2,0.8,0.6
E0,Everton,2025-12-20,H,Arsenal,0,1,L,0,17,1.2,1.0,1.4,-0.4,0.4,0.6,0.2,0.6,0.4
E0,Everton,2025-12-27,A,Burnley,0,0,D,1,18,1.4,0.8,0.6,0.2,0.2,0.8,0.0,0.4,0.6
E0,Everton,2025-12-30,A,Nott'm Forest,2,0,W,3,19,1.4,1.0,0.6,0.4,0.2,0.8,0.0,0.4,0.6
E0,Everton,2026-01-04,H,Brentford,2,4,L,0,20,0.8,0.8,1.4,-0.6,0.2,0.8,0.2,0.4,0.4
E0,Everton,2026-01-07,H,Wolves,1,1,D,1,21,1.0,1.0,1.2,-0.2,0.2,0.8,0.4,0.6,0.4
E0,Everton,2026-01-18,A,Aston Villa,1,0,W,3,22,1.6,1.2,1.0,0.2,0.2,0.8,0.4,0.8,0.6
E0,Everton,2026-01-26,H,Leeds,1,1,D,1,23,1.6,1.4,1.2,0.2,0.2,0.8,0.6,1.0,0.4
E0,Everton,2026-01-31,A,Brighton,1,1,D,1,24,1.2,1.2,1.4,-0.2,0.2,0.8,0.8,1.0,0.2
E0,Everton,2026-02-07,A,Fulham,2,1,W,3,25,1.8,1.2,0.8,0.4,0.2,0.8,0.8,1.0,0.2
E0,Everton,2026-02-10,H,Bournemouth,1,2,L,0,26,1.6,1.2,1.0,0.2,0.4,0.6,0.8,1.0,0.2
E0,Everton,2026-02-23,H,Man United,0,1,L,0,27,1.0,1.0,1.2,-0.2,0.4,0.6,0.8,0.8,0.0
E0,Everton,2026-02-28,A,Newcastle,3,2,W,3,28,1.4,1.4,1.4,0.0,0.6,0.4,0.8,0.8,0.0
E0,Everton,2026-03-03,H,Burnley,2,0,W,3,29,1.8,1.6,1.2,0.4,0.6,0.4,0.6,0.8,0.2
E0,Everton,2026-03-14,A,Arsenal,0,2,L,0,30,1.2,1.2,1.4,-0.2,0.4,0.6,0.4,0.6,0.2
E0,Everton,2026-03-21,H,Chelsea,3,0,W,3,31,1.8,1.6,1.0,0.6,0.4,0.6,0.2,0.6,0.4
E0,Fulham,2025-08-16,A,Brighton,1,1,D,1,1,1.0,1.0,1.0,0.0,0.0,1.0,1.0,1.0,0.0
E0,Fulham,2025-08-24,H,Man United,1,1,D,1,2,1.0,1.0,1.0,0.0,0.0,1.0,1.0,1.0,0.0
E0,Fulham,2025-08-30,A,Chelsea,0,2,L,0,3,0.6666666666666666,0.6666666666666666,1.3333333333333333,-0.6666666666666666,0.0,1.0,0.6666666666666666,0.6666666666666666,0.0
E0,Fulham,2025-09-13,H,Leeds,1,0,W,3,4,1.25,0.75,1.0,-0.25,0.0,1.0,0.5,0.75,0.25
E0,Fulham,2025-09-20,H,Brentford,3,1,W,3,5,1.6,1.2,1.0,0.2,0.2,0.8,0.6,0.8,0.2
E0,Fulham,2025-09-28,A,Aston Villa,1,3,L,0,6,1.4,1.2,1.4,-0.2,0.4,0.6,0.6,0.8,0.2
E0,Fulham,2025-10-03,A,Bournemouth,1,3,L,0,7,1.2,1.2,1.8,-0.6,0.6,0.4,0.6,0.8,0.2
E0,Fulham,2025-10-18,H,Arsenal,0,1,L,0,8,1.2,1.2,1.6,-0.4,0.6,0.4,0.6,0.8,0.2
E0,Fulham,2025-10-25,A,Newcastle,1,2,L,0,9,0.6,1.2,2.0,-0.8,0.8,0.2,0.8,0.8,0.0
E0,Fulham,2025-11-01,H,Wolves,3,0,W,3,10,0.6,1.2,1.8,-0.6,0.8,0.2,0.6,0.8,0.2
E0,Fulham,2025-11-08,A,Everton,0,2,L,0,11,0.6,1.0,1.6,-0.6,0.6,0.4,0.4,0.6,0.2
E0,Fulham,2025-11-22,H,Sunderland,1,0,W,3,12,1.2,1.0,1.0,0.0,0.4,0.6,0.2,0.6,0.4
E0,Fulham,2025-11-29,A,Tottenham,2,1,W,3,13,1.8,1.4,1.0,0.4,0.6,0.4,0.4,0.8,0.4
E0,Fulham,2025-12-02,H,Man City,4,5,L,0,14,1.8,2.0,1.6,0.4,0.6,0.4,0.4,0.8,0.4
E0,Fulham,2025-12-07,H,Crystal Palace,1,2,L,0,15,1.2,1.6,2.0,-0.4,0.6,0.4,0.6,0.8,0.2
E0,Fulham,2025-12-13,A,Burnley,3,2,W,3,16,1.8,2.2,2.0,0.2,0.8,0.2,0.8,1.0,0.2
E0,Fulham,2025-12-22,H,Nott'm Forest,1,0,W,3,17,1.8,2.2,2.0,0.2,0.8,0.2,0.8,1.0,0.2
E0,Fulham,2025-12-27,A,West Ham,1,0,W,3,18,1.8,2.0,1.8,0.2,0.6,0.4,0.6,1.0,0.4
E0,Fulham,2026-01-01,A,Crystal Palace,1,1,D,1,19,2.0,1.4,1.0,0.4,0.4,0.6,0.6,1.0,0.4
E0,Fulham,2026-01-04,H,Liverpool,2,2,D,1,20,2.2,1.6,1.0,0.6,0.4,0.6,0.6,1.0,0.4
E0,Fulham,2026-01-07,H,Chelsea,2,1,W,3,21,2.2,1.4,0.8,0.6,0.4,0.6,0.6,1.0,0.4
E0,Fulham,2026-01-17,A,Leeds,0,1,L,0,22,1.6,1.2,1.0,0.2,0.4,0.6,0.6,0.8,0.2
E0,Fulham,2026-01-24,H,Brighton,2,1,W,3,23,1.6,1.4,1.2,0.2,0.6,0.4,0.8,0.8,0.0
E0,Fulham,2026-02-01,A,Man United,2,3,L,0,24,1.4,1.6,1.6,0.0,0.8,0.2,0.8,0.8,0.0
E0,Fulham,2026-02-07,H,Everton,1,2,L,0,25,1.2,1.4,1.6,-0.2,0.8,0.2,0.8,0.8,0.0
E0,Fulham,2026-02-11,A,Man City,0,3,L,0,26,0.6,1.0,2.0,-1.0,0.8,0.2,0.6,0.6,0.0
E0,Fulham,2026-02-22,A,Sunderland,3,1,W,3,27,1.2,1.6,2.0,-0.4,1.0,0.0,0.8,0.8,0.0
E0,Fulham,2026-03-01,H,Tottenham,2,1,W,3,28,1.2,1.6,2.0,-0.4,1.0,0.0,0.8,0.8,0.0
E0,Fulham,2026-03-04,H,West Ham,0,1,L,0,29,1.2,1.2,1.6,-0.4,0.8,0.2,0.6,0.6,0.0
E0,Fulham,2026-03-15,A,Nott'm Forest,0,0,D,1,30,1.4,1.0,1.2,-0.2,0.6,0.4,0.4,0.4,0.2
E0,Fulham,2026-03-21,H,Burnley,3,1,W,3,31,2.0,1.6,0.8,0.8,0.6,0.4,0.6,0.6,0.2
E0,Leeds,2025-08-18,H,Everton,1,0,W,3,1,3.0,1.0,0.0,1.0,0.0,1.0,0.0,1.0,1.0
E0,Leeds,2025-08-23,A,Arsenal,0,5,L,0,2,1.5,0.5,2.5,-2.0,0.5,0.5,0.0,0.5,0.5
E0,Leeds,2025-08-30,H,Newcastle,0,0,D,1,3,1.3333333333333333,0.3333333333333333,1.6666666666666667,-1.3333333333333333,0.3333333333333333,0.6666666666666666,0.0,0.3333333333333333,0.6666666666666666
E0,Leeds,2025-09-13,A,Fulham,0,1,L,0,4,1.0,0.25,1.5,-1.25,0.25,0.75,0.0,0.25,0.5
E0,Leeds,2025-09-20,A,Wolves,3,1,W,3,5,1.4,0.8,1.4,-0.6,0.4,0.6,0.2,0.4,0.4
E0,Leeds,2025-09-27,H,Bournemouth,2,2,D,1,6,1.0,1.0,1.8,-0.8,0.6,0.4,0.4,0.4,0.2
E0,Leeds,2025-10-04,H,Tottenham,1,2,L,0,7,1.0,1.2,1.2,0.0,0.6,0.4,0.6,0.6,0.2
E0,Leeds,2025-10-18,A,Burnley,0,2,L,0,8,0.8,1.2,1.6,-0.4,0.6,0.4,0.6,0.6,0.0
E0,Leeds,2025-10-24,H,West Ham,2,1,W,3,9,1.4,1.6,1.6,0.0,0.8,0.2,0.8,0.8,0.0
E0,Leeds,2025-11-01,A,Brighton,0,3,L,0,10,0.8,1.0,2.0,-1.0,0.8,0.2,0.6,0.6,0.0
E0,Leeds,2025-11-09,A,Nott'm Forest,1,3,L,0,11,0.6,0.8,2.2,-1.4,0.8,0.2,0.6,0.6,0.0
E0,Leeds,2025-11-23,H,Aston Villa,1,2,L,0,12,0.6,0.8,2.2,-1.4,0.8,0.2,0.6,0.6,0.0
E0,Leeds,2025-11-29,A,Man City,2,3,L,0,13,0.6,1.2,2.4,-1.2,1.0,0.0,0.8,0.8,0.0
E0,Leeds,2025-12-03,H,Chelsea,3,1,W,3,14,0.6,1.4,2.4,-1.0,1.0,0.0,0.8,0.8,0.0
E0,Leeds,2025-12-06,H,Liverpool,3,3,D,1,15,0.8,2.0,2.4,-0.4,1.0,0.0,1.0,1.0,0.0
E0,Leeds,2025-12-14,A,Brentford,1,1,D,1,16,1.0,2.0,2.0,0.0,0.8,0.2,1.0,1.0,0.0
E0,Leeds,2025-12-20,H,Crystal Palace,4,1,W,3,17,1.6,2.6,1.8,0.8,0.8,0.2,1.0,1.0,0.0
E0,Leeds,2025-12-28,A,Sunderland,1,1,D,1,18,1.8,2.4,1.4,1.0,0.6,0.4,1.0,1.0,0.0
E0,Leeds,2026-01-01,A,Liverpool,0,0,D,1,19,1.4,1.8,1.2,0.6,0.4,0.6,0.8,0.8,0.2
E0,Leeds,2026-01-04,H,Man United,1,1,D,1,20,1.4,1.4,0.8,0.6,0.2,0.8,0.8,0.8,0.2
E0,Leeds,2026-01-07,A,Newcastle,3,4,L,0,21,1.2,1.8,1.4,0.4,0.4,0.6,0.8,0.8,0.2
E0,Leeds,2026-01-17,H,Fulham,1,0,W,3,22,1.2,1.2,1.2,0.0,0.2,0.8,0.6,0.8,0.4
E0,Leeds,2026-01-26,A,Everton,1,1,D,1,23,1.2,1.2,1.2,0.0,0.2,0.8,0.6,0.8,0.4
E0,Leeds,2026-01-31,H,Arsenal,0,4,L,0,24,1.0,1.2,2.0,-0.8,0.4,0.6,0.6,0.8,0.2
E0,Leeds,2026-02-06,H,Nott'm Forest,3,1,W,3,25,1.4,1.6,2.0,-0.4,0.6,0.4,0.6,0.8,0.2
E0,Leeds,2026-02-10,A,Chelsea,2,2,D,1,26,1.6,1.4,1.6,-0.2,0.6,0.4,0.6,0.8,0.2
E0,Leeds,2026-02-21,A,Aston Villa,1,1,D,1,27,1.2,1.4,1.8,-0.4,0.6,0.4,0.8,0.8,0.0
E0,Leeds,2026-02-28,H,Man City,0,1,L,0,28,1.0,1.2,1.8,-0.6,0.6,0.4,0.6,0.6,0.0
E0,Leeds,2026-03-03,H,Sunderland,0,1,L,0,29,1.0,1.2,1.2,0.0,0.4,0.6,0.6,0.6,0.0
E0,Leeds,2026-03-15,A,Crystal Palace,0,0,D,1,30,0.6,0.6,1.0,-0.4,0.2,0.8,0.4,0.4,0.2
E0,Leeds,2026-03-21,H,Brentford,0,0,D,1,31,0.6,0.2,0.6,-0.4,0.0,1.0,0.2,0.2,0.4
E0,Liverpool,2025-08-15,H,Bournemouth,4,2,W,3,1,3.0,4.0,2.0,2.0,1.0,0.0,1.0,1.0,0.0
E0,Liverpool,2025-08-25,A,Newcastle,3,2,W,3,2,3.0,3.5,2.0,1.5,1.0,0.0,1.0,1.0,0.0
E0,Liverpool,2025-08-31,H,Arsenal,1,0,W,3,3,3.0,2.6666666666666665,1.3333333333333333,1.3333333333333333,0.6666666666666666,0.3333333333333333,0.6666666666666666,1.0,0.3333333333333333
E0,Liverpool,2025-09-14,A,Burnley,1,0,W,3,4,3.0,2.25,1.0,1.25,0.5,0.5,0.5,1.0,0.5
E0,Liverpool,2025-09-20,H,Everton,2,1,W,3,5,3.0,2.2,1.0,1.2,0.6,0.4,0.6,1.0,0.4
E0,Liverpool,2025-09-27,A,Crystal Palace,1,2,L,0,6,2.4,1.6,1.0,0.6,0.6,0.4,0.6,1.0,0.4
E0,Liverpool,2025-10-04,A,Chelsea,1,2,L,0,7,1.8,1.2,1.0,0.2,0.6,0.4,0.6,1.0,0.4
E0,Liverpool,2025-10-19,H,Man United,1,2,L,0,8,1.2,1.2,1.4,-0.2,0.8,0.2,0.8,1.0,0.2
E0,Liverpool,2025-10-25,A,Brentford,2,3,L,0,9,0.6,1.4,2.0,-0.6,1.0,0.0,1.0,1.0,0.0
E0,Liverpool,2025-11-01,H,Aston Villa,2,0,W,3,10,0.6,1.4,1.8,-0.4,0.8,0.2,0.8,1.0,0.2
E0,Liverpool,2025-11-09,A,Man City,0,3,L,0,11,0.6,1.2,2.0,-0.8,0.8,0.2,0.6,0.8,0.2
E0,Liverpool,2025-11-22,H,Nott'm Forest,0,3,L,0,12,0.6,1.0,2.2,-1.2,0.8,0.2,0.4,0.6,0.2
E0,Liverpool,2025-11-30,A,West Ham,2,0,W,3,13,1.2,1.2,1.8,-0.6,0.6,0.4,0.2,0.6,0.4
E0,Liverpool,2025-12-03,H,Sunderland,1,1,D,1,14,1.4,1.0,1.4,-0.4,0.4,0.6,0.2,0.6,0.4
E0,Liverpool,2025-12-06,A,Leeds,3,3,D,1,15,1.0,1.2,2.0,-0.8,0.6,0.4,0.4,0.6,0.2
E0,Liverpool,2025-12-13,H,Brighton,2,0,W,3,16,1.6,1.6,1.4,0.2,0.4,0.6,0.4,0.8,0.4
E0,Liverpool,2025-12-20,A,Tottenham,2,1,W,3,17,2.2,2.0,1.0,1.0,0.4,0.6,0.6,1.0,0.4
E0,Liverpool,2025-12-27,H,Wolves,2,1,W,3,18,2.2,2.0,1.2,0.8,0.6,0.4,0.8,1.0,0.2
E0,Liverpool,2026-01-01,H,Leeds,0,0,D,1,19,2.2,1.8,1.0,0.8,0.6,0.4,0.6,0.8,0.4
E0,Liverpool,2026-01-04,A,Fulham,2,2,D,1,20,2.2,1.6,0.8,0.8,0.6,0.4,0.6,0.8,0.4
E0,Liverpool,2026-01-08,A,Arsenal,0,0,D,1,21,1.8,1.2,0.8,0.4,0.6,0.4,0.6,0.6,0.4
E0,Liverpool,2026-01-17,H,Burnley,1,1,D,1,22,1.4,1.0,0.8,0.2,0.4,0.6,0.6,0.6,0.4
E0,Liverpool,2026-01-24,A,Bournemouth,2,3,L,0,23,0.8,1.0,1.2,-0.2,0.4,0.6,0.6,0.6,0.4
E0,Liverpool,2026-01-31,H,Newcastle,4,1,W,3,24,1.2,1.8,1.4,0.4,0.6,0.4,0.8,0.8,0.2
E0,Liverpool,2026-02-08,H,Man City,1,2,L,0,25,1.0,1.6,1.4,0.2,0.6,0.4,0.8,0.8,0.2
E0,Liverpool,2026-02-11,A,Sunderland,1,0,W,3,26,1.4,1.8,1.4,0.4,0.6,0.4,0.8,1.0,0.2
E0,Liverpool,2026-02-22,A,Nott'm Forest,1,0,W,3,27,1.8,1.8,1.2,0.6,0.6,0.4,0.6,1.0,0.4
E0,Liverpool,2026-02-28,H,West Ham,5,2,W,3,28,2.4,2.4,1.0,1.4,0.6,0.4,0.6,1.0,0.4
E0,Liverpool,2026-03-03,A,Wolves,1,2,L,0,29,1.8,1.8,1.2,0.6,0.6,0.4,0.6,1.0,0.4
E0,Liverpool,2026-03-15,H,Tottenham,1,1,D,1,30,2.0,1.8,1.0,0.8,0.4,0.6,0.6,1.0,0.4
E0,Liverpool,2026-03-21,A,Brighton,1,2,L,0,31,1.4,1.8,1.4,0.4,0.6,0.4,0.8,1.0,0.2
E0,Man City,2025-08-16,A,Wolves,4,0,W,3,1,3.0,4.0,0.0,4.0,1.0,0.0,0.0,1.0,1.0
E0,Man City,2025-08-23,H,Tottenham,0,2,L,0,2,1.5,2.0,1.0,1.0,0.5,0.5,0.0,0.5,0.5
E0,Man City,2025-08-31,A,Brighton,1,2,L,0,3,1.0,1.6666666666666667,1.3333333333333333,0.3333333333333333,0.6666666666666666,0.3333333333333333,0.3333333333333333,0.6666666666666666,0.3333333333333333
E0,Man City,2025-09-14,H,Man United,3,0,W,3,4,1.5,2.0,1.0,1.0,0.75,0.25,0.25,0.75,0.5
E0,Man City,2025-09-21,A,Arsenal,1,1,D,1,5,1.4,1.8,1.0,0.8,0.6,0.4,0.4,0.8,0.4
E0,Man City,2025-09-27,H,Burnley,5,1,W,3,6,1.4,2.0,1.2,0.8,0.6,0.4,0.6,0.8,0.2
E0,Man City,2025-10-05,A,Brentford,1,0,W,3,7,2.0,2.2,0.8,1.4,0.6,0.4,0.6,1.0,0.4
E0,Man City,2025-10-18,H,Everton,2,0,W,3,8,2.6,2.4,0.4,2.0,0.4,0.6,0.4,1.0,0.6
E0,Man City,2025-10-26,A,Aston Villa,0,1,L,0,9,2.0,1.8,0.6,1.2,0.2,0.8,0.4,0.8,0.4
E0,Man City,2025-11-02,H,Bournemouth,3,1,W,3,10,2.4,2.2,0.6,1.6,0.4,0.6,0.4,0.8,0.4
E0,Man City,2025-11-09,H,Liverpool,3,0,W,3,11,2.4,1.8,0.4,1.4,0.4,0.6,0.2,0.8,0.6
E0,Man City,2025-11-22,A,Newcastle,1,2,L,0,12,1.8,1.8,0.8,1.0,0.6,0.4,0.4,0.8,0.4
E0,Man City,2025-11-29,H,Leeds,3,2,W,3,13,1.8,2.0,1.2,0.8,0.8,0.2,0.6,0.8,0.2
E0,Man City,2025-12-02,A,Fulham,5,4,W,3,14,2.4,3.0,1.8,1.2,1.0,0.0,0.8,1.0,0.2
E0,Man City,2025-12-06,H,Sunderland,3,0,W,3,15,2.4,3.0,1.6,1.4,1.0,0.0,0.6,1.0,0.4
E0,Man City,2025-12-14,A,Crystal Palace,3,0,W,3,16,2.4,3.0,1.6,1.4,1.0,0.0,0.6,1.0,0.4
E0,Man City,2025-12-20,H,West Ham,3,0,W,3,17,3.0,3.4,1.2,2.2,1.0,0.0,0.4,1.0,0.6
E0,Man City,2025-12-27,A,Nott'm Forest,2,1,W,3,18,3.0,3.2,1.0,2.2,1.0,0.0,0.4,1.0,0.6
E0,Man City,2026-01-01,A,Sunderland,0,0,D,1,19,2.6,2.2,0.2,2.0,0.8,0.2,0.2,0.8,0.8
E0,Man City,2026-01-04,H,Chelsea,1,1,D,1,20,2.2,1.8,0.4,1.4,0.6,0.4,0.4,0.8,0.6
E0,Man City,2026-01-07,H,Brighton,1,1,D,1,21,1.8,1.4,0.6,0.8,0.4,0.6,0.6,0.8,0.4
E0,Man City,2026-01-17,A,Man United,0,2,L,0,22,1.2,0.8,1.0,-0.2,0.2,0.8,0.6,0.6,0.2
E0,Man City,2026-01-24,H,Wolves,2,0,W,3,23,1.2,0.8,0.8,0.0,0.0,1.0,0.4,0.6,0.4
E0,Man City,2026-02-01,A,Tottenham,2,2,D,1,24,1.2,1.2,1.2,0.0,0.2,0.8,0.6,0.8,0.2
E0,Man City,2026-02-08,A,Liverpool,2,1,W,3,25,1.6,1.4,1.2,0.2,0.4,0.6,0.6,0.8,0.2
E0,Man City,2026-02-11,H,Fulham,3,0,W,3,26,2.0,1.8,1.0,0.8,0.6,0.4,0.4,0.8,0.4
E0,Man City,2026-02-21,H,Newcastle,2,1,W,3,27,2.6,2.2,0.8,1.4,0.8,0.2,0.6,1.0,0.4
E0,Man City,2026-02-28,A,Leeds,1,0,W,3,28,2.6,2.0,0.8,1.2,0.8,0.2,0.6,1.0,0.4
E0,Man City,2026-03-04,H,Nott'm Forest,2,2,D,1,29,2.6,2.0,0.8,1.2,0.8,0.2,0.6,1.0,0.4
E0,Man City,2026-03-14,A,West Ham,1,1,D,1,30,2.2,1.8,0.8,1.0,0.6,0.4,0.6,1.0,0.4
E0,Man United,2025-08-17,H,Arsenal,0,1,L,0,1,0.0,0.0,1.0,-1.0,0.0,1.0,0.0,0.0,0.0
E0,Man United,2025-08-24,A,Fulham,1,1,D,1,2,0.5,0.5,1.0,-0.5,0.0,1.0,0.5,0.5,0.0
E0,Man United,2025-08-30,H,Burnley,3,2,W,3,3,1.3333333333333333,1.3333333333333333,1.3333333333333333,0.0,0.3333333333333333,0.6666666666666666,0.6666666666666666,0.6666666666666666,0.0
E0,Man United,2025-09-14,A,Man City,0,3,L,0,4,1.0,1.0,1.75,-0.75,0.5,0.5,0.5,0.5,0.0
E0,Man United,2025-09-20,H,Chelsea,2,1,W,3,5,1.4,1.2,1.6,-0.4,0.6,0.4,0.6,0.6,0.0
E0,Man United,2025-09-27,A,Brentford,1,3,L,0,6,1.4,1.4,2.0,-0.6,0.8,0.2,0.8,0.8,0.0
E0,Man United,2025-10-04,H,Sunderland,2,0,W,3,7,1.8,1.6,1.8,-0.2,0.8,0.2,0.6,0.8,0.2
E0,Man United,2025-10-19,A,Liverpool,2,1,W,3,8,1.8,1.4,1.6,-0.2,0.8,0.2,0.6,0.8,0.2
E0,Man United,2025-10-25,H,Brighton,4,2,W,3,9,2.4,2.2,1.4,0.8,0.8,0.2,0.8,1.0,0.2
E0,Man United,2025-11-01,A,Nott'm Forest,2,2,D,1,10,2.0,2.2,1.6,0.6,0.8,0.2,0.8,1.0,0.2
E0,Man United,2025-11-08,A,Tottenham,2,2,D,1,11,2.2,2.4,1.4,1.0,0.8,0.2,0.8,1.0,0.2
E0,Man United,2025-11-24,H,Everton,0,1,L,0,12,1.6,2.0,1.6,0.4,0.8,0.2,0.8,0.8,0.0
E0,Man United,2025-11-30,A,Crystal Palace,2,1,W,3,13,1.6,2.0,1.6,0.4,0.8,0.2,0.8,0.8,0.0
E0,Man United,2025-12-04,H,West Ham,1,1,D,1,14,1.2,1.4,1.4,0.0,0.6,0.4,0.8,0.8,0.0
E0,Man United,2025-12-08,A,Wolves,4,1,W,3,15,1.6,1.8,1.2,0.6,0.6,0.4,0.8,0.8,0.0
E0,Man United,2025-12-15,H,Bournemouth,4,4,D,1,16,1.6,2.2,1.6,0.6,0.6,0.4,0.8,0.8,0.0
E0,Man United,2025-12-21,A,Aston Villa,1,2,L,0,17,1.6,2.4,1.8,0.6,0.8,0.2,1.0,1.0,0.0
E0,Man United,2025-12-26,H,Newcastle,1,0,W,3,18,1.6,2.2,1.6,0.6,0.6,0.4,0.8,1.0,0.2
E0,Man United,2025-12-30,H,Wolves,1,1,D,1,19,1.6,2.2,1.6,0.6,0.6,0.4,0.8,1.0,0.2
E0,Man United,2026-01-04,A,Leeds,1,1,D,1,20,1.2,1.6,1.6,0.0,0.4,0.6,0.8,1.0,0.2
E0,Man United,2026-01-07,A,Burnley,2,2,D,1,21,1.2,1.2,1.2,0.0,0.4,0.6,0.8,1.0,0.2
E0,Man United,2026-01-17,H,Man City,2,0,W,3,22,1.8,1.4,0.8,0.6,0.2,0.8,0.6,1.0,0.4
E0,Man United,2026-01-25,A,Arsenal,3,2,W,3,23,1.8,1.8,1.2,0.6,0.4,0.6,0.8,1.0,0.2
E0,Man United,2026-02-01,H,Fulham,3,2,W,3,24,2.2,2.2,1.4,0.8,0.6,0.4,0.8,1.0,0.2
E0,Man United,2026-02-07,H,Tottenham,2,0,W,3,25,2.6,2.4,1.2,1.2,0.6,0.4,0.6,1.0,0.4
E0,Man United,2026-02-10,A,West Ham,1,1,D,1,26,2.6,2.2,1.0,1.2,0.4,0.6,0.6,1.0,0.4
E0,Man United,2026-02-23,A,Everton,1,0,W,3,27,2.6,2.0,1.0,1.0,0.4,0.6,0.6,1.0,0.4
E0,Man United,2026-03-01,H,Crystal Palace,2,1,W,3,28,2.6,1.8,0.8,1.0,0.4,0.6,0.6,1.0,0.4
E0,Man United,2026-03-04,A,Newcastle,1,2,L,0,29,2.0,1.4,0.8,0.6,0.4,0.6,0.6,1.0,0.4
E0,Man United,2026-03-15,H,Aston Villa,3,1,W,3,30,2.0,1.6,1.0,0.6,0.6,0.4,0.8,1.0,0.2
E0,Man United,2026-03-20,A,Bournemouth,2,2,D,1,31,2.0,1.8,1.2,0.6,0.8,0.2,0.8,1.0,0.2
E0,Newcastle,2025-08-16,A,Aston Villa,0,0,D,1,1,1.0,0.0,0.0,0.0,0.0,1.0,0.0,0.0,1.0
E0,Newcastle,2025-08-25,H,Liverpool,2,3,L,0,2,0.5,1.0,1.5,-0.5,0.5,0.5,0.5,0.5,0.5
E0,Newcastle,2025-08-30,A,Leeds,0,0,D,1,3,0.6666666666666666,0.6666666666666666,1.0,-0.3333333333333333,0.3333333333333333,0.6666666666666666,0.3333333333333333,0.3333333333333333,0.6666666666666666
E0,Newcastle,2025-09-13,H,Wolves,1,0,W,3,4,1.25,0.75,0.75,0.0,0.25,0.75,0.25,0.5,0.75
E0,Newcastle,2025-09-21,A,Bournemouth,0,0,D,1,5,1.2,0.6,0.6,0.0,0.2,0.8,0.2,0.4,0.8
E0,Newcastle,2025-09-28,H,Arsenal,1,2,L,0,6,1.0,0.8,1.0,-0.2,0.4,0.6,0.4,0.6,0.6
E0,Newcastle,2025-10-05,H,Nott'm Forest,2,0,W,3,7,1.6,0.8,0.4,0.4,0.2,0.8,0.2,0.6,0.8
E0,Newcastle,2025-10-18,A,Brighton,1,2,L,0,8,1.4,1.0,0.8,0.2,0.4,0.6,0.4,0.8,0.6
E0,Newcastle,2025-10-25,H,Fulham,2,1,W,3,9,1.4,1.2,1.0,0.2,0.6,0.4,0.6,0.8,0.4
E0,Newcastle,2025-11-02,A,West Ham,1,3,L,0,10,1.2,1.4,1.6,-0.2,0.8,0.2,0.8,1.0,0.2
E0,Newcastle,2025-11-09,A,Brentford,1,3,L,0,11,1.2,1.4,1.8,-0.4,0.8,0.2,0.8,1.0,0.2
E0,Newcastle,2025-11-22,H,Man City,2,1,W,3,12,1.2,1.4,2.0,-0.6,1.0,0.0,1.0,1.0,0.0
E0,Newcastle,2025-11-29,A,Everton,4,1,W,3,13,1.8,2.0,1.8,0.2,1.0,0.0,1.0,1.0,0.0
E0,Newcastle,2025-12-02,H,Tottenham,2,2,D,1,14,1.4,2.0,2.0,0.0,1.0,0.0,1.0,1.0,0.0
E0,Newcastle,2025-12-06,H,Burnley,2,1,W,3,15,2.0,2.2,1.6,0.6,1.0,0.0,1.0,1.0,0.0
E0,Newcastle,2025-12-14,A,Sunderland,0,1,L,0,16,2.0,2.0,1.2,0.8,0.8,0.2,0.8,0.8,0.0
E0,Newcastle,2025-12-20,H,Chelsea,2,2,D,1,17,1.6,2.0,1.4,0.6,0.8,0.2,0.8,0.8,0.0
E0,Newcastle,2025-12-26,A,Man United,0,1,L,0,18,1.0,1.2,1.4,-0.2,0.6,0.4,0.6,0.6,0.0
E0,Newcastle,2025-12-30,A,Burnley,3,1,W,3,19,1.4,1.4,1.2,0.2,0.6,0.4,0.6,0.6,0.0
E0,Newcastle,2026-01-04,H,Crystal Palace,2,0,W,3,20,1.4,1.4,1.0,0.4,0.4,0.6,0.4,0.6,0.2
E0,Newcastle,2026-01-07,H,Leeds,4,3,W,3,21,2.0,2.2,1.4,0.8,0.6,0.4,0.6,0.8,0.2
E0,Newcastle,2026-01-18,A,Wolves,0,0,D,1,22,2.0,1.8,1.0,0.8,0.4,0.6,0.4,0.6,0.4
E0,Newcastle,2026-01-25,H,Aston Villa,0,2,L,0,23,2.0,1.8,1.2,0.6,0.4,0.6,0.4,0.6,0.4
E0,Newcastle,2026-01-31,A,Liverpool,1,4,L,0,24,1.4,1.4,1.8,-0.4,0.4,0.6,0.4,0.6,0.4
E0,Newcastle,2026-02-07,H,Brentford,2,3,L,0,25,0.8,1.4,2.4,-1.0,0.6,0.4,0.6,0.6,0.2
E0,Newcastle,2026-02-10,A,Tottenham,2,1,W,3,26,0.8,1.0,2.0,-1.0,0.6,0.4,0.6,0.6,0.2
E0,Newcastle,2026-02-21,A,Man City,1,2,L,0,27,0.6,1.2,2.4,-1.2,0.8,0.2,0.8,0.8,0.0
E0,Newcastle,2026-02-28,H,Everton,2,3,L,0,28,0.6,1.6,2.6,-1.0,1.0,0.0,1.0,1.0,0.0
E0,Newcastle,2026-03-04,H,Man United,2,1,W,3,29,1.2,1.8,2.0,-0.2,1.0,0.0,1.0,1.0,0.0
E0,Newcastle,2026-03-14,A,Chelsea,1,0,W,3,30,1.8,1.6,1.4,0.2,0.8,0.2,0.8,1.0,0.2
E0,Newcastle,2026-03-22,H,Sunderland,1,2,L,0,31,1.2,1.4,1.6,-0.2,0.8,0.2,0.8,1.0,0.2
E0,Nott'm Forest,2025-08-17,H,Brentford,3,1,W,3,1,3.0,3.0,1.0,2.0,1.0,0.0,1.0,1.0,0.0
E0,Nott'm Forest,2025-08-24,A,Crystal Palace,1,1,D,1,2,2.0,2.0,1.0,1.0,0.5,0.5,1.0,1.0,0.0
E0,Nott'm Forest,2025-08-31,H,West Ham,0,3,L,0,3,1.3333333333333333,1.3333333333333333,1.6666666666666667,-0.3333333333333333,0.6666666666666666,0.3333333333333333,0.6666666666666666,0.6666666666666666,0.0
E0,Nott'm Forest,2025-09-13,A,Arsenal,0,3,L,0,4,1.0,1.0,2.0,-1.0,0.75,0.25,0.5,0.5,0.0
E0,Nott'm Forest,2025-09-20,A,Burnley,1,1,D,1,5,1.0,1.0,1.8,-0.8,0.6,0.4,0.6,0.6,0.0
E0,Nott'm Forest,2025-09-27,H,Sunderland,0,1,L,0,6,0.4,0.4,1.8,-1.4,0.4,0.6,0.4,0.4,0.0
E0,Nott'm Forest,2025-10-05,A,Newcastle,0,2,L,0,7,0.2,0.2,2.0,-1.8,0.4,0.6,0.2,0.2,0.0
E0,Nott'm Forest,2025-10-18,H,Chelsea,0,3,L,0,8,0.2,0.2,2.0,-1.8,0.4,0.6,0.2,0.2,0.0
E0,Nott'm Forest,2025-10-26,A,Bournemouth,0,2,L,0,9,0.2,0.2,1.8,-1.6,0.2,0.8,0.2,0.2,0.0
E0,Nott'm Forest,2025-11-01,H,Man United,2,2,D,1,10,0.2,0.4,2.0,-1.6,0.4,0.6,0.2,0.2,0.0
E0,Nott'm Forest,2025-11-09,H,Leeds,3,1,W,3,11,0.8,1.0,2.0,-1.0,0.6,0.4,0.4,0.4,0.0
E0,Nott'm Forest,2025-11-22,A,Liverpool,3,0,W,3,12,1.4,1.6,1.6,0.0,0.8,0.2,0.4,0.6,0.2
E0,Nott'm Forest,2025-11-30,H,Brighton,0,2,L,0,13,1.4,1.6,1.4,0.2,0.6,0.4,0.4,0.6,0.2
E0,Nott'm Forest,2025-12-03,A,Wolves,1,0,W,3,14,2.0,1.8,1.0,0.8,0.6,0.4,0.4,0.8,0.4
E0,Nott'm Forest,2025-12-06,A,Everton,0,3,L,0,15,1.8,1.4,1.2,0.2,0.6,0.4,0.2,0.6,0.4
E0,Nott'm Forest,2025-12-14,H,Tottenham,3,0,W,3,16,1.8,1.4,1.0,0.4,0.6,0.4,0.0,0.6,0.6
E0,Nott'm Forest,2025-12-22,A,Fulham,0,1,L,0,17,1.2,0.8,1.2,-0.4,0.4,0.6,0.0,0.4,0.4
E0,Nott'm Forest,2025-12-27,H,Man City,1,2,L,0,18,1.2,1.0,1.2,-0.2,0.6,0.4,0.2,0.6,0.4
E0,Nott'm Forest,2025-12-30,H,Everton,0,2,L,0,19,0.6,0.8,1.6,-0.8,0.6,0.4,0.2,0.4,0.2
E0,Nott'm Forest,2026-01-03,A,Aston Villa,1,3,L,0,20,0.6,1.0,1.6,-0.6,0.6,0.4,0.4,0.6,0.2
E0,Nott'm Forest,2026-01-06,A,West Ham,2,1,W,3,21,0.6,0.8,1.8,-1.0,0.6,0.4,0.6,0.6,0.0
E0,Nott'm Forest,2026-01-17,H,Arsenal,0,0,D,1,22,0.8,0.8,1.6,-0.8,0.6,0.4,0.6,0.6,0.2
E0,Nott'm Forest,2026-01-25,A,Brentford,2,0,W,3,23,1.4,1.0,1.2,-0.2,0.4,0.6,0.4,0.6,0.4
E0,Nott'm Forest,2026-02-01,H,Crystal Palace,1,1,D,1,24,1.6,1.2,1.0,0.2,0.4,0.6,0.6,0.8,0.4
E0,Nott'm Forest,2026-02-06,A,Leeds,1,3,L,0,25,1.6,1.2,1.0,0.2,0.4,0.6,0.6,0.8,0.4
E0,Nott'm Forest,2026-02-11,H,Wolves,0,0,D,1,26,1.2,0.8,0.8,0.0,0.2,0.8,0.4,0.6,0.6
E0,Nott'm Forest,2026-02-22,H,Liverpool,0,1,L,0,27,1.0,0.8,1.0,-0.2,0.2,0.8,0.4,0.6,0.4
E0,Nott'm Forest,2026-03-01,A,Brighton,1,2,L,0,28,0.4,0.6,1.4,-0.8,0.4,0.6,0.6,0.6,0.2
E0,Nott'm Forest,2026-03-04,A,Man City,2,2,D,1,29,0.4,0.8,1.6,-0.8,0.6,0.4,0.6,0.6,0.2
E0,Nott'm Forest,2026-03-15,H,Fulham,0,0,D,1,30,0.6,0.6,1.0,-0.4,0.4,0.6,0.4,0.4,0.4
E0,Nott'm Forest,2026-03-22,A,Tottenham,3,0,W,3,31,1.0,1.2,1.0,0.2,0.6,0.4,0.4,0.6,0.4
E0,Sunderland,2025-08-16,H,West Ham,3,0,W,3,1,3.0,3.0,0.0,3.0,1.0,0.0,0.0,1.0,1.0
E0,Sunderland,2025-08-23,A,Burnley,0,2,L,0,2,1.5,1.5,1.0,0.5,0.5,0.5,0.0,0.5,0.5
E0,Sunderland,2025-08-30,H,Brentford,2,1,W,3,3,2.0,1.6666666666666667,1.0,0.6666666666666666,0.6666666666666666,0.3333333333333333,0.3333333333333333,0.6666666666666666,0.3333333333333333
E0,Sunderland,2025-09-13,A,Crystal Palace,0,0,D,1,4,1.75,1.25,0.75,0.5,0.5,0.5,0.25,0.5,0.5
E0,Sunderland,2025-09-21,H,Aston Villa,1,1,D,1,5,1.6,1.2,0.8,0.4,0.4,0.6,0.4,0.6,0.4
E0,Sunderland,2025-09-27,A,Nott'm Forest,1,0,W,3,6,1.6,0.8,0.8,0.0,0.2,0.8,0.4,0.6,0.4
E0,Sunderland,2025-10-04,A,Man United,0,2,L,0,7,1.6,0.8,0.8,0.0,0.2,0.8,0.4,0.6,0.4
E0,Sunderland,2025-10-18,H,Wolves,2,0,W,3,8,1.6,0.8,0.6,0.2,0.0,1.0,0.2,0.6,0.6
E0,Sunderland,2025-10-25,A,Chelsea,2,1,W,3,9,2.0,1.2,0.8,0.4,0.2,0.8,0.4,0.8,0.4
E0,Sunderland,2025-11-03,H,Everton,1,1,D,1,10,2.0,1.2,0.8,0.4,0.2,0.8,0.4,0.8,0.4
E0,Sunderland,2025-11-08,H,Arsenal,2,2,D,1,11,1.6,1.4,1.2,0.2,0.4,0.6,0.6,0.8,0.2
E0,Sunderland,2025-11-22,A,Fulham,0,1,L,0,12,1.6,1.4,1.0,0.4,0.4,0.6,0.6,0.8,0.2
E0,Sunderland,2025-11-29,H,Bournemouth,3,2,W,3,13,1.6,1.6,1.4,0.2,0.6,0.4,0.8,0.8,0.0
E0,Sunderland,2025-12-03,A,Liverpool,1,1,D,1,14,1.2,1.4,1.4,0.0,0.4,0.6,0.8,0.8,0.0
E0,Sunderland,2025-12-06,A,Man City,0,3,L,0,15,1.0,1.2,1.8,-0.6,0.6,0.4,0.6,0.6,0.0
E0,Sunderland,2025-12-14,H,Newcastle,1,0,W,3,16,1.4,1.0,1.4,-0.4,0.4,0.6,0.4,0.6,0.2
E0,Sunderland,2025-12-20,A,Brighton,0,0,D,1,17,1.6,1.0,1.2,-0.2,0.4,0.6,0.4,0.6,0.4
E0,Sunderland,2025-12-28,H,Leeds,1,1,D,1,18,1.2,0.6,1.0,-0.4,0.2,0.8,0.4,0.6,0.4
E0,Sunderland,2026-01-01,H,Man City,0,0,D,1,19,1.2,0.4,0.8,-0.4,0.2,0.8,0.2,0.4,0.6
E0,Sunderland,2026-01-04,A,Tottenham,1,1,D,1,20,1.4,0.6,0.4,0.2,0.0,1.0,0.4,0.6,0.6
E0,Sunderland,2026-01-07,A,Brentford,0,3,L,0,21,0.8,0.4,1.0,-0.6,0.2,0.8,0.4,0.4,0.4
E0,Sunderland,2026-01-17,H,Crystal Palace,2,1,W,3,22,1.2,0.8,1.2,-0.4,0.4,0.6,0.6,0.6,0.2
E0,Sunderland,2026-01-24,A,West Ham,1,3,L,0,23,1.0,0.8,1.6,-0.8,0.6,0.4,0.6,0.6,0.2
E0,Sunderland,2026-02-02,H,Burnley,3,0,W,3,24,1.4,1.4,1.6,-0.2,0.8,0.2,0.6,0.8,0.2
E0,Sunderland,2026-02-07,A,Arsenal,0,3,L,0,25,1.2,1.2,2.0,-0.8,1.0,0.0,0.4,0.6,0.2
E0,Sunderland,2026-02-11,H,Liverpool,0,1,L,0,26,1.2,1.2,1.6,-0.4,0.8,0.2,0.4,0.6,0.2
E0,Sunderland,2026-02-22,H,Fulham,1,3,L,0,27,0.6,1.0,2.0,-1.0,0.8,0.2,0.4,0.6,0.2
E0,Sunderland,2026-02-28,A,Bournemouth,1,1,D,1,28,0.8,1.0,1.6,-0.6,0.6,0.4,0.4,0.6,0.2
E0,Sunderland,2026-03-03,A,Leeds,1,0,W,3,29,0.8,0.6,1.6,-1.0,0.4,0.6,0.4,0.6,0.2
E0,Sunderland,2026-03-14,H,Brighton,0,1,L,0,30,0.8,0.6,1.2,-0.6,0.2,0.8,0.4,0.6,0.2
E0,Sunderland,2026-03-22,A,Newcastle,2,1,W,3,31,1.4,1.0,1.2,-0.2,0.4,0.6,0.6,0.8,0.2
E0,Tottenham,2025-08-16,H,Burnley,3,0,W,3,1,3.0,3.0,0.0,3.0,1.0,0.0,0.0,1.0,1.0
E0,Tottenham,2025-08-23,A,Man City,2,0,W,3,2,3.0,2.5,0.0,2.5,0.5,0.5,0.0,1.0,1.0
E0,Tottenham,2025-08-30,H,Bournemouth,0,1,L,0,3,2.0,1.6666666666666667,0.3333333333333333,1.3333333333333333,0.3333333333333333,0.6666666666666666,0.0,0.6666666666666666,0.6666666666666666
E0,Tottenham,2025-09-13,A,West Ham,3,0,W,3,4,2.25,2.0,0.25,1.75,0.5,0.5,0.0,0.75,0.75
E0,Tottenham,2025-09-20,A,Brighton,2,2,D,1,5,2.0,2.0,0.6,1.4,0.6,0.4,0.2,0.8,0.6
E0,Tottenham,2025-09-27,H,Wolves,1,1,D,1,6,1.6,1.6,0.8,0.8,0.4,0.6,0.4,0.8,0.4
E0,Tottenham,2025-10-04,A,Leeds,2,1,W,3,7,1.6,1.6,1.0,0.6,0.6,0.4,0.6,0.8,0.2
E0,Tottenham,2025-10-19,H,Aston Villa,1,2,L,0,8,1.6,1.8,1.2,0.6,0.8,0.2,0.8,1.0,0.2
E0,Tottenham,2025-10-26,A,Everton,3,0,W,3,9,1.6,1.8,1.2,0.6,0.8,0.2,0.8,1.0,0.2
E0,Tottenham,2025-11-01,H,Chelsea,0,1,L,0,10,1.4,1.4,1.0,0.4,0.6,0.4,0.6,0.8,0.2
E0,Tottenham,2025-11-08,H,Man United,2,2,D,1,11,1.4,1.6,1.2,0.4,0.8,0.2,0.6,0.8,0.2
E0,Tottenham,2025-11-23,A,Arsenal,1,4,L,0,12,0.8,1.4,1.8,-0.4,0.8,0.2,0.6,0.8,0.2
E0,Tottenham,2025-11-29,H,Fulham,1,2,L,0,13,0.8,1.4,1.8,-0.4,0.8,0.2,0.6,0.8,0.2
E0,Tottenham,2025-12-02,A,Newcastle,2,2,D,1,14,0.4,1.2,2.2,-1.0,0.8,0.2,0.8,0.8,0.0
E0,Tottenham,2025-12-06,H,Brentford,2,0,W,3,15,1.0,1.6,2.0,-0.4,0.8,0.2,0.8,1.0,0.2
E0,Tottenham,2025-12-14,A,Nott'm Forest,0,3,L,0,16,0.8,1.2,2.2,-1.0,0.8,0.2,0.6,0.8,0.2
E0,Tottenham,2025-12-20,H,Liverpool,1,2,L,0,17,0.8,1.2,1.8,-0.6,0.8,0.2,0.6,0.8,0.2
E0,Tottenham,2025-12-28,A,Crystal Palace,1,0,W,3,18,1.4,1.2,1.4,-0.2,0.6,0.4,0.4,0.8,0.4
E0,Tottenham,2026-01-01,A,Brentford,0,0,D,1,19,1.4,0.8,1.0,-0.2,0.4,0.6,0.2,0.6,0.6
E0,Tottenham,2026-01-04,H,Sunderland,1,1,D,1,20,1.0,0.6,1.2,-0.6,0.4,0.6,0.4,0.6,0.4
E0,Tottenham,2026-01-07,A,Bournemouth,2,3,L,0,21,1.0,1.0,1.2,-0.2,0.4,0.6,0.6,0.8,0.4
E0,Tottenham,2026-01-17,H,West Ham,1,2,L,0,22,1.0,1.0,1.2,-0.2,0.4,0.6,0.6,0.8,0.4
E0,Tottenham,2026-01-24,A,Burnley,2,2,D,1,23,0.6,1.2,1.6,-0.4,0.6,0.4,0.8,0.8,0.2
E0,Tottenham,2026-02-01,H,Man City,2,2,D,1,24,0.6,1.6,2.0,-0.4,0.8,0.2,1.0,1.0,0.0
E0,Tottenham,2026-02-07,A,Man United,0,2,L,0,25,0.4,1.4,2.2,-0.8,0.8,0.2,0.8,0.8,0.0
E0,Tottenham,2026-02-10,H,Newcastle,1,2,L,0,26,0.4,1.2,2.0,-0.8,0.8,0.2,0.8,0.8,0.0
E0,Tottenham,2026-02-22,H,Arsenal,1,4,L,0,27,0.4,1.2,2.4,-1.2,0.8,0.2,0.8,0.8,0.0
E0,Tottenham,2026-03-01,A,Fulham,1,2,L,0,28,0.2,1.0,2.4,-1.4,0.8,0.2,0.8,0.8,0.0
E0,Tottenham,2026-03-05,H,Crystal Palace,1,3,L,0,29,0.0,0.8,2.6,-1.8,0.8,0.2,0.8,0.8,0.0
E0,Tottenham,2026-03-15,A,Liverpool,1,1,D,1,30,0.2,1.0,2.4,-1.4,0.8,0.2,1.0,1.0,0.0
E0,Tottenham,2026-03-22,H,Nott'm Forest,0,3,L,0,31,0.2,0.8,2.6,-1.8,0.8,0.2,0.8,0.8,0.0
E0,West Ham,2025-08-16,A,Sunderland,0,3,L,0,1,0.0,0.0,3.0,-3.0,1.0,0.0,0.0,0.0,0.0
E0,West Ham,2025-08-22,H,Chelsea,1,5,L,0,2,0.0,0.5,4.0,-3.5,1.0,0.0,0.5,0.5,0.0
E0,West Ham,2025-08-31,A,Nott'm Forest,3,0,W,3,3,1.0,1.3333333333333333,2.6666666666666665,-1.3333333333333333,1.0,0.0,0.3333333333333333,0.6666666666666666,0.3333333333333333
E0,West Ham,2025-09-13,H,Tottenham,0,3,L,0,4,0.75,1.0,2.75,-1.75,1.0,0.0,0.25,0.5,0.25
E0,West Ham,2025-09-20,H,Crystal Palace,1,2,L,0,5,0.6,1.0,2.6,-1.6,1.0,0.0,0.4,0.6,0.2
E0,West Ham,2025-09-29,A,Everton,1,1,D,1,6,0.8,1.2,2.2,-1.0,0.8,0.2,0.6,0.8,0.2
E0,West Ham,2025-10-04,A,Arsenal,0,2,L,0,7,0.8,1.0,1.6,-0.6,0.6,0.4,0.4,0.6,0.2
E0,West Ham,2025-10-20,H,Brentford,0,2,L,0,8,0.2,0.4,2.0,-1.6,0.4,0.6,0.4,0.4,0.0
E0,West Ham,2025-10-24,A,Leeds,1,2,L,0,9,0.2,0.6,1.8,-1.2,0.4,0.6,0.6,0.6,0.0
E0,West Ham,2025-11-02,H,Newcastle,3,1,W,3,10,0.8,1.0,1.6,-0.6,0.4,0.6,0.6,0.6,0.0
E0,West Ham,2025-11-08,H,Burnley,3,2,W,3,11,1.2,1.4,1.8,-0.4,0.6,0.4,0.6,0.6,0.0
E0,West Ham,2025-11-22,A,Bournemouth,2,2,D,1,12,1.4,1.8,1.8,0.0,0.8,0.2,0.8,0.8,0.0
E0,West Ham,2025-11-30,H,Liverpool,0,2,L,0,13,1.4,1.8,1.8,0.0,0.8,0.2,0.8,0.8,0.0
E0,West Ham,2025-12-04,A,Man United,1,1,D,1,14,1.6,1.8,1.6,0.2,0.6,0.4,0.8,0.8,0.0
E0,West Ham,2025-12-07,A,Brighton,1,1,D,1,15,1.2,1.4,1.6,-0.2,0.4,0.6,0.8,0.8,0.0
E0,West Ham,2025-12-14,H,Aston Villa,2,3,L,0,16,0.6,1.2,1.8,-0.6,0.4,0.6,0.8,0.8,0.0
E0,West Ham,2025-12-20,A,Man City,0,3,L,0,17,0.4,0.8,2.0,-1.2,0.4,0.6,0.6,0.6,0.0
E0,West Ham,2025-12-27,H,Fulham,0,1,L,0,18,0.4,0.8,1.8,-1.0,0.4,0.6,0.6,0.6,0.0
E0,West Ham,2025-12-30,H,Brighton,2,2,D,1,19,0.4,1.0,2.0,-1.0,0.6,0.4,0.6,0.6,0.0
E0,West Ham,2026-01-03,A,Wolves,0,3,L,0,20,0.2,0.8,2.4,-1.6,0.8,0.2,0.4,0.4,0.0
E0,West Ham,2026-01-06,H,Nott'm Forest,1,2,L,0,21,0.2,0.6,2.2,-1.6,0.8,0.2,0.4,0.4,0.0
E0,West Ham,2026-01-17,A,Tottenham,2,1,W,3,22,0.8,1.0,1.8,-0.8,0.8,0.2,0.6,0.6,0.0
E0,West Ham,2026-01-24,H,Sunderland,3,1,W,3,23,1.4,1.6,1.8,-0.2,1.0,0.0,0.8,0.8,0.0
E0,West Ham,2026-01-31,A,Chelsea,2,3,L,0,24,1.2,1.6,2.0,-0.4,1.0,0.0,0.8,0.8,0.0
E0,West Ham,2026-02-07,A,Burnley,2,0,W,3,25,1.8,2.0,1.4,0.6,0.8,0.2,0.8,1.0,0.2
E0,West Ham,2026-02-10,H,Man United,1,1,D,1,26,2.0,2.0,1.2,0.8,0.6,0.4,0.8,1.0,0.2
E0,West Ham,2026-02-21,H,Bournemouth,0,0,D,1,27,1.6,1.6,1.0,0.6,0.4,0.6,0.6,0.8,0.4
E0,West Ham,2026-02-28,A,Liverpool,2,5,L,0,28,1.0,1.4,1.8,-0.4,0.4,0.6,0.6,0.8,0.4
E0,West Ham,2026-03-04,A,Fulham,1,0,W,3,29,1.6,1.2,1.2,0.0,0.2,0.8,0.4,0.8,0.6
E0,West Ham,2026-03-14,H,Man City,1,1,D,1,30,1.2,1.0,1.4,-0.4,0.2,0.8,0.6,0.8,0.4
E0,West Ham,2026-03-22,A,Aston Villa,0,2,L,0,31,1.0,0.8,1.6,-0.8,0.2,0.8,0.4,0.6,0.4
E0,Wolves,2025-08-16,H,Man City,0,4,L,0,1,0.0,0.0,4.0,-4.0,1.0,0.0,0.0,0.0,0.0
E0,Wolves,2025-08-23,A,Bournemouth,0,1,L,0,2,0.0,0.0,2.5,-2.5,0.5,0.5,0.0,0.0,0.0
E0,Wolves,2025-08-30,H,Everton,2,3,L,0,3,0.0,0.6666666666666666,2.6666666666666665,-2.0,0.6666666666666666,0.3333333333333333,0.3333333333333333,0.3333333333333333,0.0
E0,Wolves,2025-09-13,A,Newcastle,0,1,L,0,4,0.0,0.5,2.25,-1.75,0.5,0.5,0.25,0.25,0.0
E0,Wolves,2025-09-20,H,Leeds,1,3,L,0,5,0.0,0.6,2.4,-1.8,0.6,0.4,0.4,0.4,0.0
E0,Wolves,2025-09-27,A,Tottenham,1,1,D,1,6,0.2,0.8,1.8,-1.0,0.4,0.6,0.6,0.6,0.0
E0,Wolves,2025-10-05,H,Brighton,1,1,D,1,7,0.4,1.0,1.8,-0.8,0.4,0.6,0.8,0.8,0.0
E0,Wolves,2025-10-18,A,Sunderland,0,2,L,0,8,0.4,0.6,1.6,-1.0,0.2,0.8,0.6,0.6,0.0
E0,Wolves,2025-10-26,H,Burnley,2,3,L,0,9,0.4,1.0,2.0,-1.0,0.4,0.6,0.8,0.8,0.0
E0,Wolves,2025-11-01,A,Fulham,0,3,L,0,10,0.4,0.8,2.0,-1.2,0.4,0.6,0.6,0.6,0.0
E0,Wolves,2025-11-08,A,Chelsea,0,3,L,0,11,0.2,0.6,2.4,-1.8,0.6,0.4,0.4,0.4,0.0
E0,Wolves,2025-11-22,H,Crystal Palace,0,2,L,0,12,0.0,0.4,2.6,-2.2,0.6,0.4,0.2,0.2,0.0
E0,Wolves,2025-11-30,A,Aston Villa,0,1,L,0,13,0.0,0.4,2.4,-2.0,0.6,0.4,0.2,0.2,0.0
E0,Wolves,2025-12-03,H,Nott'm Forest,0,1,L,0,14,0.0,0.0,2.0,-2.0,0.4,0.6,0.0,0.0,0.0
E0,Wolves,2025-12-08,H,Man United,1,4,L,0,15,0.0,0.2,2.2,-2.0,0.4,0.6,0.2,0.2,0.0
E0,Wolves,2025-12-13,A,Arsenal,1,2,L,0,16,0.0,0.4,2.0,-1.6,0.4,0.6,0.4,0.4,0.0
E0,Wolves,2025-12-20,H,Brentford,0,2,L,0,17,0.0,0.4,2.0,-1.6,0.4,0.6,0.4,0.4,0.0
E0,Wolves,2025-12-27,A,Liverpool,1,2,L,0,18,0.0,0.6,2.2,-1.6,0.6,0.4,0.6,0.6,0.0
E0,Wolves,2025-12-30,A,Man United,1,1,D,1,19,0.2,0.8,2.2,-1.4,0.6,0.4,0.8,0.8,0.0
E0,Wolves,2026-01-03,H,West Ham,3,0,W,3,20,0.8,1.2,1.4,-0.2,0.6,0.4,0.6,0.8,0.2
E0,Wolves,2026-01-07,A,Everton,1,1,D,1,21,1.0,1.2,1.2,0.0,0.4,0.6,0.6,0.8,0.2
E0,Wolves,2026-01-18,H,Newcastle,0,0,D,1,22,1.2,1.2,0.8,0.4,0.4,0.6,0.6,0.8,0.4
E0,Wolves,2026-01-24,A,Man City,0,2,L,0,23,1.2,1.0,0.8,0.2,0.2,0.8,0.4,0.6,0.4
E0,Wolves,2026-01-31,H,Bournemouth,0,2,L,0,24,1.0,0.8,1.0,-0.2,0.2,0.8,0.2,0.4,0.4
E0,Wolves,2026-02-07,H,Chelsea,1,3,L,0,25,0.4,0.4,1.6,-1.2,0.2,0.8,0.4,0.4,0.2
E0,Wolves,2026-02-11,A,Nott'm Forest,0,0,D,1,26,0.4,0.2,1.4,-1.2,0.2,0.8,0.2,0.2,0.4
E0,Wolves,2026-02-18,H,Arsenal,2,2,D,1,27,0.4,0.6,1.8,-1.2,0.4,0.6,0.4,0.4,0.2
E0,Wolves,2026-02-22,A,Crystal Palace,0,1,L,0,28,0.4,0.6,1.6,-1.0,0.4,0.6,0.4,0.4,0.2
E0,Wolves,2026-02-27,H,Aston Villa,2,0,W,3,29,1.0,1.0,1.2,-0.2,0.4,0.6,0.4,0.6,0.4
E0,Wolves,2026-03-03,H,Liverpool,2,1,W,3,30,1.6,1.2,0.8,0.4,0.4,0.6,0.4,0.6,0.4
E0,Wolves,2026-03-16,A,Brentford,2,2,D,1,31,1.6,1.6,1.2,0.4,0.6,0.4,0.6,0.8,0.2
E1,Birmingham,2025-08-08,H,Ipswich,1,1,D,1,1,1.0,1.0,1.0,0.0,0.0,1.0,1.0,1.0,0.0
E1,Birmingham,2025-08-16,A,Blackburn,2,1,W,3,2,2.0,1.5,1.0,0.5,0.5,0.5,1.0,1.0,0.0
E1,Birmingham,2025-08-23,H,Oxford,1,0,W,3,3,2.3333333333333335,1.3333333333333333,0.6666666666666666,0.6666666666666666,0.3333333333333333,0.6666666666666666,0.6666666666666666,1.0,0.3333333333333333
E1,Birmingham,2025-08-29,A,Leicester,0,2,L,0,4,1.75,1.0,1.0,0.0,0.25,0.75,0.5,0.75,0.25
E1,Birmingham,2025-09-13,A,Stoke,0,1,L,0,5,1.4,0.8,1.0,-0.2,0.2,0.8,0.4,0.6,0.2
E1,Birmingham,2025-09-20,H,Swansea,1,0,W,3,6,1.8,0.8,0.8,0.0,0.2,0.8,0.2,0.6,0.4
E1,Birmingham,2025-09-27,A,Coventry,0,3,L,0,7,1.2,0.4,1.2,-0.8,0.2,0.8,0.0,0.4,0.4
E1,Birmingham,2025-09-30,H,Sheffield Weds,2,2,D,1,8,0.8,0.6,1.6,-1.0,0.4,0.6,0.2,0.4,0.2
E1,Birmingham,2025-10-03,A,Wrexham,1,1,D,1,9,1.0,0.8,1.4,-0.6,0.4,0.6,0.4,0.6,0.2
E1,Birmingham,2025-10-18,H,Hull,2,3,L,0,10,1.0,1.2,1.8,-0.6,0.6,0.4,0.6,0.8,0.2
E1,Birmingham,2025-10-21,A,Preston,1,0,W,3,11,1.0,1.2,1.8,-0.6,0.6,0.4,0.6,0.8,0.2
E1,Birmingham,2025-10-25,A,Bristol City,0,1,L,0,12,1.0,1.2,1.4,-0.2,0.4,0.6,0.6,0.8,0.2
E1,Birmingham,2025-11-01,H,Portsmouth,4,0,W,3,13,1.4,1.6,1.0,0.6,0.4,0.6,0.4,0.8,0.4
E1,Birmingham,2025-11-04,H,Millwall,4,0,W,3,14,1.8,2.2,0.8,1.4,0.6,0.4,0.2,0.8,0.6
E1,Birmingham,2025-11-08,A,Middlesbrough,1,2,L,0,15,1.8,2.0,0.6,1.4,0.6,0.4,0.2,0.8,0.6
E1,Birmingham,2025-11-22,H,Norwich,4,1,W,3,16,1.8,2.6,0.8,1.8,0.8,0.2,0.4,0.8,0.4
E1,Birmingham,2025-11-26,A,West Brom,1,1,D,1,17,2.0,2.8,0.8,2.0,0.8,0.2,0.6,1.0,0.4
E1,Birmingham,2025-12-01,H,Watford,2,1,W,3,18,2.0,2.4,1.0,1.4,0.8,0.2,0.8,1.0,0.2
E1,Birmingham,2025-12-06,A,Southampton,1,3,L,0,19,1.4,1.8,1.6,0.2,0.8,0.2,1.0,1.0,0.0
E1,Birmingham,2025-12-09,A,QPR,1,2,L,0,20,1.4,1.8,1.6,0.2,0.8,0.2,1.0,1.0,0.0
E1,Birmingham,2025-12-13,H,Charlton,1,1,D,1,21,1.0,1.2,1.6,-0.4,0.6,0.4,1.0,1.0,0.0
E1,Birmingham,2025-12-20,A,Sheffield United,0,3,L,0,22,0.8,1.0,2.0,-1.0,0.8,0.2,0.8,0.8,0.0
E1,Birmingham,2025-12-26,H,Derby,1,1,D,1,23,0.4,0.8,2.0,-1.2,0.6,0.4,0.8,0.8,0.0
E1,Birmingham,2025-12-29,H,Southampton,1,1,D,1,24,0.6,0.8,1.6,-0.8,0.4,0.6,0.8,0.8,0.0
E1,Birmingham,2026-01-01,A,Watford,0,3,L,0,25,0.6,0.6,1.8,-1.2,0.4,0.6,0.6,0.6,0.0
E1,Birmingham,2026-01-04,H,Coventry,3,2,W,3,26,1.0,1.0,2.0,-1.0,0.6,0.4,0.6,0.6,0.0
E1,Birmingham,2026-01-17,A,Swansea,1,1,D,1,27,1.2,1.2,1.6,-0.4,0.4,0.6,0.8,0.8,0.0
E1,Birmingham,2026-01-20,A,Sheffield Weds,2,0,W,3,28,1.6,1.4,1.4,0.0,0.4,0.6,0.6,0.8,0.2
E1,Birmingham,2026-01-24,H,Stoke,1,1,D,1,29,1.6,1.4,1.4,0.0,0.4,0.6,0.6,0.8,0.2
E1,Birmingham,2026-01-31,A,Oxford,2,0,W,3,30,2.2,1.8,0.8,1.0,0.2,0.8,0.6,1.0,0.4
E1,Birmingham,2026-02-07,H,Leicester,2,1,W,3,31,2.2,1.6,0.6,1.0,0.2,0.8,0.6,1.0,0.4
E1,Birmingham,2026-02-10,H,West Brom,0,0,D,1,32,2.2,1.4,0.4,1.0,0.2,0.8,0.4,0.8,0.6
E1,Birmingham,2026-02-21,A,Norwich,2,1,W,3,33,2.2,1.4,0.6,0.8,0.4,0.6,0.6,0.8,0.4
E1,Birmingham,2026-02-25,A,Millwall,0,3,L,0,34,2.0,1.2,1.0,0.2,0.6,0.4,0.4,0.6,0.4
E1,Birmingham,2026-03-02,H,Middlesbrough,1,3,L,0,35,1.4,1.0,1.6,-0.6,0.8,0.2,0.6,0.6,0.2
E1,Birmingham,2026-03-07,A,Charlton,0,1,L,0,36,0.8,0.6,1.6,-1.0,0.6,0.4,0.4,0.4,0.2
E1,Birmingham,2026-03-11,H,QPR,1,0,W,3,37,1.2,0.8,1.6,-0.8,0.6,0.4,0.4,0.6,0.2
E1,Birmingham,2026-03-14,H,Sheffield United,1,1,D,1,38,0.8,0.6,1.6,-1.0,0.4,0.6,0.4,0.6,0.2
E1,Birmingham,2026-03-21,A,Derby,0,1,L,0,39,0.8,0.6,1.2,-0.6,0.2,0.8,0.4,0.6,0.2
E1,Birmingham,2026-04-03,H,Blackburn,0,1,L,0,40,0.8,0.4,0.8,-0.4,0.0,1.0,0.2,0.4,0.2
E1,Birmingham,2026-04-06,A,Ipswich,1,2,L,0,41,0.8,0.6,1.0,-0.4,0.2,0.8,0.4,0.6,0.2
E1,Blackburn,2025-08-09,A,West Brom,0,1,L,0,1,0.0,0.0,1.0,-1.0,0.0,1.0,0.0,0.0,0.0
E1,Blackburn,2025-08-16,H,Birmingham,1,2,L,0,2,0.0,0.5,1.5,-1.0,0.5,0.5,0.5,0.5,0.0
E1,Blackburn,2025-08-23,A,Hull,3,0,W,3,3,1.0,1.3333333333333333,1.0,0.3333333333333333,0.6666666666666666,0.3333333333333333,0.3333333333333333,0.6666666666666666,0.3333333333333333
E1,Blackburn,2025-08-30,H,Norwich,0,2,L,0,4,0.75,1.0,1.25,-0.25,0.5,0.5,0.25,0.5,0.25
E1,Blackburn,2025-09-13,A,Watford,1,0,W,3,5,1.2,1.0,1.0,0.0,0.4,0.6,0.2,0.6,0.4
E1,Blackburn,2025-09-27,A,Charlton,0,3,L,0,6,1.2,1.0,1.4,-0.4,0.6,0.4,0.2,0.6,0.4
E1,Blackburn,2025-09-30,H,Swansea,1,2,L,0,7,1.2,1.0,1.4,-0.4,0.6,0.4,0.2,0.6,0.4
E1,Blackburn,2025-10-04,H,Stoke,1,1,D,1,8,0.8,0.6,1.6,-1.0,0.4,0.6,0.4,0.6,0.2
E1,Blackburn,2025-10-18,A,Coventry,0,2,L,0,9,0.8,0.6,1.6,-1.0,0.4,0.6,0.4,0.6,0.2
E1,Blackburn,2025-10-21,H,Sheffield United,1,3,L,0,10,0.2,0.6,2.2,-1.6,0.6,0.4,0.6,0.6,0.0
E1,Blackburn,2025-10-25,H,Southampton,2,1,W,3,11,0.8,1.0,1.8,-0.8,0.6,0.4,0.8,0.8,0.0
E1,Blackburn,2025-11-01,A,Leicester,2,0,W,3,12,1.4,1.2,1.4,-0.2,0.4,0.6,0.6,0.8,0.2
E1,Blackburn,2025-11-04,A,Bristol City,1,0,W,3,13,1.8,1.2,1.2,0.0,0.4,0.6,0.4,0.8,0.4
E1,Blackburn,2025-11-08,H,Derby,1,2,L,0,14,1.8,1.4,1.2,0.2,0.6,0.4,0.6,1.0,0.4
E1,Blackburn,2025-11-21,A,Preston,2,1,W,3,15,2.4,1.6,0.8,0.8,0.6,0.4,0.6,1.0,0.4
E1,Blackburn,2025-11-26,H,QPR,0,1,L,0,16,1.8,1.2,0.8,0.4,0.4,0.6,0.4,0.8,0.4
E1,Blackburn,2025-11-29,A,Wrexham,1,1,D,1,17,1.4,1.0,1.0,0.0,0.4,0.6,0.6,0.8,0.2
E1,Blackburn,2025-12-02,H,Ipswich,1,1,D,1,18,1.0,1.0,1.2,-0.2,0.4,0.6,0.8,0.8,0.0
E1,Blackburn,2025-12-09,H,Oxford,1,1,D,1,19,1.2,1.0,1.0,0.0,0.2,0.8,0.8,0.8,0.0
E1,Blackburn,2025-12-13,A,Portsmouth,1,2,L,0,20,0.6,0.8,1.2,-0.4,0.2,0.8,0.8,0.8,0.0
E1,Blackburn,2025-12-20,H,Millwall,2,0,W,3,21,1.2,1.2,1.0,0.2,0.2,0.8,0.8,1.0,0.2
E1,Blackburn,2025-12-26,A,Middlesbrough,0,0,D,1,22,1.2,1.0,0.8,0.2,0.2,0.8,0.6,0.8,0.4
E1,Blackburn,2025-12-29,A,Sheffield Weds,0,0,D,1,23,1.2,0.8,0.6,0.2,0.2,0.8,0.4,0.6,0.6
E1,Blackburn,2026-01-01,H,Wrexham,0,2,L,0,24,1.0,0.6,0.8,-0.2,0.2,0.8,0.2,0.4,0.6
E1,Blackburn,2026-01-04,H,Charlton,2,2,D,1,25,1.2,0.8,0.8,0.0,0.2,0.8,0.2,0.4,0.6
E1,Blackburn,2026-01-17,A,Ipswich,0,3,L,0,26,0.6,0.4,1.4,-1.0,0.4,0.6,0.2,0.2,0.4
E1,Blackburn,2026-01-20,A,Swansea,1,3,L,0,27,0.4,0.6,2.0,-1.4,0.6,0.4,0.4,0.4,0.2
E1,Blackburn,2026-01-24,H,Watford,1,1,D,1,28,0.4,0.8,2.2,-1.4,0.6,0.4,0.6,0.6,0.0
E1,Blackburn,2026-01-31,H,Hull,0,1,L,0,29,0.4,0.8,2.0,-1.2,0.6,0.4,0.6,0.6,0.0
E1,Blackburn,2026-02-03,H,Sheffield Weds,1,0,W,3,30,0.8,0.6,1.6,-1.0,0.4,0.6,0.4,0.6,0.2
E1,Blackburn,2026-02-07,A,Norwich,0,2,L,0,31,0.8,0.6,1.4,-0.8,0.2,0.8,0.4,0.6,0.2
E1,Blackburn,2026-02-14,A,QPR,3,1,W,3,32,1.4,1.0,1.0,0.0,0.2,0.8,0.4,0.6,0.2
E1,Blackburn,2026-02-20,H,Preston,1,0,W,3,33,1.8,1.0,0.8,0.2,0.2,0.8,0.2,0.6,0.4
E1,Blackburn,2026-02-24,H,Bristol City,1,2,L,0,34,1.8,1.2,1.0,0.2,0.4,0.6,0.4,0.8,0.4
E1,Blackburn,2026-02-28,A,Derby,1,3,L,0,35,1.2,1.2,1.6,-0.4,0.6,0.4,0.6,0.8,0.2
E1,Blackburn,2026-03-07,H,Portsmouth,1,1,D,1,36,1.4,1.4,1.4,0.0,0.6,0.4,0.8,1.0,0.2
E1,Blackburn,2026-03-11,A,Oxford,0,1,L,0,37,0.8,0.8,1.4,-0.6,0.4,0.6,0.6,0.8,0.2
E1,Blackburn,2026-03-14,A,Millwall,2,1,W,3,38,0.8,1.0,1.6,-0.6,0.6,0.4,0.8,0.8,0.0
E1,Blackburn,2026-03-21,H,Middlesbrough,0,0,D,1,39,1.0,0.8,1.2,-0.4,0.4,0.6,0.6,0.6,0.2
E1,Blackburn,2026-04-03,A,Birmingham,1,0,W,3,40,1.6,0.8,0.6,0.2,0.2,0.8,0.4,0.6,0.4
E1,Blackburn,2026-04-06,H,West Brom,0,0,D,1,41,1.6,0.6,0.4,0.2,0.2,0.8,0.2,0.4,0.6
E1,Bristol City,2025-08-09,A,Sheffield United,4,1,W,3,1,3.0,4.0,1.0,3.0,1.0,0.0,1.0,1.0,0.0
E1,Bristol City,2025-08-16,H,Charlton,0,0,D,1,2,2.0,2.0,0.5,1.5,0.5,0.5,0.5,0.5,0.5
E1,Bristol City,2025-08-22,A,Derby,1,1,D,1,3,1.6666666666666667,1.6666666666666667,0.6666666666666666,1.0,0.3333333333333333,0.6666666666666666,0.6666666666666666,0.6666666666666666,0.3333333333333333
E1,Bristol City,2025-08-30,H,Hull,4,2,W,3,4,2.0,2.25,1.0,1.25,0.5,0.5,0.75,0.75,0.25
E1,Bristol City,2025-09-13,A,Sheffield Weds,3,0,W,3,5,2.2,2.4,0.8,1.6,0.6,0.4,0.6,0.8,0.4
E1,Bristol City,2025-09-21,H,Oxford,1,3,L,0,6,1.6,1.8,1.2,0.6,0.6,0.4,0.6,0.8,0.4
E1,Bristol City,2025-09-27,A,Preston,0,0,D,1,7,1.6,1.8,1.2,0.6,0.6,0.4,0.6,0.8,0.4
E1,Bristol City,2025-09-30,H,Ipswich,1,1,D,1,8,1.6,1.8,1.2,0.6,0.6,0.4,0.6,0.8,0.4
E1,Bristol City,2025-10-04,H,QPR,1,2,L,0,9,1.0,1.2,1.2,0.0,0.6,0.4,0.6,0.8,0.4
E1,Bristol City,2025-10-18,A,Norwich,1,0,W,3,10,1.0,0.8,1.2,-0.4,0.4,0.6,0.6,0.8,0.4
E1,Bristol City,2025-10-21,H,Southampton,3,1,W,3,11,1.6,1.2,0.8,0.4,0.4,0.6,0.6,0.8,0.4
E1,Bristol City,2025-10-25,H,Birmingham,1,0,W,3,12,2.0,1.4,0.8,0.6,0.4,0.6,0.6,1.0,0.4
E1,Bristol City,2025-11-01,A,Stoke,1,5,L,0,13,1.8,1.4,1.6,-0.2,0.6,0.4,0.6,1.0,0.4
E1,Bristol City,2025-11-04,H,Blackburn,0,1,L,0,14,1.8,1.2,1.4,-0.2,0.4,0.6,0.4,0.8,0.4
E1,Bristol City,2025-11-07,A,Watford,1,1,D,1,15,1.4,1.2,1.6,-0.4,0.4,0.6,0.6,0.8,0.2
E1,Bristol City,2025-11-22,H,Swansea,3,0,W,3,16,1.4,1.2,1.4,-0.2,0.4,0.6,0.4,0.8,0.4
E1,Bristol City,2025-11-26,A,Wrexham,0,2,L,0,17,0.8,1.0,1.8,-0.8,0.4,0.6,0.4,0.6,0.2
E1,Bristol City,2025-11-29,A,Portsmouth,1,0,W,3,18,1.4,1.0,0.8,0.2,0.2,0.8,0.2,0.6,0.4
E1,Bristol City,2025-12-06,H,Millwall,0,1,L,0,19,1.4,1.0,0.8,0.2,0.2,0.8,0.2,0.6,0.4
E1,Bristol City,2025-12-10,H,Leicester,2,2,D,1,20,1.4,1.2,1.0,0.2,0.4,0.6,0.2,0.6,0.4
E1,Bristol City,2025-12-13,A,Coventry,0,1,L,0,21,0.8,0.6,1.2,-0.6,0.2,0.8,0.2,0.4,0.2
E1,Bristol City,2025-12-20,H,Middlesbrough,2,0,W,3,22,1.4,1.0,0.8,0.2,0.2,0.8,0.2,0.6,0.4
E1,Bristol City,2025-12-26,A,West Brom,2,1,W,3,23,1.4,1.2,1.0,0.2,0.4,0.6,0.4,0.6,0.2
E1,Bristol City,2025-12-29,A,Millwall,1,2,L,0,24,1.4,1.4,1.2,0.2,0.6,0.4,0.6,0.8,0.2
E1,Bristol City,2026-01-01,H,Portsmouth,5,0,W,3,25,1.8,2.0,0.8,1.2,0.6,0.4,0.4,0.8,0.4
E1,Bristol City,2026-01-04,H,Preston,0,2,L,0,26,1.8,2.0,1.0,1.0,0.6,0.4,0.4,0.8,0.4
E1,Bristol City,2026-01-17,A,Oxford,0,0,D,1,27,1.4,1.6,1.0,0.6,0.6,0.4,0.4,0.6,0.4
E1,Bristol City,2026-01-20,A,Ipswich,0,2,L,0,28,0.8,1.2,1.2,0.0,0.4,0.6,0.2,0.4,0.4
E1,Bristol City,2026-01-24,H,Sheffield Weds,2,0,W,3,29,1.4,1.4,0.8,0.6,0.2,0.8,0.0,0.4,0.6
E1,Bristol City,2026-01-30,H,Derby,0,5,L,0,30,0.8,0.4,1.8,-1.4,0.2,0.8,0.0,0.2,0.4
E1,Bristol City,2026-02-07,A,Hull,3,2,W,3,31,1.4,1.0,1.8,-0.8,0.4,0.6,0.2,0.4,0.4
E1,Bristol City,2026-02-17,H,Wrexham,2,2,D,1,32,1.4,1.4,2.2,-0.8,0.6,0.4,0.4,0.6,0.2
E1,Bristol City,2026-02-21,A,Swansea,0,1,L,0,33,1.4,1.4,2.0,-0.6,0.6,0.4,0.4,0.6,0.2
E1,Bristol City,2026-02-24,A,Blackburn,2,1,W,3,34,1.4,1.4,2.2,-0.8,0.8,0.2,0.6,0.6,0.0
E1,Bristol City,2026-02-27,H,Watford,1,2,L,0,35,1.4,1.6,1.6,0.0,0.8,0.2,0.8,0.8,0.0
E1,Bristol City,2026-03-07,H,Coventry,0,2,L,0,36,0.8,1.0,1.6,-0.6,0.6,0.4,0.6,0.6,0.0
E1,Bristol City,2026-03-10,A,Leicester,0,2,L,0,37,0.6,0.6,1.6,-1.0,0.4,0.6,0.4,0.4,0.0
E1,Bristol City,2026-03-14,A,Middlesbrough,1,1,D,1,38,0.8,0.8,1.6,-0.8,0.4,0.6,0.6,0.6,0.0
E1,Bristol City,2026-03-21,H,West Brom,0,1,L,0,39,0.2,0.4,1.6,-1.2,0.2,0.8,0.4,0.4,0.0
E1,Bristol City,2026-04-03,A,Charlton,2,1,W,3,40,0.8,0.6,1.4,-0.8,0.2,0.8,0.4,0.4,0.0
E1,Bristol City,2026-04-06,H,Sheffield United,1,0,W,3,41,1.4,0.8,1.0,-0.2,0.2,0.8,0.4,0.6,0.2
E1,Charlton,2025-08-09,H,Watford,1,0,W,3,1,3.0,1.0,0.0,1.0,0.0,1.0,0.0,1.0,1.0
E1,Charlton,2025-08-16,A,Bristol City,0,0,D,1,2,2.0,0.5,0.0,0.5,0.0,1.0,0.0,0.5,1.0
E1,Charlton,2025-08-23,H,Leicester,0,1,L,0,3,1.3333333333333333,0.3333333333333333,0.3333333333333333,0.0,0.0,1.0,0.0,0.3333333333333333,0.6666666666666666
E1,Charlton,2025-08-30,A,QPR,1,3,L,0,4,1.0,0.5,1.0,-0.5,0.25,0.75,0.25,0.5,0.5
E1,Charlton,2025-09-13,H,Millwall,1,1,D,1,5,1.0,0.6,1.0,-0.4,0.2,0.8,0.4,0.6,0.4
E1,Charlton,2025-09-20,A,Sheffield United,1,0,W,3,6,1.0,0.6,1.0,-0.4,0.2,0.8,0.4,0.6,0.4
E1,Charlton,2025-09-27,H,Blackburn,3,0,W,3,7,1.4,1.2,1.0,0.2,0.4,0.6,0.4,0.8,0.4
E1,Charlton,2025-09-30,A,Derby,1,1,D,1,8,1.6,1.4,1.0,0.4,0.4,0.6,0.6,1.0,0.4
E1,Charlton,2025-10-04,A,Preston,0,2,L,0,9,1.6,1.2,0.8,0.4,0.2,0.8,0.4,0.8,0.4
E1,Charlton,2025-10-18,H,Sheffield Weds,2,1,W,3,10,2.0,1.4,0.8,0.6,0.4,0.6,0.4,0.8,0.4
E1,Charlton,2025-10-21,A,Ipswich,3,0,W,3,11,2.0,1.8,0.8,1.0,0.6,0.4,0.4,0.8,0.4
E1,Charlton,2025-10-25,A,Hull,1,1,D,1,12,1.6,1.4,1.0,0.4,0.4,0.6,0.6,0.8,0.2
E1,Charlton,2025-11-01,H,Swansea,1,1,D,1,13,1.6,1.4,1.0,0.4,0.4,0.6,0.6,0.8,0.2
E1,Charlton,2025-11-04,H,West Brom,1,0,W,3,14,2.2,1.6,0.6,1.0,0.4,0.6,0.6,1.0,0.4
E1,Charlton,2025-11-08,A,Wrexham,0,1,L,0,15,1.6,1.2,0.6,0.6,0.2,0.8,0.4,0.8,0.4
E1,Charlton,2025-11-22,H,Southampton,1,5,L,0,16,1.0,0.8,1.6,-0.8,0.2,0.8,0.6,0.8,0.2
E1,Charlton,2025-11-25,A,Stoke,0,3,L,0,17,0.8,0.6,2.0,-1.4,0.4,0.6,0.4,0.6,0.2
E1,Charlton,2025-11-29,A,Coventry,1,3,L,0,18,0.6,0.6,2.4,-1.8,0.6,0.4,0.4,0.6,0.2
E1,Charlton,2025-12-09,H,Middlesbrough,1,2,L,0,19,0.0,0.6,2.8,-2.2,0.8,0.2,0.6,0.6,0.0
E1,Charlton,2025-12-13,A,Birmingham,1,1,D,1,20,0.2,0.8,2.8,-2.0,0.8,0.2,0.8,0.8,0.0
E1,Charlton,2025-12-20,H,Oxford,1,0,W,3,21,0.8,0.8,1.8,-1.0,0.6,0.4,0.6,0.8,0.2
E1,Charlton,2025-12-26,A,Norwich,0,1,L,0,22,0.8,0.8,1.4,-0.6,0.4,0.6,0.6,0.8,0.2
E1,Charlton,2025-12-29,A,Portsmouth,1,2,L,0,23,0.8,0.8,1.2,-0.4,0.4,0.6,0.6,0.8,0.2
E1,Charlton,2026-01-01,H,Coventry,1,1,D,1,24,1.0,0.8,1.0,-0.2,0.2,0.8,0.6,0.8,0.2
E1,Charlton,2026-01-04,A,Blackburn,2,2,D,1,25,1.0,1.0,1.2,-0.2,0.4,0.6,0.6,0.8,0.2
E1,Charlton,2026-01-17,H,Sheffield United,1,0,W,3,26,1.0,1.0,1.2,-0.2,0.4,0.6,0.6,0.8,0.2
E1,Charlton,2026-01-20,H,Derby,1,2,L,0,27,1.0,1.2,1.4,-0.2,0.6,0.4,0.8,1.0,0.2
E1,Charlton,2026-01-24,A,Millwall,0,4,L,0,28,1.0,1.0,1.8,-0.8,0.6,0.4,0.6,0.8,0.2
E1,Charlton,2026-01-31,A,Leicester,2,0,W,3,29,1.4,1.2,1.6,-0.4,0.6,0.4,0.4,0.8,0.4
E1,Charlton,2026-02-06,H,QPR,0,0,D,1,30,1.4,0.8,1.2,-0.4,0.4,0.6,0.2,0.6,0.6
E1,Charlton,2026-02-11,H,Stoke,1,0,W,3,31,1.4,0.8,1.2,-0.4,0.4,0.6,0.2,0.6,0.6
E1,Charlton,2026-02-17,H,Portsmouth,1,3,L,0,32,1.4,0.8,1.4,-0.6,0.4,0.6,0.2,0.6,0.6
E1,Charlton,2026-02-21,A,Southampton,1,1,D,1,33,1.6,1.0,0.8,0.2,0.2,0.8,0.4,0.8,0.6
E1,Charlton,2026-02-24,A,West Brom,1,1,D,1,34,1.2,0.8,1.0,-0.2,0.2,0.8,0.6,0.8,0.4
E1,Charlton,2026-02-28,H,Wrexham,0,1,L,0,35,1.0,0.8,1.2,-0.4,0.2,0.8,0.6,0.8,0.2
E1,Charlton,2026-03-07,H,Birmingham,1,0,W,3,36,1.0,0.8,1.2,-0.4,0.2,0.8,0.6,0.8,0.2
E1,Charlton,2026-03-11,A,Middlesbrough,1,0,W,3,37,1.6,0.8,0.6,0.2,0.0,1.0,0.4,0.8,0.4
E1,Charlton,2026-03-14,A,Oxford,1,1,D,1,38,1.6,0.8,0.6,0.2,0.0,1.0,0.4,0.8,0.4
E1,Charlton,2026-03-21,H,Norwich,0,1,L,0,39,1.4,0.6,0.6,0.0,0.0,1.0,0.2,0.6,0.4
E1,Charlton,2026-04-03,H,Bristol City,1,2,L,0,40,1.4,0.8,0.8,0.0,0.2,0.8,0.4,0.8,0.4
E1,Charlton,2026-04-06,A,Watford,1,1,D,1,41,1.0,0.8,1.0,-0.2,0.2,0.8,0.6,0.8,0.2
E1,Coventry,2025-08-09,H,Hull,0,0,D,1,1,1.0,0.0,0.0,0.0,0.0,1.0,0.0,0.0,1.0
E1,Coventry,2025-08-16,A,Derby,5,3,W,3,2,2.0,2.5,1.5,1.0,0.5,0.5,0.5,0.5,0.5
E1,Coventry,2025-08-23,H,QPR,7,1,W,3,3,2.3333333333333335,4.0,1.3333333333333333,2.6666666666666665,0.6666666666666666,0.3333333333333333,0.6666666666666666,0.6666666666666666,0.3333333333333333
E1,Coventry,2025-08-30,A,Oxford,2,2,D,1,4,2.0,3.5,1.5,2.0,0.75,0.25,0.75,0.75,0.25
E1,Coventry,2025-09-13,H,Norwich,1,1,D,1,5,1.8,3.0,1.4,1.6,0.6,0.4,0.8,0.8,0.2
E1,Coventry,2025-09-20,A,Leicester,0,0,D,1,6,1.8,3.0,1.4,1.6,0.6,0.4,0.8,0.8,0.2
E1,Coventry,2025-09-27,H,Birmingham,3,0,W,3,7,1.8,2.6,0.8,1.8,0.6,0.4,0.6,0.8,0.4
E1,Coventry,2025-10-01,A,Millwall,4,0,W,3,8,1.8,2.0,0.6,1.4,0.6,0.4,0.4,0.8,0.6
E1,Coventry,2025-10-04,A,Sheffield Weds,5,0,W,3,9,2.2,2.6,0.2,2.4,0.6,0.4,0.2,0.8,0.8
E1,Coventry,2025-10-18,H,Blackburn,2,0,W,3,10,2.6,2.8,0.0,2.8,0.6,0.4,0.0,0.8,1.0
E1,Coventry,2025-10-21,A,Portsmouth,2,1,W,3,11,3.0,3.2,0.2,3.0,0.8,0.2,0.2,1.0,0.8
E1,Coventry,2025-10-25,H,Watford,3,1,W,3,12,3.0,3.2,0.4,2.8,0.8,0.2,0.4,1.0,0.6
E1,Coventry,2025-10-31,A,Wrexham,2,3,L,0,13,2.4,2.8,1.0,1.8,0.8,0.2,0.6,1.0,0.4
E1,Coventry,2025-11-04,H,Sheffield United,3,1,W,3,14,2.4,2.4,1.2,1.2,0.8,0.2,0.8,1.0,0.2
E1,Coventry,2025-11-08,A,Stoke,1,0,W,3,15,2.4,2.2,1.2,1.0,0.8,0.2,0.8,1.0,0.2
E1,Coventry,2025-11-22,H,West Brom,3,2,W,3,16,2.4,2.4,1.4,1.0,0.8,0.2,0.8,1.0,0.2
E1,Coventry,2025-11-25,A,Middlesbrough,4,2,W,3,17,2.4,2.6,1.6,1.0,0.8,0.2,0.8,1.0,0.2
E1,Coventry,2025-11-29,H,Charlton,3,1,W,3,18,3.0,2.8,1.2,1.6,0.8,0.2,0.8,1.0,0.2
E1,Coventry,2025-12-06,A,Ipswich,0,3,L,0,19,2.4,2.2,1.6,0.6,0.8,0.2,0.6,0.8,0.2
E1,Coventry,2025-12-09,A,Preston,1,1,D,1,20,2.0,2.2,1.8,0.4,0.8,0.2,0.8,0.8,0.0
E1,Coventry,2025-12-13,H,Bristol City,1,0,W,3,21,2.0,1.8,1.4,0.4,0.6,0.4,0.6,0.8,0.2
E1,Coventry,2025-12-20,A,Southampton,1,1,D,1,22,1.6,1.2,1.2,0.0,0.4,0.6,0.6,0.8,0.2
E1,Coventry,2025-12-26,H,Swansea,1,0,W,3,23,1.6,0.8,1.0,-0.2,0.2,0.8,0.4,0.8,0.4
E1,Coventry,2025-12-29,H,Ipswich,0,2,L,0,24,1.6,0.8,0.8,0.0,0.0,1.0,0.4,0.8,0.4
E1,Coventry,2026-01-01,A,Charlton,1,1,D,1,25,1.6,0.8,0.8,0.0,0.0,1.0,0.4,0.8,0.4
E1,Coventry,2026-01-04,A,Birmingham,2,3,L,0,26,1.0,1.0,1.4,-0.4,0.2,0.8,0.6,0.8,0.2
E1,Coventry,2026-01-17,H,Leicester,2,1,W,3,27,1.4,1.2,1.4,-0.2,0.4,0.6,0.6,0.8,0.2
E1,Coventry,2026-01-20,H,Millwall,2,1,W,3,28,1.4,1.4,1.6,-0.2,0.6,0.4,0.8,0.8,0.0
E1,Coventry,2026-01-26,A,Norwich,1,2,L,0,29,1.4,1.6,1.6,0.0,0.8,0.2,1.0,1.0,0.0
E1,Coventry,2026-01-31,A,QPR,1,2,L,0,30,1.2,1.6,1.8,-0.2,1.0,0.0,1.0,1.0,0.0
E1,Coventry,2026-02-07,H,Oxford,0,0,D,1,31,1.4,1.2,1.2,0.0,0.8,0.2,0.8,0.8,0.2
E1,Coventry,2026-02-16,H,Middlesbrough,3,1,W,3,32,1.4,1.4,1.2,0.2,0.8,0.2,0.8,0.8,0.2
E1,Coventry,2026-02-21,A,West Brom,2,0,W,3,33,1.4,1.4,1.0,0.4,0.6,0.4,0.6,0.8,0.4
E1,Coventry,2026-02-25,A,Sheffield United,2,1,W,3,34,2.0,1.6,0.8,0.8,0.6,0.4,0.6,0.8,0.4
E1,Coventry,2026-02-28,H,Stoke,2,1,W,3,35,2.6,1.8,0.6,1.2,0.6,0.4,0.6,0.8,0.4
E1,Coventry,2026-03-07,A,Bristol City,2,0,W,3,36,3.0,2.2,0.6,1.6,0.6,0.4,0.6,1.0,0.4
E1,Coventry,2026-03-11,H,Preston,3,0,W,3,37,3.0,2.2,0.4,1.8,0.6,0.4,0.4,1.0,0.6
E1,Coventry,2026-03-14,H,Southampton,1,2,L,0,38,2.4,2.0,0.8,1.2,0.8,0.2,0.6,1.0,0.4
E1,Coventry,2026-03-21,A,Swansea,3,0,W,3,39,2.4,2.2,0.6,1.6,0.8,0.2,0.4,1.0,0.6
E1,Coventry,2026-04-03,H,Derby,3,2,W,3,40,2.4,2.4,0.8,1.6,0.8,0.2,0.4,1.0,0.6
E1,Coventry,2026-04-06,A,Hull,0,0,D,1,41,2.0,2.0,0.8,1.2,0.8,0.2,0.4,0.8,0.6
E1,Derby,2025-08-09,A,Stoke,1,3,L,0,1,0.0,1.0,3.0,-2.0,1.0,0.0,1.0,1.0,0.0
E1,Derby,2025-08-16,H,Coventry,3,5,L,0,2,0.0,2.0,4.0,-2.0,1.0,0.0,1.0,1.0,0.0
E1,Derby,2025-08-22,H,Bristol City,1,1,D,1,3,0.3333333333333333,1.6666666666666667,3.0,-1.3333333333333333,0.6666666666666666,0.3333333333333333,1.0,1.0,0.0
E1,Derby,2025-08-30,A,Ipswich,2,2,D,1,4,0.5,1.75,2.75,-1.0,0.75,0.25,1.0,1.0,0.0
E1,Derby,2025-09-13,A,West Brom,1,0,W,3,5,1.0,1.6,2.2,-0.6,0.6,0.4,0.8,1.0,0.2
E1,Derby,2025-09-20,H,Preston,0,1,L,0,6,1.0,1.4,1.8,-0.4,0.4,0.6,0.6,0.8,0.2
E1,Derby,2025-09-27,A,Wrexham,1,1,D,1,7,1.2,1.0,1.0,0.0,0.2,0.8,0.6,0.8,0.2
E1,Derby,2025-09-30,H,Charlton,1,1,D,1,8,1.2,1.0,1.0,0.0,0.2,0.8,0.6,0.8,0.2
E1,Derby,2025-10-04,H,Southampton,1,1,D,1,9,1.2,0.8,0.8,0.0,0.0,1.0,0.6,0.8,0.2
E1,Derby,2025-10-18,A,Oxford,0,1,L,0,10,0.6,0.6,1.0,-0.4,0.0,1.0,0.6,0.6,0.0
E1,Derby,2025-10-21,H,Norwich,1,0,W,3,11,1.2,0.8,0.8,0.0,0.0,1.0,0.6,0.8,0.2
E1,Derby,2025-10-25,H,QPR,1,0,W,3,12,1.6,0.8,0.6,0.2,0.0,1.0,0.4,0.8,0.4
E1,Derby,2025-11-01,A,Sheffield United,3,1,W,3,13,2.0,1.2,0.6,0.6,0.2,0.8,0.4,0.8,0.4
E1,Derby,2025-11-04,H,Hull,2,1,W,3,14,2.4,1.4,0.6,0.8,0.4,0.6,0.4,0.8,0.4
E1,Derby,2025-11-08,A,Blackburn,2,1,W,3,15,3.0,1.8,0.6,1.2,0.6,0.4,0.6,1.0,0.4
E1,Derby,2025-11-22,H,Watford,2,3,L,0,16,2.4,2.0,1.2,0.8,0.8,0.2,0.8,1.0,0.2
E1,Derby,2025-11-25,A,Swansea,2,1,W,3,17,2.4,2.2,1.4,0.8,1.0,0.0,1.0,1.0,0.0
E1,Derby,2025-11-29,A,Middlesbrough,1,2,L,0,18,1.8,1.8,1.6,0.2,1.0,0.0,1.0,1.0,0.0
E1,Derby,2025-12-06,H,Leicester,1,3,L,0,19,1.2,1.6,2.0,-0.4,1.0,0.0,1.0,1.0,0.0
E1,Derby,2025-12-10,H,Millwall,1,1,D,1,20,0.8,1.4,2.0,-0.6,0.8,0.2,1.0,1.0,0.0
E1,Derby,2025-12-15,A,Sheffield Weds,3,0,W,3,21,1.4,1.6,1.4,0.2,0.8,0.2,0.8,1.0,0.2
E1,Derby,2025-12-20,H,Portsmouth,1,1,D,1,22,1.0,1.4,1.4,0.0,0.6,0.4,0.8,1.0,0.2
E1,Derby,2025-12-26,A,Birmingham,1,1,D,1,23,1.2,1.4,1.2,0.2,0.4,0.6,0.8,1.0,0.2
E1,Derby,2025-12-29,A,Leicester,1,2,L,0,24,1.2,1.4,1.0,0.4,0.4,0.6,0.8,1.0,0.2
E1,Derby,2026-01-01,H,Middlesbrough,1,0,W,3,25,1.6,1.4,0.8,0.6,0.4,0.6,0.6,1.0,0.4
E1,Derby,2026-01-04,H,Wrexham,1,2,L,0,26,1.0,1.0,1.2,-0.2,0.4,0.6,0.8,1.0,0.2
E1,Derby,2026-01-17,A,Preston,1,0,W,3,27,1.4,1.0,1.0,0.0,0.4,0.6,0.6,1.0,0.4
E1,Derby,2026-01-20,A,Charlton,2,1,W,3,28,1.8,1.2,1.0,0.2,0.6,0.4,0.6,1.0,0.4
E1,Derby,2026-01-23,H,West Brom,1,1,D,1,29,2.0,1.2,0.8,0.4,0.4,0.6,0.6,1.0,0.4
E1,Derby,2026-01-30,A,Bristol City,5,0,W,3,30,2.0,2.0,0.8,1.2,0.6,0.4,0.6,1.0,0.4
E1,Derby,2026-02-07,H,Ipswich,1,2,L,0,31,2.0,2.0,0.8,1.2,0.6,0.4,0.6,1.0,0.4
E1,Derby,2026-02-14,H,Swansea,2,0,W,3,32,2.0,2.2,0.8,1.4,0.6,0.4,0.6,1.0,0.4
E1,Derby,2026-02-21,A,Watford,0,2,L,0,33,1.4,1.8,1.0,0.8,0.4,0.6,0.4,0.8,0.4
E1,Derby,2026-02-24,A,Hull,2,4,L,0,34,1.2,2.0,1.6,0.4,0.6,0.4,0.4,0.8,0.4
E1,Derby,2026-02-28,H,Blackburn,3,1,W,3,35,1.2,1.6,1.8,-0.2,0.6,0.4,0.6,0.8,0.2
E1,Derby,2026-03-07,H,Sheffield Weds,2,1,W,3,36,1.8,1.8,1.6,0.2,0.6,0.4,0.6,0.8,0.2
E1,Derby,2026-03-10,A,Millwall,0,1,L,0,37,1.2,1.4,1.8,-0.4,0.6,0.4,0.6,0.6,0.0
E1,Derby,2026-03-16,A,Portsmouth,1,0,W,3,38,1.8,1.6,1.4,0.2,0.6,0.4,0.6,0.8,0.2
E1,Derby,2026-03-21,H,Birmingham,1,0,W,3,39,2.4,1.4,0.6,0.8,0.4,0.6,0.4,0.8,0.4
E1,Derby,2026-04-03,A,Coventry,2,3,L,0,40,1.8,1.2,1.0,0.2,0.4,0.6,0.4,0.8,0.4
E1,Derby,2026-04-06,H,Stoke,2,0,W,3,41,1.8,1.2,0.8,0.4,0.2,0.8,0.2,0.8,0.6
E1,Hull,2025-08-09,A,Coventry,0,0,D,1,1,1.0,0.0,0.0,0.0,0.0,1.0,0.0,0.0,1.0
E1,Hull,2025-08-17,H,Oxford,3,2,W,3,2,2.0,1.5,1.0,0.5,0.5,0.5,0.5,0.5,0.5
E1,Hull,2025-08-23,H,Blackburn,0,3,L,0,3,1.3333333333333333,1.0,1.6666666666666667,-0.6666666666666666,0.6666666666666666,0.3333333333333333,0.3333333333333333,0.3333333333333333,0.3333333333333333
E1,Hull,2025-08-30,A,Bristol City,2,4,L,0,4,1.0,1.25,2.25,-1.0,0.75,0.25,0.5,0.5,0.25
E1,Hull,2025-09-13,A,Swansea,2,2,D,1,5,1.0,1.4,2.2,-0.8,0.8,0.2,0.6,0.6,0.2
E1,Hull,2025-09-20,H,Southampton,3,1,W,3,6,1.4,2.0,2.4,-0.4,1.0,0.0,0.8,0.8,0.0
E1,Hull,2025-09-27,A,Watford,1,2,L,0,7,0.8,1.6,2.4,-0.8,1.0,0.0,0.8,0.8,0.0
E1,Hull,2025-09-30,H,Preston,2,2,D,1,8,1.0,2.0,2.2,-0.2,1.0,0.0,1.0,1.0,0.0
E1,Hull,2025-10-04,H,Sheffield United,1,0,W,3,9,1.6,1.8,1.4,0.4,0.8,0.2,0.8,1.0,0.2
E1,Hull,2025-10-18,A,Birmingham,3,2,W,3,10,2.0,2.0,1.4,0.6,0.8,0.2,0.8,1.0,0.2
E1,Hull,2025-10-21,H,Leicester,2,1,W,3,11,2.0,1.8,1.4,0.4,0.8,0.2,0.8,1.0,0.2
E1,Hull,2025-10-25,H,Charlton,1,1,D,1,12,2.2,1.8,1.2,0.6,0.6,0.4,0.8,1.0,0.2
E1,Hull,2025-11-01,A,Norwich,2,0,W,3,13,2.6,1.8,0.8,1.0,0.4,0.6,0.6,1.0,0.4
E1,Hull,2025-11-04,A,Derby,1,2,L,0,14,2.0,1.8,1.2,0.6,0.6,0.4,0.8,1.0,0.2
E1,Hull,2025-11-08,H,Portsmouth,3,2,W,3,15,2.0,1.8,1.2,0.6,0.6,0.4,0.8,1.0,0.2
E1,Hull,2025-11-22,A,QPR,2,3,L,0,16,1.4,1.8,1.6,0.2,0.6,0.4,0.8,1.0,0.2
E1,Hull,2025-11-25,H,Ipswich,0,2,L,0,17,1.2,1.6,1.8,-0.2,0.6,0.4,0.6,0.8,0.2
E1,Hull,2025-11-29,A,Stoke,2,1,W,3,18,1.2,1.6,2.0,-0.4,0.8,0.2,0.8,0.8,0.0
E1,Hull,2025-12-05,H,Middlesbrough,1,4,L,0,19,1.2,1.6,2.4,-0.8,0.8,0.2,0.8,0.8,0.0
E1,Hull,2025-12-10,H,Wrexham,2,0,W,3,20,1.2,1.4,2.0,-0.6,0.6,0.4,0.6,0.8,0.2
E1,Hull,2025-12-13,A,Millwall,3,1,W,3,21,1.8,1.6,1.6,0.0,0.6,0.4,0.6,0.8,0.2
E1,Hull,2025-12-20,H,West Brom,1,0,W,3,22,2.4,1.8,1.2,0.6,0.6,0.4,0.6,1.0,0.4
E1,Hull,2025-12-26,A,Sheffield Weds,2,2,D,1,23,2.0,1.8,1.4,0.4,0.6,0.4,0.6,1.0,0.4
E1,Hull,2025-12-29,A,Middlesbrough,1,0,W,3,24,2.6,1.8,0.6,1.2,0.4,0.6,0.4,1.0,0.6
E1,Hull,2026-01-01,H,Stoke,0,1,L,0,25,2.0,1.4,0.8,0.6,0.4,0.6,0.4,0.8,0.4
E1,Hull,2026-01-17,A,Southampton,2,1,W,3,26,2.0,1.2,0.8,0.4,0.4,0.6,0.4,0.8,0.4
E1,Hull,2026-01-20,A,Preston,3,0,W,3,27,2.0,1.6,0.8,0.8,0.6,0.4,0.4,0.8,0.4
E1,Hull,2026-01-24,H,Swansea,2,1,W,3,28,2.4,1.6,0.6,1.0,0.6,0.4,0.4,0.8,0.4
E1,Hull,2026-01-31,A,Blackburn,1,0,W,3,29,2.4,1.6,0.6,1.0,0.6,0.4,0.4,0.8,0.4
E1,Hull,2026-02-03,H,Watford,0,0,D,1,30,2.6,1.6,0.4,1.2,0.6,0.4,0.4,0.8,0.6
E1,Hull,2026-02-07,H,Bristol City,2,3,L,0,31,2.0,1.6,0.8,0.8,0.6,0.4,0.4,0.8,0.6
E1,Hull,2026-02-21,H,QPR,1,3,L,0,32,1.4,1.2,1.4,-0.2,0.6,0.4,0.6,0.8,0.4
E1,Hull,2026-02-24,H,Derby,4,2,W,3,33,1.4,1.6,1.6,0.0,0.6,0.4,0.6,0.8,0.4
E1,Hull,2026-02-28,A,Portsmouth,1,0,W,3,34,1.4,1.6,1.6,0.0,0.6,0.4,0.6,0.8,0.4
E1,Hull,2026-03-03,A,Ipswich,0,1,L,0,35,1.2,1.6,1.8,-0.2,0.6,0.4,0.6,0.8,0.2
E1,Hull,2026-03-07,H,Millwall,1,3,L,0,36,1.2,1.4,1.8,-0.4,0.6,0.4,0.6,0.8,0.2
E1,Hull,2026-03-10,A,Wrexham,2,1,W,3,37,1.8,1.6,1.4,0.2,0.6,0.4,0.6,0.8,0.2
E1,Hull,2026-03-14,A,West Brom,0,3,L,0,38,1.2,0.8,1.6,-0.8,0.6,0.4,0.4,0.6,0.2
E1,Hull,2026-03-21,H,Sheffield Weds,3,1,W,3,39,1.2,1.2,1.8,-0.6,0.8,0.2,0.6,0.6,0.0
E1,Hull,2026-04-03,A,Oxford,1,1,D,1,40,1.4,1.4,1.8,-0.4,0.8,0.2,0.8,0.8,0.0
E1,Hull,2026-04-06,H,Coventry,0,0,D,1,41,1.6,1.2,1.2,0.0,0.6,0.4,0.6,0.6,0.2
E1,Ipswich,2025-08-08,A,Birmingham,1,1,D,1,1,1.0,1.0,1.0,0.0,0.0,1.0,1.0,1.0,0.0
E1,Ipswich,2025-08-17,H,Southampton,1,1,D,1,2,1.0,1.0,1.0,0.0,0.0,1.0,1.0,1.0,0.0
E1,Ipswich,2025-08-23,A,Preston,0,1,L,0,3,0.6666666666666666,0.6666666666666666,1.0,-0.3333333333333333,0.0,1.0,0.6666666666666666,0.6666666666666666,0.0
E1,Ipswich,2025-08-30,H,Derby,2,2,D,1,4,0.75,1.0,1.25,-0.25,0.25,0.75,0.75,0.75,0.0
E1,Ipswich,2025-09-12,H,Sheffield United,5,0,W,3,5,1.2,1.8,1.0,0.8,0.4,0.6,0.6,0.8,0.2
E1,Ipswich,2025-09-27,H,Portsmouth,2,1,W,3,6,1.6,2.0,1.0,1.0,0.6,0.4,0.6,0.8,0.2
E1,Ipswich,2025-09-30,A,Bristol City,1,1,D,1,7,1.6,2.0,1.0,1.0,0.6,0.4,0.6,0.8,0.2
E1,Ipswich,2025-10-05,H,Norwich,3,1,W,3,8,2.2,2.6,1.0,1.6,0.8,0.2,0.8,1.0,0.2
E1,Ipswich,2025-10-17,A,Middlesbrough,1,2,L,0,9,2.0,2.4,1.0,1.4,0.8,0.2,0.8,1.0,0.2
E1,Ipswich,2025-10-21,H,Charlton,0,3,L,0,10,1.4,1.4,1.6,-0.2,0.8,0.2,0.8,0.8,0.0
E1,Ipswich,2025-10-25,H,West Brom,1,0,W,3,11,1.4,1.2,1.4,-0.2,0.6,0.4,0.6,0.8,0.2
E1,Ipswich,2025-11-01,A,QPR,4,1,W,3,12,1.8,1.8,1.4,0.4,0.8,0.2,0.6,0.8,0.2
E1,Ipswich,2025-11-04,H,Watford,1,1,D,1,13,1.4,1.4,1.4,0.0,0.6,0.4,0.6,0.8,0.2
E1,Ipswich,2025-11-08,A,Swansea,4,1,W,3,14,2.0,2.0,1.2,0.8,0.6,0.4,0.6,0.8,0.2
E1,Ipswich,2025-11-22,H,Wrexham,0,0,D,1,15,2.2,2.0,0.6,1.4,0.4,0.6,0.6,0.8,0.4
E1,Ipswich,2025-11-25,A,Hull,2,0,W,3,16,2.2,2.2,0.6,1.6,0.4,0.6,0.6,0.8,0.4
E1,Ipswich,2025-11-28,A,Oxford,1,2,L,0,17,1.6,1.6,0.8,0.8,0.4,0.6,0.6,0.8,0.4
E1,Ipswich,2025-12-02,A,Blackburn,1,1,D,1,18,1.6,1.6,0.8,0.8,0.4,0.6,0.6,0.8,0.4
E1,Ipswich,2025-12-06,H,Coventry,3,0,W,3,19,1.6,1.4,0.6,0.8,0.4,0.6,0.4,0.8,0.6
E1,Ipswich,2025-12-10,H,Stoke,1,0,W,3,20,2.0,1.6,0.6,1.0,0.4,0.6,0.4,1.0,0.6
E1,Ipswich,2025-12-13,A,Leicester,1,3,L,0,21,1.4,1.4,1.2,0.2,0.6,0.4,0.6,1.0,0.4
E1,Ipswich,2025-12-20,H,Sheffield Weds,3,1,W,3,22,2.0,1.8,1.0,0.8,0.6,0.4,0.6,1.0,0.4
E1,Ipswich,2025-12-26,A,Millwall,0,0,D,1,23,2.0,1.6,0.8,0.8,0.6,0.4,0.4,0.8,0.6
E1,Ipswich,2025-12-29,A,Coventry,2,0,W,3,24,2.0,1.4,0.8,0.6,0.4,0.6,0.4,0.8,0.6
E1,Ipswich,2026-01-01,H,Oxford,2,1,W,3,25,2.0,1.6,1.0,0.6,0.6,0.4,0.6,0.8,0.4
E1,Ipswich,2026-01-17,H,Blackburn,3,0,W,3,26,2.6,2.0,0.4,1.6,0.6,0.4,0.4,0.8,0.6
E1,Ipswich,2026-01-20,H,Bristol City,2,0,W,3,27,2.6,1.8,0.2,1.6,0.4,0.6,0.2,0.8,0.8
E1,Ipswich,2026-01-24,A,Sheffield United,1,3,L,0,28,2.4,2.0,0.8,1.2,0.6,0.4,0.4,1.0,0.6
E1,Ipswich,2026-01-31,H,Preston,1,1,D,1,29,2.0,1.8,1.0,0.8,0.6,0.4,0.6,1.0,0.4
E1,Ipswich,2026-02-07,A,Derby,2,1,W,3,30,2.0,1.8,1.0,0.8,0.6,0.4,0.6,1.0,0.4
E1,Ipswich,2026-02-21,A,Wrexham,3,5,L,0,31,1.4,1.8,2.0,-0.2,0.6,0.4,0.8,1.0,0.2
E1,Ipswich,2026-02-24,A,Watford,2,0,W,3,32,1.4,1.8,2.0,-0.2,0.6,0.4,0.8,1.0,0.2
E1,Ipswich,2026-02-28,H,Swansea,3,0,W,3,33,2.0,2.2,1.4,0.8,0.6,0.4,0.6,1.0,0.4
E1,Ipswich,2026-03-03,H,Hull,1,0,W,3,34,2.4,2.2,1.2,1.0,0.6,0.4,0.4,1.0,0.6
E1,Ipswich,2026-03-07,H,Leicester,1,1,D,1,35,2.0,2.0,1.2,0.8,0.4,0.6,0.4,1.0,0.6
E1,Ipswich,2026-03-10,A,Stoke,3,3,D,1,36,2.2,2.0,0.8,1.2,0.4,0.6,0.4,1.0,0.6
E1,Ipswich,2026-03-14,A,Sheffield Weds,2,0,W,3,37,2.2,2.0,0.8,1.2,0.4,0.6,0.4,1.0,0.6
E1,Ipswich,2026-03-21,H,Millwall,1,1,D,1,38,1.8,1.6,1.0,0.6,0.2,0.8,0.6,1.0,0.4
E1,Ipswich,2026-04-06,H,Birmingham,2,1,W,3,39,1.8,1.8,1.2,0.6,0.4,0.6,0.8,1.0,0.2
E1,Leicester,2025-08-10,H,Sheffield Weds,2,1,W,3,1,3.0,2.0,1.0,1.0,1.0,0.0,1.0,1.0,0.0
E1,Leicester,2025-08-16,A,Preston,1,2,L,0,2,1.5,1.5,1.5,0.0,1.0,0.0,1.0,1.0,0.0
E1,Leicester,2025-08-23,A,Charlton,1,0,W,3,3,2.0,1.3333333333333333,1.0,0.3333333333333333,0.6666666666666666,0.3333333333333333,0.6666666666666666,1.0,0.3333333333333333
E1,Leicester,2025-08-29,H,Birmingham,2,0,W,3,4,2.25,1.5,0.75,0.75,0.5,0.5,0.5,1.0,0.5
E1,Leicester,2025-09-13,A,Oxford,2,2,D,1,5,2.0,1.6,1.0,0.6,0.6,0.4,0.6,1.0,0.4
E1,Leicester,2025-09-20,H,Coventry,0,0,D,1,6,1.6,1.2,0.8,0.4,0.4,0.6,0.4,0.8,0.6
E1,Leicester,2025-09-26,A,West Brom,1,1,D,1,7,1.8,1.2,0.6,0.6,0.2,0.8,0.4,0.8,0.6
E1,Leicester,2025-09-30,H,Wrexham,1,1,D,1,8,1.4,1.2,0.8,0.4,0.2,0.8,0.6,0.8,0.4
E1,Leicester,2025-10-04,A,Swansea,3,1,W,3,9,1.4,1.4,1.0,0.4,0.4,0.6,0.8,0.8,0.2
E1,Leicester,2025-10-18,H,Portsmouth,1,1,D,1,10,1.4,1.2,0.8,0.4,0.2,0.8,0.8,0.8,0.2
E1,Leicester,2025-10-21,A,Hull,1,2,L,0,11,1.2,1.4,1.2,0.2,0.4,0.6,1.0,1.0,0.0
E1,Leicester,2025-10-25,A,Millwall,0,1,L,0,12,1.0,1.2,1.2,0.0,0.4,0.6,0.8,0.8,0.0
E1,Leicester,2025-11-01,H,Blackburn,0,2,L,0,13,0.8,1.0,1.4,-0.4,0.4,0.6,0.6,0.6,0.0
E1,Leicester,2025-11-04,H,Middlesbrough,1,1,D,1,14,0.4,0.6,1.4,-0.8,0.2,0.8,0.6,0.6,0.0
E1,Leicester,2025-11-08,A,Norwich,2,1,W,3,15,0.8,0.8,1.4,-0.6,0.4,0.6,0.6,0.6,0.0
E1,Leicester,2025-11-22,H,Stoke,2,1,W,3,16,1.4,1.0,1.2,-0.2,0.4,0.6,0.6,0.6,0.0
E1,Leicester,2025-11-25,A,Southampton,0,3,L,0,17,1.4,1.0,1.6,-0.6,0.6,0.4,0.6,0.6,0.0
E1,Leicester,2025-11-29,H,Sheffield United,2,3,L,0,18,1.4,1.4,1.8,-0.4,0.8,0.2,0.8,0.8,0.0
E1,Leicester,2025-12-06,A,Derby,3,1,W,3,19,1.8,1.8,1.8,0.0,1.0,0.0,0.8,0.8,0.0
E1,Leicester,2025-12-10,A,Bristol City,2,2,D,1,20,1.4,1.8,2.0,-0.2,1.0,0.0,0.8,0.8,0.0
E1,Leicester,2025-12-13,H,Ipswich,3,1,W,3,21,1.4,2.0,2.0,0.0,1.0,0.0,0.8,0.8,0.0
E1,Leicester,2025-12-20,A,QPR,1,4,L,0,22,1.4,2.2,2.2,0.0,1.0,0.0,1.0,1.0,0.0
E1,Leicester,2025-12-26,H,Watford,1,2,L,0,23,1.4,2.0,2.0,0.0,1.0,0.0,1.0,1.0,0.0
E1,Leicester,2025-12-29,H,Derby,2,1,W,3,24,1.4,1.8,2.0,-0.2,1.0,0.0,1.0,1.0,0.0
E1,Leicester,2026-01-01,A,Sheffield United,1,3,L,0,25,1.2,1.6,2.2,-0.6,1.0,0.0,1.0,1.0,0.0
E1,Leicester,2026-01-05,H,West Brom,2,1,W,3,26,1.2,1.4,2.2,-0.8,1.0,0.0,1.0,1.0,0.0
E1,Leicester,2026-01-17,A,Coventry,1,2,L,0,27,1.2,1.4,1.8,-0.4,1.0,0.0,1.0,1.0,0.0
E1,Leicester,2026-01-20,A,Wrexham,1,1,D,1,28,1.4,1.4,1.6,-0.2,0.8,0.2,1.0,1.0,0.0
E1,Leicester,2026-01-24,H,Oxford,1,2,L,0,29,0.8,1.2,1.8,-0.6,0.8,0.2,1.0,1.0,0.0
E1,Leicester,2026-01-31,H,Charlton,0,2,L,0,30,0.8,1.0,1.6,-0.6,0.6,0.4,0.8,0.8,0.0
E1,Leicester,2026-02-07,A,Birmingham,1,2,L,0,31,0.2,0.8,1.8,-1.0,0.6,0.4,0.8,0.8,0.0
E1,Leicester,2026-02-10,H,Southampton,3,4,L,0,32,0.2,1.2,2.2,-1.0,0.6,0.4,0.8,0.8,0.0
E1,Leicester,2026-02-21,A,Stoke,2,2,D,1,33,0.2,1.4,2.4,-1.0,0.8,0.2,0.8,0.8,0.0
E1,Leicester,2026-02-24,A,Middlesbrough,1,1,D,1,34,0.4,1.4,2.2,-0.8,0.6,0.4,0.8,0.8,0.0
E1,Leicester,2026-02-28,H,Norwich,0,2,L,0,35,0.4,1.4,2.2,-0.8,0.6,0.4,0.8,0.8,0.0
E1,Leicester,2026-03-07,A,Ipswich,1,1,D,1,36,0.6,1.4,2.0,-0.6,0.4,0.6,0.8,0.8,0.0
E1,Leicester,2026-03-10,H,Bristol City,2,0,W,3,37,1.2,1.2,1.2,0.0,0.2,0.8,0.6,0.8,0.2
E1,Leicester,2026-03-14,H,QPR,1,3,L,0,38,1.0,1.0,1.4,-0.4,0.2,0.8,0.6,0.8,0.2
E1,Leicester,2026-03-21,A,Watford,0,0,D,1,39,1.0,0.8,1.2,-0.4,0.2,0.8,0.4,0.6,0.4
E1,Leicester,2026-04-03,H,Preston,2,2,D,1,40,1.2,1.2,1.2,0.0,0.4,0.6,0.6,0.8,0.4
E1,Leicester,2026-04-06,A,Sheffield Weds,1,1,D,1,41,1.2,1.2,1.2,0.0,0.4,0.6,0.6,0.8,0.4
E1,Middlesbrough,2025-08-09,H,Swansea,1,0,W,3,1,3.0,1.0,0.0,1.0,0.0,1.0,0.0,1.0,1.0
E1,Middlesbrough,2025-08-16,A,Millwall,3,0,W,3,2,3.0,2.0,0.0,2.0,0.5,0.5,0.0,1.0,1.0
E1,Middlesbrough,2025-08-23,A,Norwich,2,1,W,3,3,3.0,2.0,0.3333333333333333,1.6666666666666667,0.6666666666666666,0.3333333333333333,0.3333333333333333,1.0,0.6666666666666666
E1,Middlesbrough,2025-08-30,H,Sheffield United,1,0,W,3,4,3.0,1.75,0.25,1.5,0.5,0.5,0.25,1.0,0.75
E1,Middlesbrough,2025-09-13,A,Preston,2,2,D,1,5,2.6,1.8,0.6,1.2,0.6,0.4,0.4,1.0,0.6
E1,Middlesbrough,2025-09-19,H,West Brom,2,1,W,3,6,2.6,2.0,0.8,1.2,0.8,0.2,0.6,1.0,0.4
E1,Middlesbrough,2025-09-27,A,Southampton,1,1,D,1,7,2.2,1.6,1.0,0.6,0.6,0.4,0.8,1.0,0.2
E1,Middlesbrough,2025-09-30,H,Stoke,0,0,D,1,8,1.8,1.2,0.8,0.4,0.4,0.6,0.6,0.8,0.4
E1,Middlesbrough,2025-10-04,A,Portsmouth,0,1,L,0,9,1.2,1.0,1.0,0.0,0.4,0.6,0.6,0.6,0.2
E1,Middlesbrough,2025-10-17,H,Ipswich,2,1,W,3,10,1.6,1.0,0.8,0.2,0.4,0.6,0.6,0.6,0.2
E1,Middlesbrough,2025-10-22,A,Sheffield Weds,1,0,W,3,11,1.6,0.8,0.6,0.2,0.2,0.8,0.4,0.6,0.4
E1,Middlesbrough,2025-10-25,H,Wrexham,1,1,D,1,12,1.6,0.8,0.6,0.2,0.2,0.8,0.4,0.6,0.4
E1,Middlesbrough,2025-11-01,A,Watford,0,3,L,0,13,1.4,0.8,1.2,-0.4,0.4,0.6,0.4,0.6,0.2
E1,Middlesbrough,2025-11-04,A,Leicester,1,1,D,1,14,1.6,1.0,1.2,-0.2,0.4,0.6,0.6,0.8,0.2
E1,Middlesbrough,2025-11-08,H,Birmingham,2,1,W,3,15,1.6,1.0,1.2,-0.2,0.4,0.6,0.6,0.8,0.2
E1,Middlesbrough,2025-11-22,A,Oxford,1,1,D,1,16,1.2,1.0,1.4,-0.4,0.4,0.6,0.8,0.8,0.0
E1,Middlesbrough,2025-11-25,H,Coventry,2,4,L,0,17,1.0,1.2,2.0,-0.8,0.6,0.4,0.8,0.8,0.0
E1,Middlesbrough,2025-11-29,H,Derby,2,1,W,3,18,1.6,1.6,1.6,0.0,0.6,0.4,1.0,1.0,0.0
E1,Middlesbrough,2025-12-05,A,Hull,4,1,W,3,19,2.0,2.2,1.6,0.6,0.8,0.2,1.0,1.0,0.0
E1,Middlesbrough,2025-12-09,A,Charlton,2,1,W,3,20,2.0,2.2,1.6,0.6,0.8,0.2,1.0,1.0,0.0
E1,Middlesbrough,2025-12-13,H,QPR,3,1,W,3,21,2.4,2.6,1.6,1.0,1.0,0.0,1.0,1.0,0.0
E1,Middlesbrough,2025-12-20,A,Bristol City,0,2,L,0,22,2.4,2.2,1.2,1.0,0.8,0.2,0.8,0.8,0.0
E1,Middlesbrough,2025-12-26,H,Blackburn,0,0,D,1,23,2.0,1.8,1.0,0.8,0.6,0.4,0.6,0.6,0.2
E1,Middlesbrough,2025-12-29,H,Hull,0,1,L,0,24,1.4,1.0,1.0,0.0,0.4,0.6,0.4,0.4,0.2
E1,Middlesbrough,2026-01-01,A,Derby,0,1,L,0,25,0.8,0.6,1.0,-0.4,0.2,0.8,0.2,0.2,0.2
E1,Middlesbrough,2026-01-04,H,Southampton,4,0,W,3,26,0.8,0.8,0.8,0.0,0.2,0.8,0.0,0.2,0.4
E1,Middlesbrough,2026-01-16,A,West Brom,3,2,W,3,27,1.4,1.4,0.8,0.6,0.4,0.6,0.2,0.4,0.4
E1,Middlesbrough,2026-01-21,A,Stoke,2,1,W,3,28,1.8,1.8,1.0,0.8,0.6,0.4,0.4,0.6,0.2
E1,Middlesbrough,2026-01-24,H,Preston,4,0,W,3,29,2.4,2.6,0.8,1.8,0.8,0.2,0.4,0.8,0.4
E1,Middlesbrough,2026-01-31,H,Norwich,1,0,W,3,30,3.0,2.8,0.6,2.2,0.8,0.2,0.4,1.0,0.6
E1,Middlesbrough,2026-02-09,A,Sheffield United,2,1,W,3,31,3.0,2.4,0.8,1.6,0.8,0.2,0.6,1.0,0.4
E1,Middlesbrough,2026-02-16,A,Coventry,1,3,L,0,32,2.4,2.0,1.0,1.0,0.8,0.2,0.6,1.0,0.4
E1,Middlesbrough,2026-02-21,H,Oxford,0,0,D,1,33,2.0,1.6,0.8,0.8,0.6,0.4,0.4,0.8,0.6
E1,Middlesbrough,2026-02-24,H,Leicester,1,1,D,1,34,1.6,1.0,1.0,0.0,0.4,0.6,0.6,0.8,0.4
E1,Middlesbrough,2026-03-02,A,Birmingham,3,1,W,3,35,1.6,1.4,1.2,0.2,0.6,0.4,0.8,0.8,0.2
E1,Middlesbrough,2026-03-08,A,QPR,4,0,W,3,36,1.6,1.8,1.0,0.8,0.6,0.4,0.6,0.8,0.4
E1,Middlesbrough,2026-03-11,H,Charlton,0,1,L,0,37,1.6,1.6,0.6,1.0,0.4,0.6,0.4,0.6,0.4
E1,Middlesbrough,2026-03-14,H,Bristol City,1,1,D,1,38,1.6,1.8,0.8,1.0,0.4,0.6,0.6,0.8,0.2
E1,Middlesbrough,2026-03-21,A,Blackburn,0,0,D,1,39,1.6,1.6,0.6,1.0,0.4,0.6,0.4,0.6,0.4
E1,Middlesbrough,2026-04-03,H,Millwall,1,2,L,0,40,1.0,1.2,0.8,0.4,0.4,0.6,0.4,0.6,0.4
E1,Middlesbrough,2026-04-06,A,Swansea,2,2,D,1,41,0.6,0.8,1.2,-0.4,0.4,0.6,0.6,0.6,0.2
E1,Millwall,2025-08-09,A,Norwich,2,1,W,3,1,3.0,2.0,1.0,1.0,1.0,0.0,1.0,1.0,0.0
E1,Millwall,2025-08-16,H,Middlesbrough,0,3,L,0,2,1.5,1.0,2.0,-1.0,1.0,0.0,0.5,0.5,0.0
E1,Millwall,2025-08-23,A,Sheffield United,1,0,W,3,3,2.0,1.0,1.3333333333333333,-0.3333333333333333,0.6666666666666666,0.3333333333333333,0.3333333333333333,0.6666666666666666,0.3333333333333333
E1,Millwall,2025-08-30,H,Wrexham,0,2,L,0,4,1.5,0.75,1.5,-0.75,0.5,0.5,0.25,0.5,0.25
E1,Millwall,2025-09-13,A,Charlton,1,1,D,1,5,1.4,0.8,1.4,-0.6,0.4,0.6,0.4,0.6,0.2
E1,Millwall,2025-09-22,H,Watford,1,0,W,3,6,1.4,0.6,1.2,-0.6,0.2,0.8,0.2,0.6,0.4
E1,Millwall,2025-09-27,A,Swansea,1,1,D,1,7,1.6,0.8,0.8,0.0,0.0,1.0,0.4,0.8,0.4
E1,Millwall,2025-10-01,H,Coventry,0,4,L,0,8,1.0,0.6,1.6,-1.0,0.2,0.8,0.4,0.6,0.2
E1,Millwall,2025-10-04,H,West Brom,3,0,W,3,9,1.6,1.2,1.2,0.0,0.4,0.6,0.4,0.8,0.4
E1,Millwall,2025-10-18,A,QPR,2,1,W,3,10,2.0,1.4,1.2,0.2,0.6,0.4,0.4,0.8,0.4
E1,Millwall,2025-10-21,H,Stoke,2,0,W,3,11,2.0,1.6,1.2,0.4,0.6,0.4,0.4,0.8,0.4
E1,Millwall,2025-10-25,H,Leicester,1,0,W,3,12,2.4,1.6,1.0,0.6,0.6,0.4,0.2,0.8,0.6
E1,Millwall,2025-11-01,A,Oxford,2,2,D,1,13,2.6,2.0,0.6,1.4,0.6,0.4,0.4,1.0,0.6
E1,Millwall,2025-11-04,A,Birmingham,0,4,L,0,14,2.0,1.4,1.4,0.0,0.6,0.4,0.4,0.8,0.4
E1,Millwall,2025-11-08,H,Preston,1,1,D,1,15,1.6,1.2,1.4,-0.2,0.4,0.6,0.4,0.8,0.4
E1,Millwall,2025-11-22,A,Portsmouth,1,3,L,0,16,1.0,1.0,2.0,-1.0,0.6,0.4,0.6,0.8,0.2
E1,Millwall,2025-11-26,H,Sheffield Weds,1,0,W,3,17,1.0,1.0,2.0,-1.0,0.6,0.4,0.6,0.8,0.2
E1,Millwall,2025-11-29,H,Southampton,3,2,W,3,18,1.4,1.2,2.0,-0.8,0.6,0.4,0.6,0.8,0.2
E1,Millwall,2025-12-06,A,Bristol City,1,0,W,3,19,2.0,1.4,1.2,0.2,0.4,0.6,0.6,1.0,0.4
E1,Millwall,2025-12-10,A,Derby,1,1,D,1,20,2.0,1.4,1.2,0.2,0.4,0.6,0.6,1.0,0.4
E1,Millwall,2025-12-13,H,Hull,1,3,L,0,21,2.0,1.4,1.2,0.2,0.4,0.6,0.6,1.0,0.4
E1,Millwall,2025-12-20,A,Blackburn,0,2,L,0,22,1.4,1.2,1.6,-0.4,0.4,0.6,0.6,0.8,0.2
E1,Millwall,2025-12-26,H,Ipswich,0,0,D,1,23,1.0,0.6,1.2,-0.6,0.2,0.8,0.4,0.6,0.4
E1,Millwall,2025-12-29,H,Bristol City,2,1,W,3,24,1.0,0.8,1.4,-0.6,0.4,0.6,0.6,0.6,0.2
E1,Millwall,2026-01-01,A,Southampton,0,0,D,1,25,1.0,0.6,1.2,-0.6,0.4,0.6,0.4,0.4,0.4
E1,Millwall,2026-01-04,H,Swansea,2,1,W,3,26,1.6,0.8,0.8,0.0,0.4,0.6,0.4,0.4,0.4
E1,Millwall,2026-01-17,A,Watford,2,0,W,3,27,2.2,1.2,0.4,0.8,0.4,0.6,0.4,0.6,0.6
E1,Millwall,2026-01-20,A,Coventry,1,2,L,0,28,2.0,1.4,0.8,0.6,0.6,0.4,0.6,0.8,0.4
E1,Millwall,2026-01-24,H,Charlton,4,0,W,3,29,2.0,1.8,0.6,1.2,0.6,0.4,0.4,0.8,0.6
E1,Millwall,2026-01-31,H,Sheffield United,1,1,D,1,30,2.0,2.0,0.8,1.2,0.6,0.4,0.6,1.0,0.4
E1,Millwall,2026-02-07,A,Wrexham,2,0,W,3,31,2.0,2.0,0.6,1.4,0.4,0.6,0.4,1.0,0.6
E1,Millwall,2026-02-14,A,Sheffield Weds,2,1,W,3,32,2.0,2.0,0.8,1.2,0.6,0.4,0.6,1.0,0.4
E1,Millwall,2026-02-21,H,Portsmouth,1,3,L,0,33,2.0,2.0,1.0,1.0,0.6,0.4,0.6,1.0,0.4
E1,Millwall,2026-02-25,H,Birmingham,3,0,W,3,34,2.0,1.8,1.0,0.8,0.6,0.4,0.6,1.0,0.4
E1,Millwall,2026-02-28,A,Preston,2,0,W,3,35,2.4,2.0,0.8,1.2,0.6,0.4,0.4,1.0,0.6
E1,Millwall,2026-03-07,A,Hull,3,1,W,3,36,2.4,2.2,1.0,1.2,0.8,0.2,0.6,1.0,0.4
E1,Millwall,2026-03-10,H,Derby,1,0,W,3,37,2.4,2.0,0.8,1.2,0.6,0.4,0.4,1.0,0.6
E1,Millwall,2026-03-14,H,Blackburn,1,2,L,0,38,2.4,2.0,0.6,1.4,0.6,0.4,0.4,1.0,0.6
E1,Millwall,2026-03-21,A,Ipswich,1,1,D,1,39,2.0,1.6,0.8,0.8,0.4,0.6,0.6,1.0,0.4
E1,Millwall,2026-04-03,A,Middlesbrough,2,1,W,3,40,2.0,1.6,1.0,0.6,0.6,0.4,0.8,1.0,0.2
E1,Millwall,2026-04-06,H,Norwich,1,2,L,0,41,1.4,1.2,1.2,0.0,0.6,0.4,0.8,1.0,0.2
E1,Norwich,2025-08-09,H,Millwall,1,2,L,0,1,0.0,1.0,2.0,-1.0,1.0,0.0,1.0,1.0,0.0
E1,Norwich,2025-08-16,A,Portsmouth,2,1,W,3,2,1.5,1.5,1.5,0.0,1.0,0.0,1.0,1.0,0.0
E1,Norwich,2025-08-23,H,Middlesbrough,1,2,L,0,3,1.0,1.3333333333333333,1.6666666666666667,-0.3333333333333333,1.0,0.0,1.0,1.0,0.0
E1,Norwich,2025-08-30,A,Blackburn,2,0,W,3,4,1.5,1.5,1.25,0.25,0.75,0.25,0.75,1.0,0.25
E1,Norwich,2025-09-13,A,Coventry,1,1,D,1,5,1.4,1.4,1.2,0.2,0.6,0.4,0.8,1.0,0.2
E1,Norwich,2025-09-20,H,Wrexham,2,3,L,0,6,1.4,1.6,1.4,0.2,0.6,0.4,0.8,1.0,0.2
E1,Norwich,2025-09-27,A,Stoke,1,1,D,1,7,1.0,1.4,1.4,0.0,0.4,0.6,0.8,1.0,0.2
E1,Norwich,2025-10-01,H,West Brom,0,1,L,0,8,1.0,1.2,1.2,0.0,0.2,0.8,0.6,0.8,0.2
E1,Norwich,2025-10-05,A,Ipswich,1,3,L,0,9,0.4,1.0,1.8,-0.8,0.4,0.6,0.8,0.8,0.0
E1,Norwich,2025-10-18,H,Bristol City,0,1,L,0,10,0.2,0.8,1.8,-1.0,0.4,0.6,0.6,0.6,0.0
E1,Norwich,2025-10-21,A,Derby,0,1,L,0,11,0.2,0.4,1.4,-1.0,0.2,0.8,0.4,0.4,0.0
E1,Norwich,2025-10-25,A,Swansea,1,2,L,0,12,0.0,0.4,1.6,-1.2,0.4,0.6,0.4,0.4,0.0
E1,Norwich,2025-11-01,H,Hull,0,2,L,0,13,0.0,0.4,1.8,-1.4,0.4,0.6,0.4,0.4,0.0
E1,Norwich,2025-11-05,A,Sheffield Weds,1,1,D,1,14,0.2,0.4,1.4,-1.0,0.2,0.8,0.4,0.4,0.0
E1,Norwich,2025-11-08,H,Leicester,1,2,L,0,15,0.2,0.6,1.6,-1.0,0.4,0.6,0.6,0.6,0.0
E1,Norwich,2025-11-22,A,Birmingham,1,4,L,0,16,0.2,0.8,2.2,-1.4,0.6,0.4,0.8,0.8,0.0
E1,Norwich,2025-11-25,H,Oxford,1,1,D,1,17,0.4,0.8,2.0,-1.2,0.4,0.6,0.8,0.8,0.0
E1,Norwich,2025-11-29,H,QPR,3,1,W,3,18,1.0,1.4,1.8,-0.4,0.6,0.4,1.0,1.0,0.0
E1,Norwich,2025-12-06,A,Watford,2,3,L,0,19,0.8,1.6,2.2,-0.6,0.8,0.2,1.0,1.0,0.0
E1,Norwich,2025-12-09,A,Sheffield United,1,1,D,1,20,1.0,1.6,2.0,-0.4,0.6,0.4,1.0,1.0,0.0
E1,Norwich,2025-12-13,H,Southampton,2,1,W,3,21,1.6,1.8,1.4,0.4,0.6,0.4,1.0,1.0,0.0
E1,Norwich,2025-12-20,A,Preston,1,1,D,1,22,1.6,1.8,1.4,0.4,0.6,0.4,1.0,1.0,0.0
E1,Norwich,2025-12-26,H,Charlton,1,0,W,3,23,1.6,1.4,1.2,0.2,0.4,0.6,0.8,1.0,0.2
E1,Norwich,2025-12-29,H,Watford,0,1,L,0,24,1.6,1.0,0.8,0.2,0.2,0.8,0.6,0.8,0.2
E1,Norwich,2026-01-01,A,QPR,2,1,W,3,25,2.0,1.2,0.8,0.4,0.4,0.6,0.6,0.8,0.2
E1,Norwich,2026-01-04,H,Stoke,0,2,L,0,26,1.4,0.8,1.0,-0.2,0.2,0.8,0.4,0.6,0.2
E1,Norwich,2026-01-17,A,Wrexham,2,1,W,3,27,1.8,1.0,1.0,0.0,0.4,0.6,0.4,0.6,0.2
E1,Norwich,2026-01-20,A,West Brom,5,0,W,3,28,1.8,1.8,1.0,0.8,0.6,0.4,0.4,0.6,0.2
E1,Norwich,2026-01-26,H,Coventry,2,1,W,3,29,2.4,2.2,1.0,1.2,0.8,0.2,0.6,0.8,0.2
E1,Norwich,2026-01-31,A,Middlesbrough,0,1,L,0,30,1.8,1.8,1.0,0.8,0.6,0.4,0.4,0.6,0.2
E1,Norwich,2026-02-07,H,Blackburn,2,0,W,3,31,2.4,2.2,0.6,1.6,0.6,0.4,0.4,0.8,0.4
E1,Norwich,2026-02-10,A,Oxford,3,0,W,3,32,2.4,2.4,0.4,2.0,0.6,0.4,0.2,0.8,0.6
E1,Norwich,2026-02-21,H,Birmingham,1,2,L,0,33,1.8,1.6,0.8,0.8,0.6,0.4,0.4,0.8,0.4
E1,Norwich,2026-02-25,H,Sheffield Weds,2,0,W,3,34,1.8,1.6,0.6,1.0,0.4,0.6,0.2,0.8,0.6
E1,Norwich,2026-02-28,A,Leicester,2,0,W,3,35,2.4,2.0,0.4,1.6,0.4,0.6,0.2,1.0,0.8
E1,Norwich,2026-03-11,H,Sheffield United,2,1,W,3,36,2.4,2.0,0.6,1.4,0.6,0.4,0.4,1.0,0.6
E1,Norwich,2026-03-14,H,Preston,2,0,W,3,37,2.4,1.8,0.6,1.2,0.4,0.6,0.4,1.0,0.6
E1,Norwich,2026-03-18,A,Southampton,0,1,L,0,38,2.4,1.6,0.4,1.2,0.2,0.8,0.2,0.8,0.6
E1,Norwich,2026-03-21,A,Charlton,1,0,W,3,39,2.4,1.4,0.4,1.0,0.2,0.8,0.2,0.8,0.6
E1,Norwich,2026-04-03,H,Portsmouth,1,1,D,1,40,2.0,1.2,0.6,0.6,0.2,0.8,0.4,0.8,0.4
E1,Norwich,2026-04-06,A,Millwall,2,1,W,3,41,2.0,1.2,0.6,0.6,0.2,0.8,0.4,0.8,0.4
E1,Oxford,2025-08-09,H,Portsmouth,0,1,L,0,1,0.0,0.0,1.0,-1.0,0.0,1.0,0.0,0.0,0.0
E1,Oxford,2025-08-17,A,Hull,2,3,L,0,2,0.0,1.0,2.0,-1.0,0.5,0.5,0.5,0.5,0.0
E1,Oxford,2025-08-23,A,Birmingham,0,1,L,0,3,0.0,0.6666666666666666,1.6666666666666667,-1.0,0.3333333333333333,0.6666666666666666,0.3333333333333333,0.3333333333333333,0.0
E1,Oxford,2025-08-30,H,Coventry,2,2,D,1,4,0.25,1.0,1.75,-0.75,0.5,0.5,0.5,0.5,0.0
E1,Oxford,2025-09-13,H,Leicester,2,2,D,1,5,0.4,1.2,1.8,-0.6,0.6,0.4,0.6,0.6,0.0
E1,Oxford,2025-09-21,A,Bristol City,3,1,W,3,6,1.0,1.8,1.8,0.0,0.8,0.2,0.8,0.8,0.0
E1,Oxford,2025-09-27,H,Sheffield United,0,1,L,0,7,1.0,1.4,1.4,0.0,0.6,0.4,0.6,0.6,0.0
E1,Oxford,2025-10-01,A,QPR,0,0,D,1,8,1.2,1.4,1.2,0.2,0.6,0.4,0.6,0.6,0.2
E1,Oxford,2025-10-04,A,Watford,1,2,L,0,9,1.0,1.2,1.2,0.0,0.6,0.4,0.6,0.6,0.2
E1,Oxford,2025-10-18,H,Derby,1,0,W,3,10,1.4,1.0,0.8,0.2,0.4,0.6,0.4,0.6,0.4
E1,Oxford,2025-10-22,A,Wrexham,0,1,L,0,11,0.8,0.4,0.8,-0.4,0.2,0.8,0.2,0.4,0.4
E1,Oxford,2025-10-25,A,Sheffield Weds,2,1,W,3,12,1.4,0.8,0.8,0.0,0.4,0.6,0.4,0.6,0.4
E1,Oxford,2025-11-01,H,Millwall,2,2,D,1,13,1.4,1.2,1.2,0.0,0.6,0.4,0.6,0.8,0.2
E1,Oxford,2025-11-04,H,Stoke,0,3,L,0,14,1.4,1.0,1.4,-0.4,0.6,0.4,0.4,0.6,0.2
E1,Oxford,2025-11-08,A,West Brom,1,2,L,0,15,0.8,1.0,1.8,-0.8,0.8,0.2,0.6,0.6,0.0
E1,Oxford,2025-11-22,H,Middlesbrough,1,1,D,1,16,1.0,1.2,1.8,-0.6,0.8,0.2,0.8,0.8,0.0
E1,Oxford,2025-11-25,A,Norwich,1,1,D,1,17,0.6,1.0,1.8,-0.8,0.6,0.4,0.8,0.8,0.0
E1,Oxford,2025-11-28,H,Ipswich,2,1,W,3,18,1.0,1.0,1.6,-0.6,0.6,0.4,0.8,0.8,0.0
E1,Oxford,2025-12-06,A,Swansea,0,2,L,0,19,1.0,1.0,1.4,-0.4,0.4,0.6,0.8,0.8,0.0
E1,Oxford,2025-12-09,A,Blackburn,1,1,D,1,20,1.2,1.0,1.2,-0.2,0.2,0.8,0.8,0.8,0.0
E1,Oxford,2025-12-13,H,Preston,1,2,L,0,21,1.0,1.0,1.4,-0.4,0.4,0.6,0.8,0.8,0.0
E1,Oxford,2025-12-20,A,Charlton,0,1,L,0,22,0.8,0.8,1.4,-0.6,0.4,0.6,0.6,0.6,0.0
E1,Oxford,2025-12-26,H,Southampton,2,1,W,3,23,0.8,0.8,1.4,-0.6,0.4,0.6,0.6,0.6,0.0
E1,Oxford,2025-12-29,H,Swansea,0,1,L,0,24,0.8,0.8,1.2,-0.4,0.4,0.6,0.6,0.6,0.0
E1,Oxford,2026-01-01,A,Ipswich,1,2,L,0,25,0.6,0.8,1.4,-0.6,0.6,0.4,0.6,0.6,0.0
E1,Oxford,2026-01-17,H,Bristol City,0,0,D,1,26,0.8,0.6,1.0,-0.4,0.4,0.6,0.4,0.4,0.2
E1,Oxford,2026-01-20,H,QPR,0,0,D,1,27,1.0,0.6,0.8,-0.2,0.4,0.6,0.4,0.4,0.4
E1,Oxford,2026-01-24,A,Leicester,2,1,W,3,28,1.0,0.6,0.8,-0.2,0.4,0.6,0.4,0.4,0.4
E1,Oxford,2026-01-31,H,Birmingham,0,2,L,0,29,1.0,0.6,1.0,-0.4,0.4,0.6,0.4,0.4,0.4
E1,Oxford,2026-02-03,A,Sheffield United,1,3,L,0,30,1.0,0.6,1.2,-0.6,0.4,0.6,0.4,0.4,0.4
E1,Oxford,2026-02-07,A,Coventry,0,0,D,1,31,1.0,0.6,1.2,-0.6,0.4,0.6,0.4,0.4,0.4
E1,Oxford,2026-02-10,H,Norwich,0,3,L,0,32,0.8,0.6,1.8,-1.2,0.6,0.4,0.4,0.4,0.2
E1,Oxford,2026-02-21,A,Middlesbrough,0,0,D,1,33,0.4,0.2,1.6,-1.4,0.4,0.6,0.2,0.2,0.4
E1,Oxford,2026-02-25,A,Stoke,1,2,L,0,34,0.4,0.4,1.6,-1.2,0.6,0.4,0.4,0.4,0.4
E1,Oxford,2026-02-28,H,West Brom,2,1,W,3,35,1.0,0.6,1.2,-0.6,0.6,0.4,0.4,0.4,0.4
E1,Oxford,2026-03-06,A,Preston,3,1,W,3,36,1.4,1.2,1.4,-0.2,0.8,0.2,0.6,0.6,0.2
E1,Oxford,2026-03-11,H,Blackburn,1,0,W,3,37,2.0,1.4,0.8,0.6,0.6,0.4,0.6,0.8,0.4
E1,Oxford,2026-03-14,H,Charlton,1,1,D,1,38,2.0,1.6,1.0,0.6,0.6,0.4,0.8,1.0,0.2
E1,Oxford,2026-03-21,A,Southampton,0,2,L,0,39,2.0,1.4,1.0,0.4,0.4,0.6,0.6,0.8,0.2
E1,Oxford,2026-04-03,H,Hull,1,1,D,1,40,1.6,1.2,1.0,0.2,0.2,0.8,0.6,0.8,0.2
E1,Oxford,2026-04-06,A,Portsmouth,2,2,D,1,41,1.2,1.0,1.2,-0.2,0.2,0.8,0.6,0.8,0.2
E1,Portsmouth,2025-08-09,A,Oxford,1,0,W,3,1,3.0,1.0,0.0,1.0,0.0,1.0,0.0,1.0,1.0
E1,Portsmouth,2025-08-16,H,Norwich,1,2,L,0,2,1.5,1.0,1.0,0.0,0.5,0.5,0.5,1.0,0.5
E1,Portsmouth,2025-08-23,A,West Brom,1,1,D,1,3,1.3333333333333333,1.0,1.0,0.0,0.3333333333333333,0.6666666666666666,0.6666666666666666,1.0,0.3333333333333333
E1,Portsmouth,2025-08-30,H,Preston,1,0,W,3,4,1.75,1.0,0.75,0.25,0.25,0.75,0.5,1.0,0.5
E1,Portsmouth,2025-09-14,A,Southampton,0,0,D,1,5,1.6,0.8,0.6,0.2,0.2,0.8,0.4,0.8,0.6
E1,Portsmouth,2025-09-20,H,Sheffield Weds,0,2,L,0,6,1.0,0.6,1.0,-0.4,0.2,0.8,0.4,0.6,0.4
E1,Portsmouth,2025-09-27,A,Ipswich,1,2,L,0,7,1.0,0.6,1.0,-0.4,0.2,0.8,0.4,0.6,0.4
E1,Portsmouth,2025-10-01,H,Watford,2,2,D,1,8,1.0,0.8,1.2,-0.4,0.4,0.6,0.4,0.6,0.4
E1,Portsmouth,2025-10-04,H,Middlesbrough,1,0,W,3,9,1.0,0.8,1.2,-0.4,0.4,0.6,0.4,0.6,0.4
E1,Portsmouth,2025-10-18,A,Leicester,1,1,D,1,10,1.0,1.0,1.4,-0.4,0.4,0.6,0.6,0.8,0.2
E1,Portsmouth,2025-10-21,H,Coventry,1,2,L,0,11,1.0,1.2,1.4,-0.2,0.6,0.4,0.8,1.0,0.2
E1,Portsmouth,2025-10-25,H,Stoke,0,1,L,0,12,1.0,1.0,1.2,-0.2,0.4,0.6,0.6,0.8,0.2
E1,Portsmouth,2025-11-01,A,Birmingham,0,4,L,0,13,0.8,0.6,1.6,-1.0,0.4,0.6,0.4,0.6,0.2
E1,Portsmouth,2025-11-05,H,Wrexham,0,0,D,1,14,0.4,0.4,1.6,-1.2,0.4,0.6,0.4,0.4,0.2
E1,Portsmouth,2025-11-08,A,Hull,2,3,L,0,15,0.2,0.6,2.0,-1.4,0.6,0.4,0.4,0.4,0.2
E1,Portsmouth,2025-11-22,H,Millwall,3,1,W,3,16,0.8,1.0,1.8,-0.8,0.6,0.4,0.4,0.4,0.2
E1,Portsmouth,2025-11-26,A,Sheffield United,0,3,L,0,17,0.8,1.0,2.2,-1.2,0.8,0.2,0.4,0.4,0.2
E1,Portsmouth,2025-11-29,H,Bristol City,0,1,L,0,18,0.8,1.0,1.6,-0.6,0.6,0.4,0.4,0.4,0.2
E1,Portsmouth,2025-12-09,A,Swansea,0,1,L,0,19,0.6,1.0,1.8,-0.8,0.6,0.4,0.4,0.4,0.0
E1,Portsmouth,2025-12-13,H,Blackburn,2,1,W,3,20,1.2,1.0,1.4,-0.4,0.6,0.4,0.4,0.4,0.0
E1,Portsmouth,2025-12-20,A,Derby,1,1,D,1,21,0.8,0.6,1.4,-0.8,0.4,0.6,0.4,0.4,0.0
E1,Portsmouth,2025-12-26,H,QPR,1,1,D,1,22,1.0,0.8,1.0,-0.2,0.2,0.8,0.6,0.6,0.0
E1,Portsmouth,2025-12-29,H,Charlton,2,1,W,3,23,1.6,1.2,1.0,0.2,0.4,0.6,0.8,0.8,0.0
E1,Portsmouth,2026-01-01,A,Bristol City,0,5,L,0,24,1.6,1.2,1.8,-0.6,0.6,0.4,0.8,0.8,0.0
E1,Portsmouth,2026-01-17,A,Sheffield Weds,1,0,W,3,25,1.6,1.0,1.6,-0.6,0.4,0.6,0.6,0.8,0.2
E1,Portsmouth,2026-01-21,A,Watford,1,1,D,1,26,1.6,1.0,1.6,-0.6,0.4,0.6,0.6,0.8,0.2
E1,Portsmouth,2026-01-25,H,Southampton,1,1,D,1,27,1.6,1.0,1.6,-0.6,0.4,0.6,0.6,0.8,0.2
E1,Portsmouth,2026-01-31,H,West Brom,3,0,W,3,28,1.6,1.2,1.4,-0.2,0.4,0.6,0.4,0.8,0.4
E1,Portsmouth,2026-02-07,A,Preston,0,1,L,0,29,1.6,1.2,0.6,0.6,0.2,0.8,0.4,0.8,0.4
E1,Portsmouth,2026-02-14,H,Sheffield United,0,1,L,0,30,1.0,1.0,0.8,0.2,0.2,0.8,0.4,0.6,0.2
E1,Portsmouth,2026-02-17,A,Charlton,3,1,W,3,31,1.4,1.4,0.8,0.6,0.4,0.6,0.4,0.6,0.2
E1,Portsmouth,2026-02-21,A,Millwall,3,1,W,3,32,1.8,1.8,0.8,1.0,0.6,0.4,0.4,0.6,0.2
E1,Portsmouth,2026-02-24,A,Wrexham,1,2,L,0,33,1.2,1.4,1.2,0.2,0.6,0.4,0.6,0.6,0.0
E1,Portsmouth,2026-02-28,H,Hull,0,1,L,0,34,1.2,1.4,1.2,0.2,0.6,0.4,0.6,0.6,0.0
E1,Portsmouth,2026-03-07,A,Blackburn,1,1,D,1,35,1.4,1.6,1.2,0.4,0.6,0.4,0.8,0.8,0.0
E1,Portsmouth,2026-03-10,H,Swansea,1,2,L,0,36,0.8,1.2,1.4,-0.2,0.6,0.4,0.8,0.8,0.0
E1,Portsmouth,2026-03-16,H,Derby,0,1,L,0,37,0.2,0.6,1.4,-0.8,0.4,0.6,0.6,0.6,0.0
E1,Portsmouth,2026-03-21,A,QPR,1,6,L,0,38,0.2,0.6,2.2,-1.6,0.4,0.6,0.6,0.6,0.0
E1,Portsmouth,2026-04-03,A,Norwich,1,1,D,1,39,0.4,0.8,2.2,-1.4,0.4,0.6,0.8,0.8,0.0
E1,Portsmouth,2026-04-06,H,Oxford,2,2,D,1,40,0.4,1.0,2.4,-1.4,0.6,0.4,0.8,0.8,0.0
E1,Preston,2025-08-09,A,QPR,1,1,D,1,1,1.0,1.0,1.0,0.0,0.0,1.0,1.0,1.0,0.0
E1,Preston,2025-08-16,H,Leicester,2,1,W,3,2,2.0,1.5,1.0,0.5,0.5,0.5,1.0,1.0,0.0
E1,Preston,2025-08-23,H,Ipswich,1,0,W,3,3,2.3333333333333335,1.3333333333333333,0.6666666666666666,0.6666666666666666,0.3333333333333333,0.6666666666666666,0.6666666666666666,1.0,0.3333333333333333
E1,Preston,2025-08-30,A,Portsmouth,0,1,L,0,4,1.75,1.0,0.75,0.25,0.25,0.75,0.5,0.75,0.25
E1,Preston,2025-09-13,H,Middlesbrough,2,2,D,1,5,1.6,1.2,1.0,0.2,0.4,0.6,0.6,0.8,0.2
E1,Preston,2025-09-20,A,Derby,1,0,W,3,6,2.0,1.2,0.8,0.4,0.4,0.6,0.4,0.8,0.4
E1,Preston,2025-09-27,H,Bristol City,0,0,D,1,7,1.6,0.8,0.6,0.2,0.2,0.8,0.2,0.6,0.6
E1,Preston,2025-09-30,A,Hull,2,2,D,1,8,1.2,1.0,1.0,0.0,0.4,0.6,0.4,0.6,0.4
E1,Preston,2025-10-04,H,Charlton,2,0,W,3,9,1.8,1.4,0.8,0.6,0.4,0.6,0.4,0.8,0.6
E1,Preston,2025-10-18,A,West Brom,1,2,L,0,10,1.6,1.2,0.8,0.4,0.4,0.6,0.4,0.8,0.6
E1,Preston,2025-10-21,H,Birmingham,0,1,L,0,11,1.0,1.0,1.0,0.0,0.4,0.6,0.4,0.6,0.4
E1,Preston,2025-10-24,H,Sheffield United,3,2,W,3,12,1.4,1.6,1.4,0.2,0.6,0.4,0.6,0.8,0.2
E1,Preston,2025-11-01,A,Southampton,2,0,W,3,13,1.8,1.6,1.0,0.6,0.4,0.6,0.4,0.8,0.4
E1,Preston,2025-11-05,H,Swansea,2,1,W,3,14,1.8,1.6,1.2,0.4,0.6,0.4,0.6,0.8,0.2
E1,Preston,2025-11-08,A,Millwall,1,1,D,1,15,2.0,1.6,1.0,0.6,0.4,0.6,0.6,0.8,0.2
E1,Preston,2025-11-21,H,Blackburn,1,2,L,0,16,2.0,1.8,1.2,0.6,0.6,0.4,0.8,1.0,0.2
E1,Preston,2025-11-25,A,Watford,1,1,D,1,17,1.6,1.4,1.0,0.4,0.4,0.6,0.8,1.0,0.2
E1,Preston,2025-11-29,A,Sheffield Weds,3,2,W,3,18,1.6,1.6,1.4,0.2,0.6,0.4,1.0,1.0,0.0
E1,Preston,2025-12-06,H,Wrexham,1,1,D,1,19,1.2,1.4,1.4,0.0,0.4,0.6,1.0,1.0,0.0
E1,Preston,2025-12-09,H,Coventry,1,1,D,1,20,1.2,1.4,1.4,0.0,0.4,0.6,1.0,1.0,0.0
E1,Preston,2025-12-13,A,Oxford,2,1,W,3,21,1.8,1.6,1.2,0.4,0.4,0.6,1.0,1.0,0.0
E1,Preston,2025-12-20,H,Norwich,1,1,D,1,22,1.8,1.6,1.2,0.4,0.4,0.6,1.0,1.0,0.0
E1,Preston,2025-12-26,A,Stoke,0,0,D,1,23,1.4,1.0,0.8,0.2,0.2,0.8,0.8,0.8,0.2
E1,Preston,2025-12-29,A,Wrexham,1,2,L,0,24,1.2,1.0,1.0,0.0,0.4,0.6,0.8,0.8,0.2
E1,Preston,2026-01-01,H,Sheffield Weds,3,0,W,3,25,1.6,1.4,0.8,0.6,0.6,0.4,0.6,0.8,0.4
E1,Preston,2026-01-04,A,Bristol City,2,0,W,3,26,1.6,1.4,0.6,0.8,0.4,0.6,0.4,0.8,0.6
E1,Preston,2026-01-17,H,Derby,0,1,L,0,27,1.4,1.2,0.6,0.6,0.4,0.6,0.2,0.6,0.6
E1,Preston,2026-01-20,H,Hull,0,3,L,0,28,1.2,1.2,1.2,0.0,0.6,0.4,0.2,0.6,0.4
E1,Preston,2026-01-24,A,Middlesbrough,0,4,L,0,29,1.2,1.0,1.6,-0.6,0.6,0.4,0.0,0.4,0.4
E1,Preston,2026-01-31,A,Ipswich,1,1,D,1,30,0.8,0.6,1.8,-1.2,0.4,0.6,0.2,0.4,0.2
E1,Preston,2026-02-07,H,Portsmouth,1,0,W,3,31,0.8,0.4,1.8,-1.4,0.4,0.6,0.2,0.4,0.2
E1,Preston,2026-02-14,H,Watford,2,2,D,1,32,1.0,0.8,2.0,-1.2,0.6,0.4,0.4,0.6,0.2
E1,Preston,2026-02-20,A,Blackburn,0,1,L,0,33,1.0,0.8,1.6,-0.8,0.4,0.6,0.4,0.6,0.2
E1,Preston,2026-02-24,A,Swansea,1,1,D,1,34,1.2,1.0,1.0,0.0,0.2,0.8,0.6,0.8,0.2
E1,Preston,2026-02-28,H,Millwall,0,2,L,0,35,1.0,0.8,1.2,-0.4,0.2,0.8,0.4,0.6,0.2
E1,Preston,2026-03-06,H,Oxford,1,3,L,0,36,0.4,0.8,1.8,-1.0,0.4,0.6,0.6,0.6,0.0
E1,Preston,2026-03-11,A,Coventry,0,3,L,0,37,0.2,0.4,2.0,-1.6,0.4,0.6,0.4,0.4,0.0
E1,Preston,2026-03-14,A,Norwich,0,2,L,0,38,0.2,0.4,2.2,-1.8,0.4,0.6,0.4,0.4,0.0
E1,Preston,2026-03-20,H,Stoke,3,1,W,3,39,0.6,0.8,2.2,-1.4,0.6,0.4,0.4,0.4,0.0
E1,Preston,2026-04-03,A,Leicester,2,2,D,1,40,0.8,1.2,2.2,-1.0,0.8,0.2,0.6,0.6,0.0
E1,Preston,2026-04-06,H,QPR,1,1,D,1,41,1.0,1.2,1.8,-0.6,0.6,0.4,0.6,0.6,0.0
E1,QPR,2025-08-09,H,Preston,1,1,D,1,1,1.0,1.0,1.0,0.0,0.0,1.0,1.0,1.0,0.0
E1,QPR,2025-08-16,A,Watford,1,2,L,0,2,0.5,1.0,1.5,-0.5,0.5,0.5,1.0,1.0,0.0
E1,QPR,2025-08-23,A,Coventry,1,7,L,0,3,0.3333333333333333,1.0,3.3333333333333335,-2.3333333333333335,0.6666666666666666,0.3333333333333333,1.0,1.0,0.0
E1,QPR,2025-08-30,H,Charlton,3,1,W,3,4,1.0,1.5,2.75,-1.25,0.75,0.25,1.0,1.0,0.0
E1,QPR,2025-09-13,A,Wrexham,3,1,W,3,5,1.4,1.8,2.4,-0.6,0.8,0.2,1.0,1.0,0.0
E1,QPR,2025-09-20,H,Stoke,1,0,W,3,6,1.8,1.8,2.2,-0.4,0.8,0.2,0.8,1.0,0.2
E1,QPR,2025-09-27,A,Sheffield Weds,1,1,D,1,7,2.0,1.8,2.0,-0.2,0.6,0.4,0.8,1.0,0.2
E1,QPR,2025-10-01,H,Oxford,0,0,D,1,8,2.2,1.6,0.6,1.0,0.4,0.6,0.6,0.8,0.4
E1,QPR,2025-10-04,A,Bristol City,2,1,W,3,9,2.2,1.4,0.6,0.8,0.4,0.6,0.6,0.8,0.4
E1,QPR,2025-10-18,H,Millwall,1,2,L,0,10,1.6,1.0,0.8,0.2,0.4,0.6,0.6,0.8,0.4
E1,QPR,2025-10-22,A,Swansea,1,0,W,3,11,1.6,1.0,0.8,0.2,0.4,0.6,0.6,0.8,0.4
E1,QPR,2025-10-25,A,Derby,0,1,L,0,12,1.4,0.8,0.8,0.0,0.4,0.6,0.4,0.6,0.4
E1,QPR,2025-11-01,H,Ipswich,1,4,L,0,13,1.2,1.0,1.6,-0.6,0.6,0.4,0.6,0.8,0.2
E1,QPR,2025-11-05,H,Southampton,1,2,L,0,14,0.6,0.8,1.8,-1.0,0.6,0.4,0.6,0.8,0.2
E1,QPR,2025-11-08,A,Sheffield United,0,0,D,1,15,0.8,0.6,1.4,-0.8,0.4,0.6,0.4,0.6,0.4
E1,QPR,2025-11-22,H,Hull,3,2,W,3,16,0.8,1.0,1.8,-0.8,0.6,0.4,0.6,0.6,0.2
E1,QPR,2025-11-26,A,Blackburn,1,0,W,3,17,1.4,1.2,1.6,-0.4,0.6,0.4,0.6,0.8,0.4
E1,QPR,2025-11-29,A,Norwich,1,3,L,0,18,1.4,1.2,1.4,-0.2,0.6,0.4,0.6,0.8,0.4
E1,QPR,2025-12-06,H,West Brom,3,1,W,3,19,2.0,1.6,1.2,0.4,0.6,0.4,0.6,0.8,0.4
E1,QPR,2025-12-09,H,Birmingham,2,1,W,3,20,2.4,2.0,1.4,0.6,0.8,0.2,0.8,1.0,0.2
E1,QPR,2025-12-13,A,Middlesbrough,1,3,L,0,21,1.8,1.6,1.6,0.0,0.8,0.2,0.8,1.0,0.2
E1,QPR,2025-12-20,H,Leicester,4,1,W,3,22,1.8,2.2,1.8,0.4,1.0,0.0,1.0,1.0,0.0
E1,QPR,2025-12-26,A,Portsmouth,1,1,D,1,23,2.0,2.2,1.4,0.8,0.8,0.2,1.0,1.0,0.0
E1,QPR,2025-12-29,A,West Brom,1,2,L,0,24,1.4,1.8,1.6,0.2,0.8,0.2,1.0,1.0,0.0
E1,QPR,2026-01-01,H,Norwich,1,2,L,0,25,0.8,1.6,1.8,-0.2,0.8,0.2,1.0,1.0,0.0
E1,QPR,2026-01-04,H,Sheffield Weds,3,0,W,3,26,1.4,2.0,1.2,0.8,0.8,0.2,0.8,1.0,0.2
E1,QPR,2026-01-17,A,Stoke,0,0,D,1,27,1.0,1.2,1.0,0.2,0.6,0.4,0.6,0.8,0.4
E1,QPR,2026-01-20,A,Oxford,0,0,D,1,28,1.0,1.0,0.8,0.2,0.6,0.4,0.4,0.6,0.6
E1,QPR,2026-01-24,H,Wrexham,2,3,L,0,29,1.0,1.2,1.0,0.2,0.6,0.4,0.4,0.6,0.6
E1,QPR,2026-01-31,H,Coventry,2,1,W,3,30,1.6,1.4,0.8,0.6,0.6,0.4,0.4,0.6,0.6
E1,QPR,2026-02-06,A,Charlton,0,0,D,1,31,1.2,0.8,0.8,0.0,0.4,0.6,0.4,0.4,0.6
E1,QPR,2026-02-14,H,Blackburn,1,3,L,0,32,1.0,1.0,1.4,-0.4,0.6,0.4,0.6,0.6,0.4
E1,QPR,2026-02-21,A,Hull,3,1,W,3,33,1.4,1.6,1.6,0.0,0.8,0.2,0.8,0.8,0.2
E1,QPR,2026-02-24,A,Southampton,0,5,L,0,34,1.4,1.2,2.0,-0.8,0.8,0.2,0.6,0.6,0.2
E1,QPR,2026-02-28,H,Sheffield United,0,2,L,0,35,0.8,0.8,2.2,-1.4,0.6,0.4,0.4,0.4,0.2
E1,QPR,2026-03-08,H,Middlesbrough,0,4,L,0,36,0.6,0.8,3.0,-2.2,0.8,0.2,0.4,0.4,0.0
E1,QPR,2026-03-11,A,Birmingham,0,1,L,0,37,0.6,0.6,2.6,-2.0,0.6,0.4,0.2,0.2,0.0
E1,QPR,2026-03-14,A,Leicester,3,1,W,3,38,0.6,0.6,2.6,-2.0,0.6,0.4,0.2,0.2,0.0
E1,QPR,2026-03-21,H,Portsmouth,6,1,W,3,39,1.2,1.8,1.8,0.0,0.6,0.4,0.4,0.4,0.0
E1,QPR,2026-04-03,H,Watford,2,1,W,3,40,1.8,2.2,1.6,0.6,0.8,0.2,0.6,0.6,0.0
E1,QPR,2026-04-06,A,Preston,1,1,D,1,41,2.0,2.4,1.0,1.4,0.6,0.4,0.8,0.8,0.0
E1,Sheffield United,2025-08-09,H,Bristol City,1,4,L,0,1,0.0,1.0,4.0,-3.0,1.0,0.0,1.0,1.0,0.0
E1,Sheffield United,2025-08-16,A,Swansea,0,1,L,0,2,0.0,0.5,2.5,-2.0,0.5,0.5,0.5,0.5,0.0
E1,Sheffield United,2025-08-23,H,Millwall,0,1,L,0,3,0.0,0.3333333333333333,2.0,-1.6666666666666667,0.3333333333333333,0.6666666666666666,0.3333333333333333,0.3333333333333333,0.0
E1,Sheffield United,2025-08-30,A,Middlesbrough,0,1,L,0,4,0.0,0.25,1.75,-1.5,0.25,0.75,0.25,0.25,0.0
E1,Sheffield United,2025-09-12,A,Ipswich,0,5,L,0,5,0.0,0.2,2.4,-2.2,0.4,0.6,0.2,0.2,0.0
E1,Sheffield United,2025-09-20,H,Charlton,0,1,L,0,6,0.0,0.0,1.8,-1.8,0.2,0.8,0.0,0.0,0.0
E1,Sheffield United,2025-09-27,A,Oxford,1,0,W,3,7,0.6,0.2,1.6,-1.4,0.2,0.8,0.0,0.2,0.2
E1,Sheffield United,2025-09-30,H,Southampton,1,2,L,0,8,0.6,0.4,1.8,-1.4,0.4,0.6,0.2,0.4,0.2
E1,Sheffield United,2025-10-04,A,Hull,0,1,L,0,9,0.6,0.4,1.8,-1.4,0.4,0.6,0.2,0.4,0.2
E1,Sheffield United,2025-10-18,H,Watford,1,0,W,3,10,1.2,0.6,0.8,-0.2,0.2,0.8,0.2,0.6,0.4
E1,Sheffield United,2025-10-21,A,Blackburn,3,1,W,3,11,1.8,1.2,0.8,0.4,0.4,0.6,0.4,0.8,0.4
E1,Sheffield United,2025-10-24,A,Preston,2,3,L,0,12,1.2,1.4,1.4,0.0,0.6,0.4,0.6,0.8,0.2
E1,Sheffield United,2025-11-01,H,Derby,1,3,L,0,13,1.2,1.4,1.6,-0.2,0.6,0.4,0.6,0.8,0.2
E1,Sheffield United,2025-11-04,A,Coventry,1,3,L,0,14,1.2,1.6,2.0,-0.4,0.8,0.2,0.8,1.0,0.2
E1,Sheffield United,2025-11-08,H,QPR,0,0,D,1,15,0.8,1.4,2.0,-0.6,0.8,0.2,0.8,0.8,0.2
E1,Sheffield United,2025-11-23,A,Sheffield Weds,3,0,W,3,16,0.8,1.4,1.8,-0.4,0.8,0.2,0.6,0.8,0.4
E1,Sheffield United,2025-11-26,H,Portsmouth,3,0,W,3,17,1.4,1.6,1.2,0.4,0.8,0.2,0.4,0.8,0.6
E1,Sheffield United,2025-11-29,A,Leicester,3,2,W,3,18,2.0,2.0,1.0,1.0,0.8,0.2,0.4,0.8,0.6
E1,Sheffield United,2025-12-06,H,Stoke,4,0,W,3,19,2.6,2.6,0.4,2.2,0.8,0.2,0.2,0.8,0.8
E1,Sheffield United,2025-12-09,H,Norwich,1,1,D,1,20,2.6,2.8,0.6,2.2,0.8,0.2,0.4,1.0,0.6
E1,Sheffield United,2025-12-12,A,West Brom,0,2,L,0,21,2.0,2.2,1.0,1.2,0.6,0.4,0.4,0.8,0.4
E1,Sheffield United,2025-12-20,H,Birmingham,3,0,W,3,22,2.0,2.2,1.0,1.2,0.6,0.4,0.4,0.8,0.4
E1,Sheffield United,2025-12-26,A,Wrexham,3,5,L,0,23,1.4,2.2,1.6,0.6,0.6,0.4,0.4,0.8,0.4
E1,Sheffield United,2025-12-29,A,Stoke,2,1,W,3,24,1.4,1.8,1.8,0.0,0.6,0.4,0.6,0.8,0.2
E1,Sheffield United,2026-01-01,H,Leicester,3,1,W,3,25,1.8,2.2,1.8,0.4,0.8,0.2,0.6,0.8,0.2
E1,Sheffield United,2026-01-17,A,Charlton,0,1,L,0,26,1.8,2.2,1.6,0.6,0.8,0.2,0.6,0.8,0.2
E1,Sheffield United,2026-01-21,A,Southampton,0,1,L,0,27,1.2,1.6,1.8,-0.2,0.6,0.4,0.6,0.6,0.0
E1,Sheffield United,2026-01-24,H,Ipswich,3,1,W,3,28,1.8,1.6,1.0,0.6,0.6,0.4,0.6,0.6,0.0
E1,Sheffield United,2026-01-31,A,Millwall,1,1,D,1,29,1.4,1.4,1.0,0.4,0.4,0.6,0.6,0.6,0.0
E1,Sheffield United,2026-02-03,H,Oxford,3,1,W,3,30,1.4,1.4,1.0,0.4,0.4,0.6,0.6,0.6,0.0
E1,Sheffield United,2026-02-09,H,Middlesbrough,1,2,L,0,31,1.4,1.6,1.2,0.4,0.6,0.4,0.8,0.8,0.0
E1,Sheffield United,2026-02-14,A,Portsmouth,1,0,W,3,32,2.0,1.8,1.0,0.8,0.6,0.4,0.8,1.0,0.2
E1,Sheffield United,2026-02-22,H,Sheffield Weds,2,1,W,3,33,2.0,1.6,1.0,0.6,0.6,0.4,0.8,1.0,0.2
E1,Sheffield United,2026-02-25,H,Coventry,1,2,L,0,34,1.8,1.6,1.2,0.4,0.8,0.2,0.8,1.0,0.2
E1,Sheffield United,2026-02-28,A,QPR,2,0,W,3,35,1.8,1.4,1.0,0.4,0.6,0.4,0.6,1.0,0.4
E1,Sheffield United,2026-03-07,H,West Brom,1,1,D,1,36,2.0,1.4,0.8,0.6,0.4,0.6,0.6,1.0,0.4
E1,Sheffield United,2026-03-11,A,Norwich,1,2,L,0,37,1.4,1.4,1.2,0.2,0.6,0.4,0.8,1.0,0.2
E1,Sheffield United,2026-03-14,A,Birmingham,1,1,D,1,38,1.0,1.2,1.2,0.0,0.4,0.6,0.8,1.0,0.2
E1,Sheffield United,2026-03-21,H,Wrexham,1,2,L,0,39,1.0,1.2,1.2,0.0,0.4,0.6,0.8,1.0,0.2
E1,Sheffield United,2026-04-03,H,Swansea,3,3,D,1,40,0.6,1.4,1.8,-0.4,0.6,0.4,1.0,1.0,0.0
E1,Sheffield United,2026-04-06,A,Bristol City,0,1,L,0,41,0.4,1.2,1.8,-0.6,0.6,0.4,0.8,0.8,0.0
E1,Sheffield Weds,2025-08-10,A,Leicester,1,2,L,0,1,0.0,1.0,2.0,-1.0,1.0,0.0,1.0,1.0,0.0
E1,Sheffield Weds,2025-08-16,H,Stoke,0,3,L,0,2,0.0,0.5,2.5,-2.0,1.0,0.0,0.5,0.5,0.0
E1,Sheffield Weds,2025-08-23,A,Wrexham,2,2,D,1,3,0.3333333333333333,1.0,2.3333333333333335,-1.3333333333333333,1.0,0.0,0.6666666666666666,0.6666666666666666,0.0
E1,Sheffield Weds,2025-08-30,H,Swansea,0,2,L,0,4,0.25,0.75,2.25,-1.5,0.75,0.25,0.5,0.5,0.0
E1,Sheffield Weds,2025-09-13,H,Bristol City,0,3,L,0,5,0.2,0.6,2.4,-1.8,0.8,0.2,0.4,0.4,0.0
E1,Sheffield Weds,2025-09-20,A,Portsmouth,2,0,W,3,6,0.8,0.8,2.0,-1.2,0.6,0.4,0.2,0.4,0.2
E1,Sheffield Weds,2025-09-27,H,QPR,1,1,D,1,7,1.0,1.0,1.6,-0.6,0.4,0.6,0.4,0.6,0.2
E1,Sheffield Weds,2025-09-30,A,Birmingham,2,2,D,1,8,1.0,1.0,1.6,-0.6,0.4,0.6,0.4,0.6,0.2
E1,Sheffield Weds,2025-10-04,H,Coventry,0,5,L,0,9,1.0,1.0,2.2,-1.2,0.6,0.4,0.4,0.6,0.2
E1,Sheffield Weds,2025-10-18,A,Charlton,1,2,L,0,10,1.0,1.2,2.0,-0.8,0.6,0.4,0.6,0.8,0.2
E1,Sheffield Weds,2025-10-22,H,Middlesbrough,0,1,L,0,11,0.4,0.8,2.2,-1.4,0.6,0.4,0.6,0.6,0.0
E1,Sheffield Weds,2025-10-25,H,Oxford,1,2,L,0,12,0.2,0.8,2.4,-1.6,0.8,0.2,0.6,0.6,0.0
E1,Sheffield Weds,2025-11-01,A,West Brom,0,0,D,1,13,0.2,0.4,2.0,-1.6,0.6,0.4,0.4,0.4,0.2
E1,Sheffield Weds,2025-11-05,H,Norwich,1,1,D,1,14,0.4,0.6,1.2,-0.6,0.4,0.6,0.6,0.6,0.2
E1,Sheffield Weds,2025-11-08,A,Southampton,1,3,L,0,15,0.4,0.6,1.4,-0.8,0.4,0.6,0.6,0.6,0.2
E1,Sheffield Weds,2025-11-23,H,Sheffield United,0,3,L,0,16,0.4,0.6,1.8,-1.2,0.6,0.4,0.6,0.6,0.2
E1,Sheffield Weds,2025-11-26,A,Millwall,0,1,L,0,17,0.4,0.4,1.6,-1.2,0.4,0.6,0.4,0.4,0.2
E1,Sheffield Weds,2025-11-29,H,Preston,2,3,L,0,18,0.2,0.8,2.2,-1.4,0.6,0.4,0.6,0.6,0.0
E1,Sheffield Weds,2025-12-09,A,Watford,1,1,D,1,19,0.2,0.8,2.2,-1.4,0.6,0.4,0.6,0.6,0.0
E1,Sheffield Weds,2025-12-15,H,Derby,0,3,L,0,20,0.2,0.6,2.2,-1.6,0.6,0.4,0.4,0.4,0.0
E1,Sheffield Weds,2025-12-20,A,Ipswich,1,3,L,0,21,0.2,0.8,2.2,-1.4,0.6,0.4,0.6,0.6,0.0
E1,Sheffield Weds,2025-12-26,H,Hull,2,2,D,1,22,0.4,1.2,2.4,-1.2,0.8,0.2,0.8,0.8,0.0
E1,Sheffield Weds,2025-12-29,H,Blackburn,0,0,D,1,23,0.6,0.8,1.8,-1.0,0.6,0.4,0.6,0.6,0.2
E1,Sheffield Weds,2026-01-01,A,Preston,0,3,L,0,24,0.4,0.6,2.2,-1.6,0.8,0.2,0.4,0.4,0.2
E1,Sheffield Weds,2026-01-04,A,QPR,0,3,L,0,25,0.4,0.6,2.2,-1.6,0.8,0.2,0.4,0.4,0.2
E1,Sheffield Weds,2026-01-17,H,Portsmouth,0,1,L,0,26,0.4,0.4,1.8,-1.4,0.6,0.4,0.2,0.2,0.2
E1,Sheffield Weds,2026-01-20,H,Birmingham,0,2,L,0,27,0.2,0.0,1.8,-1.8,0.4,0.6,0.0,0.0,0.2
E1,Sheffield Weds,2026-01-24,A,Bristol City,0,2,L,0,28,0.0,0.0,2.2,-2.2,0.4,0.6,0.0,0.0,0.0
E1,Sheffield Weds,2026-01-31,H,Wrexham,0,1,L,0,29,0.0,0.0,1.8,-1.8,0.2,0.8,0.0,0.0,0.0
E1,Sheffield Weds,2026-02-03,A,Blackburn,0,1,L,0,30,0.0,0.0,1.4,-1.4,0.0,1.0,0.0,0.0,0.0
E1,Sheffield Weds,2026-02-08,A,Swansea,0,4,L,0,31,0.0,0.0,2.0,-2.0,0.2,0.8,0.0,0.0,0.0
E1,Sheffield Weds,2026-02-14,H,Millwall,1,2,L,0,32,0.0,0.2,2.0,-1.8,0.4,0.6,0.2,0.2,0.0
E1,Sheffield Weds,2026-02-22,A,Sheffield United,1,2,L,0,33,0.0,0.4,2.0,-1.6,0.6,0.4,0.4,0.4,0.0
E1,Sheffield Weds,2026-02-25,A,Norwich,0,2,L,0,34,0.0,0.4,2.2,-1.8,0.6,0.4,0.4,0.4,0.0
E1,Sheffield Weds,2026-02-28,H,Southampton,1,3,L,0,35,0.0,0.6,2.6,-2.0,0.8,0.2,0.6,0.6,0.0
E1,Sheffield Weds,2026-03-07,A,Derby,1,2,L,0,36,0.0,0.8,2.2,-1.4,0.8,0.2,0.8,0.8,0.0
E1,Sheffield Weds,2026-03-10,H,Watford,1,1,D,1,37,0.2,0.8,2.0,-1.2,0.6,0.4,0.8,0.8,0.0
E1,Sheffield Weds,2026-03-14,H,Ipswich,0,2,L,0,38,0.2,0.6,2.0,-1.4,0.4,0.6,0.6,0.6,0.0
E1,Sheffield Weds,2026-03-21,A,Hull,1,3,L,0,39,0.2,0.8,2.2,-1.4,0.6,0.4,0.8,0.8,0.0
E1,Sheffield Weds,2026-04-03,A,Stoke,0,2,L,0,40,0.2,0.6,2.0,-1.4,0.4,0.6,0.6,0.6,0.0
E1,Sheffield Weds,2026-04-06,H,Leicester,1,1,D,1,41,0.4,0.6,1.8,-1.2,0.2,0.8,0.6,0.6,0.0
E1,Southampton,2025-08-09,H,Wrexham,2,1,W,3,1,3.0,2.0,1.0,1.0,1.0,0.0,1.0,1.0,0.0
E1,Southampton,2025-08-17,A,Ipswich,1,1,D,1,2,2.0,1.5,1.0,0.5,0.5,0.5,1.0,1.0,0.0
E1,Southampton,2025-08-23,H,Stoke,1,2,L,0,3,1.3333333333333333,1.3333333333333333,1.3333333333333333,0.0,0.6666666666666666,0.3333333333333333,1.0,1.0,0.0
E1,Southampton,2025-08-30,A,Watford,2,2,D,1,4,1.25,1.5,1.5,0.0,0.75,0.25,1.0,1.0,0.0
E1,Southampton,2025-09-14,H,Portsmouth,0,0,D,1,5,1.2,1.2,1.2,0.0,0.6,0.4,0.8,0.8,0.2
E1,Southampton,2025-09-20,A,Hull,1,3,L,0,6,0.6,1.0,1.6,-0.6,0.6,0.4,0.8,0.8,0.2
E1,Southampton,2025-09-27,H,Middlesbrough,1,1,D,1,7,0.6,1.0,1.6,-0.6,0.6,0.4,0.8,0.8,0.2
E1,Southampton,2025-09-30,A,Sheffield United,2,1,W,3,8,1.2,1.2,1.4,-0.2,0.6,0.4,0.8,0.8,0.2
E1,Southampton,2025-10-04,A,Derby,1,1,D,1,9,1.2,1.0,1.2,-0.2,0.4,0.6,0.8,0.8,0.2
E1,Southampton,2025-10-18,H,Swansea,0,0,D,1,10,1.2,1.0,1.2,-0.2,0.4,0.6,0.8,0.8,0.2
E1,Southampton,2025-10-21,A,Bristol City,1,3,L,0,11,1.2,1.0,1.2,-0.2,0.4,0.6,0.8,0.8,0.2
E1,Southampton,2025-10-25,A,Blackburn,1,2,L,0,12,1.0,1.0,1.4,-0.4,0.6,0.4,0.8,0.8,0.2
E1,Southampton,2025-11-01,H,Preston,0,2,L,0,13,0.4,0.6,1.6,-1.0,0.4,0.6,0.6,0.6,0.2
E1,Southampton,2025-11-05,A,QPR,2,1,W,3,14,0.8,0.8,1.6,-0.8,0.6,0.4,0.6,0.6,0.2
E1,Southampton,2025-11-08,H,Sheffield Weds,3,1,W,3,15,1.2,1.4,1.8,-0.4,0.8,0.2,0.8,0.8,0.0
E1,Southampton,2025-11-22,A,Charlton,5,1,W,3,16,1.8,2.2,1.4,0.8,0.8,0.2,0.8,0.8,0.0
E1,Southampton,2025-11-25,H,Leicester,3,0,W,3,17,2.4,2.6,1.0,1.6,0.8,0.2,0.6,0.8,0.2
E1,Southampton,2025-11-29,A,Millwall,2,3,L,0,18,2.4,3.0,1.2,1.8,1.0,0.0,0.8,1.0,0.2
E1,Southampton,2025-12-06,H,Birmingham,3,1,W,3,19,2.4,3.2,1.2,2.0,1.0,0.0,0.8,1.0,0.2
E1,Southampton,2025-12-09,H,West Brom,3,2,W,3,20,2.4,3.2,1.4,1.8,1.0,0.0,0.8,1.0,0.2
E1,Southampton,2025-12-13,A,Norwich,1,2,L,0,21,1.8,2.4,1.6,0.8,1.0,0.0,0.8,1.0,0.2
E1,Southampton,2025-12-20,H,Coventry,1,1,D,1,22,1.4,2.0,1.8,0.2,0.8,0.2,1.0,1.0,0.0
E1,Southampton,2025-12-26,A,Oxford,1,2,L,0,23,1.4,1.8,1.6,0.2,0.8,0.2,1.0,1.0,0.0
E1,Southampton,2025-12-29,A,Birmingham,1,1,D,1,24,1.0,1.4,1.6,-0.2,0.6,0.4,1.0,1.0,0.0
E1,Southampton,2026-01-01,H,Millwall,0,0,D,1,25,0.6,0.8,1.2,-0.4,0.4,0.6,0.8,0.8,0.2
E1,Southampton,2026-01-04,A,Middlesbrough,0,4,L,0,26,0.6,0.6,1.6,-1.0,0.4,0.6,0.6,0.6,0.2
E1,Southampton,2026-01-17,H,Hull,1,2,L,0,27,0.4,0.6,1.8,-1.2,0.6,0.4,0.6,0.6,0.2
E1,Southampton,2026-01-21,H,Sheffield United,1,0,W,3,28,1.0,0.6,1.4,-0.8,0.4,0.6,0.4,0.6,0.4
E1,Southampton,2026-01-25,A,Portsmouth,1,1,D,1,29,1.0,0.6,1.4,-0.8,0.4,0.6,0.4,0.6,0.4
E1,Southampton,2026-01-31,A,Stoke,2,0,W,3,30,1.4,1.0,1.4,-0.4,0.4,0.6,0.4,0.8,0.4
E1,Southampton,2026-02-07,H,Watford,1,0,W,3,31,2.0,1.2,0.6,0.6,0.2,0.8,0.4,1.0,0.6
E1,Southampton,2026-02-10,A,Leicester,4,3,W,3,32,2.6,1.8,0.8,1.0,0.2,0.8,0.4,1.0,0.6
E1,Southampton,2026-02-21,H,Charlton,1,1,D,1,33,2.2,1.8,1.0,0.8,0.2,0.8,0.6,1.0,0.4
E1,Southampton,2026-02-24,H,QPR,5,0,W,3,34,2.6,2.6,0.8,1.8,0.4,0.6,0.4,1.0,0.6
E1,Southampton,2026-02-28,A,Sheffield Weds,3,1,W,3,35,2.6,2.8,1.0,1.8,0.6,0.4,0.6,1.0,0.4
E1,Southampton,2026-03-11,A,West Brom,1,1,D,1,36,2.2,2.8,1.2,1.6,0.6,0.4,0.8,1.0,0.2
E1,Southampton,2026-03-14,A,Coventry,2,1,W,3,37,2.2,2.4,0.8,1.6,0.6,0.4,0.8,1.0,0.2
E1,Southampton,2026-03-18,H,Norwich,1,0,W,3,38,2.6,2.4,0.6,1.8,0.6,0.4,0.6,1.0,0.4
E1,Southampton,2026-03-21,H,Oxford,2,0,W,3,39,2.6,1.8,0.6,1.2,0.4,0.6,0.6,1.0,0.4
E1,Stoke,2025-08-09,H,Derby,3,1,W,3,1,3.0,3.0,1.0,2.0,1.0,0.0,1.0,1.0,0.0
E1,Stoke,2025-08-16,A,Sheffield Weds,3,0,W,3,2,3.0,3.0,0.5,2.5,1.0,0.0,0.5,1.0,0.5
E1,Stoke,2025-08-23,A,Southampton,2,1,W,3,3,3.0,2.6666666666666665,0.6666666666666666,2.0,1.0,0.0,0.6666666666666666,1.0,0.3333333333333333
E1,Stoke,2025-08-30,H,West Brom,0,1,L,0,4,2.25,2.0,0.75,1.25,0.75,0.25,0.5,0.75,0.25
E1,Stoke,2025-09-13,H,Birmingham,1,0,W,3,5,2.4,1.8,0.6,1.2,0.6,0.4,0.4,0.8,0.4
E1,Stoke,2025-09-20,A,QPR,0,1,L,0,6,1.8,1.2,0.6,0.6,0.4,0.6,0.2,0.6,0.4
E1,Stoke,2025-09-27,H,Norwich,1,1,D,1,7,1.4,0.8,0.8,0.0,0.2,0.8,0.4,0.6,0.2
E1,Stoke,2025-09-30,A,Middlesbrough,0,0,D,1,8,1.0,0.4,0.6,-0.2,0.0,1.0,0.2,0.4,0.4
E1,Stoke,2025-10-04,A,Blackburn,1,1,D,1,9,1.2,0.6,0.6,0.0,0.0,1.0,0.4,0.6,0.4
E1,Stoke,2025-10-18,H,Wrexham,1,0,W,3,10,1.2,0.6,0.6,0.0,0.0,1.0,0.4,0.6,0.4
E1,Stoke,2025-10-21,A,Millwall,0,2,L,0,11,1.2,0.6,0.8,-0.2,0.0,1.0,0.4,0.6,0.4
E1,Stoke,2025-10-25,A,Portsmouth,1,0,W,3,12,1.6,0.6,0.6,0.0,0.0,1.0,0.2,0.6,0.6
E1,Stoke,2025-11-01,H,Bristol City,5,1,W,3,13,2.0,1.6,0.8,0.8,0.2,0.8,0.4,0.8,0.4
E1,Stoke,2025-11-04,A,Oxford,3,0,W,3,14,2.4,2.0,0.6,1.4,0.4,0.6,0.2,0.8,0.6
E1,Stoke,2025-11-08,H,Coventry,0,1,L,0,15,1.8,1.8,0.8,1.0,0.4,0.6,0.2,0.6,0.4
E1,Stoke,2025-11-22,A,Leicester,1,2,L,0,16,1.8,2.0,0.8,1.2,0.6,0.4,0.4,0.8,0.4
E1,Stoke,2025-11-25,H,Charlton,3,0,W,3,17,1.8,2.4,0.8,1.6,0.8,0.2,0.4,0.8,0.4
E1,Stoke,2025-11-29,H,Hull,1,2,L,0,18,1.2,1.6,1.0,0.6,0.8,0.2,0.4,0.8,0.4
E1,Stoke,2025-12-06,A,Sheffield United,0,4,L,0,19,0.6,1.0,1.8,-0.8,0.8,0.2,0.4,0.6,0.2
E1,Stoke,2025-12-10,A,Ipswich,0,1,L,0,20,0.6,1.0,1.8,-0.8,0.8,0.2,0.4,0.6,0.2
E1,Stoke,2025-12-13,H,Swansea,2,1,W,3,21,1.2,1.2,1.6,-0.4,0.8,0.2,0.4,0.6,0.2
E1,Stoke,2025-12-20,A,Watford,0,1,L,0,22,0.6,0.6,1.8,-1.2,0.6,0.4,0.4,0.4,0.0
E1,Stoke,2025-12-26,H,Preston,0,0,D,1,23,0.8,0.4,1.4,-1.0,0.4,0.6,0.2,0.2,0.2
E1,Stoke,2025-12-29,H,Sheffield United,1,2,L,0,24,0.8,0.6,1.0,-0.4,0.4,0.6,0.4,0.4,0.2
E1,Stoke,2026-01-01,A,Hull,1,0,W,3,25,1.4,0.8,0.8,0.0,0.4,0.6,0.4,0.6,0.4
E1,Stoke,2026-01-04,A,Norwich,2,0,W,3,26,1.4,0.8,0.6,0.2,0.2,0.8,0.2,0.6,0.6
E1,Stoke,2026-01-17,H,QPR,0,0,D,1,27,1.6,0.8,0.4,0.4,0.2,0.8,0.2,0.6,0.8
E1,Stoke,2026-01-21,H,Middlesbrough,1,2,L,0,28,1.4,1.0,0.8,0.2,0.4,0.6,0.4,0.8,0.6
E1,Stoke,2026-01-24,A,Birmingham,1,1,D,1,29,1.6,1.0,0.6,0.4,0.2,0.8,0.4,0.8,0.6
E1,Stoke,2026-01-31,H,Southampton,0,2,L,0,30,1.0,0.8,1.0,-0.2,0.2,0.8,0.4,0.6,0.4
E1,Stoke,2026-02-07,A,West Brom,0,0,D,1,31,0.6,0.4,1.0,-0.6,0.2,0.8,0.4,0.4,0.4
E1,Stoke,2026-02-11,A,Charlton,0,1,L,0,32,0.4,0.4,1.2,-0.8,0.2,0.8,0.4,0.4,0.2
E1,Stoke,2026-02-21,H,Leicester,2,2,D,1,33,0.6,0.6,1.2,-0.6,0.2,0.8,0.4,0.4,0.2
E1,Stoke,2026-02-25,H,Oxford,2,1,W,3,34,1.0,0.8,1.2,-0.4,0.4,0.6,0.4,0.4,0.2
E1,Stoke,2026-02-28,A,Coventry,1,2,L,0,35,1.0,1.0,1.2,-0.2,0.6,0.4,0.6,0.6,0.2
E1,Stoke,2026-03-07,A,Swansea,0,2,L,0,36,0.8,1.0,1.6,-0.6,0.6,0.4,0.6,0.6,0.0
E1,Stoke,2026-03-10,H,Ipswich,3,3,D,1,37,1.0,1.6,2.0,-0.4,0.8,0.2,0.8,0.8,0.0
E1,Stoke,2026-03-14,H,Watford,3,1,W,3,38,1.4,1.8,1.8,0.0,0.8,0.2,0.8,0.8,0.0
E1,Stoke,2026-03-20,A,Preston,1,3,L,0,39,0.8,1.6,2.2,-0.6,0.8,0.2,0.8,0.8,0.0
E1,Stoke,2026-04-03,H,Sheffield Weds,2,0,W,3,40,1.4,1.8,1.8,0.0,0.6,0.4,0.6,0.8,0.2
E1,Stoke,2026-04-06,A,Derby,0,2,L,0,41,1.4,1.8,1.8,0.0,0.6,0.4,0.6,0.8,0.2
E1,Swansea,2025-08-09,A,Middlesbrough,0,1,L,0,1,0.0,0.0,1.0,-1.0,0.0,1.0,0.0,0.0,0.0
E1,Swansea,2025-08-16,H,Sheffield United,1,0,W,3,2,1.5,0.5,0.5,0.0,0.0,1.0,0.0,0.5,0.5
E1,Swansea,2025-08-23,H,Watford,1,1,D,1,3,1.3333333333333333,0.6666666666666666,0.6666666666666666,0.0,0.0,1.0,0.3333333333333333,0.6666666666666666,0.3333333333333333
E1,Swansea,2025-08-30,A,Sheffield Weds,2,0,W,3,4,1.75,1.0,0.5,0.5,0.0,1.0,0.25,0.75,0.5
E1,Swansea,2025-09-13,H,Hull,2,2,D,1,5,1.6,1.2,0.8,0.4,0.2,0.8,0.4,0.8,0.4
E1,Swansea,2025-09-20,A,Birmingham,0,1,L,0,6,1.6,1.2,0.8,0.4,0.2,0.8,0.4,0.8,0.4
E1,Swansea,2025-09-27,H,Millwall,1,1,D,1,7,1.2,1.2,1.0,0.2,0.2,0.8,0.6,0.8,0.2
E1,Swansea,2025-09-30,A,Blackburn,2,1,W,3,8,1.6,1.4,1.0,0.4,0.4,0.6,0.6,0.8,0.2
E1,Swansea,2025-10-04,H,Leicester,1,3,L,0,9,1.0,1.2,1.6,-0.4,0.6,0.4,0.8,0.8,0.0
E1,Swansea,2025-10-18,A,Southampton,0,0,D,1,10,1.0,0.8,1.2,-0.4,0.4,0.6,0.6,0.6,0.2
E1,Swansea,2025-10-22,H,QPR,0,1,L,0,11,1.0,0.8,1.2,-0.4,0.4,0.6,0.6,0.6,0.2
E1,Swansea,2025-10-25,H,Norwich,2,1,W,3,12,1.4,1.0,1.2,-0.2,0.6,0.4,0.6,0.6,0.2
E1,Swansea,2025-11-01,A,Charlton,1,1,D,1,13,1.0,0.8,1.2,-0.4,0.4,0.6,0.6,0.6,0.2
E1,Swansea,2025-11-05,A,Preston,1,2,L,0,14,1.0,0.8,1.0,-0.2,0.4,0.6,0.6,0.6,0.2
E1,Swansea,2025-11-08,H,Ipswich,1,4,L,0,15,0.8,1.0,1.8,-0.8,0.6,0.4,0.8,0.8,0.0
E1,Swansea,2025-11-22,A,Bristol City,0,3,L,0,16,0.8,1.0,2.2,-1.2,0.8,0.2,0.8,0.8,0.0
E1,Swansea,2025-11-25,H,Derby,1,2,L,0,17,0.2,0.8,2.4,-1.6,0.8,0.2,0.8,0.8,0.0
E1,Swansea,2025-11-29,A,West Brom,2,3,L,0,18,0.0,1.0,2.8,-1.8,1.0,0.0,0.8,0.8,0.0
E1,Swansea,2025-12-06,H,Oxford,2,0,W,3,19,0.6,1.2,2.4,-1.2,0.8,0.2,0.6,0.8,0.2
E1,Swansea,2025-12-09,H,Portsmouth,1,0,W,3,20,1.2,1.2,1.6,-0.4,0.6,0.4,0.4,0.8,0.4
E1,Swansea,2025-12-13,A,Stoke,1,2,L,0,21,1.2,1.4,1.4,0.0,0.6,0.4,0.6,1.0,0.4
E1,Swansea,2025-12-19,H,Wrexham,2,1,W,3,22,1.8,1.6,1.2,0.4,0.6,0.4,0.6,1.0,0.4
E1,Swansea,2025-12-26,A,Coventry,0,1,L,0,23,1.8,1.2,0.8,0.4,0.4,0.6,0.4,0.8,0.4
E1,Swansea,2025-12-29,A,Oxford,1,0,W,3,24,1.8,1.0,0.8,0.2,0.4,0.6,0.4,0.8,0.4
E1,Swansea,2026-01-01,H,West Brom,1,0,W,3,25,1.8,1.0,0.8,0.2,0.4,0.6,0.4,0.8,0.4
E1,Swansea,2026-01-04,A,Millwall,1,2,L,0,26,1.8,1.0,0.8,0.2,0.4,0.6,0.4,0.8,0.4
E1,Swansea,2026-01-17,H,Birmingham,1,1,D,1,27,1.4,0.8,0.8,0.0,0.2,0.8,0.4,0.8,0.4
E1,Swansea,2026-01-20,H,Blackburn,3,1,W,3,28,2.0,1.4,0.8,0.6,0.4,0.6,0.6,1.0,0.4
E1,Swansea,2026-01-24,A,Hull,1,2,L,0,29,1.4,1.4,1.2,0.2,0.6,0.4,0.8,1.0,0.2
E1,Swansea,2026-01-31,A,Watford,2,0,W,3,30,1.4,1.6,1.2,0.4,0.6,0.4,0.8,1.0,0.2
E1,Swansea,2026-02-08,H,Sheffield Weds,4,0,W,3,31,2.0,2.2,0.8,1.4,0.6,0.4,0.6,1.0,0.4
E1,Swansea,2026-02-14,A,Derby,0,2,L,0,32,1.8,2.0,1.0,1.0,0.6,0.4,0.4,0.8,0.4
E1,Swansea,2026-02-21,H,Bristol City,1,0,W,3,33,1.8,1.6,0.8,0.8,0.4,0.6,0.2,0.8,0.6
E1,Swansea,2026-02-24,H,Preston,1,1,D,1,34,2.0,1.6,0.6,1.0,0.2,0.8,0.2,0.8,0.6
E1,Swansea,2026-02-28,A,Ipswich,0,3,L,0,35,1.4,1.2,1.2,0.0,0.4,0.6,0.2,0.6,0.4
E1,Swansea,2026-03-07,H,Stoke,2,0,W,3,36,1.4,0.8,1.2,-0.4,0.2,0.8,0.2,0.6,0.4
E1,Swansea,2026-03-10,A,Portsmouth,2,1,W,3,37,2.0,1.2,1.0,0.2,0.4,0.6,0.4,0.8,0.4
E1,Swansea,2026-03-13,A,Wrexham,0,2,L,0,38,1.4,1.0,1.4,-0.4,0.4,0.6,0.4,0.6,0.2
E1,Swansea,2026-03-21,H,Coventry,0,3,L,0,39,1.2,0.8,1.8,-1.0,0.6,0.4,0.2,0.4,0.2
E1,Swansea,2026-04-03,A,Sheffield United,3,3,D,1,40,1.4,1.4,1.8,-0.4,0.6,0.4,0.4,0.6,0.2
E1,Swansea,2026-04-06,H,Middlesbrough,2,2,D,1,41,1.0,1.4,2.2,-0.8,0.8,0.2,0.6,0.6,0.0
E1,Watford,2025-08-09,A,Charlton,0,1,L,0,1,0.0,0.0,1.0,-1.0,0.0,1.0,0.0,0.0,0.0
E1,Watford,2025-08-16,H,QPR,2,1,W,3,2,1.5,1.0,1.0,0.0,0.5,0.5,0.5,0.5,0.0
E1,Watford,2025-08-23,A,Swansea,1,1,D,1,3,1.3333333333333333,1.0,1.0,0.0,0.3333333333333333,0.6666666666666666,0.6666666666666666,0.6666666666666666,0.0
E1,Watford,2025-08-30,H,Southampton,2,2,D,1,4,1.25,1.25,1.25,0.0,0.5,0.5,0.75,0.75,0.0
E1,Watford,2025-09-13,H,Blackburn,0,1,L,0,5,1.0,1.0,1.2,-0.2,0.4,0.6,0.6,0.6,0.0
E1,Watford,2025-09-22,A,Millwall,0,1,L,0,6,1.0,1.0,1.2,-0.2,0.4,0.6,0.6,0.6,0.0
E1,Watford,2025-09-27,H,Hull,2,1,W,3,7,1.0,1.0,1.2,-0.2,0.4,0.6,0.6,0.6,0.0
E1,Watford,2025-10-01,A,Portsmouth,2,2,D,1,8,1.0,1.2,1.4,-0.2,0.6,0.4,0.6,0.6,0.0
E1,Watford,2025-10-04,H,Oxford,2,1,W,3,9,1.4,1.2,1.2,0.0,0.6,0.4,0.6,0.6,0.0
E1,Watford,2025-10-18,A,Sheffield United,0,1,L,0,10,1.4,1.2,1.2,0.0,0.6,0.4,0.6,0.6,0.0
E1,Watford,2025-10-22,H,West Brom,2,1,W,3,11,2.0,1.6,1.2,0.4,0.8,0.2,0.8,0.8,0.0
E1,Watford,2025-10-25,A,Coventry,1,3,L,0,12,1.4,1.4,1.6,-0.2,0.8,0.2,0.8,0.8,0.0
E1,Watford,2025-11-01,H,Middlesbrough,3,0,W,3,13,1.8,1.6,1.2,0.4,0.8,0.2,0.6,0.8,0.2
E1,Watford,2025-11-04,A,Ipswich,1,1,D,1,14,1.4,1.4,1.2,0.2,0.6,0.4,0.6,0.8,0.2
E1,Watford,2025-11-07,H,Bristol City,1,1,D,1,15,1.6,1.6,1.2,0.4,0.6,0.4,0.8,1.0,0.2
E1,Watford,2025-11-22,A,Derby,3,2,W,3,16,1.6,1.8,1.4,0.4,0.6,0.4,0.8,1.0,0.2
E1,Watford,2025-11-25,H,Preston,1,1,D,1,17,1.8,1.8,1.0,0.8,0.4,0.6,0.8,1.0,0.2
E1,Watford,2025-12-01,A,Birmingham,1,2,L,0,18,1.2,1.4,1.4,0.0,0.4,0.6,1.0,1.0,0.0
E1,Watford,2025-12-06,H,Norwich,3,2,W,3,19,1.6,1.8,1.6,0.2,0.6,0.4,1.0,1.0,0.0
E1,Watford,2025-12-09,H,Sheffield Weds,1,1,D,1,20,1.6,1.8,1.6,0.2,0.6,0.4,1.0,1.0,0.0
E1,Watford,2025-12-13,A,Wrexham,2,2,D,1,21,1.2,1.6,1.6,0.0,0.6,0.4,1.0,1.0,0.0
E1,Watford,2025-12-20,H,Stoke,1,0,W,3,22,1.6,1.6,1.4,0.2,0.6,0.4,0.8,1.0,0.2
E1,Watford,2025-12-26,A,Leicester,2,1,W,3,23,2.2,1.8,1.2,0.6,0.6,0.4,0.8,1.0,0.2
E1,Watford,2025-12-29,A,Norwich,1,0,W,3,24,2.2,1.4,0.8,0.6,0.4,0.6,0.6,1.0,0.4
E1,Watford,2026-01-01,H,Birmingham,3,0,W,3,25,2.6,1.8,0.6,1.2,0.6,0.4,0.4,1.0,0.6
E1,Watford,2026-01-17,H,Millwall,0,2,L,0,26,2.4,1.4,0.6,0.8,0.4,0.6,0.2,0.8,0.6
E1,Watford,2026-01-21,H,Portsmouth,1,1,D,1,27,2.0,1.4,0.8,0.6,0.4,0.6,0.4,0.8,0.4
E1,Watford,2026-01-24,A,Blackburn,1,1,D,1,28,1.6,1.2,0.8,0.4,0.2,0.8,0.4,0.8,0.4
E1,Watford,2026-01-31,H,Swansea,0,2,L,0,29,1.0,1.0,1.2,-0.2,0.2,0.8,0.4,0.6,0.2
E1,Watford,2026-02-03,A,Hull,0,0,D,1,30,0.6,0.4,1.2,-0.8,0.0,1.0,0.4,0.4,0.2
E1,Watford,2026-02-07,A,Southampton,0,1,L,0,31,0.6,0.4,1.0,-0.6,0.0,1.0,0.4,0.4,0.2
E1,Watford,2026-02-14,A,Preston,2,2,D,1,32,0.6,0.6,1.2,-0.6,0.2,0.8,0.4,0.4,0.2
E1,Watford,2026-02-21,H,Derby,2,0,W,3,33,1.0,0.8,1.0,-0.2,0.2,0.8,0.2,0.4,0.4
E1,Watford,2026-02-24,H,Ipswich,0,2,L,0,34,1.0,0.8,1.0,-0.2,0.2,0.8,0.2,0.4,0.4
E1,Watford,2026-02-27,A,Bristol City,2,1,W,3,35,1.4,1.2,1.2,0.0,0.4,0.6,0.4,0.6,0.2
E1,Watford,2026-03-10,A,Sheffield Weds,1,1,D,1,36,1.6,1.4,1.2,0.2,0.4,0.6,0.6,0.8,0.2
E1,Watford,2026-03-14,A,Stoke,1,3,L,0,37,1.4,1.2,1.4,-0.2,0.4,0.6,0.6,0.8,0.2
E1,Watford,2026-03-17,H,Wrexham,3,1,W,3,38,1.4,1.4,1.6,-0.2,0.6,0.4,0.8,0.8,0.0
E1,Watford,2026-03-21,H,Leicester,0,0,D,1,39,1.6,1.4,1.2,0.2,0.6,0.4,0.8,0.8,0.2
E1,Watford,2026-04-03,A,QPR,1,2,L,0,40,1.0,1.2,1.4,-0.2,0.6,0.4,0.8,0.8,0.2
E1,Watford,2026-04-06,H,Charlton,1,1,D,1,41,1.0,1.2,1.4,-0.2,0.6,0.4,0.8,0.8,0.2
E1,West Brom,2025-08-09,H,Blackburn,1,0,W,3,1,3.0,1.0,0.0,1.0,0.0,1.0,0.0,1.0,1.0
E1,West Brom,2025-08-16,A,Wrexham,3,2,W,3,2,3.0,2.0,1.0,1.0,0.5,0.5,0.5,1.0,0.5
E1,West Brom,2025-08-23,H,Portsmouth,1,1,D,1,3,2.3333333333333335,1.6666666666666667,1.0,0.6666666666666666,0.3333333333333333,0.6666666666666666,0.6666666666666666,1.0,0.3333333333333333
E1,West Brom,2025-08-30,A,Stoke,1,0,W,3,4,2.5,1.5,0.75,0.75,0.25,0.75,0.5,1.0,0.5
E1,West Brom,2025-09-13,H,Derby,0,1,L,0,5,2.0,1.2,0.8,0.4,0.2,0.8,0.4,0.8,0.4
E1,West Brom,2025-09-19,A,Middlesbrough,1,2,L,0,6,1.4,1.2,1.2,0.0,0.4,0.6,0.6,0.8,0.2
E1,West Brom,2025-09-26,H,Leicester,1,1,D,1,7,1.0,0.8,1.0,-0.2,0.2,0.8,0.6,0.8,0.2
E1,West Brom,2025-10-01,A,Norwich,1,0,W,3,8,1.4,0.8,0.8,0.0,0.2,0.8,0.4,0.8,0.4
E1,West Brom,2025-10-04,A,Millwall,0,3,L,0,9,0.8,0.6,1.4,-0.8,0.4,0.6,0.4,0.6,0.2
E1,West Brom,2025-10-18,H,Preston,2,1,W,3,10,1.4,1.0,1.4,-0.4,0.6,0.4,0.6,0.8,0.2
E1,West Brom,2025-10-22,A,Watford,1,2,L,0,11,1.4,1.0,1.4,-0.4,0.6,0.4,0.6,0.8,0.2
E1,West Brom,2025-10-25,A,Ipswich,0,1,L,0,12,1.2,0.8,1.4,-0.6,0.6,0.4,0.4,0.6,0.2
E1,West Brom,2025-11-01,H,Sheffield Weds,0,0,D,1,13,0.8,0.6,1.4,-0.8,0.6,0.4,0.4,0.4,0.2
E1,West Brom,2025-11-04,A,Charlton,0,1,L,0,14,0.8,0.6,1.0,-0.4,0.4,0.6,0.4,0.4,0.2
E1,West Brom,2025-11-08,H,Oxford,2,1,W,3,15,0.8,0.6,1.0,-0.4,0.4,0.6,0.4,0.4,0.2
E1,West Brom,2025-11-22,A,Coventry,2,3,L,0,16,0.8,0.8,1.2,-0.4,0.4,0.6,0.4,0.4,0.2
E1,West Brom,2025-11-26,H,Birmingham,1,1,D,1,17,1.0,1.0,1.2,-0.2,0.4,0.6,0.6,0.6,0.2
E1,West Brom,2025-11-29,H,Swansea,3,2,W,3,18,1.4,1.6,1.6,0.0,0.6,0.4,0.8,0.8,0.0
E1,West Brom,2025-12-06,A,QPR,1,3,L,0,19,1.4,1.8,2.0,-0.2,0.8,0.2,1.0,1.0,0.0
E1,West Brom,2025-12-09,A,Southampton,2,3,L,0,20,0.8,1.8,2.4,-0.6,0.8,0.2,1.0,1.0,0.0
E1,West Brom,2025-12-12,H,Sheffield United,2,0,W,3,21,1.4,1.8,1.8,0.0,0.6,0.4,0.8,1.0,0.2
E1,West Brom,2025-12-20,A,Hull,0,1,L,0,22,1.2,1.6,1.8,-0.2,0.6,0.4,0.6,0.8,0.2
E1,West Brom,2025-12-26,H,Bristol City,1,2,L,0,23,0.6,1.2,1.8,-0.6,0.6,0.4,0.6,0.8,0.2
E1,West Brom,2025-12-29,H,QPR,2,1,W,3,24,1.2,1.4,1.4,0.0,0.6,0.4,0.6,0.8,0.2
E1,West Brom,2026-01-01,A,Swansea,0,1,L,0,25,1.2,1.0,1.0,0.0,0.4,0.6,0.4,0.6,0.2
E1,West Brom,2026-01-05,A,Leicester,1,2,L,0,26,0.6,0.8,1.4,-0.6,0.6,0.4,0.6,0.6,0.0
E1,West Brom,2026-01-16,H,Middlesbrough,2,3,L,0,27,0.6,1.2,1.8,-0.6,0.8,0.2,0.8,0.8,0.0
E1,West Brom,2026-01-20,H,Norwich,0,5,L,0,28,0.6,1.0,2.4,-1.4,0.8,0.2,0.6,0.6,0.0
E1,West Brom,2026-01-23,A,Derby,1,1,D,1,29,0.2,0.8,2.4,-1.6,0.6,0.4,0.6,0.6,0.0
E1,West Brom,2026-01-31,A,Portsmouth,0,3,L,0,30,0.2,0.8,2.8,-2.0,0.8,0.2,0.6,0.6,0.0
E1,West Brom,2026-02-07,H,Stoke,0,0,D,1,31,0.4,0.6,2.4,-1.8,0.6,0.4,0.4,0.4,0.2
E1,West Brom,2026-02-10,A,Birmingham,0,0,D,1,32,0.6,0.2,1.8,-1.6,0.4,0.6,0.2,0.2,0.4
E1,West Brom,2026-02-21,H,Coventry,0,2,L,0,33,0.6,0.2,1.2,-1.0,0.2,0.8,0.2,0.2,0.4
E1,West Brom,2026-02-24,H,Charlton,1,1,D,1,34,0.6,0.2,1.2,-1.0,0.2,0.8,0.2,0.2,0.4
E1,West Brom,2026-02-28,A,Oxford,1,2,L,0,35,0.6,0.4,1.0,-0.6,0.2,0.8,0.4,0.4,0.4
E1,West Brom,2026-03-07,A,Sheffield United,1,1,D,1,36,0.6,0.6,1.2,-0.6,0.2,0.8,0.6,0.6,0.2
E1,West Brom,2026-03-11,H,Southampton,1,1,D,1,37,0.6,0.8,1.4,-0.6,0.2,0.8,0.8,0.8,0.0
E1,West Brom,2026-03-14,H,Hull,3,0,W,3,38,1.2,1.4,1.0,0.4,0.4,0.6,0.8,1.0,0.2
E1,West Brom,2026-03-21,A,Bristol City,1,0,W,3,39,1.6,1.4,0.8,0.6,0.4,0.6,0.6,1.0,0.4
E1,West Brom,2026-04-03,H,Wrexham,2,2,D,1,40,1.8,1.6,0.8,0.8,0.4,0.6,0.6,1.0,0.4
E1,West Brom,2026-04-06,A,Blackburn,0,0,D,1,41,1.8,1.4,0.6,0.8,0.4,0.6,0.4,0.8,0.6
E1,Wrexham,2025-08-09,A,Southampton,1,2,L,0,1,0.0,1.0,2.0,-1.0,1.0,0.0,1.0,1.0,0.0
E1,Wrexham,2025-08-16,H,West Brom,2,3,L,0,2,0.0,1.5,2.5,-1.0,1.0,0.0,1.0,1.0,0.0
E1,Wrexham,2025-08-23,H,Sheffield Weds,2,2,D,1,3,0.3333333333333333,1.6666666666666667,2.3333333333333335,-0.6666666666666666,1.0,0.0,1.0,1.0,0.0
E1,Wrexham,2025-08-30,A,Millwall,2,0,W,3,4,1.0,1.75,1.75,0.0,0.75,0.25,0.75,1.0,0.25
E1,Wrexham,2025-09-13,H,QPR,1,3,L,0,5,0.8,1.6,2.0,-0.4,0.8,0.2,0.8,1.0,0.2
E1,Wrexham,2025-09-20,A,Norwich,3,2,W,3,6,1.4,2.0,2.0,0.0,0.8,0.2,0.8,1.0,0.2
E1,Wrexham,2025-09-27,H,Derby,1,1,D,1,7,1.6,1.8,1.6,0.2,0.6,0.4,0.8,1.0,0.2
E1,Wrexham,2025-09-30,A,Leicester,1,1,D,1,8,1.6,1.6,1.4,0.2,0.4,0.6,0.8,1.0,0.2
E1,Wrexham,2025-10-03,H,Birmingham,1,1,D,1,9,1.2,1.4,1.6,-0.2,0.4,0.6,1.0,1.0,0.0
E1,Wrexham,2025-10-18,A,Stoke,0,1,L,0,10,1.2,1.2,1.2,0.0,0.2,0.8,0.8,0.8,0.0
E1,Wrexham,2025-10-22,H,Oxford,1,0,W,3,11,1.2,0.8,0.8,0.0,0.0,1.0,0.6,0.8,0.2
E1,Wrexham,2025-10-25,A,Middlesbrough,1,1,D,1,12,1.2,0.8,0.8,0.0,0.0,1.0,0.6,0.8,0.2
E1,Wrexham,2025-10-31,H,Coventry,3,2,W,3,13,1.6,1.2,1.0,0.2,0.2,0.8,0.6,0.8,0.2
E1,Wrexham,2025-11-05,A,Portsmouth,0,0,D,1,14,1.6,1.0,0.8,0.2,0.2,0.8,0.4,0.6,0.4
E1,Wrexham,2025-11-08,H,Charlton,1,0,W,3,15,2.2,1.2,0.6,0.6,0.2,0.8,0.4,0.8,0.6
E1,Wrexham,2025-11-22,A,Ipswich,0,0,D,1,16,1.8,1.0,0.6,0.4,0.2,0.8,0.4,0.6,0.6
E1,Wrexham,2025-11-26,H,Bristol City,2,0,W,3,17,2.2,1.2,0.4,0.8,0.2,0.8,0.2,0.6,0.8
E1,Wrexham,2025-11-29,H,Blackburn,1,1,D,1,18,1.8,0.8,0.2,0.6,0.0,1.0,0.2,0.6,0.8
E1,Wrexham,2025-12-06,A,Preston,1,1,D,1,19,1.8,1.0,0.4,0.6,0.0,1.0,0.4,0.8,0.6
E1,Wrexham,2025-12-10,A,Hull,0,2,L,0,20,1.2,0.8,0.8,0.0,0.0,1.0,0.4,0.6,0.4
E1,Wrexham,2025-12-13,H,Watford,2,2,D,1,21,1.2,1.2,1.2,0.0,0.2,0.8,0.6,0.8,0.2
E1,Wrexham,2025-12-19,A,Swansea,1,2,L,0,22,0.6,1.0,1.6,-0.6,0.4,0.6,0.8,0.8,0.0
E1,Wrexham,2025-12-26,H,Sheffield United,5,3,W,3,23,1.0,1.8,2.0,-0.2,0.6,0.4,0.8,0.8,0.0
E1,Wrexham,2025-12-29,H,Preston,2,1,W,3,24,1.4,2.0,2.0,0.0,0.8,0.2,0.8,0.8,0.0
E1,Wrexham,2026-01-01,A,Blackburn,2,0,W,3,25,2.0,2.4,1.6,0.8,0.8,0.2,0.8,1.0,0.2
E1,Wrexham,2026-01-04,A,Derby,2,1,W,3,26,2.4,2.4,1.4,1.0,0.8,0.2,0.8,1.0,0.2
E1,Wrexham,2026-01-17,H,Norwich,1,2,L,0,27,2.4,2.4,1.4,1.0,0.8,0.2,0.8,1.0,0.2
E1,Wrexham,2026-01-20,H,Leicester,1,1,D,1,28,2.0,1.6,1.0,0.6,0.6,0.4,0.8,1.0,0.2
E1,Wrexham,2026-01-24,A,QPR,3,2,W,3,29,2.0,1.8,1.2,0.6,0.6,0.4,0.8,1.0,0.2
E1,Wrexham,2026-01-31,A,Sheffield Weds,1,0,W,3,30,2.0,1.6,1.2,0.4,0.6,0.4,0.8,1.0,0.2
E1,Wrexham,2026-02-07,H,Millwall,0,2,L,0,31,1.4,1.2,1.4,-0.2,0.4,0.6,0.6,0.8,0.2
E1,Wrexham,2026-02-17,A,Bristol City,2,2,D,1,32,1.6,1.4,1.4,0.0,0.4,0.6,0.6,0.8,0.2
E1,Wrexham,2026-02-21,H,Ipswich,5,3,W,3,33,2.0,2.2,1.8,0.4,0.6,0.4,0.6,0.8,0.2
E1,Wrexham,2026-02-24,H,Portsmouth,2,1,W,3,34,2.0,2.0,1.6,0.4,0.6,0.4,0.6,0.8,0.2
E1,Wrexham,2026-02-28,A,Charlton,1,0,W,3,35,2.0,2.0,1.6,0.4,0.6,0.4,0.6,0.8,0.2
E1,Wrexham,2026-03-10,H,Hull,1,2,L,0,36,2.0,2.2,1.6,0.6,0.8,0.2,0.8,1.0,0.2
E1,Wrexham,2026-03-13,H,Swansea,2,0,W,3,37,2.4,2.2,1.2,1.0,0.6,0.4,0.6,1.0,0.4
E1,Wrexham,2026-03-17,A,Watford,1,3,L,0,38,1.8,1.4,1.2,0.2,0.6,0.4,0.6,1.0,0.4
E1,Wrexham,2026-03-21,A,Sheffield United,2,1,W,3,39,1.8,1.4,1.2,0.2,0.6,0.4,0.6,1.0,0.4
E1,Wrexham,2026-04-03,A,West Brom,2,2,D,1,40,1.4,1.6,1.6,0.0,0.8,0.2,0.8,1.0,0.2
F1,Angers,2025-08-17,H,Paris FC,1,0,W,3,1,3.0,1.0,0.0,1.0,0.0,1.0,0.0,1.0,1.0
F1,Angers,2025-08-22,A,Paris SG,0,1,L,0,2,1.5,0.5,0.5,0.0,0.0,1.0,0.0,0.5,0.5
F1,Angers,2025-08-31,H,Rennes,1,1,D,1,3,1.3333333333333333,0.6666666666666666,0.6666666666666666,0.0,0.0,1.0,0.3333333333333333,0.6666666666666666,0.3333333333333333
F1,Angers,2025-09-14,A,Metz,1,1,D,1,4,1.25,0.75,0.75,0.0,0.0,1.0,0.5,0.75,0.25
F1,Angers,2025-09-19,A,Lyon,0,1,L,0,5,1.0,0.6,0.8,-0.2,0.0,1.0,0.4,0.6,0.2
F1,Angers,2025-09-28,H,Brest,0,2,L,0,6,0.4,0.4,1.2,-0.8,0.0,1.0,0.4,0.4,0.0
F1,Angers,2025-10-05,A,Strasbourg,0,5,L,0,7,0.4,0.4,2.0,-1.6,0.2,0.8,0.4,0.4,0.0
F1,Angers,2025-10-18,H,Monaco,1,1,D,1,8,0.4,0.4,2.0,-1.6,0.2,0.8,0.4,0.4,0.0
F1,Angers,2025-10-26,H,Lorient,2,0,W,3,9,0.8,0.6,1.8,-1.2,0.2,0.8,0.2,0.4,0.2
F1,Angers,2025-10-29,A,Marseille,2,2,D,1,10,1.0,1.0,2.0,-1.0,0.4,0.6,0.4,0.6,0.2
F1,Angers,2025-11-02,A,Lille,0,1,L,0,11,1.0,1.0,1.8,-0.8,0.4,0.6,0.4,0.6,0.2
F1,Angers,2025-11-09,H,Auxerre,2,0,W,3,12,1.6,1.4,0.8,0.6,0.2,0.8,0.4,0.8,0.4
F1,Angers,2025-11-23,A,Toulouse,1,0,W,3,13,2.0,1.4,0.6,0.8,0.2,0.8,0.2,0.8,0.6
F1,Angers,2025-11-30,H,Lens,1,2,L,0,14,1.4,1.2,1.0,0.2,0.4,0.6,0.4,0.8,0.4
F1,Angers,2025-12-07,A,Nice,1,0,W,3,15,1.8,1.0,0.6,0.4,0.2,0.8,0.2,0.8,0.6
F1,Angers,2025-12-12,H,Nantes,4,1,W,3,16,2.4,1.8,0.6,1.2,0.4,0.6,0.4,1.0,0.6
F1,Angers,2026-01-04,A,Le Havre,1,2,L,0,17,1.8,1.6,1.0,0.6,0.6,0.4,0.6,1.0,0.4
F1,Angers,2026-01-17,H,Marseille,2,5,L,0,18,1.2,1.8,2.0,-0.2,0.8,0.2,0.8,1.0,0.2
F1,Angers,2026-01-25,A,Paris FC,0,0,D,1,19,1.4,1.6,1.6,0.0,0.6,0.4,0.6,0.8,0.4
F1,Angers,2026-02-01,H,Metz,1,0,W,3,20,1.4,1.6,1.6,0.0,0.6,0.4,0.6,0.8,0.4
F1,Angers,2026-02-08,H,Toulouse,1,0,W,3,21,1.4,1.0,1.4,-0.4,0.4,0.6,0.4,0.8,0.6
F1,Angers,2026-02-15,A,Lorient,0,2,L,0,22,1.4,0.8,1.4,-0.6,0.2,0.8,0.2,0.6,0.6
F1,Angers,2026-02-22,H,Lille,0,1,L,0,23,1.4,0.4,0.6,-0.2,0.0,1.0,0.0,0.4,0.6
F1,Angers,2026-02-28,A,Monaco,0,2,L,0,24,1.2,0.4,1.0,-0.6,0.0,1.0,0.0,0.4,0.4
F1,Angers,2026-03-07,A,Nantes,1,0,W,3,25,1.2,0.4,1.0,-0.6,0.0,1.0,0.0,0.4,0.4
F1,Angers,2026-03-14,H,Nice,0,2,L,0,26,0.6,0.2,1.4,-1.2,0.0,1.0,0.0,0.2,0.2
F1,Angers,2026-03-20,A,Lens,1,5,L,0,27,0.6,0.4,2.0,-1.6,0.2,0.8,0.2,0.4,0.2
F1,Angers,2026-04-05,H,Lyon,0,0,D,1,28,0.8,0.4,1.8,-1.4,0.2,0.8,0.2,0.4,0.4
F1,Auxerre,2025-08-17,H,Lorient,1,0,W,3,1,3.0,1.0,0.0,1.0,0.0,1.0,0.0,1.0,1.0
F1,Auxerre,2025-08-23,A,Nice,1,3,L,0,2,1.5,1.0,1.5,-0.5,0.5,0.5,0.5,1.0,0.5
F1,Auxerre,2025-08-30,A,Nantes,0,1,L,0,3,1.0,0.6666666666666666,1.3333333333333333,-0.6666666666666666,0.3333333333333333,0.6666666666666666,0.3333333333333333,0.6666666666666666,0.3333333333333333
F1,Auxerre,2025-09-13,H,Monaco,1,2,L,0,4,0.75,0.75,1.5,-0.75,0.5,0.5,0.5,0.75,0.25
F1,Auxerre,2025-09-21,H,Toulouse,1,0,W,3,5,1.2,0.8,1.2,-0.4,0.4,0.6,0.4,0.8,0.4
F1,Auxerre,2025-09-27,A,Paris SG,0,2,L,0,6,0.6,0.6,1.6,-1.0,0.4,0.6,0.4,0.6,0.2
F1,Auxerre,2025-10-04,H,Lens,1,2,L,0,7,0.6,0.6,1.4,-0.8,0.4,0.6,0.4,0.6,0.2
F1,Auxerre,2025-10-19,A,Rennes,2,2,D,1,8,0.8,1.0,1.6,-0.6,0.6,0.4,0.6,0.8,0.2
F1,Auxerre,2025-10-26,H,Le Havre,0,1,L,0,9,0.8,0.8,1.4,-0.6,0.4,0.6,0.4,0.6,0.2
F1,Auxerre,2025-10-29,A,Strasbourg,0,3,L,0,10,0.2,0.6,2.0,-1.4,0.6,0.4,0.4,0.4,0.0
F1,Auxerre,2025-11-01,H,Marseille,0,1,L,0,11,0.2,0.6,1.8,-1.2,0.6,0.4,0.4,0.4,0.0
F1,Auxerre,2025-11-09,A,Angers,0,2,L,0,12,0.2,0.4,1.8,-1.4,0.4,0.6,0.2,0.2,0.0
F1,Auxerre,2025-11-23,H,Lyon,0,0,D,1,13,0.2,0.0,1.4,-1.4,0.2,0.8,0.0,0.0,0.2
F1,Auxerre,2025-11-29,A,Paris FC,1,1,D,1,14,0.4,0.2,1.4,-1.2,0.2,0.8,0.2,0.2,0.2
F1,Auxerre,2025-12-07,H,Metz,3,1,W,3,15,1.0,0.8,1.0,-0.2,0.2,0.8,0.4,0.4,0.2
F1,Auxerre,2025-12-14,H,Lille,3,4,L,0,16,1.0,1.4,1.6,-0.2,0.4,0.6,0.6,0.6,0.2
F1,Auxerre,2026-01-04,A,Brest,0,2,L,0,17,1.0,1.4,1.6,-0.2,0.4,0.6,0.6,0.6,0.2
F1,Auxerre,2026-01-17,A,Lens,0,1,L,0,18,0.8,1.4,1.8,-0.4,0.4,0.6,0.6,0.6,0.0
F1,Auxerre,2026-01-23,H,Paris SG,0,1,L,0,19,0.6,1.2,1.8,-0.6,0.4,0.6,0.4,0.4,0.0
F1,Auxerre,2026-02-01,A,Toulouse,0,0,D,1,20,0.2,0.6,1.6,-1.0,0.2,0.8,0.2,0.2,0.2
F1,Auxerre,2026-02-08,H,Paris FC,0,0,D,1,21,0.4,0.0,0.8,-0.8,0.0,1.0,0.0,0.0,0.4
F1,Auxerre,2026-02-15,A,Metz,3,1,W,3,22,1.0,0.6,0.6,0.0,0.2,0.8,0.2,0.2,0.4
F1,Auxerre,2026-02-22,H,Rennes,0,3,L,0,23,1.0,0.6,1.0,-0.4,0.4,0.6,0.2,0.2,0.4
F1,Auxerre,2026-03-01,A,Lorient,2,2,D,1,24,1.2,1.0,1.2,-0.2,0.6,0.4,0.4,0.4,0.4
F1,Auxerre,2026-03-07,H,Strasbourg,0,0,D,1,25,1.2,1.0,1.2,-0.2,0.6,0.4,0.4,0.4,0.4
F1,Auxerre,2026-03-13,A,Marseille,0,1,L,0,26,1.0,1.0,1.4,-0.4,0.6,0.4,0.4,0.4,0.2
F1,Auxerre,2026-03-21,H,Brest,3,0,W,3,27,1.0,1.0,1.2,-0.2,0.6,0.4,0.2,0.4,0.4
F1,Auxerre,2026-04-05,A,Le Havre,1,1,D,1,28,1.2,1.2,0.8,0.4,0.4,0.6,0.4,0.6,0.4
F1,Brest,2025-08-17,H,Lille,3,3,D,1,1,1.0,3.0,3.0,0.0,1.0,0.0,1.0,1.0,0.0
F1,Brest,2025-08-24,A,Toulouse,0,2,L,0,2,0.5,1.5,2.5,-1.0,0.5,0.5,0.5,0.5,0.0
F1,Brest,2025-08-29,A,Lens,1,3,L,0,3,0.3333333333333333,1.3333333333333333,2.6666666666666665,-1.3333333333333333,0.6666666666666666,0.3333333333333333,0.6666666666666666,0.6666666666666666,0.0
F1,Brest,2025-09-14,H,Paris FC,1,2,L,0,4,0.25,1.25,2.5,-1.25,0.75,0.25,0.75,0.75,0.0
F1,Brest,2025-09-20,H,Nice,4,1,W,3,5,0.8,1.8,2.2,-0.4,0.8,0.2,0.8,0.8,0.0
F1,Brest,2025-09-28,A,Angers,2,0,W,3,6,1.2,1.6,1.6,0.0,0.6,0.4,0.6,0.8,0.2
F1,Brest,2025-10-04,H,Nantes,0,0,D,1,7,1.4,1.6,1.2,0.4,0.6,0.4,0.6,0.8,0.4
F1,Brest,2025-10-19,A,Lorient,3,3,D,1,8,1.6,2.0,1.2,0.8,0.6,0.4,0.6,0.8,0.4
F1,Brest,2025-10-25,H,Paris SG,0,3,L,0,9,1.6,1.8,1.4,0.4,0.6,0.4,0.4,0.6,0.4
F1,Brest,2025-10-29,A,Le Havre,0,1,L,0,10,1.0,1.0,1.4,-0.4,0.4,0.6,0.2,0.4,0.4
F1,Brest,2025-11-02,H,Lyon,0,0,D,1,11,0.6,0.6,1.4,-0.8,0.4,0.6,0.2,0.2,0.4
F1,Brest,2025-11-08,A,Marseille,0,3,L,0,12,0.4,0.6,2.0,-1.4,0.6,0.4,0.2,0.2,0.2
F1,Brest,2025-11-23,H,Metz,3,2,W,3,13,0.8,0.6,1.8,-1.2,0.6,0.4,0.2,0.2,0.2
F1,Brest,2025-11-30,A,Strasbourg,2,1,W,3,14,1.4,1.0,1.4,-0.4,0.6,0.4,0.4,0.4,0.2
F1,Brest,2025-12-05,H,Monaco,1,0,W,3,15,2.0,1.2,1.2,0.0,0.6,0.4,0.4,0.6,0.4
F1,Brest,2025-12-13,A,Rennes,1,3,L,0,16,1.8,1.4,1.8,-0.4,0.8,0.2,0.6,0.8,0.2
F1,Brest,2026-01-04,H,Auxerre,2,0,W,3,17,2.4,1.8,1.2,0.6,0.6,0.4,0.6,1.0,0.4
F1,Brest,2026-01-18,A,Lyon,1,2,L,0,18,1.8,1.4,1.2,0.2,0.6,0.4,0.6,1.0,0.4
F1,Brest,2026-01-25,H,Toulouse,0,2,L,0,19,1.2,1.0,1.4,-0.4,0.4,0.6,0.4,0.8,0.4
F1,Brest,2026-02-01,A,Nice,2,2,D,1,20,0.8,1.2,1.8,-0.6,0.6,0.4,0.6,0.8,0.2
F1,Brest,2026-02-07,H,Lorient,2,0,W,3,21,1.4,1.4,1.2,0.2,0.4,0.6,0.4,0.8,0.4
F1,Brest,2026-02-14,A,Lille,1,1,D,1,22,1.0,1.2,1.4,-0.2,0.4,0.6,0.6,0.8,0.2
F1,Brest,2026-02-20,H,Marseille,2,0,W,3,23,1.6,1.4,1.0,0.4,0.2,0.8,0.4,0.8,0.4
F1,Brest,2026-03-01,A,Metz,1,0,W,3,24,2.2,1.6,0.6,1.0,0.2,0.8,0.4,1.0,0.6
F1,Brest,2026-03-08,H,Le Havre,2,0,W,3,25,2.6,1.6,0.2,1.4,0.0,1.0,0.2,1.0,0.8
F1,Brest,2026-03-14,A,Monaco,0,2,L,0,26,2.0,1.2,0.6,0.6,0.0,1.0,0.2,0.8,0.6
F1,Brest,2026-03-21,A,Auxerre,0,3,L,0,27,1.8,1.0,1.0,0.0,0.2,0.8,0.0,0.6,0.6
F1,Brest,2026-04-04,H,Rennes,3,4,L,0,28,1.2,1.2,1.8,-0.6,0.4,0.6,0.2,0.6,0.4
F1,Le Havre,2025-08-16,A,Monaco,1,3,L,0,1,0.0,1.0,3.0,-2.0,1.0,0.0,1.0,1.0,0.0
F1,Le Havre,2025-08-24,H,Lens,1,2,L,0,2,0.0,1.0,2.5,-1.5,1.0,0.0,1.0,1.0,0.0
F1,Le Havre,2025-08-31,H,Nice,3,1,W,3,3,1.0,1.6666666666666667,2.0,-0.3333333333333333,1.0,0.0,1.0,1.0,0.0
F1,Le Havre,2025-09-14,A,Strasbourg,0,1,L,0,4,0.75,1.25,1.75,-0.5,0.75,0.25,0.75,0.75,0.0
F1,Le Havre,2025-09-21,H,Lorient,1,1,D,1,5,0.8,1.2,1.6,-0.4,0.6,0.4,0.8,0.8,0.0
F1,Le Havre,2025-09-28,A,Metz,0,0,D,1,6,1.0,1.0,1.0,0.0,0.4,0.6,0.6,0.6,0.2
F1,Le Havre,2025-10-05,H,Rennes,2,2,D,1,7,1.2,1.2,1.0,0.2,0.4,0.6,0.6,0.6,0.2
F1,Le Havre,2025-10-18,A,Marseille,2,6,L,0,8,0.6,1.0,2.0,-1.0,0.4,0.6,0.6,0.6,0.2
F1,Le Havre,2025-10-26,A,Auxerre,1,0,W,3,9,1.2,1.2,1.8,-0.6,0.4,0.6,0.6,0.8,0.4
F1,Le Havre,2025-10-29,H,Brest,1,0,W,3,10,1.6,1.2,1.6,-0.4,0.4,0.6,0.4,0.8,0.6
F1,Le Havre,2025-11-02,A,Toulouse,0,0,D,1,11,1.6,1.2,1.6,-0.4,0.4,0.6,0.4,0.8,0.6
F1,Le Havre,2025-11-08,H,Nantes,1,1,D,1,12,1.6,1.0,1.4,-0.4,0.2,0.8,0.4,0.8,0.6
F1,Le Havre,2025-11-22,A,Paris SG,0,3,L,0,13,1.6,0.6,0.8,-0.2,0.2,0.8,0.2,0.6,0.6
F1,Le Havre,2025-11-30,H,Lille,0,1,L,0,14,1.0,0.4,1.0,-0.6,0.2,0.8,0.2,0.4,0.4
F1,Le Havre,2025-12-07,H,Paris FC,0,0,D,1,15,0.6,0.2,1.0,-0.8,0.2,0.8,0.2,0.2,0.4
F1,Le Havre,2025-12-14,A,Lyon,0,1,L,0,16,0.4,0.2,1.2,-1.0,0.2,0.8,0.2,0.2,0.2
F1,Le Havre,2026-01-04,H,Angers,2,1,W,3,17,0.8,0.4,1.2,-0.8,0.4,0.6,0.2,0.2,0.2
F1,Le Havre,2026-01-18,A,Rennes,1,1,D,1,18,1.0,0.6,0.8,-0.2,0.2,0.8,0.4,0.4,0.2
F1,Le Havre,2026-01-24,H,Monaco,0,0,D,1,19,1.2,0.6,0.6,0.0,0.2,0.8,0.4,0.4,0.4
F1,Le Havre,2026-01-30,A,Lens,0,1,L,0,20,1.0,0.6,0.8,-0.2,0.2,0.8,0.4,0.4,0.2
F1,Le Havre,2026-02-08,H,Strasbourg,2,1,W,3,21,1.6,1.0,0.8,0.2,0.4,0.6,0.6,0.6,0.2
F1,Le Havre,2026-02-15,H,Toulouse,2,1,W,3,22,1.6,1.0,0.8,0.2,0.4,0.6,0.6,0.6,0.2
F1,Le Havre,2026-02-22,A,Nantes,0,2,L,0,23,1.4,0.8,1.0,-0.2,0.4,0.6,0.4,0.4,0.2
F1,Le Havre,2026-02-28,H,Paris SG,0,1,L,0,24,1.2,0.8,1.2,-0.4,0.4,0.6,0.4,0.4,0.0
F1,Le Havre,2026-03-08,A,Brest,0,2,L,0,25,1.2,0.8,1.4,-0.6,0.4,0.6,0.4,0.4,0.0
F1,Le Havre,2026-03-15,H,Lyon,0,0,D,1,26,0.8,0.4,1.2,-0.8,0.2,0.8,0.2,0.2,0.2
F1,Le Havre,2026-03-22,A,Paris FC,2,3,L,0,27,0.2,0.4,1.6,-1.2,0.2,0.8,0.2,0.2,0.2
F1,Le Havre,2026-04-05,H,Auxerre,1,1,D,1,28,0.4,0.6,1.4,-0.8,0.2,0.8,0.4,0.4,0.2
F1,Lens,2025-08-16,H,Lyon,0,1,L,0,1,0.0,0.0,1.0,-1.0,0.0,1.0,0.0,0.0,0.0
F1,Lens,2025-08-24,A,Le Havre,2,1,W,3,2,1.5,1.0,1.0,0.0,0.5,0.5,0.5,0.5,0.0
F1,Lens,2025-08-29,H,Brest,3,1,W,3,3,2.0,1.6666666666666667,1.0,0.6666666666666666,0.6666666666666666,0.3333333333333333,0.6666666666666666,0.6666666666666666,0.0
F1,Lens,2025-09-14,A,Paris SG,0,2,L,0,4,1.5,1.25,1.25,0.0,0.5,0.5,0.5,0.5,0.0
F1,Lens,2025-09-20,H,Lille,3,0,W,3,5,1.8,1.6,1.0,0.6,0.6,0.4,0.4,0.6,0.2
F1,Lens,2025-09-28,A,Rennes,0,0,D,1,6,2.0,1.6,0.8,0.8,0.6,0.4,0.4,0.6,0.4
F1,Lens,2025-10-04,A,Auxerre,2,1,W,3,7,2.0,1.6,0.8,0.8,0.6,0.4,0.4,0.6,0.4
F1,Lens,2025-10-19,H,Paris FC,2,1,W,3,8,2.0,1.4,0.8,0.6,0.6,0.4,0.4,0.6,0.4
F1,Lens,2025-10-25,H,Marseille,2,1,W,3,9,2.6,1.8,0.6,1.2,0.8,0.2,0.6,0.8,0.4
F1,Lens,2025-10-29,A,Metz,0,2,L,0,10,2.0,1.2,1.0,0.2,0.6,0.4,0.6,0.6,0.2
F1,Lens,2025-11-02,H,Lorient,3,0,W,3,11,2.4,1.8,1.0,0.8,0.8,0.2,0.6,0.8,0.2
F1,Lens,2025-11-08,A,Monaco,4,1,W,3,12,2.4,2.2,1.0,1.2,0.8,0.2,0.6,0.8,0.2
F1,Lens,2025-11-22,H,Strasbourg,1,0,W,3,13,2.4,2.0,0.8,1.2,0.6,0.4,0.4,0.8,0.4
F1,Lens,2025-11-30,A,Angers,2,1,W,3,14,2.4,2.0,0.8,1.2,0.6,0.4,0.4,0.8,0.4
F1,Lens,2025-12-06,A,Nantes,2,1,W,3,15,3.0,2.4,0.6,1.8,0.8,0.2,0.6,1.0,0.4
F1,Lens,2025-12-14,H,Nice,2,0,W,3,16,3.0,2.2,0.6,1.6,0.6,0.4,0.6,1.0,0.4
F1,Lens,2026-01-02,A,Toulouse,3,0,W,3,17,3.0,2.0,0.4,1.6,0.6,0.4,0.4,1.0,0.6
F1,Lens,2026-01-17,H,Auxerre,1,0,W,3,18,3.0,2.0,0.4,1.6,0.6,0.4,0.4,1.0,0.6
F1,Lens,2026-01-24,A,Marseille,1,3,L,0,19,2.4,1.8,0.8,1.0,0.6,0.4,0.4,1.0,0.6
F1,Lens,2026-01-30,H,Le Havre,1,0,W,3,20,2.4,1.6,0.6,1.0,0.4,0.6,0.2,1.0,0.8
F1,Lens,2026-02-07,H,Rennes,3,1,W,3,21,2.4,1.8,0.8,1.0,0.6,0.4,0.4,1.0,0.6
F1,Lens,2026-02-14,A,Paris FC,5,0,W,3,22,2.4,2.2,0.8,1.4,0.6,0.4,0.4,1.0,0.6
F1,Lens,2026-02-21,H,Monaco,2,3,L,0,23,1.8,2.4,1.4,1.0,0.8,0.2,0.6,1.0,0.4
F1,Lens,2026-02-27,A,Strasbourg,1,1,D,1,24,2.0,2.4,1.0,1.4,0.6,0.4,0.6,1.0,0.4
F1,Lens,2026-03-08,H,Metz,3,0,W,3,25,2.0,2.8,1.0,1.8,0.8,0.2,0.6,1.0,0.4
F1,Lens,2026-03-14,A,Lorient,1,2,L,0,26,1.4,2.4,1.2,1.2,0.8,0.2,0.6,1.0,0.4
F1,Lens,2026-03-20,H,Angers,5,1,W,3,27,1.4,2.4,1.4,1.0,0.8,0.2,0.8,1.0,0.2
F1,Lens,2026-04-04,A,Lille,0,3,L,0,28,1.4,2.0,1.4,0.6,0.8,0.2,0.6,0.8,0.2
F1,Lille,2025-08-17,A,Brest,3,3,D,1,1,1.0,3.0,3.0,0.0,1.0,0.0,1.0,1.0,0.0
F1,Lille,2025-08-24,H,Monaco,1,0,W,3,2,2.0,2.0,1.5,0.5,0.5,0.5,0.5,1.0,0.5
F1,Lille,2025-08-30,A,Lorient,7,1,W,3,3,2.3333333333333335,3.6666666666666665,1.3333333333333333,2.3333333333333335,0.6666666666666666,0.3333333333333333,0.6666666666666666,1.0,0.3333333333333333
F1,Lille,2025-09-14,H,Toulouse,2,1,W,3,4,2.5,3.25,1.25,2.0,0.75,0.25,0.75,1.0,0.25
F1,Lille,2025-09-20,A,Lens,0,3,L,0,5,2.0,2.6,1.6,1.0,0.8,0.2,0.6,0.8,0.2
F1,Lille,2025-09-28,H,Lyon,0,1,L,0,6,1.8,2.0,1.2,0.8,0.6,0.4,0.4,0.6,0.2
F1,Lille,2025-10-05,H,Paris SG,1,1,D,1,7,1.4,2.0,1.4,0.6,0.6,0.4,0.6,0.6,0.0
F1,Lille,2025-10-19,A,Nantes,2,0,W,3,8,1.4,1.0,1.2,-0.2,0.4,0.6,0.4,0.6,0.2
F1,Lille,2025-10-26,H,Metz,6,1,W,3,9,1.4,1.8,1.2,0.6,0.4,0.6,0.4,0.6,0.2
F1,Lille,2025-10-29,A,Nice,0,2,L,0,10,1.4,1.8,1.0,0.8,0.2,0.8,0.4,0.6,0.2
F1,Lille,2025-11-02,H,Angers,1,0,W,3,11,2.0,2.0,0.8,1.2,0.2,0.8,0.4,0.8,0.4
F1,Lille,2025-11-09,A,Strasbourg,0,2,L,0,12,1.8,1.8,1.0,0.8,0.2,0.8,0.2,0.6,0.4
F1,Lille,2025-11-23,H,Paris FC,4,2,W,3,13,1.8,2.2,1.4,0.8,0.4,0.6,0.4,0.6,0.2
F1,Lille,2025-11-30,A,Le Havre,1,0,W,3,14,1.8,1.2,1.2,0.0,0.2,0.8,0.2,0.6,0.4
F1,Lille,2025-12-05,H,Marseille,1,0,W,3,15,2.4,1.4,0.8,0.6,0.2,0.8,0.2,0.8,0.6
F1,Lille,2025-12-14,A,Auxerre,4,3,W,3,16,2.4,2.0,1.4,0.6,0.4,0.6,0.4,0.8,0.4
F1,Lille,2026-01-03,H,Rennes,0,2,L,0,17,2.4,2.0,1.4,0.6,0.4,0.6,0.4,0.8,0.4
F1,Lille,2026-01-16,A,Paris SG,0,3,L,0,18,1.8,1.2,1.6,-0.4,0.4,0.6,0.2,0.6,0.4
F1,Lille,2026-01-25,H,Strasbourg,1,4,L,0,19,1.2,1.2,2.4,-1.2,0.6,0.4,0.4,0.6,0.2
F1,Lille,2026-02-01,A,Lyon,0,1,L,0,20,0.6,1.0,2.6,-1.6,0.6,0.4,0.4,0.4,0.0
F1,Lille,2026-02-06,A,Metz,0,0,D,1,21,0.2,0.2,2.0,-1.8,0.4,0.6,0.2,0.2,0.2
F1,Lille,2026-02-14,H,Brest,1,1,D,1,22,0.4,0.4,1.8,-1.4,0.4,0.6,0.4,0.4,0.2
F1,Lille,2026-02-22,A,Angers,1,0,W,3,23,1.0,0.6,1.2,-0.6,0.2,0.8,0.4,0.6,0.4
F1,Lille,2026-03-01,H,Nantes,1,0,W,3,24,1.6,0.6,0.4,0.2,0.0,1.0,0.2,0.6,0.6
F1,Lille,2026-03-08,H,Lorient,1,1,D,1,25,1.8,0.8,0.4,0.4,0.0,1.0,0.4,0.8,0.6
F1,Lille,2026-03-15,A,Rennes,2,1,W,3,26,2.2,1.2,0.6,0.6,0.2,0.8,0.6,1.0,0.4
F1,Lille,2026-03-22,A,Marseille,2,1,W,3,27,2.6,1.4,0.6,0.8,0.4,0.6,0.6,1.0,0.4
F1,Lille,2026-04-04,H,Lens,3,0,W,3,28,2.6,1.8,0.6,1.2,0.6,0.4,0.6,1.0,0.4
F1,Lorient,2025-08-17,A,Auxerre,0,1,L,0,1,0.0,0.0,1.0,-1.0,0.0,1.0,0.0,0.0,0.0
F1,Lorient,2025-08-24,H,Rennes,4,0,W,3,2,1.5,2.0,0.5,1.5,0.5,0.5,0.0,0.5,0.5
F1,Lorient,2025-08-30,H,Lille,1,7,L,0,3,1.0,1.6666666666666667,2.6666666666666665,-1.0,0.6666666666666666,0.3333333333333333,0.3333333333333333,0.6666666666666666,0.3333333333333333
F1,Lorient,2025-09-12,A,Marseille,0,4,L,0,4,0.75,1.25,3.0,-1.75,0.75,0.25,0.25,0.5,0.25
F1,Lorient,2025-09-21,A,Le Havre,1,1,D,1,5,0.8,1.2,2.6,-1.4,0.6,0.4,0.4,0.6,0.2
F1,Lorient,2025-09-27,H,Monaco,3,1,W,3,6,1.4,1.8,2.6,-0.8,0.8,0.2,0.6,0.8,0.2
F1,Lorient,2025-10-03,A,Paris FC,0,2,L,0,7,0.8,1.0,3.0,-2.0,0.6,0.4,0.6,0.6,0.0
F1,Lorient,2025-10-19,H,Brest,3,3,D,1,8,1.0,1.4,2.2,-0.8,0.6,0.4,0.6,0.6,0.0
F1,Lorient,2025-10-26,A,Angers,0,2,L,0,9,1.0,1.4,1.8,-0.4,0.4,0.6,0.6,0.6,0.0
F1,Lorient,2025-10-29,H,Paris SG,1,1,D,1,10,1.0,1.4,1.8,-0.4,0.4,0.6,0.6,0.6,0.0
F1,Lorient,2025-11-02,A,Lens,0,3,L,0,11,0.4,0.8,2.2,-1.4,0.4,0.6,0.4,0.4,0.0
F1,Lorient,2025-11-09,H,Toulouse,1,1,D,1,12,0.6,1.0,2.0,-1.0,0.4,0.6,0.6,0.6,0.0
F1,Lorient,2025-11-23,A,Nantes,1,1,D,1,13,0.6,0.6,1.6,-1.0,0.2,0.8,0.6,0.6,0.0
F1,Lorient,2025-11-30,H,Nice,3,1,W,3,14,1.2,1.2,1.4,-0.2,0.4,0.6,0.8,0.8,0.0
F1,Lorient,2025-12-07,H,Lyon,1,0,W,3,15,1.6,1.2,1.2,0.0,0.4,0.6,0.6,0.8,0.2
F1,Lorient,2025-12-14,A,Strasbourg,0,0,D,1,16,1.8,1.2,0.6,0.6,0.2,0.8,0.6,0.8,0.4
F1,Lorient,2026-01-04,H,Metz,1,1,D,1,17,1.8,1.2,0.6,0.6,0.2,0.8,0.6,0.8,0.4
F1,Lorient,2026-01-16,A,Monaco,3,1,W,3,18,2.2,1.6,0.6,1.0,0.4,0.6,0.6,0.8,0.4
F1,Lorient,2026-01-24,A,Rennes,2,0,W,3,19,2.2,1.4,0.4,1.0,0.2,0.8,0.4,0.8,0.6
F1,Lorient,2026-01-31,H,Nantes,2,1,W,3,20,2.2,1.6,0.6,1.0,0.4,0.6,0.6,0.8,0.4
F1,Lorient,2026-02-07,A,Brest,0,2,L,0,21,2.0,1.6,1.0,0.6,0.4,0.6,0.6,0.8,0.2
F1,Lorient,2026-02-15,H,Angers,2,0,W,3,22,2.4,1.8,0.8,1.0,0.4,0.6,0.4,0.8,0.4
F1,Lorient,2026-02-22,A,Nice,3,3,D,1,23,2.0,1.8,1.2,0.6,0.4,0.6,0.4,0.8,0.4
F1,Lorient,2026-03-01,H,Auxerre,2,2,D,1,24,1.6,1.8,1.6,0.2,0.6,0.4,0.6,0.8,0.2
F1,Lorient,2026-03-08,A,Lille,1,1,D,1,25,1.2,1.6,1.6,0.0,0.4,0.6,0.6,0.8,0.2
F1,Lorient,2026-03-14,H,Lens,2,1,W,3,26,1.8,2.0,1.4,0.6,0.6,0.4,0.8,1.0,0.2
F1,Lorient,2026-03-21,A,Toulouse,0,1,L,0,27,1.2,1.6,1.6,0.0,0.6,0.4,0.8,0.8,0.0
F1,Lorient,2026-04-05,H,Paris FC,1,1,D,1,28,1.2,1.2,1.2,0.0,0.4,0.6,0.8,0.8,0.0
F1,Lyon,2025-08-16,A,Lens,1,0,W,3,1,3.0,1.0,0.0,1.0,0.0,1.0,0.0,1.0,1.0
F1,Lyon,2025-08-23,H,Metz,3,0,W,3,2,3.0,2.0,0.0,2.0,0.5,0.5,0.0,1.0,1.0
F1,Lyon,2025-08-31,H,Marseille,1,0,W,3,3,3.0,1.6666666666666667,0.0,1.6666666666666667,0.3333333333333333,0.6666666666666666,0.0,1.0,1.0
F1,Lyon,2025-09-14,A,Rennes,1,3,L,0,4,2.25,1.5,0.75,0.75,0.5,0.5,0.25,1.0,0.75
F1,Lyon,2025-09-19,H,Angers,1,0,W,3,5,2.4,1.4,0.6,0.8,0.4,0.6,0.2,1.0,0.8
F1,Lyon,2025-09-28,A,Lille,1,0,W,3,6,2.4,1.4,0.6,0.8,0.4,0.6,0.2,1.0,0.8
F1,Lyon,2025-10-05,H,Toulouse,1,2,L,0,7,1.8,1.0,1.0,0.0,0.4,0.6,0.4,1.0,0.6
F1,Lyon,2025-10-18,A,Nice,2,3,L,0,8,1.2,1.2,1.6,-0.4,0.6,0.4,0.6,1.0,0.4
F1,Lyon,2025-10-26,H,Strasbourg,2,1,W,3,9,1.8,1.4,1.2,0.2,0.6,0.4,0.6,1.0,0.4
F1,Lyon,2025-10-29,A,Paris FC,3,3,D,1,10,1.4,1.8,1.8,0.0,0.8,0.2,0.8,1.0,0.2
F1,Lyon,2025-11-02,A,Brest,0,0,D,1,11,1.0,1.6,1.8,-0.2,0.8,0.2,0.8,0.8,0.2
F1,Lyon,2025-11-09,H,Paris SG,2,3,L,0,12,1.0,1.8,2.0,-0.2,0.8,0.2,0.8,0.8,0.2
F1,Lyon,2025-11-23,A,Auxerre,0,0,D,1,13,1.2,1.4,1.4,0.0,0.6,0.4,0.6,0.6,0.4
F1,Lyon,2025-11-30,H,Nantes,3,0,W,3,14,1.2,1.6,1.2,0.4,0.6,0.4,0.4,0.6,0.6
F1,Lyon,2025-12-07,A,Lorient,0,1,L,0,15,1.0,1.0,0.8,0.2,0.4,0.6,0.2,0.4,0.6
F1,Lyon,2025-12-14,H,Le Havre,1,0,W,3,16,1.4,1.2,0.8,0.4,0.4,0.6,0.2,0.6,0.6
F1,Lyon,2026-01-03,A,Monaco,3,1,W,3,17,2.0,1.4,0.4,1.0,0.4,0.6,0.2,0.6,0.6
F1,Lyon,2026-01-18,H,Brest,2,1,W,3,18,2.4,1.8,0.6,1.2,0.6,0.4,0.4,0.8,0.4
F1,Lyon,2026-01-25,A,Metz,5,2,W,3,19,2.4,2.2,1.0,1.2,0.6,0.4,0.6,0.8,0.2
F1,Lyon,2026-02-01,H,Lille,1,0,W,3,20,3.0,2.4,0.8,1.6,0.6,0.4,0.6,1.0,0.4
F1,Lyon,2026-02-07,A,Nantes,1,0,W,3,21,3.0,2.4,0.8,1.6,0.6,0.4,0.6,1.0,0.4
F1,Lyon,2026-02-15,H,Nice,2,0,W,3,22,3.0,2.2,0.6,1.6,0.4,0.6,0.4,1.0,0.6
F1,Lyon,2026-02-22,A,Strasbourg,1,3,L,0,23,2.4,2.0,1.0,1.0,0.4,0.6,0.4,1.0,0.6
F1,Lyon,2026-03-01,A,Marseille,2,3,L,0,24,1.8,1.4,1.2,0.2,0.4,0.6,0.4,1.0,0.6
F1,Lyon,2026-03-08,H,Paris FC,1,1,D,1,25,1.4,1.4,1.4,0.0,0.4,0.6,0.6,1.0,0.4
F1,Lyon,2026-03-15,A,Le Havre,0,0,D,1,26,1.0,1.2,1.4,-0.2,0.4,0.6,0.6,0.8,0.4
F1,Lyon,2026-03-22,H,Monaco,1,2,L,0,27,0.4,1.0,1.8,-0.8,0.6,0.4,0.8,0.8,0.2
F1,Lyon,2026-04-05,A,Angers,0,0,D,1,28,0.6,0.8,1.2,-0.4,0.4,0.6,0.6,0.6,0.4
F1,Marseille,2025-08-15,A,Rennes,0,1,L,0,1,0.0,0.0,1.0,-1.0,0.0,1.0,0.0,0.0,0.0
F1,Marseille,2025-08-23,H,Paris FC,5,2,W,3,2,1.5,2.5,1.5,1.0,0.5,0.5,0.5,0.5,0.0
F1,Marseille,2025-08-31,A,Lyon,0,1,L,0,3,1.0,1.6666666666666667,1.3333333333333333,0.3333333333333333,0.3333333333333333,0.6666666666666666,0.3333333333333333,0.3333333333333333,0.0
F1,Marseille,2025-09-12,H,Lorient,4,0,W,3,4,1.5,2.25,1.0,1.25,0.5,0.5,0.25,0.5,0.25
F1,Marseille,2025-09-22,H,Paris SG,1,0,W,3,5,1.8,2.0,0.8,1.2,0.4,0.6,0.2,0.6,0.4
F1,Marseille,2025-09-26,A,Strasbourg,2,1,W,3,6,2.4,2.4,0.8,1.6,0.6,0.4,0.4,0.8,0.4
F1,Marseille,2025-10-04,A,Metz,3,0,W,3,7,2.4,2.0,0.4,1.6,0.6,0.4,0.2,0.8,0.6
F1,Marseille,2025-10-18,H,Le Havre,6,2,W,3,8,3.0,3.2,0.6,2.6,0.8,0.2,0.4,1.0,0.6
F1,Marseille,2025-10-25,A,Lens,1,2,L,0,9,2.4,2.6,1.0,1.6,0.8,0.2,0.6,1.0,0.4
F1,Marseille,2025-10-29,H,Angers,2,2,D,1,10,2.0,2.8,1.4,1.4,1.0,0.0,0.8,1.0,0.2
F1,Marseille,2025-11-01,A,Auxerre,1,0,W,3,11,2.0,2.6,1.2,1.4,0.8,0.2,0.6,1.0,0.4
F1,Marseille,2025-11-08,H,Brest,3,0,W,3,12,2.0,2.6,1.2,1.4,0.8,0.2,0.6,1.0,0.4
F1,Marseille,2025-11-21,A,Nice,5,1,W,3,13,2.0,2.4,1.0,1.4,0.8,0.2,0.6,1.0,0.4
F1,Marseille,2025-11-29,H,Toulouse,2,2,D,1,14,2.2,2.6,1.0,1.6,0.8,0.2,0.6,1.0,0.4
F1,Marseille,2025-12-05,A,Lille,0,1,L,0,15,2.0,2.2,0.8,1.4,0.6,0.4,0.4,0.8,0.4
F1,Marseille,2025-12-14,H,Monaco,1,0,W,3,16,2.0,2.2,0.8,1.4,0.6,0.4,0.4,0.8,0.4
F1,Marseille,2026-01-04,H,Nantes,0,2,L,0,17,1.4,1.6,1.2,0.4,0.4,0.6,0.4,0.6,0.2
F1,Marseille,2026-01-17,A,Angers,5,2,W,3,18,1.4,1.6,1.4,0.2,0.4,0.6,0.4,0.6,0.2
F1,Marseille,2026-01-24,H,Lens,3,1,W,3,19,1.8,1.8,1.2,0.6,0.4,0.6,0.4,0.6,0.2
F1,Marseille,2026-01-31,A,Paris FC,2,2,D,1,20,2.0,2.2,1.4,0.8,0.6,0.4,0.6,0.8,0.2
F1,Marseille,2026-02-08,A,Paris SG,0,5,L,0,21,1.4,2.0,2.4,-0.4,0.8,0.2,0.6,0.6,0.0
F1,Marseille,2026-02-14,H,Strasbourg,2,2,D,1,22,1.6,2.4,2.4,0.0,1.0,0.0,0.8,0.8,0.0
F1,Marseille,2026-02-20,A,Brest,0,2,L,0,23,1.0,1.4,2.4,-1.0,0.8,0.2,0.6,0.6,0.0
F1,Marseille,2026-03-01,H,Lyon,3,2,W,3,24,1.0,1.4,2.6,-1.2,0.8,0.2,0.6,0.6,0.0
F1,Marseille,2026-03-07,A,Toulouse,1,0,W,3,25,1.4,1.2,2.2,-1.0,0.6,0.4,0.4,0.6,0.2
F1,Marseille,2026-03-13,H,Auxerre,1,0,W,3,26,2.0,1.4,1.2,0.2,0.4,0.6,0.4,0.8,0.4
F1,Marseille,2026-03-22,H,Lille,1,2,L,0,27,1.8,1.2,1.2,0.0,0.4,0.6,0.4,0.8,0.4
F1,Marseille,2026-04-05,A,Monaco,1,2,L,0,28,1.8,1.4,1.2,0.2,0.6,0.4,0.6,1.0,0.4
F1,Metz,2025-08-17,H,Strasbourg,0,1,L,0,1,0.0,0.0,1.0,-1.0,0.0,1.0,0.0,0.0,0.0
F1,Metz,2025-08-23,A,Lyon,0,3,L,0,2,0.0,0.0,2.0,-2.0,0.5,0.5,0.0,0.0,0.0
F1,Metz,2025-08-31,A,Paris FC,2,3,L,0,3,0.0,0.6666666666666666,2.3333333333333335,-1.6666666666666667,0.6666666666666666,0.3333333333333333,0.3333333333333333,0.3333333333333333,0.0
F1,Metz,2025-09-14,H,Angers,1,1,D,1,4,0.25,0.75,2.0,-1.25,0.5,0.5,0.5,0.5,0.0
F1,Metz,2025-09-21,A,Monaco,2,5,L,0,5,0.2,1.0,2.6,-1.6,0.6,0.4,0.6,0.6,0.0
F1,Metz,2025-09-28,H,Le Havre,0,0,D,1,6,0.4,1.0,2.4,-1.4,0.6,0.4,0.6,0.6,0.2
F1,Metz,2025-10-04,H,Marseille,0,3,L,0,7,0.4,1.0,2.4,-1.4,0.6,0.4,0.6,0.6,0.2
F1,Metz,2025-10-19,A,Toulouse,0,4,L,0,8,0.4,0.6,2.6,-2.0,0.6,0.4,0.4,0.4,0.2
F1,Metz,2025-10-26,A,Lille,1,6,L,0,9,0.2,0.6,3.6,-3.0,0.8,0.2,0.4,0.4,0.2
F1,Metz,2025-10-29,H,Lens,2,0,W,3,10,0.8,0.6,2.6,-2.0,0.6,0.4,0.2,0.4,0.4
F1,Metz,2025-11-02,A,Nantes,2,0,W,3,11,1.2,1.0,2.6,-1.6,0.6,0.4,0.2,0.6,0.4
F1,Metz,2025-11-09,H,Nice,2,1,W,3,12,1.8,1.4,2.2,-0.8,0.6,0.4,0.4,0.8,0.4
F1,Metz,2025-11-23,A,Brest,2,3,L,0,13,1.8,1.8,2.0,-0.2,0.6,0.4,0.6,1.0,0.4
F1,Metz,2025-11-28,H,Rennes,0,1,L,0,14,1.8,1.6,1.0,0.6,0.4,0.6,0.4,0.8,0.4
F1,Metz,2025-12-07,A,Auxerre,1,3,L,0,15,1.2,1.4,1.6,-0.2,0.6,0.4,0.6,0.8,0.2
F1,Metz,2025-12-13,H,Paris SG,2,3,L,0,16,0.6,1.4,2.2,-0.8,0.8,0.2,0.8,0.8,0.0
F1,Metz,2026-01-04,A,Lorient,1,1,D,1,17,0.2,1.2,2.2,-1.0,0.6,0.4,0.8,0.8,0.0
F1,Metz,2026-01-18,A,Strasbourg,1,2,L,0,18,0.2,1.0,2.0,-1.0,0.6,0.4,0.8,0.8,0.0
F1,Metz,2026-01-25,H,Lyon,2,5,L,0,19,0.2,1.4,2.8,-1.4,0.8,0.2,1.0,1.0,0.0
F1,Metz,2026-02-01,A,Angers,0,1,L,0,20,0.2,1.2,2.4,-1.2,0.6,0.4,0.8,0.8,0.0
F1,Metz,2026-02-06,H,Lille,0,0,D,1,21,0.4,0.8,1.8,-1.0,0.4,0.6,0.6,0.6,0.2
F1,Metz,2026-02-15,H,Auxerre,1,3,L,0,22,0.2,0.8,2.2,-1.4,0.6,0.4,0.6,0.6,0.2
F1,Metz,2026-02-21,A,Paris SG,0,3,L,0,23,0.2,0.6,2.4,-1.8,0.6,0.4,0.4,0.4,0.2
F1,Metz,2026-03-01,H,Brest,0,1,L,0,24,0.2,0.2,1.6,-1.4,0.4,0.6,0.2,0.2,0.2
F1,Metz,2026-03-08,A,Lens,0,3,L,0,25,0.2,0.2,2.0,-1.8,0.6,0.4,0.2,0.2,0.2
F1,Metz,2026-03-15,H,Toulouse,3,4,L,0,26,0.0,0.8,2.8,-2.0,0.8,0.2,0.4,0.4,0.0
F1,Metz,2026-03-22,A,Rennes,0,0,D,1,27,0.2,0.6,2.2,-1.6,0.6,0.4,0.2,0.2,0.2
F1,Metz,2026-04-05,H,Nantes,0,0,D,1,28,0.4,0.6,1.6,-1.0,0.4,0.6,0.2,0.2,0.4
F1,Monaco,2025-08-16,H,Le Havre,3,1,W,3,1,3.0,3.0,1.0,2.0,1.0,0.0,1.0,1.0,0.0
F1,Monaco,2025-08-24,A,Lille,0,1,L,0,2,1.5,1.5,1.0,0.5,0.5,0.5,0.5,0.5,0.0
F1,Monaco,2025-08-31,H,Strasbourg,3,2,W,3,3,2.0,2.0,1.3333333333333333,0.6666666666666666,0.6666666666666666,0.3333333333333333,0.6666666666666666,0.6666666666666666,0.0
F1,Monaco,2025-09-13,A,Auxerre,2,1,W,3,4,2.25,2.0,1.25,0.75,0.75,0.25,0.75,0.75,0.0
F1,Monaco,2025-09-21,H,Metz,5,2,W,3,5,2.4,2.6,1.4,1.2,0.8,0.2,0.8,0.8,0.0
F1,Monaco,2025-09-27,A,Lorient,1,3,L,0,6,1.8,2.2,1.8,0.4,0.8,0.2,0.8,0.8,0.0
F1,Monaco,2025-10-05,H,Nice,2,2,D,1,7,2.0,2.6,2.0,0.6,1.0,0.0,1.0,1.0,0.0
F1,Monaco,2025-10-18,A,Angers,1,1,D,1,8,1.6,2.2,1.8,0.4,0.8,0.2,1.0,1.0,0.0
F1,Monaco,2025-10-25,H,Toulouse,1,0,W,3,9,1.6,2.0,1.6,0.4,0.6,0.4,0.8,1.0,0.2
F1,Monaco,2025-10-29,A,Nantes,5,3,W,3,10,1.6,2.0,1.8,0.2,0.6,0.4,0.8,1.0,0.2
F1,Monaco,2025-11-01,H,Paris FC,0,1,L,0,11,1.6,1.8,1.4,0.4,0.4,0.6,0.6,0.8,0.2
F1,Monaco,2025-11-08,H,Lens,1,4,L,0,12,1.4,1.6,1.8,-0.2,0.4,0.6,0.6,0.8,0.2
F1,Monaco,2025-11-22,A,Rennes,1,4,L,0,13,1.2,1.6,2.4,-0.8,0.6,0.4,0.6,0.8,0.2
F1,Monaco,2025-11-29,H,Paris SG,1,0,W,3,14,1.2,1.6,2.4,-0.8,0.6,0.4,0.6,0.8,0.2
F1,Monaco,2025-12-05,A,Brest,0,1,L,0,15,0.6,0.6,2.0,-1.4,0.4,0.6,0.4,0.6,0.2
F1,Monaco,2025-12-14,A,Marseille,0,1,L,0,16,0.6,0.6,2.0,-1.4,0.4,0.6,0.4,0.6,0.2
F1,Monaco,2026-01-03,H,Lyon,1,3,L,0,17,0.6,0.6,1.8,-1.2,0.4,0.6,0.4,0.6,0.2
F1,Monaco,2026-01-16,H,Lorient,1,3,L,0,18,0.6,0.6,1.6,-1.0,0.4,0.6,0.4,0.6,0.2
F1,Monaco,2026-01-24,A,Le Havre,0,0,D,1,19,0.2,0.4,1.6,-1.2,0.4,0.6,0.4,0.4,0.2
F1,Monaco,2026-01-31,H,Rennes,4,0,W,3,20,0.8,1.2,1.4,-0.2,0.6,0.4,0.4,0.6,0.4
F1,Monaco,2026-02-08,A,Nice,0,0,D,1,21,1.0,1.2,1.2,0.0,0.6,0.4,0.4,0.6,0.6
F1,Monaco,2026-02-13,H,Nantes,3,1,W,3,22,1.6,1.6,0.8,0.8,0.6,0.4,0.4,0.6,0.6
F1,Monaco,2026-02-21,A,Lens,3,2,W,3,23,2.2,2.0,0.6,1.4,0.6,0.4,0.4,0.6,0.6
F1,Monaco,2026-02-28,H,Angers,2,0,W,3,24,2.6,2.4,0.6,1.8,0.6,0.4,0.4,0.8,0.6
F1,Monaco,2026-03-06,A,Paris SG,3,1,W,3,25,2.6,2.2,0.8,1.4,0.6,0.4,0.6,0.8,0.4
F1,Monaco,2026-03-14,H,Brest,2,0,W,3,26,3.0,2.6,0.8,1.8,0.6,0.4,0.6,1.0,0.4
F1,Monaco,2026-03-22,A,Lyon,2,1,W,3,27,3.0,2.4,0.8,1.6,0.6,0.4,0.6,1.0,0.4
F1,Monaco,2026-04-05,H,Marseille,2,1,W,3,28,3.0,2.2,0.6,1.6,0.6,0.4,0.6,1.0,0.4
F1,Nantes,2025-08-17,H,Paris SG,0,1,L,0,1,0.0,0.0,1.0,-1.0,0.0,1.0,0.0,0.0,0.0
F1,Nantes,2025-08-24,A,Strasbourg,0,1,L,0,2,0.0,0.0,1.0,-1.0,0.0,1.0,0.0,0.0,0.0
F1,Nantes,2025-08-30,H,Auxerre,1,0,W,3,3,1.0,0.3333333333333333,0.6666666666666666,-0.3333333333333333,0.0,1.0,0.0,0.3333333333333333,0.3333333333333333
F1,Nantes,2025-09-13,A,Nice,0,1,L,0,4,0.75,0.25,0.75,-0.5,0.0,1.0,0.0,0.25,0.25
F1,Nantes,2025-09-20,H,Rennes,2,2,D,1,5,0.8,0.6,1.0,-0.4,0.2,0.8,0.2,0.4,0.2
F1,Nantes,2025-09-27,A,Toulouse,2,2,D,1,6,1.0,1.0,1.2,-0.2,0.4,0.6,0.4,0.6,0.2
F1,Nantes,2025-10-04,A,Brest,0,0,D,1,7,1.2,1.0,1.0,0.0,0.4,0.6,0.4,0.6,0.4
F1,Nantes,2025-10-19,H,Lille,0,2,L,0,8,0.6,0.8,1.4,-0.6,0.4,0.6,0.4,0.4,0.2
F1,Nantes,2025-10-24,A,Paris FC,2,1,W,3,9,1.2,1.2,1.4,-0.2,0.6,0.4,0.6,0.6,0.2
F1,Nantes,2025-10-29,H,Monaco,3,5,L,0,10,1.0,1.4,2.0,-0.6,0.6,0.4,0.6,0.6,0.2
F1,Nantes,2025-11-02,H,Metz,0,2,L,0,11,0.8,1.0,2.0,-1.0,0.4,0.6,0.4,0.4,0.2
F1,Nantes,2025-11-08,A,Le Havre,1,1,D,1,12,0.8,1.2,2.2,-1.0,0.4,0.6,0.6,0.6,0.0
F1,Nantes,2025-11-23,H,Lorient,1,1,D,1,13,1.0,1.4,2.0,-0.6,0.4,0.6,0.8,0.8,0.0
F1,Nantes,2025-11-30,A,Lyon,0,3,L,0,14,0.4,1.0,2.4,-1.4,0.4,0.6,0.6,0.6,0.0
F1,Nantes,2025-12-06,H,Lens,1,2,L,0,15,0.4,0.6,1.8,-1.2,0.4,0.6,0.6,0.6,0.0
F1,Nantes,2025-12-12,A,Angers,1,4,L,0,16,0.4,0.8,2.2,-1.4,0.6,0.4,0.8,0.8,0.0
F1,Nantes,2026-01-04,A,Marseille,2,0,W,3,17,0.8,1.0,2.0,-1.0,0.6,0.4,0.6,0.8,0.2
F1,Nantes,2026-01-18,H,Paris FC,1,2,L,0,18,0.6,1.0,2.2,-1.2,0.8,0.2,0.6,0.8,0.2
F1,Nantes,2026-01-25,H,Nice,1,4,L,0,19,0.6,1.2,2.4,-1.2,0.8,0.2,0.8,1.0,0.2
F1,Nantes,2026-01-31,A,Lorient,1,2,L,0,20,0.6,1.2,2.4,-1.2,0.8,0.2,0.8,1.0,0.2
F1,Nantes,2026-02-07,H,Lyon,0,1,L,0,21,0.6,1.0,1.8,-0.8,0.6,0.4,0.6,0.8,0.2
F1,Nantes,2026-02-13,A,Monaco,1,3,L,0,22,0.0,0.8,2.4,-1.6,0.8,0.2,0.8,0.8,0.0
F1,Nantes,2026-02-22,H,Le Havre,2,0,W,3,23,0.6,1.0,2.0,-1.0,0.6,0.4,0.6,0.8,0.2
F1,Nantes,2026-03-01,A,Lille,0,1,L,0,24,0.6,0.8,1.4,-0.6,0.4,0.6,0.4,0.6,0.2
F1,Nantes,2026-03-07,H,Angers,0,1,L,0,25,0.6,0.6,1.2,-0.6,0.2,0.8,0.2,0.4,0.2
F1,Nantes,2026-03-22,H,Strasbourg,2,3,L,0,26,0.6,1.0,1.6,-0.6,0.4,0.6,0.4,0.6,0.2
F1,Nantes,2026-04-05,A,Metz,0,0,D,1,27,0.8,0.8,1.0,-0.2,0.2,0.8,0.2,0.4,0.4
F1,Nice,2025-08-16,H,Toulouse,0,1,L,0,1,0.0,0.0,1.0,-1.0,0.0,1.0,0.0,0.0,0.0
F1,Nice,2025-08-23,H,Auxerre,3,1,W,3,2,1.5,1.5,1.0,0.5,0.5,0.5,0.5,0.5,0.0
F1,Nice,2025-08-31,A,Le Havre,1,3,L,0,3,1.0,1.3333333333333333,1.6666666666666667,-0.3333333333333333,0.6666666666666666,0.3333333333333333,0.6666666666666666,0.6666666666666666,0.0
F1,Nice,2025-09-13,H,Nantes,1,0,W,3,4,1.5,1.25,1.25,0.0,0.5,0.5,0.5,0.75,0.25
F1,Nice,2025-09-20,A,Brest,1,4,L,0,5,1.2,1.2,1.8,-0.6,0.6,0.4,0.6,0.8,0.2
F1,Nice,2025-09-28,H,Paris FC,1,1,D,1,6,1.4,1.4,1.8,-0.4,0.6,0.4,0.8,1.0,0.2
F1,Nice,2025-10-05,A,Monaco,2,2,D,1,7,1.0,1.2,2.0,-0.8,0.6,0.4,0.8,1.0,0.2
F1,Nice,2025-10-18,H,Lyon,3,2,W,3,8,1.6,1.6,1.8,-0.2,0.6,0.4,0.8,1.0,0.2
F1,Nice,2025-10-26,A,Rennes,2,1,W,3,9,1.6,1.8,2.0,-0.2,0.8,0.2,1.0,1.0,0.0
F1,Nice,2025-10-29,H,Lille,2,0,W,3,10,2.2,2.0,1.2,0.8,0.6,0.4,0.8,1.0,0.2
F1,Nice,2025-11-01,A,Paris SG,0,1,L,0,11,2.0,1.8,1.2,0.6,0.6,0.4,0.6,0.8,0.2
F1,Nice,2025-11-09,A,Metz,1,2,L,0,12,1.8,1.6,1.2,0.4,0.6,0.4,0.6,0.8,0.2
F1,Nice,2025-11-21,H,Marseille,1,5,L,0,13,1.2,1.2,1.8,-0.6,0.6,0.4,0.6,0.8,0.2
F1,Nice,2025-11-30,A,Lorient,1,3,L,0,14,0.6,1.0,2.2,-1.2,0.6,0.4,0.6,0.8,0.2
F1,Nice,2025-12-07,H,Angers,0,1,L,0,15,0.0,0.6,2.4,-1.8,0.6,0.4,0.6,0.6,0.0
F1,Nice,2025-12-14,A,Lens,0,2,L,0,16,0.0,0.6,2.6,-2.0,0.6,0.4,0.6,0.6,0.0
F1,Nice,2026-01-03,H,Strasbourg,1,1,D,1,17,0.2,0.6,2.4,-1.8,0.4,0.6,0.6,0.6,0.0
F1,Nice,2026-01-17,A,Toulouse,1,5,L,0,18,0.2,0.6,2.4,-1.8,0.4,0.6,0.6,0.6,0.0
F1,Nice,2026-01-25,A,Nantes,4,1,W,3,19,0.8,1.2,2.0,-0.8,0.4,0.6,0.6,0.6,0.0
F1,Nice,2026-02-01,H,Brest,2,2,D,1,20,1.0,1.6,2.2,-0.6,0.6,0.4,0.8,0.8,0.0
F1,Nice,2026-02-08,H,Monaco,0,0,D,1,21,1.2,1.6,1.8,-0.2,0.6,0.4,0.8,0.8,0.2
F1,Nice,2026-02-15,A,Lyon,0,2,L,0,22,1.0,1.4,2.0,-0.6,0.6,0.4,0.6,0.6,0.2
F1,Nice,2026-02-22,H,Lorient,3,3,D,1,23,1.2,1.8,1.6,0.2,0.6,0.4,0.6,0.6,0.2
F1,Nice,2026-03-01,A,Paris FC,0,1,L,0,24,0.6,1.0,1.6,-0.6,0.4,0.6,0.4,0.4,0.2
F1,Nice,2026-03-08,H,Rennes,0,4,L,0,25,0.4,0.6,2.0,-1.4,0.4,0.6,0.2,0.2,0.2
F1,Nice,2026-03-14,A,Angers,2,0,W,3,26,0.8,1.0,2.0,-1.0,0.4,0.6,0.2,0.4,0.2
F1,Nice,2026-03-21,H,Paris SG,0,4,L,0,27,0.8,1.0,2.4,-1.4,0.6,0.4,0.2,0.4,0.2
F1,Nice,2026-04-04,A,Strasbourg,1,3,L,0,28,0.6,0.6,2.4,-1.8,0.6,0.4,0.2,0.4,0.2
F1,Paris FC,2025-08-17,A,Angers,0,1,L,0,1,0.0,0.0,1.0,-1.0,0.0,1.0,0.0,0.0,0.0
F1,Paris FC,2025-08-23,A,Marseille,2,5,L,0,2,0.0,1.0,3.0,-2.0,0.5,0.5,0.5,0.5,0.0
F1,Paris FC,2025-08-31,H,Metz,3,2,W,3,3,1.0,1.6666666666666667,2.6666666666666665,-1.0,0.6666666666666666,0.3333333333333333,0.6666666666666666,0.6666666666666666,0.0
F1,Paris FC,2025-09-14,A,Brest,2,1,W,3,4,1.5,1.75,2.25,-0.5,0.75,0.25,0.75,0.75,0.0
F1,Paris FC,2025-09-21,H,Strasbourg,2,3,L,0,5,1.2,1.8,2.4,-0.6,0.8,0.2,0.8,0.8,0.0
F1,Paris FC,2025-09-28,A,Nice,1,1,D,1,6,1.4,2.0,2.4,-0.4,0.8,0.2,1.0,1.0,0.0
F1,Paris FC,2025-10-03,H,Lorient,2,0,W,3,7,2.0,2.0,1.4,0.6,0.6,0.4,0.8,1.0,0.2
F1,Paris FC,2025-10-19,A,Lens,1,2,L,0,8,1.4,1.6,1.4,0.2,0.6,0.4,0.8,1.0,0.2
F1,Paris FC,2025-10-24,H,Nantes,1,2,L,0,9,0.8,1.4,1.6,-0.2,0.6,0.4,0.8,1.0,0.2
F1,Paris FC,2025-10-29,H,Lyon,3,3,D,1,10,1.0,1.6,1.6,0.0,0.6,0.4,0.8,1.0,0.2
F1,Paris FC,2025-11-01,A,Monaco,1,0,W,3,11,1.4,1.6,1.4,0.2,0.6,0.4,0.6,1.0,0.4
F1,Paris FC,2025-11-07,H,Rennes,0,1,L,0,12,0.8,1.2,1.6,-0.4,0.6,0.4,0.6,0.8,0.2
F1,Paris FC,2025-11-23,A,Lille,2,4,L,0,13,0.8,1.4,2.0,-0.6,0.6,0.4,0.6,0.8,0.2
F1,Paris FC,2025-11-29,H,Auxerre,1,1,D,1,14,1.0,1.4,1.8,-0.4,0.4,0.6,0.6,0.8,0.2
F1,Paris FC,2025-12-07,A,Le Havre,0,0,D,1,15,1.0,0.8,1.2,-0.4,0.2,0.8,0.4,0.6,0.4
F1,Paris FC,2025-12-13,H,Toulouse,0,3,L,0,16,0.4,0.6,1.8,-1.2,0.4,0.6,0.4,0.4,0.2
F1,Paris FC,2026-01-04,A,Paris SG,1,2,L,0,17,0.4,0.8,2.0,-1.2,0.6,0.4,0.6,0.6,0.2
F1,Paris FC,2026-01-18,A,Nantes,2,1,W,3,18,1.0,0.8,1.4,-0.6,0.6,0.4,0.6,0.6,0.2
F1,Paris FC,2026-01-25,H,Angers,0,0,D,1,19,1.0,0.6,1.2,-0.6,0.6,0.4,0.4,0.4,0.4
F1,Paris FC,2026-01-31,H,Marseille,2,2,D,1,20,1.0,1.0,1.6,-0.6,0.8,0.2,0.6,0.6,0.2
F1,Paris FC,2026-02-08,A,Auxerre,0,0,D,1,21,1.2,1.0,1.0,0.0,0.6,0.4,0.6,0.6,0.4
F1,Paris FC,2026-02-14,H,Lens,0,5,L,0,22,1.2,0.8,1.6,-0.8,0.6,0.4,0.4,0.4,0.4
F1,Paris FC,2026-02-21,A,Toulouse,1,1,D,1,23,0.8,0.6,1.6,-1.0,0.4,0.6,0.4,0.4,0.4
F1,Paris FC,2026-03-01,H,Nice,1,0,W,3,24,1.2,0.8,1.6,-0.8,0.4,0.6,0.4,0.6,0.4
F1,Paris FC,2026-03-08,A,Lyon,1,1,D,1,25,1.2,0.6,1.4,-0.8,0.2,0.8,0.4,0.6,0.4
F1,Paris FC,2026-03-15,A,Strasbourg,0,0,D,1,26,1.2,0.6,1.4,-0.8,0.2,0.8,0.4,0.6,0.4
F1,Paris FC,2026-03-22,H,Le Havre,3,2,W,3,27,1.8,1.2,0.8,0.4,0.2,0.8,0.6,0.8,0.4
F1,Paris FC,2026-04-05,A,Lorient,1,1,D,1,28,1.8,1.2,0.8,0.4,0.2,0.8,0.6,0.8,0.4
F1,Paris SG,2025-08-17,A,Nantes,1,0,W,3,1,3.0,1.0,0.0,1.0,0.0,1.0,0.0,1.0,1.0
F1,Paris SG,2025-08-22,H,Angers,1,0,W,3,2,3.0,1.0,0.0,1.0,0.0,1.0,0.0,1.0,1.0
F1,Paris SG,2025-08-30,A,Toulouse,6,3,W,3,3,3.0,2.6666666666666665,1.0,1.6666666666666667,0.3333333333333333,0.6666666666666666,0.3333333333333333,1.0,0.6666666666666666
F1,Paris SG,2025-09-14,H,Lens,2,0,W,3,4,3.0,2.5,0.75,1.75,0.25,0.75,0.25,1.0,0.75
F1,Paris SG,2025-09-22,A,Marseille,0,1,L,0,5,2.4,2.0,0.8,1.2,0.2,0.8,0.2,0.8,0.6
F1,Paris SG,2025-09-27,H,Auxerre,2,0,W,3,6,2.4,2.2,0.8,1.4,0.2,0.8,0.2,0.8,0.6
F1,Paris SG,2025-10-05,A,Lille,1,1,D,1,7,2.0,2.2,1.0,1.2,0.2,0.8,0.4,0.8,0.4
F1,Paris SG,2025-10-17,H,Strasbourg,3,3,D,1,8,1.6,1.6,1.0,0.6,0.2,0.8,0.4,0.8,0.4
F1,Paris SG,2025-10-25,A,Brest,3,0,W,3,9,1.6,1.8,1.0,0.8,0.4,0.6,0.4,0.8,0.4
F1,Paris SG,2025-10-29,A,Lorient,1,1,D,1,10,1.8,2.0,1.0,1.0,0.4,0.6,0.6,1.0,0.4
F1,Paris SG,2025-11-01,H,Nice,1,0,W,3,11,1.8,1.8,1.0,0.8,0.4,0.6,0.6,1.0,0.4
F1,Paris SG,2025-11-09,A,Lyon,3,2,W,3,12,2.2,2.2,1.2,1.0,0.6,0.4,0.6,1.0,0.4
F1,Paris SG,2025-11-22,H,Le Havre,3,0,W,3,13,2.6,2.2,0.6,1.6,0.6,0.4,0.4,1.0,0.6
F1,Paris SG,2025-11-29,A,Monaco,0,1,L,0,14,2.0,1.6,0.8,0.8,0.4,0.6,0.4,0.8,0.4
F1,Paris SG,2025-12-06,H,Rennes,5,0,W,3,15,2.4,2.4,0.6,1.8,0.6,0.4,0.2,0.8,0.6
F1,Paris SG,2025-12-13,A,Metz,3,2,W,3,16,2.4,2.8,1.0,1.8,0.8,0.2,0.4,0.8,0.4
F1,Paris SG,2026-01-04,H,Paris FC,2,1,W,3,17,2.4,2.6,0.8,1.8,0.8,0.2,0.4,0.8,0.4
F1,Paris SG,2026-01-16,H,Lille,3,0,W,3,18,2.4,2.6,0.8,1.8,0.8,0.2,0.4,0.8,0.4
F1,Paris SG,2026-01-23,A,Auxerre,1,0,W,3,19,3.0,2.8,0.6,2.2,0.8,0.2,0.4,1.0,0.6
F1,Paris SG,2026-02-01,A,Strasbourg,2,1,W,3,20,3.0,2.2,0.8,1.4,0.8,0.2,0.6,1.0,0.4
F1,Paris SG,2026-02-08,H,Marseille,5,0,W,3,21,3.0,2.6,0.4,2.2,0.8,0.2,0.4,1.0,0.6
F1,Paris SG,2026-02-13,A,Rennes,1,3,L,0,22,2.4,2.4,0.8,1.6,0.8,0.2,0.4,1.0,0.6
F1,Paris SG,2026-02-21,H,Metz,3,0,W,3,23,2.4,2.4,0.8,1.6,0.8,0.2,0.4,1.0,0.6
F1,Paris SG,2026-02-28,A,Le Havre,1,0,W,3,24,2.4,2.4,0.8,1.6,0.8,0.2,0.4,1.0,0.6
F1,Paris SG,2026-03-06,H,Monaco,1,3,L,0,25,1.8,2.2,1.2,1.0,0.8,0.2,0.4,1.0,0.6
F1,Paris SG,2026-03-21,A,Nice,4,0,W,3,26,1.8,2.0,1.2,0.8,0.8,0.2,0.4,1.0,0.6
F1,Paris SG,2026-04-03,H,Toulouse,3,1,W,3,27,2.4,2.4,0.8,1.6,0.8,0.2,0.4,1.0,0.6
F1,Rennes,2025-08-15,H,Marseille,1,0,W,3,1,3.0,1.0,0.0,1.0,0.0,1.0,0.0,1.0,1.0
F1,Rennes,2025-08-24,A,Lorient,0,4,L,0,2,1.5,0.5,2.0,-1.5,0.5,0.5,0.0,0.5,0.5
F1,Rennes,2025-08-31,A,Angers,1,1,D,1,3,1.3333333333333333,0.6666666666666666,1.6666666666666667,-1.0,0.3333333333333333,0.6666666666666666,0.3333333333333333,0.6666666666666666,0.3333333333333333
F1,Rennes,2025-09-14,H,Lyon,3,1,W,3,4,1.75,1.25,1.5,-0.25,0.5,0.5,0.5,0.75,0.25
F1,Rennes,2025-09-20,A,Nantes,2,2,D,1,5,1.6,1.4,1.6,-0.2,0.6,0.4,0.6,0.8,0.2
F1,Rennes,2025-09-28,H,Lens,0,0,D,1,6,1.2,1.2,1.6,-0.4,0.6,0.4,0.6,0.6,0.2
F1,Rennes,2025-10-05,A,Le Havre,2,2,D,1,7,1.4,1.6,1.2,0.4,0.6,0.4,0.8,0.8,0.2
F1,Rennes,2025-10-19,H,Auxerre,2,2,D,1,8,1.4,1.8,1.4,0.4,0.8,0.2,0.8,0.8,0.2
F1,Rennes,2025-10-26,H,Nice,1,2,L,0,9,0.8,1.4,1.6,-0.2,0.8,0.2,0.8,0.8,0.2
F1,Rennes,2025-10-29,A,Toulouse,2,2,D,1,10,0.8,1.4,1.6,-0.2,0.8,0.2,0.8,0.8,0.2
F1,Rennes,2025-11-02,H,Strasbourg,4,1,W,3,11,1.2,2.2,1.8,0.4,1.0,0.0,1.0,1.0,0.0
F1,Rennes,2025-11-07,A,Paris FC,1,0,W,3,12,1.6,2.0,1.4,0.6,0.8,0.2,0.8,1.0,0.2
F1,Rennes,2025-11-22,H,Monaco,4,1,W,3,13,2.0,2.4,1.2,1.2,0.8,0.2,0.8,1.0,0.2
F1,Rennes,2025-11-28,A,Metz,1,0,W,3,14,2.6,2.4,0.8,1.6,0.6,0.4,0.6,1.0,0.4
F1,Rennes,2025-12-06,A,Paris SG,0,5,L,0,15,2.4,2.0,1.4,0.6,0.6,0.4,0.4,0.8,0.4
F1,Rennes,2025-12-13,H,Brest,3,1,W,3,16,2.4,1.8,1.4,0.4,0.6,0.4,0.4,0.8,0.4
F1,Rennes,2026-01-03,A,Lille,2,0,W,3,17,2.4,2.0,1.4,0.6,0.6,0.4,0.4,0.8,0.4
F1,Rennes,2026-01-18,H,Le Havre,1,1,D,1,18,2.0,1.4,1.4,0.0,0.4,0.6,0.4,0.8,0.4
F1,Rennes,2026-01-24,H,Lorient,0,2,L,0,19,1.4,1.2,1.8,-0.6,0.4,0.6,0.4,0.6,0.2
F1,Rennes,2026-01-31,A,Monaco,0,4,L,0,20,1.4,1.2,1.6,-0.4,0.4,0.6,0.4,0.6,0.2
F1,Rennes,2026-02-07,A,Lens,1,3,L,0,21,0.8,0.8,2.0,-1.2,0.4,0.6,0.4,0.6,0.2
F1,Rennes,2026-02-13,H,Paris SG,3,1,W,3,22,0.8,1.0,2.2,-1.2,0.6,0.4,0.6,0.6,0.0
F1,Rennes,2026-02-22,A,Auxerre,3,0,W,3,23,1.2,1.4,2.0,-0.6,0.8,0.2,0.4,0.6,0.2
F1,Rennes,2026-02-28,H,Toulouse,1,0,W,3,24,1.8,1.6,1.6,0.0,0.8,0.2,0.4,0.8,0.4
F1,Rennes,2026-03-08,A,Nice,4,0,W,3,25,2.4,2.4,0.8,1.6,0.8,0.2,0.4,1.0,0.6
F1,Rennes,2026-03-15,H,Lille,1,2,L,0,26,2.4,2.4,0.6,1.8,0.8,0.2,0.4,1.0,0.6
F1,Rennes,2026-03-22,H,Metz,0,0,D,1,27,2.0,1.8,0.4,1.4,0.6,0.4,0.2,0.8,0.8
F1,Rennes,2026-04-04,A,Brest,4,3,W,3,28,2.0,2.0,1.0,1.0,0.6,0.4,0.4,0.8,0.6
F1,Strasbourg,2025-08-17,A,Metz,1,0,W,3,1,3.0,1.0,0.0,1.0,0.0,1.0,0.0,1.0,1.0
F1,Strasbourg,2025-08-24,H,Nantes,1,0,W,3,2,3.0,1.0,0.0,1.0,0.0,1.0,0.0,1.0,1.0
F1,Strasbourg,2025-08-31,A,Monaco,2,3,L,0,3,2.0,1.3333333333333333,1.0,0.3333333333333333,0.3333333333333333,0.6666666666666666,0.3333333333333333,1.0,0.6666666666666666
F1,Strasbourg,2025-09-14,H,Le Havre,1,0,W,3,4,2.25,1.25,0.75,0.5,0.25,0.75,0.25,1.0,0.75
F1,Strasbourg,2025-09-21,A,Paris FC,3,2,W,3,5,2.4,1.6,1.0,0.6,0.4,0.6,0.4,1.0,0.6
F1,Strasbourg,2025-09-26,H,Marseille,1,2,L,0,6,1.8,1.6,1.4,0.2,0.6,0.4,0.6,1.0,0.4
F1,Strasbourg,2025-10-05,H,Angers,5,0,W,3,7,1.8,2.4,1.4,1.0,0.8,0.2,0.6,1.0,0.4
F1,Strasbourg,2025-10-17,A,Paris SG,3,3,D,1,8,2.0,2.6,1.4,1.2,0.8,0.2,0.6,1.0,0.4
F1,Strasbourg,2025-10-26,A,Lyon,1,2,L,0,9,1.4,2.6,1.8,0.8,1.0,0.0,0.8,1.0,0.2
F1,Strasbourg,2025-10-29,H,Auxerre,3,0,W,3,10,1.4,2.6,1.4,1.2,1.0,0.0,0.6,1.0,0.4
F1,Strasbourg,2025-11-02,A,Rennes,1,4,L,0,11,1.4,2.6,1.8,0.8,1.0,0.0,0.6,1.0,0.4
F1,Strasbourg,2025-11-09,H,Lille,2,0,W,3,12,1.4,2.0,1.8,0.2,0.8,0.2,0.6,1.0,0.4
F1,Strasbourg,2025-11-22,A,Lens,0,1,L,0,13,1.2,1.4,1.4,0.0,0.6,0.4,0.4,0.8,0.4
F1,Strasbourg,2025-11-30,H,Brest,1,2,L,0,14,1.2,1.4,1.4,0.0,0.6,0.4,0.4,0.8,0.4
F1,Strasbourg,2025-12-06,A,Toulouse,0,1,L,0,15,0.6,0.8,1.6,-0.8,0.4,0.6,0.4,0.6,0.2
F1,Strasbourg,2025-12-14,H,Lorient,0,0,D,1,16,0.8,0.6,0.8,-0.2,0.2,0.8,0.2,0.4,0.4
F1,Strasbourg,2026-01-03,A,Nice,1,1,D,1,17,0.4,0.4,1.0,-0.6,0.2,0.8,0.4,0.4,0.2
F1,Strasbourg,2026-01-18,H,Metz,2,1,W,3,18,1.0,0.8,1.0,-0.2,0.4,0.6,0.6,0.6,0.2
F1,Strasbourg,2026-01-25,A,Lille,4,1,W,3,19,1.6,1.4,0.8,0.6,0.4,0.6,0.6,0.6,0.2
F1,Strasbourg,2026-02-01,H,Paris SG,1,2,L,0,20,1.6,1.6,1.0,0.6,0.6,0.4,0.8,0.8,0.2
F1,Strasbourg,2026-02-08,A,Le Havre,1,2,L,0,21,1.4,1.8,1.4,0.4,0.8,0.2,1.0,1.0,0.0
F1,Strasbourg,2026-02-14,A,Marseille,2,2,D,1,22,1.4,2.0,1.6,0.4,1.0,0.0,1.0,1.0,0.0
F1,Strasbourg,2026-02-22,H,Lyon,3,1,W,3,23,1.4,2.2,1.6,0.6,1.0,0.0,1.0,1.0,0.0
F1,Strasbourg,2026-02-27,H,Lens,1,1,D,1,24,1.0,1.6,1.6,0.0,0.8,0.2,1.0,1.0,0.0
F1,Strasbourg,2026-03-07,A,Auxerre,0,0,D,1,25,1.2,1.4,1.2,0.2,0.6,0.4,0.8,0.8,0.2
F1,Strasbourg,2026-03-15,H,Paris FC,0,0,D,1,26,1.4,1.2,0.8,0.4,0.4,0.6,0.6,0.6,0.4
F1,Strasbourg,2026-03-22,A,Nantes,3,2,W,3,27,1.8,1.4,0.8,0.6,0.4,0.6,0.6,0.6,0.4
F1,Strasbourg,2026-04-04,H,Nice,3,1,W,3,28,1.8,1.4,0.8,0.6,0.4,0.6,0.6,0.6,0.4
F1,Toulouse,2025-08-16,A,Nice,1,0,W,3,1,3.0,1.0,0.0,1.0,0.0,1.0,0.0,1.0,1.0
F1,Toulouse,2025-08-24,H,Brest,2,0,W,3,2,3.0,1.5,0.0,1.5,0.0,1.0,0.0,1.0,1.0
F1,Toulouse,2025-08-30,H,Paris SG,3,6,L,0,3,2.0,2.0,2.0,0.0,0.3333333333333333,0.6666666666666666,0.3333333333333333,1.0,0.6666666666666666
F1,Toulouse,2025-09-14,A,Lille,1,2,L,0,4,1.5,1.75,2.0,-0.25,0.5,0.5,0.5,1.0,0.5
F1,Toulouse,2025-09-21,A,Auxerre,0,1,L,0,5,1.2,1.4,1.8,-0.4,0.4,0.6,0.4,0.8,0.4
F1,Toulouse,2025-09-27,H,Nantes,2,2,D,1,6,0.8,1.6,2.2,-0.6,0.6,0.4,0.6,0.8,0.2
F1,Toulouse,2025-10-05,A,Lyon,2,1,W,3,7,0.8,1.6,2.4,-0.8,0.8,0.2,0.8,0.8,0.0
F1,Toulouse,2025-10-19,H,Metz,4,0,W,3,8,1.4,1.8,1.2,0.6,0.8,0.2,0.6,0.8,0.2
F1,Toulouse,2025-10-25,A,Monaco,0,1,L,0,9,1.4,1.6,1.0,0.6,0.6,0.4,0.4,0.6,0.2
F1,Toulouse,2025-10-29,H,Rennes,2,2,D,1,10,1.6,2.0,1.2,0.8,0.8,0.2,0.6,0.8,0.2
F1,Toulouse,2025-11-02,H,Le Havre,0,0,D,1,11,1.6,1.6,0.8,0.8,0.6,0.4,0.4,0.6,0.4
F1,Toulouse,2025-11-09,A,Lorient,1,1,D,1,12,1.2,1.4,0.8,0.6,0.4,0.6,0.4,0.6,0.4
F1,Toulouse,2025-11-23,H,Angers,0,1,L,0,13,0.6,0.6,1.0,-0.4,0.2,0.8,0.4,0.4,0.2
F1,Toulouse,2025-11-29,A,Marseille,2,2,D,1,14,0.8,1.0,1.2,-0.2,0.4,0.6,0.6,0.6,0.2
F1,Toulouse,2025-12-06,H,Strasbourg,1,0,W,3,15,1.2,0.8,0.8,0.0,0.2,0.8,0.4,0.6,0.4
F1,Toulouse,2025-12-13,A,Paris FC,3,0,W,3,16,1.6,1.4,0.8,0.6,0.4,0.6,0.4,0.8,0.4
F1,Toulouse,2026-01-02,H,Lens,0,3,L,0,17,1.4,1.2,1.2,0.0,0.6,0.4,0.2,0.6,0.4
F1,Toulouse,2026-01-17,H,Nice,5,1,W,3,18,2.0,2.2,1.2,1.0,0.8,0.2,0.4,0.8,0.4
F1,Toulouse,2026-01-25,A,Brest,2,0,W,3,19,2.4,2.2,0.8,1.4,0.6,0.4,0.2,0.8,0.6
F1,Toulouse,2026-02-01,H,Auxerre,0,0,D,1,20,2.0,2.0,0.8,1.2,0.6,0.4,0.2,0.6,0.6
F1,Toulouse,2026-02-08,A,Angers,0,1,L,0,21,1.4,1.4,1.0,0.4,0.4,0.6,0.2,0.4,0.4
F1,Toulouse,2026-02-15,A,Le Havre,1,2,L,0,22,1.4,1.6,0.8,0.8,0.4,0.6,0.4,0.6,0.4
F1,Toulouse,2026-02-21,H,Paris FC,1,1,D,1,23,1.0,0.8,0.8,0.0,0.2,0.8,0.4,0.6,0.4
F1,Toulouse,2026-02-28,A,Rennes,0,1,L,0,24,0.4,0.4,1.0,-0.6,0.2,0.8,0.4,0.4,0.2
F1,Toulouse,2026-03-07,H,Marseille,0,1,L,0,25,0.2,0.4,1.2,-0.8,0.2,0.8,0.4,0.4,0.0
F1,Toulouse,2026-03-15,A,Metz,4,3,W,3,26,0.8,1.2,1.6,-0.4,0.4,0.6,0.6,0.6,0.0
F1,Toulouse,2026-03-21,H,Lorient,1,0,W,3,27,1.4,1.2,1.2,0.0,0.2,0.8,0.4,0.6,0.2
F1,Toulouse,2026-04-03,A,Paris SG,1,3,L,0,28,1.2,1.2,1.6,-0.4,0.4,0.6,0.4,0.6,0.2
I1,Atalanta,2025-08-24,H,Pisa,1,1,D,1,1,1.0,1.0,1.0,0.0,0.0,1.0,1.0,1.0,0.0
I1,Atalanta,2025-08-30,A,Parma,1,1,D,1,2,1.0,1.0,1.0,0.0,0.0,1.0,1.0,1.0,0.0
I1,Atalanta,2025-09-14,H,Lecce,4,1,W,3,3,1.6666666666666667,2.0,1.0,1.0,0.3333333333333333,0.6666666666666666,1.0,1.0,0.0
I1,Atalanta,2025-09-21,A,Torino,3,0,W,3,4,2.0,2.25,0.75,1.5,0.5,0.5,0.75,1.0,0.25
I1,Atalanta,2025-09-27,A,Juventus,1,1,D,1,5,1.8,2.0,0.8,1.2,0.4,0.6,0.8,1.0,0.2
I1,Atalanta,2025-10-04,H,Como,1,1,D,1,6,1.8,2.0,0.8,1.2,0.4,0.6,0.8,1.0,0.2
I1,Atalanta,2025-10-19,H,Lazio,0,0,D,1,7,1.8,1.8,0.6,1.2,0.4,0.6,0.6,0.8,0.4
I1,Atalanta,2025-10-25,A,Cremonese,1,1,D,1,8,1.4,1.2,0.6,0.6,0.2,0.8,0.6,0.8,0.4
I1,Atalanta,2025-10-28,H,Milan,1,1,D,1,9,1.0,0.8,0.8,0.0,0.0,1.0,0.8,0.8,0.2
I1,Atalanta,2025-11-01,A,Udinese,0,1,L,0,10,0.8,0.6,0.8,-0.2,0.0,1.0,0.6,0.6,0.2
I1,Atalanta,2025-11-09,H,Sassuolo,0,3,L,0,11,0.6,0.4,1.2,-0.8,0.2,0.8,0.4,0.4,0.2
I1,Atalanta,2025-11-22,A,Napoli,1,3,L,0,12,0.4,0.6,1.8,-1.2,0.4,0.6,0.6,0.6,0.0
I1,Atalanta,2025-11-30,H,Fiorentina,2,0,W,3,13,0.8,0.8,1.6,-0.8,0.4,0.6,0.4,0.6,0.2
I1,Atalanta,2025-12-06,A,Verona,1,3,L,0,14,0.6,0.8,2.0,-1.2,0.6,0.4,0.4,0.6,0.2
I1,Atalanta,2025-12-13,H,Cagliari,2,1,W,3,15,1.2,1.2,2.0,-0.8,0.8,0.2,0.6,0.8,0.2
I1,Atalanta,2025-12-21,A,Genoa,1,0,W,3,16,1.8,1.4,1.4,0.0,0.6,0.4,0.6,1.0,0.4
I1,Atalanta,2025-12-28,H,Inter,0,1,L,0,17,1.8,1.2,1.0,0.2,0.4,0.6,0.4,0.8,0.4
I1,Atalanta,2026-01-03,H,Roma,1,0,W,3,18,1.8,1.0,1.0,0.0,0.4,0.6,0.4,0.8,0.4
I1,Atalanta,2026-01-07,A,Bologna,2,0,W,3,19,2.4,1.2,0.4,0.8,0.2,0.8,0.2,0.8,0.6
I1,Atalanta,2026-01-10,H,Torino,2,0,W,3,20,2.4,1.2,0.2,1.0,0.0,1.0,0.0,0.8,0.8
I1,Atalanta,2026-01-16,A,Pisa,1,1,D,1,21,2.0,1.2,0.4,0.8,0.0,1.0,0.2,0.8,0.6
I1,Atalanta,2026-01-25,H,Parma,4,0,W,3,22,2.6,2.0,0.2,1.8,0.2,0.8,0.2,1.0,0.8
I1,Atalanta,2026-02-01,A,Como,0,0,D,1,23,2.2,1.8,0.2,1.6,0.2,0.8,0.2,0.8,0.8
I1,Atalanta,2026-02-09,H,Cremonese,2,1,W,3,24,2.2,1.8,0.4,1.4,0.4,0.6,0.4,0.8,0.6
I1,Atalanta,2026-02-14,A,Lazio,2,0,W,3,25,2.2,1.8,0.4,1.4,0.4,0.6,0.4,0.8,0.6
I1,Atalanta,2026-02-22,H,Napoli,2,1,W,3,26,2.6,2.0,0.4,1.6,0.6,0.4,0.4,0.8,0.6
I1,Atalanta,2026-03-01,A,Sassuolo,1,2,L,0,27,2.0,1.4,0.8,0.6,0.6,0.4,0.6,0.8,0.4
I1,Atalanta,2026-03-07,H,Udinese,2,2,D,1,28,2.0,1.8,1.2,0.6,0.8,0.2,0.8,1.0,0.2
I1,Atalanta,2026-03-14,A,Inter,1,1,D,1,29,1.6,1.6,1.2,0.4,0.6,0.4,0.8,1.0,0.2
I1,Atalanta,2026-03-22,H,Verona,1,0,W,3,30,1.6,1.4,1.2,0.2,0.6,0.4,0.8,1.0,0.2
I1,Atalanta,2026-04-06,A,Lecce,3,0,W,3,31,1.6,1.6,1.0,0.6,0.6,0.4,0.6,1.0,0.4
I1,Bologna,2025-08-23,A,Roma,0,1,L,0,1,0.0,0.0,1.0,-1.0,0.0,1.0,0.0,0.0,0.0
I1,Bologna,2025-08-30,H,Como,1,0,W,3,2,1.5,0.5,0.5,0.0,0.0,1.0,0.0,0.5,0.5
I1,Bologna,2025-09-14,A,Milan,0,1,L,0,3,1.0,0.3333333333333333,0.6666666666666666,-0.3333333333333333,0.0,1.0,0.0,0.3333333333333333,0.3333333333333333
I1,Bologna,2025-09-20,H,Genoa,2,1,W,3,4,1.5,0.75,0.75,0.0,0.25,0.75,0.25,0.5,0.25
I1,Bologna,2025-09-28,A,Lecce,2,2,D,1,5,1.4,1.0,1.0,0.0,0.4,0.6,0.4,0.6,0.2
I1,Bologna,2025-10-05,H,Pisa,4,0,W,3,6,2.0,1.8,0.8,1.0,0.6,0.4,0.4,0.8,0.4
I1,Bologna,2025-10-19,A,Cagliari,2,0,W,3,7,2.0,2.0,0.8,1.2,0.6,0.4,0.4,0.8,0.4
I1,Bologna,2025-10-26,A,Fiorentina,2,2,D,1,8,2.2,2.4,1.0,1.4,0.8,0.2,0.6,1.0,0.4
I1,Bologna,2025-10-29,H,Torino,0,0,D,1,9,1.8,2.0,0.8,1.2,0.6,0.4,0.4,0.8,0.6
I1,Bologna,2025-11-02,A,Parma,3,1,W,3,10,2.2,2.2,0.6,1.6,0.6,0.4,0.4,0.8,0.6
I1,Bologna,2025-11-09,H,Napoli,2,0,W,3,11,2.2,1.8,0.6,1.2,0.4,0.6,0.4,0.8,0.6
I1,Bologna,2025-11-22,A,Udinese,3,0,W,3,12,2.2,2.0,0.6,1.4,0.6,0.4,0.4,0.8,0.6
I1,Bologna,2025-12-01,H,Cremonese,1,3,L,0,13,2.0,1.8,0.8,1.0,0.6,0.4,0.4,0.8,0.6
I1,Bologna,2025-12-07,A,Lazio,1,1,D,1,14,2.0,2.0,1.0,1.0,0.6,0.4,0.6,1.0,0.4
I1,Bologna,2025-12-14,H,Juventus,0,1,L,0,15,1.4,1.4,1.0,0.4,0.4,0.6,0.4,0.8,0.4
I1,Bologna,2025-12-28,H,Sassuolo,1,1,D,1,16,1.0,1.2,1.2,0.0,0.4,0.6,0.6,0.8,0.2
I1,Bologna,2026-01-04,A,Inter,1,3,L,0,17,0.4,0.8,1.8,-1.0,0.4,0.6,0.8,0.8,0.0
I1,Bologna,2026-01-07,H,Atalanta,0,2,L,0,18,0.4,0.6,1.6,-1.0,0.2,0.8,0.6,0.6,0.0
I1,Bologna,2026-01-10,A,Como,1,1,D,1,19,0.4,0.6,1.6,-1.0,0.2,0.8,0.6,0.6,0.0
I1,Bologna,2026-01-15,A,Verona,3,2,W,3,20,1.0,1.2,1.8,-0.6,0.4,0.6,0.8,0.8,0.0
I1,Bologna,2026-01-18,H,Fiorentina,1,2,L,0,21,0.8,1.2,2.0,-0.8,0.6,0.4,0.8,0.8,0.0
I1,Bologna,2026-01-25,A,Genoa,2,3,L,0,22,0.8,1.4,2.0,-0.6,0.6,0.4,0.8,0.8,0.0
I1,Bologna,2026-02-03,H,Milan,0,3,L,0,23,0.8,1.4,2.2,-0.8,0.8,0.2,0.8,0.8,0.0
I1,Bologna,2026-02-08,H,Parma,0,1,L,0,24,0.6,1.2,2.2,-1.0,0.8,0.2,0.6,0.6,0.0
I1,Bologna,2026-02-15,A,Torino,2,1,W,3,25,0.6,1.0,2.0,-1.0,0.8,0.2,0.6,0.6,0.0
I1,Bologna,2026-02-23,H,Udinese,1,0,W,3,26,1.2,1.0,1.6,-0.6,0.6,0.4,0.4,0.6,0.2
I1,Bologna,2026-03-02,A,Pisa,1,0,W,3,27,1.8,0.8,1.0,-0.2,0.4,0.6,0.2,0.6,0.4
I1,Bologna,2026-03-08,H,Verona,1,2,L,0,28,1.8,1.0,0.8,0.2,0.4,0.6,0.4,0.8,0.4
I1,Bologna,2026-03-15,A,Sassuolo,1,0,W,3,29,2.4,1.2,0.6,0.6,0.4,0.6,0.4,1.0,0.6
I1,Bologna,2026-03-22,H,Lazio,0,2,L,0,30,1.8,0.8,0.8,0.0,0.2,0.8,0.2,0.8,0.6
I1,Bologna,2026-04-05,A,Cremonese,2,1,W,3,31,1.8,1.0,1.0,0.0,0.4,0.6,0.4,0.8,0.4
I1,Cagliari,2025-08-24,H,Fiorentina,1,1,D,1,1,1.0,1.0,1.0,0.0,0.0,1.0,1.0,1.0,0.0
I1,Cagliari,2025-08-30,A,Napoli,0,1,L,0,2,0.5,0.5,1.0,-0.5,0.0,1.0,0.5,0.5,0.0
I1,Cagliari,2025-09-13,H,Parma,2,0,W,3,3,1.3333333333333333,1.0,0.6666666666666666,0.3333333333333333,0.0,1.0,0.3333333333333333,0.6666666666666666,0.3333333333333333
I1,Cagliari,2025-09-19,A,Lecce,2,1,W,3,4,1.75,1.25,0.75,0.5,0.25,0.75,0.5,0.75,0.25
I1,Cagliari,2025-09-27,H,Inter,0,2,L,0,5,1.4,1.0,1.0,0.0,0.2,0.8,0.4,0.6,0.2
I1,Cagliari,2025-10-05,A,Udinese,1,1,D,1,6,1.4,1.0,1.0,0.0,0.2,0.8,0.4,0.6,0.2
I1,Cagliari,2025-10-19,H,Bologna,0,2,L,0,7,1.4,1.0,1.2,-0.2,0.2,0.8,0.4,0.6,0.2
I1,Cagliari,2025-10-26,A,Verona,2,2,D,1,8,1.0,1.0,1.6,-0.6,0.4,0.6,0.6,0.6,0.0
I1,Cagliari,2025-10-30,H,Sassuolo,1,2,L,0,9,0.4,0.8,1.8,-1.0,0.4,0.6,0.6,0.6,0.0
I1,Cagliari,2025-11-03,A,Lazio,0,2,L,0,10,0.4,0.8,1.8,-1.0,0.4,0.6,0.6,0.6,0.0
I1,Cagliari,2025-11-08,A,Como,0,0,D,1,11,0.4,0.6,1.6,-1.0,0.4,0.6,0.4,0.4,0.2
I1,Cagliari,2025-11-22,H,Genoa,3,3,D,1,12,0.6,1.2,1.8,-0.6,0.6,0.4,0.6,0.6,0.2
I1,Cagliari,2025-11-29,A,Juventus,1,2,L,0,13,0.4,1.0,1.8,-0.8,0.6,0.4,0.6,0.6,0.2
I1,Cagliari,2025-12-07,H,Roma,1,0,W,3,14,1.0,1.0,1.4,-0.4,0.4,0.6,0.4,0.6,0.4
I1,Cagliari,2025-12-13,A,Atalanta,1,2,L,0,15,1.0,1.2,1.4,-0.2,0.6,0.4,0.6,0.8,0.4
I1,Cagliari,2025-12-21,H,Pisa,2,2,D,1,16,1.0,1.6,1.8,-0.2,0.8,0.2,0.8,1.0,0.2
I1,Cagliari,2025-12-27,A,Torino,2,1,W,3,17,1.4,1.4,1.4,0.0,0.8,0.2,0.8,1.0,0.2
I1,Cagliari,2026-01-02,H,Milan,0,1,L,0,18,1.4,1.2,1.2,0.0,0.6,0.4,0.6,0.8,0.2
I1,Cagliari,2026-01-08,A,Cremonese,2,2,D,1,19,1.0,1.4,1.6,-0.2,0.8,0.2,0.8,0.8,0.0
I1,Cagliari,2026-01-12,A,Genoa,0,3,L,0,20,1.0,1.2,1.8,-0.6,0.8,0.2,0.6,0.6,0.0
I1,Cagliari,2026-01-17,H,Juventus,1,0,W,3,21,1.4,1.0,1.4,-0.4,0.6,0.4,0.4,0.6,0.2
I1,Cagliari,2026-01-24,A,Fiorentina,2,1,W,3,22,1.4,1.0,1.4,-0.4,0.6,0.4,0.4,0.6,0.2
I1,Cagliari,2026-01-31,H,Verona,4,0,W,3,23,2.0,1.8,1.2,0.6,0.8,0.2,0.4,0.8,0.4
I1,Cagliari,2026-02-09,A,Roma,0,2,L,0,24,1.8,1.4,1.2,0.2,0.6,0.4,0.2,0.6,0.4
I1,Cagliari,2026-02-16,H,Lecce,0,2,L,0,25,1.8,1.4,1.0,0.4,0.4,0.6,0.2,0.6,0.4
I1,Cagliari,2026-02-21,H,Lazio,0,0,D,1,26,1.4,1.2,1.0,0.2,0.4,0.6,0.2,0.4,0.4
I1,Cagliari,2026-02-27,A,Parma,1,1,D,1,27,1.0,1.0,1.0,0.0,0.2,0.8,0.2,0.4,0.4
I1,Cagliari,2026-03-07,H,Como,1,2,L,0,28,0.4,0.4,1.4,-1.0,0.2,0.8,0.4,0.4,0.2
I1,Cagliari,2026-03-15,A,Pisa,1,3,L,0,29,0.4,0.6,1.6,-1.0,0.4,0.6,0.6,0.6,0.2
I1,Cagliari,2026-03-20,H,Napoli,0,1,L,0,30,0.4,0.6,1.4,-0.8,0.4,0.6,0.6,0.6,0.2
I1,Cagliari,2026-04-04,A,Sassuolo,1,2,L,0,31,0.2,0.8,1.8,-1.0,0.6,0.4,0.8,0.8,0.0
I1,Como,2025-08-24,H,Lazio,2,0,W,3,1,3.0,2.0,0.0,2.0,0.0,1.0,0.0,1.0,1.0
I1,Como,2025-08-30,A,Bologna,0,1,L,0,2,1.5,1.0,0.5,0.5,0.0,1.0,0.0,0.5,0.5
I1,Como,2025-09-15,H,Genoa,1,1,D,1,3,1.3333333333333333,1.0,0.6666666666666666,0.3333333333333333,0.0,1.0,0.3333333333333333,0.6666666666666666,0.3333333333333333
I1,Como,2025-09-21,A,Fiorentina,2,1,W,3,4,1.75,1.25,0.75,0.5,0.25,0.75,0.5,0.75,0.25
I1,Como,2025-09-27,H,Cremonese,1,1,D,1,5,1.6,1.2,0.8,0.4,0.2,0.8,0.6,0.8,0.2
I1,Como,2025-10-04,A,Atalanta,1,1,D,1,6,1.2,1.0,1.0,0.0,0.2,0.8,0.8,0.8,0.0
I1,Como,2025-10-19,H,Juventus,2,0,W,3,7,1.8,1.4,0.8,0.6,0.2,0.8,0.8,1.0,0.2
I1,Como,2025-10-25,A,Parma,0,0,D,1,8,1.8,1.2,0.6,0.6,0.2,0.8,0.6,0.8,0.4
I1,Como,2025-10-29,H,Verona,3,1,W,3,9,1.8,1.4,0.6,0.8,0.2,0.8,0.6,0.8,0.4
I1,Como,2025-11-01,A,Napoli,0,0,D,1,10,1.8,1.2,0.4,0.8,0.2,0.8,0.4,0.6,0.6
I1,Como,2025-11-08,H,Cagliari,0,0,D,1,11,1.8,1.0,0.2,0.8,0.2,0.8,0.2,0.4,0.8
I1,Como,2025-11-24,A,Torino,5,1,W,3,12,1.8,1.6,0.4,1.2,0.4,0.6,0.4,0.4,0.6
I1,Como,2025-11-28,H,Sassuolo,2,0,W,3,13,2.2,2.0,0.4,1.6,0.4,0.6,0.4,0.6,0.6
I1,Como,2025-12-06,A,Inter,0,4,L,0,14,1.6,1.4,1.0,0.4,0.4,0.6,0.2,0.4,0.6
I1,Como,2025-12-15,A,Roma,0,1,L,0,15,1.4,1.4,1.2,0.2,0.4,0.6,0.2,0.4,0.4
I1,Como,2025-12-27,A,Lecce,3,0,W,3,16,1.8,2.0,1.2,0.8,0.6,0.4,0.2,0.6,0.4
I1,Como,2026-01-03,H,Udinese,1,0,W,3,17,1.8,1.2,1.0,0.2,0.4,0.6,0.0,0.6,0.6
I1,Como,2026-01-06,A,Pisa,3,0,W,3,18,1.8,1.4,1.0,0.4,0.6,0.4,0.0,0.6,0.6
I1,Como,2026-01-10,H,Bologna,1,1,D,1,19,2.0,1.6,0.4,1.2,0.4,0.6,0.2,0.8,0.6
I1,Como,2026-01-15,H,Milan,1,3,L,0,20,2.0,1.8,0.8,1.0,0.6,0.4,0.4,1.0,0.6
I1,Como,2026-01-19,A,Lazio,3,0,W,3,21,2.0,1.8,0.8,1.0,0.6,0.4,0.4,1.0,0.6
I1,Como,2026-01-24,H,Torino,6,0,W,3,22,2.0,2.8,0.8,2.0,0.8,0.2,0.4,1.0,0.6
I1,Como,2026-02-01,H,Atalanta,0,0,D,1,23,1.6,2.2,0.8,1.4,0.6,0.4,0.4,0.8,0.6
I1,Como,2026-02-14,H,Fiorentina,1,2,L,0,24,1.4,2.2,1.0,1.2,0.8,0.2,0.4,0.8,0.6
I1,Como,2026-02-18,A,Milan,1,1,D,1,25,1.6,2.2,0.6,1.6,0.6,0.4,0.4,0.8,0.6
I1,Como,2026-02-21,A,Juventus,2,0,W,3,26,1.6,2.0,0.6,1.4,0.4,0.6,0.4,0.8,0.6
I1,Como,2026-02-28,H,Lecce,3,1,W,3,27,1.6,1.4,0.8,0.6,0.4,0.6,0.6,0.8,0.4
I1,Como,2026-03-07,A,Cagliari,2,1,W,3,28,2.0,1.8,1.0,0.8,0.6,0.4,0.8,1.0,0.2
I1,Como,2026-03-15,H,Roma,2,1,W,3,29,2.6,2.0,0.8,1.2,0.6,0.4,0.8,1.0,0.2
I1,Como,2026-03-22,H,Pisa,5,0,W,3,30,3.0,2.8,0.6,2.2,0.8,0.2,0.6,1.0,0.4
I1,Como,2026-04-06,A,Udinese,0,0,D,1,31,2.6,2.4,0.6,1.8,0.8,0.2,0.6,0.8,0.4
I1,Cremonese,2025-08-23,A,Milan,2,1,W,3,1,3.0,2.0,1.0,1.0,1.0,0.0,1.0,1.0,0.0
I1,Cremonese,2025-08-29,H,Sassuolo,3,2,W,3,2,3.0,2.5,1.5,1.0,1.0,0.0,1.0,1.0,0.0
I1,Cremonese,2025-09-15,A,Verona,0,0,D,1,3,2.3333333333333335,1.6666666666666667,1.0,0.6666666666666666,0.6666666666666666,0.3333333333333333,0.6666666666666666,0.6666666666666666,0.3333333333333333
I1,Cremonese,2025-09-21,H,Parma,0,0,D,1,4,2.0,1.25,0.75,0.5,0.5,0.5,0.5,0.5,0.5
I1,Cremonese,2025-09-27,A,Como,1,1,D,1,5,1.8,1.2,0.8,0.4,0.4,0.6,0.6,0.6,0.4
I1,Cremonese,2025-10-04,A,Inter,1,4,L,0,6,1.2,1.0,1.4,-0.4,0.4,0.6,0.6,0.6,0.4
I1,Cremonese,2025-10-20,H,Udinese,1,1,D,1,7,0.8,0.6,1.2,-0.6,0.2,0.8,0.6,0.6,0.4
I1,Cremonese,2025-10-25,H,Atalanta,1,1,D,1,8,0.8,0.8,1.4,-0.6,0.2,0.8,0.8,0.8,0.2
I1,Cremonese,2025-10-29,A,Genoa,2,0,W,3,9,1.2,1.2,1.4,-0.2,0.2,0.8,0.8,1.0,0.2
I1,Cremonese,2025-11-01,H,Juventus,1,2,L,0,10,1.0,1.2,1.6,-0.4,0.4,0.6,0.8,1.0,0.2
I1,Cremonese,2025-11-07,A,Pisa,0,1,L,0,11,1.0,1.0,1.0,0.0,0.2,0.8,0.6,0.8,0.2
I1,Cremonese,2025-11-23,H,Roma,1,3,L,0,12,0.8,1.0,1.4,-0.4,0.4,0.6,0.6,0.8,0.2
I1,Cremonese,2025-12-01,A,Bologna,3,1,W,3,13,1.2,1.4,1.4,0.0,0.6,0.4,0.6,0.8,0.2
I1,Cremonese,2025-12-07,H,Lecce,2,0,W,3,14,1.2,1.4,1.4,0.0,0.6,0.4,0.6,0.8,0.2
I1,Cremonese,2025-12-13,A,Torino,0,1,L,0,15,1.2,1.2,1.2,0.0,0.4,0.6,0.4,0.6,0.2
I1,Cremonese,2025-12-20,A,Lazio,0,0,D,1,16,1.4,1.2,1.0,0.2,0.4,0.6,0.4,0.6,0.4
I1,Cremonese,2025-12-28,H,Napoli,0,2,L,0,17,1.4,1.0,0.8,0.2,0.2,0.8,0.2,0.4,0.4
I1,Cremonese,2026-01-04,A,Fiorentina,0,1,L,0,18,0.8,0.4,0.8,-0.4,0.0,1.0,0.0,0.2,0.4
I1,Cremonese,2026-01-08,H,Cagliari,2,2,D,1,19,0.4,0.4,1.2,-0.8,0.2,0.8,0.2,0.2,0.2
I1,Cremonese,2026-01-12,A,Juventus,0,5,L,0,20,0.4,0.4,2.0,-1.6,0.4,0.6,0.2,0.2,0.2
I1,Cremonese,2026-01-19,H,Verona,0,0,D,1,21,0.4,0.4,2.0,-1.6,0.4,0.6,0.2,0.2,0.2
I1,Cremonese,2026-01-25,A,Sassuolo,0,1,L,0,22,0.4,0.4,1.8,-1.4,0.4,0.6,0.2,0.2,0.2
I1,Cremonese,2026-02-01,H,Inter,0,2,L,0,23,0.4,0.4,2.0,-1.6,0.4,0.6,0.2,0.2,0.2
I1,Cremonese,2026-02-09,A,Atalanta,1,2,L,0,24,0.2,0.2,2.0,-1.8,0.4,0.6,0.2,0.2,0.2
I1,Cremonese,2026-02-15,H,Genoa,0,0,D,1,25,0.4,0.2,1.0,-0.8,0.2,0.8,0.2,0.2,0.4
I1,Cremonese,2026-02-22,A,Roma,0,3,L,0,26,0.2,0.2,1.6,-1.4,0.4,0.6,0.2,0.2,0.2
I1,Cremonese,2026-03-01,H,Milan,0,2,L,0,27,0.2,0.2,1.8,-1.6,0.4,0.6,0.2,0.2,0.2
I1,Cremonese,2026-03-08,A,Lecce,1,2,L,0,28,0.2,0.4,1.8,-1.4,0.6,0.4,0.4,0.4,0.2
I1,Cremonese,2026-03-16,H,Fiorentina,1,4,L,0,29,0.2,0.4,2.2,-1.8,0.6,0.4,0.4,0.4,0.2
I1,Cremonese,2026-03-21,A,Parma,2,0,W,3,30,0.6,0.8,2.2,-1.4,0.6,0.4,0.4,0.6,0.2
I1,Cremonese,2026-04-05,H,Bologna,1,2,L,0,31,0.6,1.0,2.0,-1.0,0.6,0.4,0.6,0.8,0.2
I1,Fiorentina,2025-08-24,A,Cagliari,1,1,D,1,1,1.0,1.0,1.0,0.0,0.0,1.0,1.0,1.0,0.0
I1,Fiorentina,2025-08-31,A,Torino,0,0,D,1,2,1.0,0.5,0.5,0.0,0.0,1.0,0.5,0.5,0.5
I1,Fiorentina,2025-09-13,H,Napoli,1,3,L,0,3,0.6666666666666666,0.6666666666666666,1.3333333333333333,-0.6666666666666666,0.3333333333333333,0.6666666666666666,0.6666666666666666,0.6666666666666666,0.3333333333333333
I1,Fiorentina,2025-09-21,H,Como,1,2,L,0,4,0.5,0.75,1.5,-0.75,0.5,0.5,0.75,0.75,0.25
I1,Fiorentina,2025-09-28,A,Pisa,0,0,D,1,5,0.6,0.6,1.2,-0.6,0.4,0.6,0.6,0.6,0.4
I1,Fiorentina,2025-10-05,H,Roma,1,2,L,0,6,0.4,0.6,1.4,-0.8,0.6,0.4,0.6,0.6,0.4
I1,Fiorentina,2025-10-19,A,Milan,1,2,L,0,7,0.2,0.8,1.8,-1.0,0.8,0.2,0.8,0.8,0.2
I1,Fiorentina,2025-10-26,H,Bologna,2,2,D,1,8,0.4,1.0,1.6,-0.6,0.8,0.2,0.8,0.8,0.2
I1,Fiorentina,2025-10-29,A,Inter,0,3,L,0,9,0.4,0.8,1.8,-1.0,0.8,0.2,0.6,0.6,0.2
I1,Fiorentina,2025-11-02,H,Lecce,0,1,L,0,10,0.2,0.8,2.0,-1.2,0.8,0.2,0.6,0.6,0.0
I1,Fiorentina,2025-11-09,A,Genoa,2,2,D,1,11,0.4,1.0,2.0,-1.0,0.8,0.2,0.6,0.6,0.0
I1,Fiorentina,2025-11-22,H,Juventus,1,1,D,1,12,0.6,1.0,1.8,-0.8,0.6,0.4,0.6,0.6,0.0
I1,Fiorentina,2025-11-30,A,Atalanta,0,2,L,0,13,0.4,0.6,1.8,-1.2,0.4,0.6,0.4,0.4,0.0
I1,Fiorentina,2025-12-06,A,Sassuolo,1,3,L,0,14,0.4,0.8,1.8,-1.0,0.4,0.6,0.6,0.6,0.0
I1,Fiorentina,2025-12-14,H,Verona,1,2,L,0,15,0.4,1.0,2.0,-1.0,0.6,0.4,0.8,0.8,0.0
I1,Fiorentina,2025-12-21,H,Udinese,5,1,W,3,16,0.8,1.6,1.8,-0.2,0.6,0.4,0.8,0.8,0.0
I1,Fiorentina,2025-12-27,A,Parma,0,1,L,0,17,0.6,1.4,1.8,-0.4,0.6,0.4,0.6,0.6,0.0
I1,Fiorentina,2026-01-04,H,Cremonese,1,0,W,3,18,1.2,1.6,1.4,0.2,0.6,0.4,0.6,0.8,0.2
I1,Fiorentina,2026-01-07,A,Lazio,2,2,D,1,19,1.4,1.8,1.2,0.6,0.6,0.4,0.6,0.8,0.2
I1,Fiorentina,2026-01-11,H,Milan,1,1,D,1,20,1.6,1.8,1.0,0.8,0.4,0.6,0.6,0.8,0.2
I1,Fiorentina,2026-01-18,A,Bologna,2,1,W,3,21,1.6,1.2,1.0,0.2,0.4,0.6,0.6,0.8,0.2
I1,Fiorentina,2026-01-24,H,Cagliari,1,2,L,0,22,1.6,1.4,1.2,0.2,0.6,0.4,0.8,1.0,0.2
I1,Fiorentina,2026-01-31,A,Napoli,1,2,L,0,23,1.0,1.4,1.6,-0.2,0.8,0.2,1.0,1.0,0.0
I1,Fiorentina,2026-02-07,H,Torino,2,2,D,1,24,1.0,1.4,1.6,-0.2,0.8,0.2,1.0,1.0,0.0
I1,Fiorentina,2026-02-14,A,Como,2,1,W,3,25,1.4,1.6,1.6,0.0,1.0,0.0,1.0,1.0,0.0
I1,Fiorentina,2026-02-23,H,Pisa,1,0,W,3,26,1.4,1.4,1.4,0.0,0.8,0.2,0.8,1.0,0.2
I1,Fiorentina,2026-03-02,A,Udinese,0,3,L,0,27,1.4,1.2,1.6,-0.4,0.8,0.2,0.6,0.8,0.2
I1,Fiorentina,2026-03-08,H,Parma,0,0,D,1,28,1.6,1.0,1.2,-0.2,0.6,0.4,0.4,0.6,0.4
I1,Fiorentina,2026-03-16,A,Cremonese,4,1,W,3,29,2.0,1.4,1.0,0.4,0.6,0.4,0.4,0.6,0.4
I1,Fiorentina,2026-03-22,H,Inter,1,1,D,1,30,1.6,1.2,1.0,0.2,0.4,0.6,0.4,0.6,0.4
I1,Fiorentina,2026-04-04,A,Verona,1,0,W,3,31,1.6,1.2,1.0,0.2,0.4,0.6,0.4,0.6,0.4
I1,Genoa,2025-08-23,H,Lecce,0,0,D,1,1,1.0,0.0,0.0,0.0,0.0,1.0,0.0,0.0,1.0
I1,Genoa,2025-08-31,H,Juventus,0,1,L,0,2,0.5,0.0,0.5,-0.5,0.0,1.0,0.0,0.0,0.5
I1,Genoa,2025-09-15,A,Como,1,1,D,1,3,0.6666666666666666,0.3333333333333333,0.6666666666666666,-0.3333333333333333,0.0,1.0,0.3333333333333333,0.3333333333333333,0.3333333333333333
I1,Genoa,2025-09-20,A,Bologna,1,2,L,0,4,0.5,0.5,1.0,-0.5,0.25,0.75,0.5,0.5,0.25
I1,Genoa,2025-09-29,H,Lazio,0,3,L,0,5,0.4,0.4,1.4,-1.0,0.4,0.6,0.4,0.4,0.2
I1,Genoa,2025-10-05,A,Napoli,1,2,L,0,6,0.2,0.6,1.8,-1.2,0.6,0.4,0.6,0.6,0.0
I1,Genoa,2025-10-19,H,Parma,0,0,D,1,7,0.4,0.6,1.6,-1.0,0.6,0.4,0.6,0.6,0.2
I1,Genoa,2025-10-26,A,Torino,1,2,L,0,8,0.2,0.6,1.8,-1.2,0.8,0.2,0.6,0.6,0.2
I1,Genoa,2025-10-29,H,Cremonese,0,2,L,0,9,0.2,0.4,1.8,-1.4,0.6,0.4,0.4,0.4,0.2
I1,Genoa,2025-11-03,A,Sassuolo,2,1,W,3,10,0.8,0.8,1.4,-0.6,0.6,0.4,0.6,0.6,0.2
I1,Genoa,2025-11-09,H,Fiorentina,2,2,D,1,11,1.0,1.0,1.4,-0.4,0.6,0.4,0.6,0.6,0.2
I1,Genoa,2025-11-22,A,Cagliari,3,3,D,1,12,1.0,1.6,2.0,-0.4,0.8,0.2,0.8,0.8,0.0
I1,Genoa,2025-11-29,H,Verona,2,1,W,3,13,1.6,1.8,1.8,0.0,0.8,0.2,0.8,0.8,0.0
I1,Genoa,2025-12-08,A,Udinese,2,1,W,3,14,2.2,2.2,1.6,0.6,1.0,0.0,1.0,1.0,0.0
I1,Genoa,2025-12-14,H,Inter,1,2,L,0,15,1.6,2.0,1.8,0.2,1.0,0.0,1.0,1.0,0.0
I1,Genoa,2025-12-21,H,Atalanta,0,1,L,0,16,1.4,1.6,1.6,0.0,0.8,0.2,0.8,0.8,0.0
I1,Genoa,2025-12-29,A,Roma,1,3,L,0,17,1.2,1.2,1.6,-0.4,0.8,0.2,0.8,0.8,0.0
I1,Genoa,2026-01-03,H,Pisa,1,1,D,1,18,0.8,1.0,1.6,-0.6,0.6,0.4,0.8,0.8,0.0
I1,Genoa,2026-01-08,A,Milan,1,1,D,1,19,0.4,0.8,1.6,-0.8,0.4,0.6,0.8,0.8,0.0
I1,Genoa,2026-01-12,H,Cagliari,3,0,W,3,20,1.0,1.2,1.2,0.0,0.4,0.6,0.6,0.8,0.2
I1,Genoa,2026-01-18,A,Parma,0,0,D,1,21,1.2,1.2,1.0,0.2,0.4,0.6,0.6,0.8,0.4
I1,Genoa,2026-01-25,H,Bologna,3,2,W,3,22,1.8,1.6,0.8,0.8,0.4,0.6,0.6,0.8,0.4
I1,Genoa,2026-01-30,A,Lazio,2,3,L,0,23,1.6,1.8,1.2,0.6,0.6,0.4,0.6,0.8,0.4
I1,Genoa,2026-02-07,H,Napoli,2,3,L,0,24,1.4,2.0,1.6,0.4,0.8,0.2,0.6,0.8,0.4
I1,Genoa,2026-02-15,A,Cremonese,0,0,D,1,25,1.0,1.4,1.6,-0.2,0.6,0.4,0.6,0.6,0.4
I1,Genoa,2026-02-22,H,Torino,3,0,W,3,26,1.4,2.0,1.6,0.4,0.8,0.2,0.6,0.8,0.4
I1,Genoa,2026-02-28,A,Inter,0,2,L,0,27,0.8,1.4,1.6,-0.2,0.6,0.4,0.4,0.6,0.4
I1,Genoa,2026-03-08,H,Roma,2,1,W,3,28,1.4,1.4,1.2,0.2,0.6,0.4,0.4,0.6,0.4
I1,Genoa,2026-03-15,A,Verona,2,0,W,3,29,2.0,1.4,0.6,0.8,0.4,0.6,0.2,0.6,0.6
I1,Genoa,2026-03-20,H,Udinese,0,2,L,0,30,1.8,1.4,1.0,0.4,0.4,0.6,0.2,0.6,0.4
I1,Genoa,2026-04-06,A,Juventus,0,2,L,0,31,1.2,0.8,1.4,-0.6,0.2,0.8,0.2,0.4,0.2
I1,Inter,2025-08-25,H,Torino,5,0,W,3,1,3.0,5.0,0.0,5.0,1.0,0.0,0.0,1.0,1.0
I1,Inter,2025-08-31,H,Udinese,1,2,L,0,2,1.5,3.0,1.0,2.0,1.0,0.0,0.5,1.0,0.5
I1,Inter,2025-09-13,A,Juventus,3,4,L,0,3,1.0,3.0,2.0,1.0,1.0,0.0,0.6666666666666666,1.0,0.3333333333333333
I1,Inter,2025-09-21,H,Sassuolo,2,1,W,3,4,1.5,2.75,1.75,1.0,1.0,0.0,0.75,1.0,0.25
I1,Inter,2025-09-27,A,Cagliari,2,0,W,3,5,1.8,2.6,1.4,1.2,0.8,0.2,0.6,1.0,0.4
I1,Inter,2025-10-04,H,Cremonese,4,1,W,3,6,1.8,2.4,1.6,0.8,0.8,0.2,0.8,1.0,0.2
I1,Inter,2025-10-18,A,Roma,1,0,W,3,7,2.4,2.4,1.2,1.2,0.6,0.4,0.6,1.0,0.4
I1,Inter,2025-10-25,A,Napoli,1,3,L,0,8,2.4,2.0,1.0,1.0,0.6,0.4,0.6,1.0,0.4
I1,Inter,2025-10-29,H,Fiorentina,3,0,W,3,9,2.4,2.2,0.8,1.4,0.6,0.4,0.4,1.0,0.6
I1,Inter,2025-11-02,A,Verona,2,1,W,3,10,2.4,2.2,1.0,1.2,0.8,0.2,0.6,1.0,0.4
I1,Inter,2025-11-09,H,Lazio,2,0,W,3,11,2.4,1.8,0.8,1.0,0.6,0.4,0.4,1.0,0.6
I1,Inter,2025-11-23,H,Milan,0,1,L,0,12,1.8,1.6,1.0,0.6,0.6,0.4,0.4,0.8,0.4
I1,Inter,2025-11-30,A,Pisa,2,0,W,3,13,2.4,1.8,0.4,1.4,0.4,0.6,0.2,0.8,0.6
I1,Inter,2025-12-06,H,Como,4,0,W,3,14,2.4,2.0,0.4,1.6,0.4,0.6,0.2,0.8,0.6
I1,Inter,2025-12-14,A,Genoa,2,1,W,3,15,2.4,2.0,0.4,1.6,0.4,0.6,0.2,0.8,0.6
I1,Inter,2025-12-28,A,Atalanta,1,0,W,3,16,2.4,1.8,0.4,1.4,0.4,0.6,0.2,0.8,0.6
I1,Inter,2026-01-04,H,Bologna,3,1,W,3,17,3.0,2.4,0.4,2.0,0.6,0.4,0.4,1.0,0.6
I1,Inter,2026-01-07,A,Parma,2,0,W,3,18,3.0,2.4,0.4,2.0,0.6,0.4,0.4,1.0,0.6
I1,Inter,2026-01-11,H,Napoli,2,2,D,1,19,2.6,2.0,0.8,1.2,0.6,0.4,0.6,1.0,0.4
I1,Inter,2026-01-14,H,Lecce,1,0,W,3,20,2.6,1.8,0.6,1.2,0.4,0.6,0.4,1.0,0.6
I1,Inter,2026-01-17,A,Udinese,1,0,W,3,21,2.6,1.8,0.6,1.2,0.4,0.6,0.4,1.0,0.6
I1,Inter,2026-01-23,H,Pisa,6,2,W,3,22,2.6,2.4,0.8,1.6,0.4,0.6,0.4,1.0,0.6
I1,Inter,2026-02-01,A,Cremonese,2,0,W,3,23,2.6,2.4,0.8,1.6,0.4,0.6,0.4,1.0,0.6
I1,Inter,2026-02-08,A,Sassuolo,5,0,W,3,24,3.0,3.0,0.4,2.6,0.4,0.6,0.2,1.0,0.8
I1,Inter,2026-02-14,H,Juventus,3,2,W,3,25,3.0,3.4,0.8,2.6,0.6,0.4,0.4,1.0,0.6
I1,Inter,2026-02-21,A,Lecce,2,0,W,3,26,3.0,3.6,0.8,2.8,0.6,0.4,0.4,1.0,0.6
I1,Inter,2026-02-28,H,Genoa,2,0,W,3,27,3.0,2.8,0.4,2.4,0.4,0.6,0.2,1.0,0.8
I1,Inter,2026-03-08,A,Milan,0,1,L,0,28,2.4,2.4,0.6,1.8,0.4,0.6,0.2,0.8,0.6
I1,Inter,2026-03-14,H,Atalanta,1,1,D,1,29,2.0,1.6,0.8,0.8,0.2,0.8,0.4,0.8,0.4
I1,Inter,2026-03-22,A,Fiorentina,1,1,D,1,30,1.6,1.2,0.6,0.6,0.0,1.0,0.4,0.8,0.4
I1,Inter,2026-04-05,H,Roma,5,2,W,3,31,1.6,1.8,1.0,0.8,0.2,0.8,0.6,0.8,0.2
I1,Juventus,2025-08-24,H,Parma,2,0,W,3,1,3.0,2.0,0.0,2.0,0.0,1.0,0.0,1.0,1.0
I1,Juventus,2025-08-31,A,Genoa,1,0,W,3,2,3.0,1.5,0.0,1.5,0.0,1.0,0.0,1.0,1.0
I1,Juventus,2025-09-13,H,Inter,4,3,W,3,3,3.0,2.3333333333333335,1.0,1.3333333333333333,0.3333333333333333,0.6666666666666666,0.3333333333333333,1.0,0.6666666666666666
I1,Juventus,2025-09-20,A,Verona,1,1,D,1,4,2.5,2.0,1.0,1.0,0.25,0.75,0.5,1.0,0.5
I1,Juventus,2025-09-27,H,Atalanta,1,1,D,1,5,2.2,1.8,1.0,0.8,0.2,0.8,0.6,1.0,0.4
I1,Juventus,2025-10-05,H,Milan,0,0,D,1,6,1.8,1.4,1.0,0.4,0.2,0.8,0.6,0.8,0.4
I1,Juventus,2025-10-19,A,Como,0,2,L,0,7,1.2,1.2,1.4,-0.2,0.2,0.8,0.6,0.6,0.2
I1,Juventus,2025-10-26,A,Lazio,0,1,L,0,8,0.6,0.4,1.0,-0.6,0.0,1.0,0.4,0.4,0.2
I1,Juventus,2025-10-29,H,Udinese,3,1,W,3,9,1.0,0.8,1.0,-0.2,0.2,0.8,0.4,0.4,0.2
I1,Juventus,2025-11-01,A,Cremonese,2,1,W,3,10,1.4,1.0,1.0,0.0,0.4,0.6,0.4,0.4,0.2
I1,Juventus,2025-11-08,H,Torino,0,0,D,1,11,1.4,1.0,1.0,0.0,0.4,0.6,0.4,0.4,0.2
I1,Juventus,2025-11-22,A,Fiorentina,1,1,D,1,12,1.6,1.2,0.8,0.4,0.4,0.6,0.6,0.6,0.2
I1,Juventus,2025-11-29,H,Cagliari,2,1,W,3,13,2.2,1.6,0.8,0.8,0.6,0.4,0.8,0.8,0.2
I1,Juventus,2025-12-07,A,Napoli,1,2,L,0,14,1.6,1.2,1.0,0.2,0.6,0.4,0.8,0.8,0.2
I1,Juventus,2025-12-14,A,Bologna,1,0,W,3,15,1.6,1.0,0.8,0.2,0.4,0.6,0.6,0.8,0.4
I1,Juventus,2025-12-20,H,Roma,2,1,W,3,16,2.0,1.4,1.0,0.4,0.6,0.4,0.8,1.0,0.2
I1,Juventus,2025-12-27,A,Pisa,2,0,W,3,17,2.4,1.6,0.8,0.8,0.6,0.4,0.6,1.0,0.4
I1,Juventus,2026-01-03,H,Lecce,1,1,D,1,18,2.0,1.4,0.8,0.6,0.4,0.6,0.6,1.0,0.4
I1,Juventus,2026-01-06,A,Sassuolo,3,0,W,3,19,2.6,1.8,0.4,1.4,0.4,0.6,0.4,1.0,0.6
I1,Juventus,2026-01-12,H,Cremonese,5,0,W,3,20,2.6,2.6,0.4,2.2,0.6,0.4,0.4,1.0,0.6
I1,Juventus,2026-01-17,A,Cagliari,0,1,L,0,21,2.0,2.2,0.4,1.8,0.4,0.6,0.2,0.8,0.6
I1,Juventus,2026-01-25,H,Napoli,3,0,W,3,22,2.0,2.4,0.4,2.0,0.6,0.4,0.2,0.8,0.6
I1,Juventus,2026-02-01,A,Parma,4,1,W,3,23,2.4,3.0,0.4,2.6,0.8,0.2,0.2,0.8,0.6
I1,Juventus,2026-02-08,H,Lazio,2,2,D,1,24,2.0,2.8,0.8,2.0,0.8,0.2,0.4,0.8,0.4
I1,Juventus,2026-02-14,A,Inter,2,3,L,0,25,1.4,2.2,1.4,0.8,0.8,0.2,0.6,0.8,0.2
I1,Juventus,2026-02-21,H,Como,0,2,L,0,26,1.4,2.2,1.6,0.6,0.8,0.2,0.6,0.8,0.2
I1,Juventus,2026-03-01,A,Roma,3,3,D,1,27,1.0,2.2,2.2,0.0,0.8,0.2,0.8,0.8,0.0
I1,Juventus,2026-03-07,H,Pisa,4,0,W,3,28,1.0,2.2,2.0,0.2,0.8,0.2,0.6,0.8,0.2
I1,Juventus,2026-03-14,A,Udinese,1,0,W,3,29,1.4,2.0,1.6,0.4,0.6,0.4,0.4,0.8,0.4
I1,Juventus,2026-03-21,H,Sassuolo,1,1,D,1,30,1.6,1.8,1.2,0.6,0.4,0.6,0.4,0.8,0.4
I1,Juventus,2026-04-06,H,Genoa,2,0,W,3,31,2.2,2.2,0.8,1.4,0.4,0.6,0.4,1.0,0.6
I1,Lazio,2025-08-24,A,Como,0,2,L,0,1,0.0,0.0,2.0,-2.0,0.0,1.0,0.0,0.0,0.0
I1,Lazio,2025-08-31,H,Verona,4,0,W,3,2,1.5,2.0,1.0,1.0,0.5,0.5,0.0,0.5,0.5
I1,Lazio,2025-09-14,A,Sassuolo,0,1,L,0,3,1.0,1.3333333333333333,1.0,0.3333333333333333,0.3333333333333333,0.6666666666666666,0.0,0.3333333333333333,0.3333333333333333
I1,Lazio,2025-09-21,H,Roma,0,1,L,0,4,0.75,1.0,1.0,0.0,0.25,0.75,0.0,0.25,0.25
I1,Lazio,2025-09-29,A,Genoa,3,0,W,3,5,1.2,1.4,0.8,0.6,0.4,0.6,0.0,0.4,0.4
I1,Lazio,2025-10-04,H,Torino,3,3,D,1,6,1.4,2.0,1.0,1.0,0.6,0.4,0.2,0.6,0.4
I1,Lazio,2025-10-19,A,Atalanta,0,0,D,1,7,1.0,1.2,1.0,0.2,0.4,0.6,0.2,0.4,0.4
I1,Lazio,2025-10-26,H,Juventus,1,0,W,3,8,1.6,1.4,0.8,0.6,0.4,0.6,0.2,0.6,0.6
I1,Lazio,2025-10-30,A,Pisa,0,0,D,1,9,1.8,1.4,0.6,0.8,0.4,0.6,0.2,0.6,0.8
I1,Lazio,2025-11-03,H,Cagliari,2,0,W,3,10,1.8,1.2,0.6,0.6,0.2,0.8,0.2,0.6,0.8
I1,Lazio,2025-11-09,A,Inter,0,2,L,0,11,1.6,0.6,0.4,0.2,0.0,1.0,0.0,0.4,0.8
I1,Lazio,2025-11-23,H,Lecce,2,0,W,3,12,2.0,1.0,0.4,0.6,0.0,1.0,0.0,0.6,0.8
I1,Lazio,2025-11-29,A,Milan,0,1,L,0,13,1.4,0.8,0.6,0.2,0.0,1.0,0.0,0.4,0.6
I1,Lazio,2025-12-07,H,Bologna,1,1,D,1,14,1.4,1.0,0.8,0.2,0.0,1.0,0.2,0.6,0.4
I1,Lazio,2025-12-13,A,Parma,1,0,W,3,15,1.4,0.8,0.8,0.0,0.0,1.0,0.2,0.6,0.4
I1,Lazio,2025-12-20,H,Cremonese,0,0,D,1,16,1.6,0.8,0.4,0.4,0.0,1.0,0.2,0.6,0.6
I1,Lazio,2025-12-27,A,Udinese,1,1,D,1,17,1.2,0.6,0.6,0.0,0.0,1.0,0.4,0.6,0.4
I1,Lazio,2026-01-04,H,Napoli,0,2,L,0,18,1.2,0.6,0.8,-0.2,0.0,1.0,0.4,0.6,0.4
I1,Lazio,2026-01-07,H,Fiorentina,2,2,D,1,19,1.2,0.8,1.0,-0.2,0.2,0.8,0.4,0.6,0.4
I1,Lazio,2026-01-11,A,Verona,1,0,W,3,20,1.2,0.8,1.0,-0.2,0.2,0.8,0.4,0.6,0.4
I1,Lazio,2026-01-19,H,Como,0,3,L,0,21,1.0,0.8,1.6,-0.8,0.4,0.6,0.4,0.6,0.2
I1,Lazio,2026-01-24,A,Lecce,0,0,D,1,22,1.0,0.6,1.4,-0.8,0.4,0.6,0.2,0.4,0.4
I1,Lazio,2026-01-30,H,Genoa,3,2,W,3,23,1.6,1.2,1.4,-0.2,0.6,0.4,0.4,0.6,0.4
I1,Lazio,2026-02-08,A,Juventus,2,2,D,1,24,1.6,1.2,1.4,-0.2,0.6,0.4,0.4,0.6,0.4
I1,Lazio,2026-02-14,H,Atalanta,0,2,L,0,25,1.0,1.0,1.8,-0.8,0.6,0.4,0.4,0.4,0.2
I1,Lazio,2026-02-21,A,Cagliari,0,0,D,1,26,1.2,1.0,1.2,-0.2,0.4,0.6,0.4,0.4,0.4
I1,Lazio,2026-03-01,A,Torino,0,2,L,0,27,1.0,1.0,1.6,-0.6,0.4,0.6,0.4,0.4,0.2
I1,Lazio,2026-03-09,H,Sassuolo,2,1,W,3,28,1.0,0.8,1.4,-0.6,0.4,0.6,0.4,0.4,0.2
I1,Lazio,2026-03-15,H,Milan,1,0,W,3,29,1.4,0.6,1.0,-0.4,0.2,0.8,0.2,0.4,0.4
I1,Lazio,2026-03-22,A,Bologna,2,0,W,3,30,2.0,1.0,0.6,0.4,0.2,0.8,0.2,0.6,0.6
I1,Lazio,2026-04-04,H,Parma,1,1,D,1,31,2.0,1.2,0.8,0.4,0.2,0.8,0.4,0.8,0.4
I1,Lecce,2025-08-23,A,Genoa,0,0,D,1,1,1.0,0.0,0.0,0.0,0.0,1.0,0.0,0.0,1.0
I1,Lecce,2025-08-29,H,Milan,0,2,L,0,2,0.5,0.0,1.0,-1.0,0.0,1.0,0.0,0.0,0.5
I1,Lecce,2025-09-14,A,Atalanta,1,4,L,0,3,0.3333333333333333,0.3333333333333333,2.0,-1.6666666666666667,0.3333333333333333,0.6666666666666666,0.3333333333333333,0.3333333333333333,0.3333333333333333
I1,Lecce,2025-09-19,H,Cagliari,1,2,L,0,4,0.25,0.5,2.0,-1.5,0.5,0.5,0.5,0.5,0.25
I1,Lecce,2025-09-28,H,Bologna,2,2,D,1,5,0.4,0.8,2.0,-1.2,0.6,0.4,0.6,0.6,0.2
I1,Lecce,2025-10-04,A,Parma,1,0,W,3,6,0.8,1.0,2.0,-1.0,0.6,0.4,0.6,0.8,0.2
I1,Lecce,2025-10-18,H,Sassuolo,0,0,D,1,7,1.0,1.0,1.6,-0.6,0.6,0.4,0.6,0.8,0.4
I1,Lecce,2025-10-25,A,Udinese,2,3,L,0,8,1.0,1.2,1.4,-0.2,0.6,0.4,0.6,0.8,0.4
I1,Lecce,2025-10-28,H,Napoli,0,1,L,0,9,1.0,1.0,1.2,-0.2,0.4,0.6,0.4,0.6,0.4
I1,Lecce,2025-11-02,A,Fiorentina,1,0,W,3,10,1.4,0.8,0.8,0.0,0.2,0.8,0.2,0.6,0.6
I1,Lecce,2025-11-08,H,Verona,0,0,D,1,11,1.0,0.6,0.8,-0.2,0.2,0.8,0.2,0.4,0.6
I1,Lecce,2025-11-23,A,Lazio,0,2,L,0,12,0.8,0.6,1.2,-0.6,0.2,0.8,0.2,0.4,0.4
I1,Lecce,2025-11-30,H,Torino,2,1,W,3,13,1.4,0.6,0.8,-0.2,0.2,0.8,0.2,0.4,0.4
I1,Lecce,2025-12-07,A,Cremonese,0,2,L,0,14,1.4,0.6,1.0,-0.4,0.2,0.8,0.2,0.4,0.4
I1,Lecce,2025-12-12,H,Pisa,1,0,W,3,15,1.4,0.6,1.0,-0.4,0.2,0.8,0.2,0.4,0.4
I1,Lecce,2025-12-27,H,Como,0,3,L,0,16,1.2,0.6,1.6,-1.0,0.4,0.6,0.2,0.4,0.2
I1,Lecce,2026-01-03,A,Juventus,1,1,D,1,17,1.4,0.8,1.4,-0.6,0.4,0.6,0.4,0.6,0.2
I1,Lecce,2026-01-06,H,Roma,0,2,L,0,18,0.8,0.4,1.6,-1.2,0.2,0.8,0.2,0.4,0.2
I1,Lecce,2026-01-11,H,Parma,1,2,L,0,19,0.8,0.6,1.6,-1.0,0.4,0.6,0.4,0.6,0.2
I1,Lecce,2026-01-14,A,Inter,0,1,L,0,20,0.2,0.4,1.8,-1.4,0.4,0.6,0.4,0.4,0.0
I1,Lecce,2026-01-18,A,Milan,0,1,L,0,21,0.2,0.4,1.4,-1.0,0.2,0.8,0.4,0.4,0.0
I1,Lecce,2026-01-24,H,Lazio,0,0,D,1,22,0.2,0.2,1.2,-1.0,0.2,0.8,0.2,0.2,0.2
I1,Lecce,2026-02-01,A,Torino,0,1,L,0,23,0.2,0.2,1.0,-0.8,0.2,0.8,0.2,0.2,0.2
I1,Lecce,2026-02-08,H,Udinese,2,1,W,3,24,0.8,0.4,0.8,-0.4,0.2,0.8,0.2,0.2,0.2
I1,Lecce,2026-02-16,A,Cagliari,2,0,W,3,25,1.4,0.8,0.6,0.2,0.2,0.8,0.2,0.4,0.4
I1,Lecce,2026-02-21,H,Inter,0,2,L,0,26,1.4,0.8,0.8,0.0,0.2,0.8,0.2,0.4,0.4
I1,Lecce,2026-02-28,A,Como,1,3,L,0,27,1.2,1.0,1.4,-0.4,0.4,0.6,0.4,0.6,0.2
I1,Lecce,2026-03-08,H,Cremonese,2,1,W,3,28,1.8,1.4,1.4,0.0,0.6,0.4,0.6,0.8,0.2
I1,Lecce,2026-03-14,A,Napoli,1,2,L,0,29,1.2,1.2,1.6,-0.4,0.6,0.4,0.6,0.8,0.2
I1,Lecce,2026-03-22,A,Roma,0,1,L,0,30,0.6,0.8,1.8,-1.0,0.6,0.4,0.6,0.6,0.0
I1,Lecce,2026-04-06,H,Atalanta,0,3,L,0,31,0.6,0.8,2.0,-1.2,0.8,0.2,0.6,0.6,0.0
I1,Milan,2025-08-23,H,Cremonese,1,2,L,0,1,0.0,1.0,2.0,-1.0,1.0,0.0,1.0,1.0,0.0
I1,Milan,2025-08-29,A,Lecce,2,0,W,3,2,1.5,1.5,1.0,0.5,0.5,0.5,0.5,1.0,0.5
I1,Milan,2025-09-14,H,Bologna,1,0,W,3,3,2.0,1.3333333333333333,0.6666666666666666,0.6666666666666666,0.3333333333333333,0.6666666666666666,0.3333333333333333,1.0,0.6666666666666666
I1,Milan,2025-09-20,A,Udinese,3,0,W,3,4,2.25,1.75,0.5,1.25,0.5,0.5,0.25,1.0,0.75
I1,Milan,2025-09-28,H,Napoli,2,1,W,3,5,2.4,1.8,0.6,1.2,0.6,0.4,0.4,1.0,0.6
I1,Milan,2025-10-05,A,Juventus,0,0,D,1,6,2.6,1.6,0.2,1.4,0.4,0.6,0.2,0.8,0.8
I1,Milan,2025-10-19,H,Fiorentina,2,1,W,3,7,2.6,1.6,0.4,1.2,0.6,0.4,0.4,0.8,0.6
I1,Milan,2025-10-24,H,Pisa,2,2,D,1,8,2.2,1.8,0.8,1.0,0.8,0.2,0.6,0.8,0.4
I1,Milan,2025-10-28,A,Atalanta,1,1,D,1,9,1.8,1.4,1.0,0.4,0.6,0.4,0.8,0.8,0.2
I1,Milan,2025-11-02,H,Roma,1,0,W,3,10,1.8,1.2,0.8,0.4,0.4,0.6,0.6,0.8,0.4
I1,Milan,2025-11-08,A,Parma,2,2,D,1,11,1.8,1.6,1.2,0.4,0.6,0.4,0.8,1.0,0.2
I1,Milan,2025-11-23,A,Inter,1,0,W,3,12,1.8,1.4,1.0,0.4,0.4,0.6,0.6,1.0,0.4
I1,Milan,2025-11-29,H,Lazio,1,0,W,3,13,2.2,1.2,0.6,0.6,0.2,0.8,0.4,1.0,0.6
I1,Milan,2025-12-08,A,Torino,3,2,W,3,14,2.6,1.6,0.8,0.8,0.4,0.6,0.4,1.0,0.6
I1,Milan,2025-12-14,H,Sassuolo,2,2,D,1,15,2.2,1.8,1.2,0.6,0.6,0.4,0.6,1.0,0.4
I1,Milan,2025-12-28,H,Verona,3,0,W,3,16,2.6,2.0,0.8,1.2,0.6,0.4,0.4,1.0,0.6
I1,Milan,2026-01-02,A,Cagliari,1,0,W,3,17,2.6,2.0,0.8,1.2,0.6,0.4,0.4,1.0,0.6
I1,Milan,2026-01-08,H,Genoa,1,1,D,1,18,2.2,2.0,1.0,1.0,0.6,0.4,0.6,1.0,0.4
I1,Milan,2026-01-11,A,Fiorentina,1,1,D,1,19,1.8,1.6,0.8,0.8,0.4,0.6,0.6,1.0,0.4
I1,Milan,2026-01-15,A,Como,3,1,W,3,20,2.2,1.8,0.6,1.2,0.4,0.6,0.6,1.0,0.4
I1,Milan,2026-01-18,H,Lecce,1,0,W,3,21,2.2,1.4,0.6,0.8,0.2,0.8,0.6,1.0,0.4
I1,Milan,2026-01-25,A,Roma,1,1,D,1,22,1.8,1.4,0.8,0.6,0.2,0.8,0.8,1.0,0.2
I1,Milan,2026-02-03,A,Bologna,3,0,W,3,23,2.2,1.8,0.6,1.2,0.4,0.6,0.6,1.0,0.4
I1,Milan,2026-02-13,A,Pisa,2,1,W,3,24,2.6,2.0,0.6,1.4,0.6,0.4,0.6,1.0,0.4
I1,Milan,2026-02-18,H,Como,1,1,D,1,25,2.2,1.6,0.6,1.0,0.4,0.6,0.6,1.0,0.4
I1,Milan,2026-02-22,H,Parma,0,1,L,0,26,1.6,1.4,0.8,0.6,0.4,0.6,0.6,0.8,0.2
I1,Milan,2026-03-01,A,Cremonese,2,0,W,3,27,2.0,1.6,0.6,1.0,0.4,0.6,0.4,0.8,0.4
I1,Milan,2026-03-08,H,Inter,1,0,W,3,28,2.0,1.2,0.6,0.6,0.2,0.8,0.4,0.8,0.4
I1,Milan,2026-03-15,A,Lazio,0,1,L,0,29,1.4,0.8,0.6,0.2,0.0,1.0,0.2,0.6,0.4
I1,Milan,2026-03-21,H,Torino,3,2,W,3,30,1.8,1.2,0.8,0.4,0.2,0.8,0.2,0.6,0.4
I1,Milan,2026-04-06,A,Napoli,0,1,L,0,31,1.8,1.2,0.8,0.4,0.2,0.8,0.2,0.6,0.4
I1,Napoli,2025-08-23,A,Sassuolo,2,0,W,3,1,3.0,2.0,0.0,2.0,0.0,1.0,0.0,1.0,1.0
I1,Napoli,2025-08-30,H,Cagliari,1,0,W,3,2,3.0,1.5,0.0,1.5,0.0,1.0,0.0,1.0,1.0
I1,Napoli,2025-09-13,A,Fiorentina,3,1,W,3,3,3.0,2.0,0.3333333333333333,1.6666666666666667,0.3333333333333333,0.6666666666666666,0.3333333333333333,1.0,0.6666666666666666
I1,Napoli,2025-09-22,H,Pisa,3,2,W,3,4,3.0,2.25,0.75,1.5,0.5,0.5,0.5,1.0,0.5
I1,Napoli,2025-09-28,A,Milan,1,2,L,0,5,2.4,2.0,1.0,1.0,0.6,0.4,0.6,1.0,0.4
I1,Napoli,2025-10-05,H,Genoa,2,1,W,3,6,2.4,2.0,1.2,0.8,0.8,0.2,0.8,1.0,0.2
I1,Napoli,2025-10-18,A,Torino,0,1,L,0,7,1.8,1.8,1.4,0.4,0.8,0.2,0.8,0.8,0.0
I1,Napoli,2025-10-25,H,Inter,3,1,W,3,8,1.8,1.8,1.4,0.4,0.8,0.2,0.8,0.8,0.0
I1,Napoli,2025-10-28,A,Lecce,1,0,W,3,9,1.8,1.4,1.0,0.4,0.6,0.4,0.6,0.8,0.2
I1,Napoli,2025-11-01,H,Como,0,0,D,1,10,2.0,1.2,0.6,0.6,0.4,0.6,0.4,0.6,0.4
I1,Napoli,2025-11-09,A,Bologna,0,2,L,0,11,1.4,0.8,0.8,0.0,0.2,0.8,0.2,0.4,0.4
I1,Napoli,2025-11-22,H,Atalanta,3,1,W,3,12,2.0,1.4,0.8,0.6,0.4,0.6,0.4,0.6,0.4
I1,Napoli,2025-11-30,A,Roma,1,0,W,3,13,2.0,1.0,0.6,0.4,0.2,0.8,0.2,0.6,0.6
I1,Napoli,2025-12-07,H,Juventus,2,1,W,3,14,2.0,1.2,0.8,0.4,0.4,0.6,0.4,0.6,0.4
I1,Napoli,2025-12-14,A,Udinese,0,1,L,0,15,1.8,1.2,1.0,0.2,0.4,0.6,0.4,0.6,0.2
I1,Napoli,2025-12-28,A,Cremonese,2,0,W,3,16,2.4,1.6,0.6,1.0,0.4,0.6,0.4,0.8,0.4
I1,Napoli,2026-01-04,A,Lazio,2,0,W,3,17,2.4,1.4,0.4,1.0,0.2,0.8,0.2,0.8,0.6
I1,Napoli,2026-01-07,H,Verona,2,2,D,1,18,2.0,1.6,0.8,0.8,0.4,0.6,0.4,0.8,0.4
I1,Napoli,2026-01-11,A,Inter,2,2,D,1,19,1.6,1.6,1.0,0.6,0.4,0.6,0.4,0.8,0.4
I1,Napoli,2026-01-14,H,Parma,0,0,D,1,20,1.8,1.6,0.8,0.8,0.4,0.6,0.4,0.8,0.6
I1,Napoli,2026-01-17,H,Sassuolo,1,0,W,3,21,1.8,1.4,0.8,0.6,0.4,0.6,0.4,0.8,0.6
I1,Napoli,2026-01-25,A,Juventus,0,3,L,0,22,1.2,1.0,1.4,-0.4,0.6,0.4,0.4,0.6,0.4
I1,Napoli,2026-01-31,H,Fiorentina,2,1,W,3,23,1.6,1.0,1.2,-0.2,0.6,0.4,0.4,0.6,0.4
I1,Napoli,2026-02-07,A,Genoa,3,2,W,3,24,2.0,1.2,1.2,0.0,0.6,0.4,0.4,0.6,0.4
I1,Napoli,2026-02-15,H,Roma,2,2,D,1,25,2.0,1.6,1.6,0.0,0.8,0.2,0.6,0.8,0.2
I1,Napoli,2026-02-22,A,Atalanta,1,2,L,0,26,1.4,1.6,2.0,-0.4,1.0,0.0,0.8,0.8,0.0
I1,Napoli,2026-02-28,A,Verona,2,1,W,3,27,2.0,2.0,1.6,0.4,1.0,0.0,1.0,1.0,0.0
I1,Napoli,2026-03-06,H,Torino,2,1,W,3,28,2.0,2.0,1.6,0.4,1.0,0.0,1.0,1.0,0.0
I1,Napoli,2026-03-14,H,Lecce,2,1,W,3,29,2.0,1.8,1.4,0.4,1.0,0.0,1.0,1.0,0.0
I1,Napoli,2026-03-20,A,Cagliari,1,0,W,3,30,2.4,1.6,1.0,0.6,0.8,0.2,0.8,1.0,0.2
I1,Napoli,2026-04-06,H,Milan,1,0,W,3,31,3.0,1.6,0.6,1.0,0.6,0.4,0.6,1.0,0.4
I1,Parma,2025-08-24,A,Juventus,0,2,L,0,1,0.0,0.0,2.0,-2.0,0.0,1.0,0.0,0.0,0.0
I1,Parma,2025-08-30,H,Atalanta,1,1,D,1,2,0.5,0.5,1.5,-1.0,0.0,1.0,0.5,0.5,0.0
I1,Parma,2025-09-13,A,Cagliari,0,2,L,0,3,0.3333333333333333,0.3333333333333333,1.6666666666666667,-1.3333333333333333,0.0,1.0,0.3333333333333333,0.3333333333333333,0.0
I1,Parma,2025-09-21,A,Cremonese,0,0,D,1,4,0.5,0.25,1.25,-1.0,0.0,1.0,0.25,0.25,0.25
I1,Parma,2025-09-29,H,Torino,2,1,W,3,5,1.0,0.6,1.2,-0.6,0.2,0.8,0.4,0.4,0.2
I1,Parma,2025-10-04,H,Lecce,0,1,L,0,6,1.0,0.6,1.0,-0.4,0.2,0.8,0.4,0.4,0.2
I1,Parma,2025-10-19,A,Genoa,0,0,D,1,7,1.0,0.4,0.8,-0.4,0.2,0.8,0.2,0.2,0.4
I1,Parma,2025-10-25,H,Como,0,0,D,1,8,1.2,0.4,0.4,0.0,0.2,0.8,0.2,0.2,0.6
I1,Parma,2025-10-29,A,Roma,1,2,L,0,9,1.0,0.6,0.8,-0.2,0.4,0.6,0.4,0.4,0.4
I1,Parma,2025-11-02,H,Bologna,1,3,L,0,10,0.4,0.4,1.2,-0.8,0.4,0.6,0.4,0.4,0.4
I1,Parma,2025-11-08,H,Milan,2,2,D,1,11,0.6,0.8,1.4,-0.6,0.6,0.4,0.6,0.6,0.4
I1,Parma,2025-11-23,A,Verona,2,1,W,3,12,1.0,1.2,1.6,-0.4,0.8,0.2,0.8,0.8,0.2
I1,Parma,2025-11-29,H,Udinese,0,2,L,0,13,0.8,1.2,2.0,-0.8,0.8,0.2,0.8,0.8,0.0
I1,Parma,2025-12-08,A,Pisa,1,0,W,3,14,1.4,1.2,1.6,-0.4,0.6,0.4,0.6,0.8,0.2
I1,Parma,2025-12-13,H,Lazio,0,1,L,0,15,1.4,1.0,1.2,-0.2,0.4,0.6,0.4,0.6,0.2
I1,Parma,2025-12-27,H,Fiorentina,1,0,W,3,16,1.8,0.8,0.8,0.0,0.2,0.8,0.2,0.6,0.4
I1,Parma,2026-01-03,A,Sassuolo,1,1,D,1,17,1.4,0.6,0.8,-0.2,0.0,1.0,0.2,0.6,0.4
I1,Parma,2026-01-07,H,Inter,0,2,L,0,18,1.4,0.6,0.8,-0.2,0.0,1.0,0.2,0.6,0.4
I1,Parma,2026-01-11,A,Lecce,2,1,W,3,19,1.4,0.8,1.0,-0.2,0.2,0.8,0.4,0.6,0.2
I1,Parma,2026-01-14,A,Napoli,0,0,D,1,20,1.6,0.8,0.8,0.0,0.2,0.8,0.4,0.6,0.4
I1,Parma,2026-01-18,H,Genoa,0,0,D,1,21,1.2,0.6,0.8,-0.2,0.2,0.8,0.4,0.4,0.4
I1,Parma,2026-01-25,A,Atalanta,0,4,L,0,22,1.0,0.4,1.4,-1.0,0.4,0.6,0.2,0.2,0.4
I1,Parma,2026-02-01,H,Juventus,1,4,L,0,23,1.0,0.6,1.8,-1.2,0.6,0.4,0.4,0.4,0.4
I1,Parma,2026-02-08,A,Bologna,1,0,W,3,24,1.0,0.4,1.6,-1.2,0.4,0.6,0.2,0.4,0.6
I1,Parma,2026-02-15,H,Verona,2,1,W,3,25,1.4,0.8,1.8,-1.0,0.6,0.4,0.4,0.6,0.4
I1,Parma,2026-02-22,A,Milan,1,0,W,3,26,1.8,1.0,1.8,-0.8,0.6,0.4,0.4,0.8,0.4
I1,Parma,2026-02-27,H,Cagliari,1,1,D,1,27,2.0,1.2,1.2,0.0,0.4,0.6,0.6,1.0,0.4
I1,Parma,2026-03-08,A,Fiorentina,0,0,D,1,28,2.2,1.0,0.4,0.6,0.2,0.8,0.4,0.8,0.6
I1,Parma,2026-03-13,A,Torino,1,4,L,0,29,1.6,1.0,1.2,-0.2,0.4,0.6,0.6,0.8,0.4
I1,Parma,2026-03-21,H,Cremonese,0,2,L,0,30,1.0,0.6,1.4,-0.8,0.2,0.8,0.4,0.6,0.4
I1,Parma,2026-04-04,A,Lazio,1,1,D,1,31,0.6,0.6,1.6,-1.0,0.2,0.8,0.6,0.6,0.2
I1,Pisa,2025-08-24,A,Atalanta,1,1,D,1,1,1.0,1.0,1.0,0.0,0.0,1.0,1.0,1.0,0.0
I1,Pisa,2025-08-30,H,Roma,0,1,L,0,2,0.5,0.5,1.0,-0.5,0.0,1.0,0.5,0.5,0.0
I1,Pisa,2025-09-14,H,Udinese,0,1,L,0,3,0.3333333333333333,0.3333333333333333,1.0,-0.6666666666666666,0.0,1.0,0.3333333333333333,0.3333333333333333,0.0
I1,Pisa,2025-09-22,A,Napoli,2,3,L,0,4,0.25,0.75,1.5,-0.75,0.25,0.75,0.5,0.5,0.0
I1,Pisa,2025-09-28,H,Fiorentina,0,0,D,1,5,0.4,0.6,1.2,-0.6,0.2,0.8,0.4,0.4,0.2
I1,Pisa,2025-10-05,A,Bologna,0,4,L,0,6,0.2,0.4,1.8,-1.4,0.4,0.6,0.2,0.2,0.2
I1,Pisa,2025-10-18,H,Verona,0,0,D,1,7,0.4,0.4,1.6,-1.2,0.4,0.6,0.2,0.2,0.4
I1,Pisa,2025-10-24,A,Milan,2,2,D,1,8,0.6,0.8,1.8,-1.0,0.6,0.4,0.4,0.4,0.4
I1,Pisa,2025-10-30,H,Lazio,0,0,D,1,9,0.8,0.4,1.2,-0.8,0.4,0.6,0.2,0.2,0.6
I1,Pisa,2025-11-02,A,Torino,2,2,D,1,10,0.8,0.8,1.6,-0.8,0.6,0.4,0.4,0.4,0.4
I1,Pisa,2025-11-07,H,Cremonese,1,0,W,3,11,1.4,1.0,0.8,0.2,0.4,0.6,0.4,0.6,0.6
I1,Pisa,2025-11-24,A,Sassuolo,2,2,D,1,12,1.4,1.4,1.2,0.2,0.6,0.4,0.6,0.8,0.4
I1,Pisa,2025-11-30,H,Inter,0,2,L,0,13,1.2,1.0,1.2,-0.2,0.4,0.6,0.4,0.6,0.4
I1,Pisa,2025-12-08,H,Parma,0,1,L,0,14,1.0,1.0,1.4,-0.4,0.4,0.6,0.4,0.6,0.2
I1,Pisa,2025-12-12,A,Lecce,0,1,L,0,15,0.8,0.6,1.2,-0.6,0.2,0.8,0.2,0.4,0.2
I1,Pisa,2025-12-21,A,Cagliari,2,2,D,1,16,0.4,0.8,1.6,-0.8,0.4,0.6,0.4,0.4,0.0
I1,Pisa,2025-12-27,H,Juventus,0,2,L,0,17,0.2,0.4,1.6,-1.2,0.2,0.8,0.2,0.2,0.0
I1,Pisa,2026-01-03,A,Genoa,1,1,D,1,18,0.4,0.6,1.4,-0.8,0.2,0.8,0.4,0.4,0.0
I1,Pisa,2026-01-06,H,Como,0,3,L,0,19,0.4,0.6,1.8,-1.2,0.4,0.6,0.4,0.4,0.0
I1,Pisa,2026-01-10,A,Udinese,2,2,D,1,20,0.6,1.0,2.0,-1.0,0.6,0.4,0.6,0.6,0.0
I1,Pisa,2026-01-16,H,Atalanta,1,1,D,1,21,0.6,0.8,1.8,-1.0,0.4,0.6,0.6,0.6,0.0
I1,Pisa,2026-01-23,A,Inter,2,6,L,0,22,0.6,1.2,2.6,-1.4,0.6,0.4,0.8,0.8,0.0
I1,Pisa,2026-01-31,H,Sassuolo,1,3,L,0,23,0.4,1.2,3.0,-1.8,0.8,0.2,0.8,0.8,0.0
I1,Pisa,2026-02-06,A,Verona,0,0,D,1,24,0.6,1.2,2.4,-1.2,0.6,0.4,0.8,0.8,0.2
I1,Pisa,2026-02-13,H,Milan,1,2,L,0,25,0.4,1.0,2.4,-1.4,0.6,0.4,0.8,0.8,0.2
I1,Pisa,2026-02-23,A,Fiorentina,0,1,L,0,26,0.2,0.8,2.4,-1.6,0.6,0.4,0.6,0.6,0.2
I1,Pisa,2026-03-02,H,Bologna,0,1,L,0,27,0.2,0.4,1.4,-1.0,0.4,0.6,0.4,0.4,0.2
I1,Pisa,2026-03-07,A,Juventus,0,4,L,0,28,0.2,0.2,1.6,-1.4,0.4,0.6,0.2,0.2,0.2
I1,Pisa,2026-03-15,H,Cagliari,3,1,W,3,29,0.6,0.8,1.8,-1.0,0.6,0.4,0.4,0.4,0.0
I1,Pisa,2026-03-22,A,Como,0,5,L,0,30,0.6,0.6,2.4,-1.8,0.6,0.4,0.2,0.2,0.0
I1,Pisa,2026-04-05,H,Torino,0,1,L,0,31,0.6,0.6,2.4,-1.8,0.6,0.4,0.2,0.2,0.0
I1,Roma,2025-08-23,H,Bologna,1,0,W,3,1,3.0,1.0,0.0,1.0,0.0,1.0,0.0,1.0,1.0
I1,Roma,2025-08-30,A,Pisa,1,0,W,3,2,3.0,1.0,0.0,1.0,0.0,1.0,0.0,1.0,1.0
I1,Roma,2025-09-14,H,Torino,0,1,L,0,3,2.0,0.6666666666666666,0.3333333333333333,0.3333333333333333,0.0,1.0,0.0,0.6666666666666666,0.6666666666666666
I1,Roma,2025-09-21,A,Lazio,1,0,W,3,4,2.25,0.75,0.25,0.5,0.0,1.0,0.0,0.75,0.75
I1,Roma,2025-09-28,H,Verona,2,0,W,3,5,2.4,1.0,0.2,0.8,0.0,1.0,0.0,0.8,0.8
I1,Roma,2025-10-05,A,Fiorentina,2,1,W,3,6,2.4,1.2,0.4,0.8,0.2,0.8,0.2,0.8,0.6
I1,Roma,2025-10-18,H,Inter,0,1,L,0,7,1.8,1.0,0.6,0.4,0.2,0.8,0.2,0.6,0.4
I1,Roma,2025-10-26,A,Sassuolo,1,0,W,3,8,2.4,1.2,0.4,0.8,0.2,0.8,0.2,0.8,0.6
I1,Roma,2025-10-29,H,Parma,2,1,W,3,9,2.4,1.4,0.6,0.8,0.4,0.6,0.4,0.8,0.4
I1,Roma,2025-11-02,A,Milan,0,1,L,0,10,1.8,1.0,0.8,0.2,0.4,0.6,0.4,0.6,0.2
I1,Roma,2025-11-09,H,Udinese,2,0,W,3,11,1.8,1.0,0.6,0.4,0.2,0.8,0.2,0.6,0.4
I1,Roma,2025-11-23,A,Cremonese,3,1,W,3,12,2.4,1.6,0.6,1.0,0.4,0.6,0.4,0.8,0.4
I1,Roma,2025-11-30,H,Napoli,0,1,L,0,13,1.8,1.4,0.8,0.6,0.4,0.6,0.4,0.6,0.2
I1,Roma,2025-12-07,A,Cagliari,0,1,L,0,14,1.2,1.0,0.8,0.2,0.2,0.8,0.2,0.4,0.2
I1,Roma,2025-12-15,H,Como,1,0,W,3,15,1.8,1.2,0.6,0.6,0.2,0.8,0.2,0.6,0.4
I1,Roma,2025-12-20,A,Juventus,1,2,L,0,16,1.2,1.0,1.0,0.0,0.4,0.6,0.4,0.6,0.2
I1,Roma,2025-12-29,H,Genoa,3,1,W,3,17,1.2,1.0,1.0,0.0,0.4,0.6,0.4,0.6,0.2
I1,Roma,2026-01-03,A,Atalanta,0,1,L,0,18,1.2,1.0,1.0,0.0,0.4,0.6,0.4,0.6,0.2
I1,Roma,2026-01-06,A,Lecce,2,0,W,3,19,1.8,1.4,0.8,0.6,0.4,0.6,0.4,0.8,0.4
I1,Roma,2026-01-10,H,Sassuolo,2,0,W,3,20,1.8,1.6,0.8,0.8,0.4,0.6,0.4,0.8,0.4
I1,Roma,2026-01-18,A,Torino,2,0,W,3,21,2.4,1.8,0.4,1.4,0.2,0.8,0.2,0.8,0.6
I1,Roma,2026-01-25,H,Milan,1,1,D,1,22,2.0,1.4,0.4,1.0,0.0,1.0,0.2,0.8,0.6
I1,Roma,2026-02-02,A,Udinese,0,1,L,0,23,2.0,1.4,0.4,1.0,0.0,1.0,0.2,0.8,0.6
I1,Roma,2026-02-09,H,Cagliari,2,0,W,3,24,2.0,1.4,0.4,1.0,0.0,1.0,0.2,0.8,0.6
I1,Roma,2026-02-15,A,Napoli,2,2,D,1,25,1.6,1.4,0.8,0.6,0.2,0.8,0.4,0.8,0.4
I1,Roma,2026-02-22,H,Cremonese,3,0,W,3,26,1.6,1.6,0.8,0.8,0.4,0.6,0.4,0.8,0.4
I1,Roma,2026-03-01,H,Juventus,3,3,D,1,27,1.6,2.0,1.2,0.8,0.6,0.4,0.4,0.8,0.4
I1,Roma,2026-03-08,A,Genoa,1,2,L,0,28,1.6,2.2,1.4,0.8,0.8,0.2,0.6,1.0,0.4
I1,Roma,2026-03-15,A,Como,1,2,L,0,29,1.0,2.0,1.8,0.2,1.0,0.0,0.8,1.0,0.2
I1,Roma,2026-03-22,H,Lecce,1,0,W,3,30,1.4,1.8,1.4,0.4,0.8,0.2,0.6,1.0,0.4
I1,Roma,2026-04-05,A,Inter,2,5,L,0,31,0.8,1.6,2.4,-0.8,0.8,0.2,0.8,1.0,0.2
I1,Sassuolo,2025-08-23,H,Napoli,0,2,L,0,1,0.0,0.0,2.0,-2.0,0.0,1.0,0.0,0.0,0.0
I1,Sassuolo,2025-08-29,A,Cremonese,2,3,L,0,2,0.0,1.0,2.5,-1.5,0.5,0.5,0.5,0.5,0.0
I1,Sassuolo,2025-09-14,H,Lazio,1,0,W,3,3,1.0,1.0,1.6666666666666667,-0.6666666666666666,0.3333333333333333,0.6666666666666666,0.3333333333333333,0.6666666666666666,0.3333333333333333
I1,Sassuolo,2025-09-21,A,Inter,1,2,L,0,4,0.75,1.0,1.75,-0.75,0.5,0.5,0.5,0.75,0.25
I1,Sassuolo,2025-09-28,H,Udinese,3,1,W,3,5,1.2,1.4,1.6,-0.2,0.6,0.4,0.6,0.8,0.2
I1,Sassuolo,2025-10-03,A,Verona,1,0,W,3,6,1.8,1.6,1.2,0.4,0.6,0.4,0.6,1.0,0.4
I1,Sassuolo,2025-10-18,A,Lecce,0,0,D,1,7,2.0,1.2,0.6,0.6,0.4,0.6,0.4,0.8,0.6
I1,Sassuolo,2025-10-26,H,Roma,0,1,L,0,8,1.4,1.0,0.8,0.2,0.4,0.6,0.4,0.6,0.4
I1,Sassuolo,2025-10-30,A,Cagliari,2,1,W,3,9,2.0,1.2,0.6,0.6,0.4,0.6,0.4,0.6,0.4
I1,Sassuolo,2025-11-03,H,Genoa,1,2,L,0,10,1.4,0.8,0.8,0.0,0.4,0.6,0.4,0.6,0.4
I1,Sassuolo,2025-11-09,A,Atalanta,3,0,W,3,11,1.4,1.2,0.8,0.4,0.6,0.4,0.4,0.6,0.4
I1,Sassuolo,2025-11-24,H,Pisa,2,2,D,1,12,1.4,1.6,1.2,0.4,0.8,0.2,0.6,0.8,0.2
I1,Sassuolo,2025-11-28,A,Como,0,2,L,0,13,1.4,1.6,1.4,0.2,0.8,0.2,0.6,0.8,0.2
I1,Sassuolo,2025-12-06,H,Fiorentina,3,1,W,3,14,1.4,1.8,1.4,0.4,0.8,0.2,0.6,0.8,0.2
I1,Sassuolo,2025-12-14,A,Milan,2,2,D,1,15,1.6,2.0,1.4,0.6,0.8,0.2,0.6,0.8,0.2
I1,Sassuolo,2025-12-21,H,Torino,0,1,L,0,16,1.0,1.4,1.6,-0.2,0.6,0.4,0.6,0.6,0.0
I1,Sassuolo,2025-12-28,A,Bologna,1,1,D,1,17,1.0,1.2,1.4,-0.2,0.4,0.6,0.6,0.6,0.0
I1,Sassuolo,2026-01-03,H,Parma,1,1,D,1,18,1.2,1.4,1.2,0.2,0.4,0.6,0.8,0.8,0.0
I1,Sassuolo,2026-01-06,H,Juventus,0,3,L,0,19,0.6,0.8,1.6,-0.8,0.4,0.6,0.6,0.6,0.0
I1,Sassuolo,2026-01-10,A,Roma,0,2,L,0,20,0.4,0.4,1.6,-1.2,0.2,0.8,0.4,0.4,0.0
I1,Sassuolo,2026-01-17,A,Napoli,0,1,L,0,21,0.4,0.4,1.6,-1.2,0.2,0.8,0.4,0.4,0.0
I1,Sassuolo,2026-01-25,H,Cremonese,1,0,W,3,22,0.8,0.4,1.4,-1.0,0.2,0.8,0.2,0.4,0.2
I1,Sassuolo,2026-01-31,A,Pisa,3,1,W,3,23,1.2,0.8,1.4,-0.6,0.4,0.6,0.2,0.4,0.2
I1,Sassuolo,2026-02-08,H,Inter,0,5,L,0,24,1.2,0.8,1.8,-1.0,0.4,0.6,0.2,0.4,0.2
I1,Sassuolo,2026-02-15,A,Udinese,2,1,W,3,25,1.8,1.2,1.6,-0.4,0.6,0.4,0.4,0.6,0.2
I1,Sassuolo,2026-02-20,H,Verona,3,0,W,3,26,2.4,1.8,1.4,0.4,0.8,0.2,0.4,0.8,0.4
I1,Sassuolo,2026-03-01,H,Atalanta,2,1,W,3,27,2.4,2.0,1.6,0.4,1.0,0.0,0.6,0.8,0.2
I1,Sassuolo,2026-03-09,A,Lazio,1,2,L,0,28,1.8,1.6,1.8,-0.2,1.0,0.0,0.6,0.8,0.2
I1,Sassuolo,2026-03-15,H,Bologna,0,1,L,0,29,1.8,1.6,1.0,0.6,0.8,0.2,0.6,0.8,0.2
I1,Sassuolo,2026-03-21,A,Juventus,1,1,D,1,30,1.4,1.4,1.0,0.4,0.6,0.4,0.6,0.8,0.2
I1,Sassuolo,2026-04-04,H,Cagliari,2,1,W,3,31,1.4,1.2,1.2,0.0,0.6,0.4,0.8,0.8,0.0
I1,Torino,2025-08-25,A,Inter,0,5,L,0,1,0.0,0.0,5.0,-5.0,1.0,0.0,0.0,0.0,0.0
I1,Torino,2025-08-31,H,Fiorentina,0,0,D,1,2,0.5,0.0,2.5,-2.5,0.5,0.5,0.0,0.0,0.5
I1,Torino,2025-09-14,A,Roma,1,0,W,3,3,1.3333333333333333,0.3333333333333333,1.6666666666666667,-1.3333333333333333,0.3333333333333333,0.6666666666666666,0.0,0.3333333333333333,0.6666666666666666
I1,Torino,2025-09-21,H,Atalanta,0,3,L,0,4,1.0,0.25,2.0,-1.75,0.5,0.5,0.0,0.25,0.5
I1,Torino,2025-09-29,A,Parma,1,2,L,0,5,0.8,0.4,2.0,-1.6,0.6,0.4,0.2,0.4,0.4
I1,Torino,2025-10-04,A,Lazio,3,3,D,1,6,1.0,1.0,1.6,-0.6,0.6,0.4,0.4,0.6,0.4
I1,Torino,2025-10-18,H,Napoli,1,0,W,3,7,1.4,1.2,1.6,-0.4,0.6,0.4,0.4,0.8,0.4
I1,Torino,2025-10-26,H,Genoa,2,1,W,3,8,1.4,1.4,1.8,-0.4,0.8,0.2,0.6,0.8,0.2
I1,Torino,2025-10-29,A,Bologna,0,0,D,1,9,1.6,1.4,1.2,0.2,0.6,0.4,0.6,0.8,0.4
I1,Torino,2025-11-02,H,Pisa,2,2,D,1,10,1.8,1.6,1.2,0.4,0.6,0.4,0.6,0.8,0.4
I1,Torino,2025-11-08,A,Juventus,0,0,D,1,11,1.8,1.0,0.6,0.4,0.4,0.6,0.4,0.6,0.6
I1,Torino,2025-11-24,H,Como,1,5,L,0,12,1.2,1.0,1.6,-0.6,0.6,0.4,0.6,0.6,0.4
I1,Torino,2025-11-30,A,Lecce,1,2,L,0,13,0.6,0.8,1.8,-1.0,0.6,0.4,0.6,0.6,0.4
I1,Torino,2025-12-08,H,Milan,2,3,L,0,14,0.4,1.2,2.4,-1.2,0.8,0.2,0.8,0.8,0.2
I1,Torino,2025-12-13,H,Cremonese,1,0,W,3,15,0.8,1.0,2.0,-1.0,0.6,0.4,0.6,0.8,0.4
I1,Torino,2025-12-21,A,Sassuolo,1,0,W,3,16,1.2,1.2,2.0,-0.8,0.6,0.4,0.6,1.0,0.4
I1,Torino,2025-12-27,H,Cagliari,1,2,L,0,17,1.2,1.2,1.4,-0.2,0.6,0.4,0.6,1.0,0.4
I1,Torino,2026-01-04,A,Verona,3,0,W,3,18,1.8,1.6,1.0,0.6,0.6,0.4,0.4,1.0,0.6
I1,Torino,2026-01-07,H,Udinese,1,2,L,0,19,1.8,1.4,0.8,0.6,0.6,0.4,0.4,1.0,0.6
I1,Torino,2026-01-10,A,Atalanta,0,2,L,0,20,1.2,1.2,1.2,0.0,0.6,0.4,0.4,0.8,0.4
I1,Torino,2026-01-18,H,Roma,0,2,L,0,21,0.6,1.0,1.6,-0.6,0.6,0.4,0.4,0.6,0.2
I1,Torino,2026-01-24,A,Como,0,6,L,0,22,0.6,0.8,2.4,-1.6,0.6,0.4,0.2,0.4,0.2
I1,Torino,2026-02-01,H,Lecce,1,0,W,3,23,0.6,0.4,2.4,-2.0,0.4,0.6,0.2,0.4,0.2
I1,Torino,2026-02-07,A,Fiorentina,2,2,D,1,24,0.8,0.6,2.4,-1.8,0.4,0.6,0.2,0.4,0.2
I1,Torino,2026-02-15,H,Bologna,1,2,L,0,25,0.8,0.8,2.4,-1.6,0.6,0.4,0.4,0.6,0.2
I1,Torino,2026-02-22,A,Genoa,0,3,L,0,26,0.8,0.8,2.6,-1.8,0.8,0.2,0.4,0.6,0.2
I1,Torino,2026-03-01,H,Lazio,2,0,W,3,27,1.4,1.2,1.4,-0.2,0.6,0.4,0.4,0.8,0.4
I1,Torino,2026-03-06,A,Napoli,1,2,L,0,28,0.8,1.2,1.8,-0.6,0.8,0.2,0.6,0.8,0.2
I1,Torino,2026-03-13,H,Parma,4,1,W,3,29,1.2,1.6,1.6,0.0,0.8,0.2,0.6,0.8,0.2
I1,Torino,2026-03-21,A,Milan,2,3,L,0,30,1.2,1.8,1.8,0.0,0.8,0.2,0.6,0.8,0.2
I1,Torino,2026-04-05,A,Pisa,1,0,W,3,31,1.8,2.0,1.2,0.8,0.6,0.4,0.6,1.0,0.4
I1,Udinese,2025-08-25,H,Verona,1,1,D,1,1,1.0,1.0,1.0,0.0,0.0,1.0,1.0,1.0,0.0
I1,Udinese,2025-08-31,A,Inter,2,1,W,3,2,2.0,1.5,1.0,0.5,0.5,0.5,1.0,1.0,0.0
I1,Udinese,2025-09-14,A,Pisa,1,0,W,3,3,2.3333333333333335,1.3333333333333333,0.6666666666666666,0.6666666666666666,0.3333333333333333,0.6666666666666666,0.6666666666666666,1.0,0.3333333333333333
I1,Udinese,2025-09-20,H,Milan,0,3,L,0,4,1.75,1.0,1.25,-0.25,0.5,0.5,0.5,0.75,0.25
I1,Udinese,2025-09-28,A,Sassuolo,1,3,L,0,5,1.4,1.0,1.6,-0.6,0.6,0.4,0.6,0.8,0.2
I1,Udinese,2025-10-05,H,Cagliari,1,1,D,1,6,1.4,1.0,1.6,-0.6,0.6,0.4,0.6,0.8,0.2
I1,Udinese,2025-10-20,A,Cremonese,1,1,D,1,7,1.0,0.8,1.6,-0.8,0.4,0.6,0.6,0.8,0.2
I1,Udinese,2025-10-25,H,Lecce,3,2,W,3,8,1.0,1.2,2.0,-0.8,0.6,0.4,0.8,0.8,0.0
I1,Udinese,2025-10-29,A,Juventus,1,3,L,0,9,1.0,1.4,2.0,-0.6,0.6,0.4,1.0,1.0,0.0
I1,Udinese,2025-11-01,H,Atalanta,1,0,W,3,10,1.6,1.4,1.4,0.0,0.4,0.6,0.8,1.0,0.2
I1,Udinese,2025-11-09,A,Roma,0,2,L,0,11,1.4,1.2,1.6,-0.4,0.4,0.6,0.6,0.8,0.2
I1,Udinese,2025-11-22,H,Bologna,0,3,L,0,12,1.2,1.0,2.0,-1.0,0.6,0.4,0.4,0.6,0.2
I1,Udinese,2025-11-29,A,Parma,2,0,W,3,13,1.2,0.8,1.6,-0.8,0.4,0.6,0.2,0.6,0.4
I1,Udinese,2025-12-08,H,Genoa,1,2,L,0,14,1.2,0.8,1.4,-0.6,0.4,0.6,0.2,0.6,0.4
I1,Udinese,2025-12-14,H,Napoli,1,0,W,3,15,1.2,0.8,1.4,-0.6,0.4,0.6,0.2,0.6,0.4
I1,Udinese,2025-12-21,A,Fiorentina,1,5,L,0,16,1.2,1.0,2.0,-1.0,0.6,0.4,0.4,0.8,0.4
I1,Udinese,2025-12-27,H,Lazio,1,1,D,1,17,1.4,1.2,1.6,-0.4,0.4,0.6,0.6,1.0,0.4
I1,Udinese,2026-01-03,A,Como,0,1,L,0,18,0.8,0.8,1.8,-1.0,0.4,0.6,0.6,0.8,0.2
I1,Udinese,2026-01-07,A,Torino,2,1,W,3,19,1.4,1.0,1.6,-0.6,0.4,0.6,0.6,0.8,0.2
I1,Udinese,2026-01-10,H,Pisa,2,2,D,1,20,1.0,1.2,2.0,-0.8,0.6,0.4,0.8,0.8,0.0
I1,Udinese,2026-01-17,H,Inter,0,1,L,0,21,1.0,1.0,1.2,-0.2,0.4,0.6,0.6,0.6,0.0
I1,Udinese,2026-01-26,A,Verona,3,1,W,3,22,1.4,1.4,1.2,0.2,0.6,0.4,0.6,0.6,0.0
I1,Udinese,2026-02-02,H,Roma,1,0,W,3,23,2.0,1.6,1.0,0.6,0.6,0.4,0.6,0.8,0.2
I1,Udinese,2026-02-08,A,Lecce,1,2,L,0,24,1.4,1.4,1.2,0.2,0.6,0.4,0.6,0.8,0.2
I1,Udinese,2026-02-15,H,Sassuolo,1,2,L,0,25,1.2,1.2,1.2,0.0,0.6,0.4,0.6,0.8,0.2
I1,Udinese,2026-02-23,A,Bologna,0,1,L,0,26,1.2,1.2,1.2,0.0,0.6,0.4,0.6,0.8,0.2
I1,Udinese,2026-03-02,H,Fiorentina,3,0,W,3,27,1.2,1.2,1.0,0.2,0.6,0.4,0.4,0.8,0.4
I1,Udinese,2026-03-07,A,Atalanta,2,2,D,1,28,0.8,1.4,1.4,0.0,0.8,0.2,0.6,0.8,0.2
I1,Udinese,2026-03-14,H,Juventus,0,1,L,0,29,0.8,1.2,1.2,0.0,0.6,0.4,0.4,0.6,0.2
I1,Udinese,2026-03-20,A,Genoa,2,0,W,3,30,1.4,1.4,0.8,0.6,0.4,0.6,0.2,0.6,0.4
I1,Udinese,2026-04-06,H,Como,0,0,D,1,31,1.6,1.4,0.6,0.8,0.4,0.6,0.2,0.6,0.6
I1,Verona,2025-08-25,A,Udinese,1,1,D,1,1,1.0,1.0,1.0,0.0,0.0,1.0,1.0,1.0,0.0
I1,Verona,2025-08-31,A,Lazio,0,4,L,0,2,0.5,0.5,2.5,-2.0,0.5,0.5,0.5,0.5,0.0
I1,Verona,2025-09-15,H,Cremonese,0,0,D,1,3,0.6666666666666666,0.3333333333333333,1.6666666666666667,-1.3333333333333333,0.3333333333333333,0.6666666666666666,0.3333333333333333,0.3333333333333333,0.3333333333333333
I1,Verona,2025-09-20,H,Juventus,1,1,D,1,4,0.75,0.5,1.5,-1.0,0.25,0.75,0.5,0.5,0.25
I1,Verona,2025-09-28,A,Roma,0,2,L,0,5,0.6,0.4,1.6,-1.2,0.2,0.8,0.4,0.4,0.2
I1,Verona,2025-10-03,H,Sassuolo,0,1,L,0,6,0.4,0.2,1.6,-1.4,0.2,0.8,0.2,0.2,0.2
I1,Verona,2025-10-18,A,Pisa,0,0,D,1,7,0.6,0.2,0.8,-0.6,0.0,1.0,0.2,0.2,0.4
I1,Verona,2025-10-26,H,Cagliari,2,2,D,1,8,0.6,0.6,1.2,-0.6,0.2,0.8,0.4,0.4,0.2
I1,Verona,2025-10-29,A,Como,1,3,L,0,9,0.4,0.6,1.6,-1.0,0.4,0.6,0.4,0.4,0.2
I1,Verona,2025-11-02,H,Inter,1,2,L,0,10,0.4,0.8,1.6,-0.8,0.6,0.4,0.6,0.6,0.2
I1,Verona,2025-11-08,A,Lecce,0,0,D,1,11,0.6,0.8,1.4,-0.6,0.6,0.4,0.6,0.6,0.4
I1,Verona,2025-11-23,H,Parma,1,2,L,0,12,0.4,1.0,1.8,-0.8,0.8,0.2,0.8,0.8,0.2
I1,Verona,2025-11-29,A,Genoa,1,2,L,0,13,0.2,0.8,1.8,-1.0,0.8,0.2,0.8,0.8,0.2
I1,Verona,2025-12-06,H,Atalanta,3,1,W,3,14,0.8,1.2,1.4,-0.2,0.8,0.2,0.8,0.8,0.2
I1,Verona,2025-12-14,A,Fiorentina,2,1,W,3,15,1.4,1.4,1.2,0.2,0.8,0.2,0.8,0.8,0.2
I1,Verona,2025-12-28,A,Milan,0,3,L,0,16,1.2,1.4,1.8,-0.4,1.0,0.0,0.8,0.8,0.0
I1,Verona,2026-01-04,H,Torino,0,3,L,0,17,1.2,1.2,2.0,-0.8,1.0,0.0,0.6,0.6,0.0
I1,Verona,2026-01-07,A,Napoli,2,2,D,1,18,1.4,1.4,2.0,-0.6,1.0,0.0,0.6,0.6,0.0
I1,Verona,2026-01-11,H,Lazio,0,1,L,0,19,0.8,0.8,2.0,-1.2,0.8,0.2,0.4,0.4,0.0
I1,Verona,2026-01-15,H,Bologna,2,3,L,0,20,0.2,0.8,2.4,-1.6,0.8,0.2,0.4,0.4,0.0
I1,Verona,2026-01-19,A,Cremonese,0,0,D,1,21,0.4,0.8,1.8,-1.0,0.6,0.4,0.4,0.4,0.2
I1,Verona,2026-01-26,H,Udinese,1,3,L,0,22,0.4,1.0,1.8,-0.8,0.6,0.4,0.6,0.6,0.2
I1,Verona,2026-01-31,A,Cagliari,0,4,L,0,23,0.2,0.6,2.2,-1.6,0.6,0.4,0.4,0.4,0.2
I1,Verona,2026-02-06,H,Pisa,0,0,D,1,24,0.4,0.6,2.0,-1.4,0.6,0.4,0.4,0.4,0.4
I1,Verona,2026-02-15,A,Parma,1,2,L,0,25,0.4,0.4,1.8,-1.4,0.6,0.4,0.4,0.4,0.4
I1,Verona,2026-02-20,A,Sassuolo,0,3,L,0,26,0.2,0.4,2.4,-2.0,0.8,0.2,0.4,0.4,0.2
I1,Verona,2026-02-28,H,Napoli,1,2,L,0,27,0.2,0.4,2.2,-1.8,0.8,0.2,0.4,0.4,0.2
I1,Verona,2026-03-08,A,Bologna,2,1,W,3,28,0.8,0.8,1.6,-0.8,0.8,0.2,0.6,0.6,0.2
I1,Verona,2026-03-15,H,Genoa,0,2,L,0,29,0.6,0.8,2.0,-1.2,0.8,0.2,0.6,0.6,0.0
I1,Verona,2026-03-22,A,Atalanta,0,1,L,0,30,0.6,0.6,1.8,-1.2,0.6,0.4,0.4,0.4,0.0
I1,Verona,2026-04-04,H,Fiorentina,0,1,L,0,31,0.6,0.6,1.4,-0.8,0.4,0.6,0.4,0.4,0.0
N1,AZ Alkmaar,2025-08-10,H,Groningen,4,1,W,3,1,3.0,4.0,1.0,3.0,1.0,0.0,1.0,1.0,0.0
N1,AZ Alkmaar,2025-08-17,A,Volendam,2,2,D,1,2,2.0,3.0,1.5,1.5,1.0,0.0,1.0,1.0,0.0
N1,AZ Alkmaar,2025-08-31,A,NAC Breda,1,0,W,3,3,2.3333333333333335,2.3333333333333335,1.0,1.3333333333333333,0.6666666666666666,0.3333333333333333,0.6666666666666666,1.0,0.3333333333333333
N1,AZ Alkmaar,2025-09-14,A,Heracles,2,1,W,3,4,2.5,2.25,1.0,1.25,0.75,0.25,0.75,1.0,0.25
N1,AZ Alkmaar,2025-09-21,H,Feyenoord,3,3,D,1,5,2.2,2.4,1.4,1.0,0.8,0.2,0.8,1.0,0.2
N1,AZ Alkmaar,2025-09-24,H,Zwolle,2,2,D,1,6,1.8,2.0,1.6,0.4,0.8,0.2,0.8,1.0,0.2
N1,AZ Alkmaar,2025-09-28,A,Nijmegen,1,2,L,0,7,1.6,1.8,1.6,0.2,0.8,0.2,0.8,1.0,0.2
N1,AZ Alkmaar,2025-10-05,H,Telstar,2,1,W,3,8,1.6,2.0,1.8,0.2,1.0,0.0,1.0,1.0,0.0
N1,AZ Alkmaar,2025-10-18,A,Ajax,2,0,W,3,9,1.6,2.0,1.6,0.4,0.8,0.2,0.8,1.0,0.2
N1,AZ Alkmaar,2025-10-26,H,Utrecht,4,1,W,3,10,2.0,2.2,1.2,1.0,0.8,0.2,0.8,1.0,0.2
N1,AZ Alkmaar,2025-11-02,A,Sparta Rotterdam,1,0,W,3,11,2.4,2.0,0.8,1.2,0.6,0.4,0.6,1.0,0.4
N1,AZ Alkmaar,2025-11-09,H,PSV Eindhoven,1,5,L,0,12,2.4,2.0,1.4,0.6,0.6,0.4,0.6,1.0,0.4
N1,AZ Alkmaar,2025-11-23,A,Heerenveen,1,3,L,0,13,1.8,1.8,1.8,0.0,0.6,0.4,0.6,1.0,0.4
N1,AZ Alkmaar,2025-11-30,A,Twente,0,1,L,0,14,1.2,1.4,2.0,-0.6,0.6,0.4,0.6,0.8,0.2
N1,AZ Alkmaar,2025-12-07,H,Go Ahead Eagles,2,2,D,1,15,0.8,1.0,2.2,-1.2,0.6,0.4,0.6,0.8,0.2
N1,AZ Alkmaar,2025-12-21,A,For Sittard,3,4,L,0,16,0.2,1.4,3.0,-1.6,0.8,0.2,0.8,0.8,0.0
N1,AZ Alkmaar,2026-01-10,H,Volendam,1,0,W,3,17,0.8,1.4,2.0,-0.6,0.6,0.4,0.6,0.8,0.2
N1,AZ Alkmaar,2026-01-17,A,Zwolle,1,3,L,0,18,0.8,1.4,2.0,-0.6,0.6,0.4,0.6,0.8,0.2
N1,AZ Alkmaar,2026-01-21,H,Excelsior,1,1,D,1,19,1.0,1.6,2.0,-0.4,0.6,0.4,0.8,1.0,0.2
N1,AZ Alkmaar,2026-01-25,A,Telstar,1,0,W,3,20,1.4,1.4,1.6,-0.2,0.4,0.6,0.6,1.0,0.4
N1,AZ Alkmaar,2026-01-31,H,Nijmegen,1,3,L,0,21,1.4,1.0,1.4,-0.4,0.4,0.6,0.6,1.0,0.4
N1,AZ Alkmaar,2026-02-08,H,Ajax,1,1,D,1,22,1.0,1.0,1.6,-0.6,0.4,0.6,0.8,1.0,0.2
N1,AZ Alkmaar,2026-02-14,A,Excelsior,2,1,W,3,23,1.6,1.2,1.2,0.0,0.4,0.6,0.8,1.0,0.2
N1,AZ Alkmaar,2026-02-22,H,Sparta Rotterdam,3,1,W,3,24,2.0,1.6,1.2,0.4,0.6,0.4,0.8,1.0,0.2
N1,AZ Alkmaar,2026-03-01,A,Utrecht,0,2,L,0,25,1.4,1.4,1.6,-0.2,0.6,0.4,0.8,0.8,0.0
N1,AZ Alkmaar,2026-03-07,A,PSV Eindhoven,1,2,L,0,26,1.4,1.4,1.4,0.0,0.6,0.4,0.8,0.8,0.0
N1,AZ Alkmaar,2026-03-15,H,Heracles,4,0,W,3,27,1.8,2.0,1.2,0.8,0.8,0.2,0.6,0.8,0.2
N1,AZ Alkmaar,2026-03-22,A,Groningen,0,3,L,0,28,1.2,1.6,1.6,0.0,0.8,0.2,0.4,0.6,0.2
N1,AZ Alkmaar,2026-04-04,H,For Sittard,2,0,W,3,29,1.2,1.4,1.4,0.0,0.6,0.4,0.2,0.6,0.4
N1,Ajax,2025-08-10,H,Telstar,2,0,W,3,1,3.0,2.0,0.0,2.0,0.0,1.0,0.0,1.0,1.0
N1,Ajax,2025-08-17,A,Go Ahead Eagles,2,2,D,1,2,2.0,2.0,1.0,1.0,0.5,0.5,0.5,1.0,0.5
N1,Ajax,2025-08-24,H,Heracles,2,0,W,3,3,2.3333333333333335,2.0,0.6666666666666666,1.3333333333333333,0.3333333333333333,0.6666666666666666,0.3333333333333333,1.0,0.6666666666666666
N1,Ajax,2025-08-30,A,Volendam,1,1,D,1,4,2.0,1.75,0.75,1.0,0.25,0.75,0.5,1.0,0.5
N1,Ajax,2025-09-13,H,Zwolle,3,1,W,3,5,2.2,2.0,0.8,1.2,0.4,0.6,0.6,1.0,0.4
N1,Ajax,2025-09-21,A,PSV Eindhoven,2,2,D,1,6,1.8,2.0,1.2,0.8,0.6,0.4,0.8,1.0,0.2
N1,Ajax,2025-09-27,H,NAC Breda,2,1,W,3,7,2.2,2.0,1.0,1.0,0.6,0.4,0.8,1.0,0.2
N1,Ajax,2025-10-04,A,Sparta Rotterdam,3,3,D,1,8,1.8,2.2,1.6,0.6,0.8,0.2,1.0,1.0,0.0
N1,Ajax,2025-10-18,H,AZ Alkmaar,0,2,L,0,9,1.6,2.0,1.8,0.2,0.8,0.2,0.8,0.8,0.0
N1,Ajax,2025-10-26,A,Twente,3,2,W,3,10,1.6,2.0,2.0,0.0,0.8,0.2,0.8,0.8,0.0
N1,Ajax,2025-11-01,H,Heerenveen,1,1,D,1,11,1.6,1.8,1.8,0.0,0.6,0.4,0.8,0.8,0.0
N1,Ajax,2025-11-09,A,Utrecht,1,2,L,0,12,1.0,1.6,2.0,-0.4,0.6,0.4,0.8,0.8,0.0
N1,Ajax,2025-11-22,H,Excelsior,1,2,L,0,13,0.8,1.2,1.8,-0.6,0.6,0.4,0.8,0.8,0.0
N1,Ajax,2025-12-02,H,Groningen,2,0,W,3,14,1.4,1.6,1.4,0.2,0.6,0.4,0.8,1.0,0.2
N1,Ajax,2025-12-06,A,For Sittard,3,1,W,3,15,1.4,1.6,1.2,0.4,0.6,0.4,0.8,1.0,0.2
N1,Ajax,2025-12-14,H,Feyenoord,2,0,W,3,16,1.8,1.8,1.0,0.8,0.6,0.4,0.6,1.0,0.4
N1,Ajax,2025-12-20,A,Nijmegen,2,2,D,1,17,2.0,2.0,1.0,1.0,0.6,0.4,0.6,1.0,0.4
N1,Ajax,2026-01-11,A,Telstar,3,2,W,3,18,2.6,2.4,1.0,1.4,0.6,0.4,0.6,1.0,0.4
N1,Ajax,2026-01-17,H,Go Ahead Eagles,2,2,D,1,19,2.2,2.4,1.4,1.0,0.8,0.2,0.8,1.0,0.2
N1,Ajax,2026-01-24,H,Volendam,2,0,W,3,20,2.2,2.2,1.2,1.0,0.6,0.4,0.6,1.0,0.4
N1,Ajax,2026-02-01,A,Excelsior,2,2,D,1,21,1.8,2.2,1.6,0.6,0.8,0.2,0.8,1.0,0.2
N1,Ajax,2026-02-08,A,AZ Alkmaar,1,1,D,1,22,1.8,2.0,1.4,0.6,0.6,0.4,0.8,1.0,0.2
N1,Ajax,2026-02-14,H,For Sittard,4,1,W,3,23,1.8,2.2,1.2,1.0,0.6,0.4,0.8,1.0,0.2
N1,Ajax,2026-02-21,H,Nijmegen,1,1,D,1,24,1.8,2.0,1.0,1.0,0.4,0.6,0.8,1.0,0.2
N1,Ajax,2026-03-01,A,Zwolle,0,0,D,1,25,1.4,1.6,1.0,0.6,0.4,0.6,0.8,0.8,0.2
N1,Ajax,2026-03-07,A,Groningen,1,3,L,0,26,1.2,1.4,1.2,0.2,0.4,0.6,0.8,0.8,0.2
N1,Ajax,2026-03-14,H,Sparta Rotterdam,4,0,W,3,27,1.6,2.0,1.0,1.0,0.6,0.4,0.6,0.8,0.4
N1,Ajax,2026-03-22,A,Feyenoord,1,1,D,1,28,1.2,1.4,1.0,0.4,0.4,0.6,0.6,0.8,0.4
N1,Ajax,2026-04-04,H,Twente,1,2,L,0,29,1.0,1.4,1.2,0.2,0.6,0.4,0.6,0.8,0.4
N1,Excelsior,2025-08-09,A,Nijmegen,0,5,L,0,1,0.0,0.0,5.0,-5.0,1.0,0.0,0.0,0.0,0.0
N1,Excelsior,2025-08-16,H,Feyenoord,1,2,L,0,2,0.0,0.5,3.5,-3.0,1.0,0.0,0.5,0.5,0.0
N1,Excelsior,2025-08-24,A,Utrecht,1,4,L,0,3,0.0,0.6666666666666666,3.6666666666666665,-3.0,1.0,0.0,0.6666666666666666,0.6666666666666666,0.0
N1,Excelsior,2025-08-30,H,Twente,1,0,W,3,4,0.75,0.75,2.75,-2.0,0.75,0.25,0.5,0.75,0.25
N1,Excelsior,2025-09-14,H,Sparta Rotterdam,0,1,L,0,5,0.6,0.6,2.4,-1.8,0.6,0.4,0.4,0.6,0.2
N1,Excelsior,2025-09-20,A,Volendam,2,1,W,3,6,1.2,1.0,1.6,-0.6,0.6,0.4,0.6,0.8,0.2
N1,Excelsior,2025-09-27,H,PSV Eindhoven,1,2,L,0,7,1.2,1.0,1.6,-0.6,0.6,0.4,0.6,0.8,0.2
N1,Excelsior,2025-10-04,A,Heerenveen,1,2,L,0,8,1.2,1.0,1.2,-0.2,0.6,0.4,0.6,0.8,0.2
N1,Excelsior,2025-10-19,H,For Sittard,1,0,W,3,9,1.2,1.0,1.2,-0.2,0.6,0.4,0.6,0.8,0.2
N1,Excelsior,2025-10-26,A,Go Ahead Eagles,0,2,L,0,10,1.2,1.0,1.4,-0.4,0.6,0.4,0.6,0.8,0.2
N1,Excelsior,2025-11-01,A,Telstar,2,2,D,1,11,0.8,1.0,1.6,-0.6,0.6,0.4,0.6,0.8,0.2
N1,Excelsior,2025-11-08,H,Heracles,1,2,L,0,12,0.8,1.0,1.6,-0.6,0.6,0.4,0.6,0.8,0.2
N1,Excelsior,2025-11-22,A,Ajax,2,1,W,3,13,1.4,1.2,1.4,-0.2,0.6,0.4,0.6,0.8,0.2
N1,Excelsior,2025-11-29,H,NAC Breda,1,0,W,3,14,1.4,1.2,1.4,-0.2,0.6,0.4,0.6,0.8,0.2
N1,Excelsior,2025-12-05,H,Groningen,0,2,L,0,15,1.4,1.2,1.4,-0.2,0.6,0.4,0.6,0.8,0.2
N1,Excelsior,2025-12-20,H,Zwolle,2,1,W,3,16,1.8,1.2,1.2,0.0,0.6,0.4,0.6,0.8,0.2
N1,Excelsior,2026-01-10,A,PSV Eindhoven,1,5,L,0,17,1.8,1.2,1.8,-0.6,0.6,0.4,0.6,0.8,0.2
N1,Excelsior,2026-01-17,H,Telstar,2,2,D,1,18,1.4,1.2,2.0,-0.8,0.6,0.4,0.6,0.8,0.2
N1,Excelsior,2026-01-21,A,AZ Alkmaar,1,1,D,1,19,1.0,1.2,2.2,-1.0,0.6,0.4,0.8,0.8,0.0
N1,Excelsior,2026-01-24,A,Twente,0,0,D,1,20,1.2,1.2,1.8,-0.6,0.6,0.4,0.8,0.8,0.2
N1,Excelsior,2026-02-01,H,Ajax,2,2,D,1,21,0.8,1.2,2.0,-0.8,0.6,0.4,0.8,0.8,0.2
N1,Excelsior,2026-02-06,A,NAC Breda,2,0,W,3,22,1.4,1.4,1.0,0.4,0.4,0.6,0.6,0.8,0.4
N1,Excelsior,2026-02-14,H,AZ Alkmaar,1,2,L,0,23,1.2,1.2,1.0,0.2,0.4,0.6,0.6,0.8,0.4
N1,Excelsior,2026-02-20,A,For Sittard,1,2,L,0,24,1.0,1.2,1.2,0.0,0.6,0.4,0.6,0.8,0.4
N1,Excelsior,2026-03-01,H,Go Ahead Eagles,0,1,L,0,25,0.8,1.2,1.4,-0.2,0.6,0.4,0.6,0.8,0.2
N1,Excelsior,2026-03-07,H,Heerenveen,1,2,L,0,26,0.6,1.0,1.4,-0.4,0.6,0.4,0.6,0.8,0.2
N1,Excelsior,2026-03-15,A,Feyenoord,1,2,L,0,27,0.0,0.8,1.8,-1.0,0.8,0.2,0.8,0.8,0.0
N1,Excelsior,2026-03-20,A,Heracles,1,1,D,1,28,0.2,0.8,1.6,-0.8,0.6,0.4,0.8,0.8,0.0
N1,Excelsior,2026-04-04,H,Nijmegen,0,2,L,0,29,0.2,0.6,1.6,-1.0,0.4,0.6,0.6,0.6,0.0
N1,Feyenoord,2025-08-09,H,NAC Breda,2,0,W,3,1,3.0,2.0,0.0,2.0,0.0,1.0,0.0,1.0,1.0
N1,Feyenoord,2025-08-16,A,Excelsior,2,1,W,3,2,3.0,2.0,0.5,1.5,0.5,0.5,0.5,1.0,0.5
N1,Feyenoord,2025-08-31,A,Sparta Rotterdam,4,0,W,3,3,3.0,2.6666666666666665,0.3333333333333333,2.3333333333333335,0.6666666666666666,0.3333333333333333,0.3333333333333333,1.0,0.6666666666666666
N1,Feyenoord,2025-09-13,H,Heerenveen,1,0,W,3,4,3.0,2.25,0.25,2.0,0.5,0.5,0.25,1.0,0.75
N1,Feyenoord,2025-09-17,H,For Sittard,2,0,W,3,5,3.0,2.2,0.2,2.0,0.4,0.6,0.2,1.0,0.8
N1,Feyenoord,2025-09-21,A,AZ Alkmaar,3,3,D,1,6,2.6,2.4,0.8,1.6,0.6,0.4,0.4,1.0,0.6
N1,Feyenoord,2025-09-28,A,Groningen,1,0,W,3,7,2.6,2.2,0.6,1.6,0.4,0.6,0.2,1.0,0.8
N1,Feyenoord,2025-10-05,H,Utrecht,3,2,W,3,8,2.6,2.0,1.0,1.0,0.4,0.6,0.4,1.0,0.6
N1,Feyenoord,2025-10-19,A,Heracles,7,0,W,3,9,2.6,3.2,1.0,2.2,0.6,0.4,0.4,1.0,0.6
N1,Feyenoord,2025-10-26,H,PSV Eindhoven,2,3,L,0,10,2.0,3.2,1.6,1.6,0.8,0.2,0.6,1.0,0.4
N1,Feyenoord,2025-11-01,H,Volendam,3,1,W,3,11,2.4,3.2,1.2,2.0,0.8,0.2,0.6,1.0,0.4
N1,Feyenoord,2025-11-09,A,Go Ahead Eagles,1,2,L,0,12,1.8,3.2,1.6,1.6,1.0,0.0,0.8,1.0,0.2
N1,Feyenoord,2025-11-23,H,Nijmegen,2,4,L,0,13,1.2,3.0,2.0,1.0,1.0,0.0,0.8,1.0,0.2
N1,Feyenoord,2025-11-30,A,Telstar,2,1,W,3,14,1.2,2.0,2.2,-0.2,1.0,0.0,1.0,1.0,0.0
N1,Feyenoord,2025-12-06,H,Zwolle,6,1,W,3,15,1.8,2.8,1.8,1.0,1.0,0.0,1.0,1.0,0.0
N1,Feyenoord,2025-12-14,A,Ajax,0,2,L,0,16,1.2,2.2,2.0,0.2,0.8,0.2,0.8,0.8,0.0
N1,Feyenoord,2025-12-21,H,Twente,1,1,D,1,17,1.4,2.2,1.8,0.4,0.6,0.4,0.8,0.8,0.0
N1,Feyenoord,2026-01-11,A,Heerenveen,2,2,D,1,18,1.6,2.2,1.4,0.8,0.6,0.4,0.8,0.8,0.0
N1,Feyenoord,2026-01-18,H,Sparta Rotterdam,3,4,L,0,19,1.0,2.4,2.0,0.4,0.6,0.4,0.8,0.8,0.0
N1,Feyenoord,2026-01-25,H,Heracles,4,2,W,3,20,1.0,2.0,2.2,-0.2,0.6,0.4,0.8,0.8,0.0
N1,Feyenoord,2026-02-01,A,PSV Eindhoven,0,3,L,0,21,1.0,2.0,2.4,-0.4,0.8,0.2,0.8,0.8,0.0
N1,Feyenoord,2026-02-08,A,Utrecht,1,0,W,3,22,1.4,2.0,2.2,-0.2,0.8,0.2,0.6,0.8,0.2
N1,Feyenoord,2026-02-15,H,Go Ahead Eagles,1,0,W,3,23,1.8,1.8,1.8,0.0,0.6,0.4,0.4,0.8,0.4
N1,Feyenoord,2026-02-22,H,Telstar,2,1,W,3,24,2.4,1.6,1.2,0.4,0.6,0.4,0.4,0.8,0.4
N1,Feyenoord,2026-03-01,A,Twente,0,2,L,0,25,1.8,0.8,1.2,-0.4,0.4,0.6,0.2,0.6,0.4
N1,Feyenoord,2026-03-08,A,NAC Breda,3,3,D,1,26,2.0,1.4,1.2,0.2,0.4,0.6,0.4,0.8,0.4
N1,Feyenoord,2026-03-15,H,Excelsior,2,1,W,3,27,2.0,1.6,1.4,0.2,0.6,0.4,0.6,0.8,0.2
N1,Feyenoord,2026-03-22,H,Ajax,1,1,D,1,28,1.6,1.6,1.6,0.0,0.6,0.4,0.8,0.8,0.0
N1,Feyenoord,2026-04-05,A,Volendam,0,0,D,1,29,1.2,1.2,1.4,-0.2,0.4,0.6,0.6,0.6,0.2
N1,For Sittard,2025-08-08,H,Go Ahead Eagles,2,2,D,1,1,1.0,2.0,2.0,0.0,1.0,0.0,1.0,1.0,0.0
N1,For Sittard,2025-08-17,A,NAC Breda,1,2,L,0,2,0.5,1.5,2.0,-0.5,1.0,0.0,1.0,1.0,0.0
N1,For Sittard,2025-08-31,H,Nijmegen,3,2,W,3,3,1.3333333333333333,2.0,2.0,0.0,1.0,0.0,1.0,1.0,0.0
N1,For Sittard,2025-09-14,A,Telstar,3,1,W,3,4,1.75,2.25,1.75,0.5,1.0,0.0,1.0,1.0,0.0
N1,For Sittard,2025-09-17,A,Feyenoord,0,2,L,0,5,1.4,1.8,1.8,0.0,0.8,0.2,0.8,0.8,0.0
N1,For Sittard,2025-09-20,H,Utrecht,1,0,W,3,6,1.8,1.6,1.4,0.2,0.6,0.4,0.6,0.8,0.2
N1,For Sittard,2025-09-26,A,Twente,2,3,L,0,7,1.8,1.8,1.6,0.2,0.6,0.4,0.6,0.8,0.2
N1,For Sittard,2025-10-04,H,Volendam,1,0,W,3,8,1.8,1.4,1.2,0.2,0.4,0.6,0.4,0.8,0.4
N1,For Sittard,2025-10-19,A,Excelsior,0,1,L,0,9,1.2,0.8,1.2,-0.4,0.2,0.8,0.2,0.6,0.4
N1,For Sittard,2025-10-25,H,Groningen,1,2,L,0,10,1.2,1.0,1.2,-0.2,0.4,0.6,0.4,0.8,0.4
N1,For Sittard,2025-10-31,A,PSV Eindhoven,2,5,L,0,11,0.6,1.2,2.2,-1.0,0.6,0.4,0.6,0.8,0.2
N1,For Sittard,2025-11-08,H,Heerenveen,2,0,W,3,12,1.2,1.2,1.6,-0.4,0.4,0.6,0.4,0.8,0.4
N1,For Sittard,2025-11-22,A,Sparta Rotterdam,1,1,D,1,13,0.8,1.2,1.8,-0.6,0.4,0.6,0.6,0.8,0.2
N1,For Sittard,2025-11-29,H,Heracles,1,1,D,1,14,1.0,1.4,1.8,-0.4,0.4,0.6,0.8,1.0,0.2
N1,For Sittard,2025-12-06,H,Ajax,1,3,L,0,15,1.0,1.4,2.0,-0.6,0.4,0.6,0.8,1.0,0.2
N1,For Sittard,2025-12-13,A,Zwolle,0,1,L,0,16,1.0,1.0,1.2,-0.2,0.2,0.8,0.6,0.8,0.2
N1,For Sittard,2025-12-21,H,AZ Alkmaar,4,3,W,3,17,1.0,1.4,1.8,-0.4,0.4,0.6,0.8,0.8,0.0
N1,For Sittard,2026-01-11,A,Go Ahead Eagles,2,2,D,1,18,1.0,1.6,2.0,-0.4,0.6,0.4,0.8,0.8,0.0
N1,For Sittard,2026-01-17,H,PSV Eindhoven,1,2,L,0,19,0.8,1.6,2.2,-0.6,0.8,0.2,0.8,0.8,0.0
N1,For Sittard,2026-01-25,A,Groningen,2,1,W,3,20,1.4,1.8,1.8,0.0,0.8,0.2,0.8,0.8,0.0
N1,For Sittard,2026-02-01,A,Heracles,1,2,L,0,21,1.4,2.0,2.0,0.0,1.0,0.0,1.0,1.0,0.0
N1,For Sittard,2026-02-07,H,Sparta Rotterdam,2,2,D,1,22,1.0,1.6,1.8,-0.2,1.0,0.0,1.0,1.0,0.0
N1,For Sittard,2026-02-14,A,Ajax,1,4,L,0,23,0.8,1.4,2.2,-0.8,1.0,0.0,1.0,1.0,0.0
N1,For Sittard,2026-02-20,H,Excelsior,2,1,W,3,24,1.4,1.6,2.0,-0.4,1.0,0.0,1.0,1.0,0.0
N1,For Sittard,2026-02-28,A,Nijmegen,3,2,W,3,25,1.4,1.8,2.2,-0.4,1.0,0.0,1.0,1.0,0.0
N1,For Sittard,2026-03-08,H,Telstar,1,4,L,0,26,1.4,1.8,2.6,-0.8,1.0,0.0,1.0,1.0,0.0
N1,For Sittard,2026-03-14,A,Volendam,2,1,W,3,27,1.8,1.8,2.4,-0.6,1.0,0.0,1.0,1.0,0.0
N1,For Sittard,2026-03-21,H,Twente,1,2,L,0,28,1.8,1.8,2.0,-0.2,1.0,0.0,1.0,1.0,0.0
N1,For Sittard,2026-04-04,A,AZ Alkmaar,0,2,L,0,29,1.2,1.4,2.2,-0.8,0.8,0.2,0.8,0.8,0.0
N1,Go Ahead Eagles,2025-08-08,A,For Sittard,2,2,D,1,1,1.0,2.0,2.0,0.0,1.0,0.0,1.0,1.0,0.0
N1,Go Ahead Eagles,2025-08-17,H,Ajax,2,2,D,1,2,1.0,2.0,2.0,0.0,1.0,0.0,1.0,1.0,0.0
N1,Go Ahead Eagles,2025-08-23,H,Sparta Rotterdam,0,3,L,0,3,0.6666666666666666,1.3333333333333333,2.3333333333333335,-1.0,1.0,0.0,0.6666666666666666,0.6666666666666666,0.0
N1,Go Ahead Eagles,2025-08-30,A,Heerenveen,2,2,D,1,4,0.75,1.5,2.25,-0.75,1.0,0.0,0.75,0.75,0.0
N1,Go Ahead Eagles,2025-09-13,H,Volendam,3,0,W,3,5,1.2,1.8,1.8,0.0,1.0,0.0,0.6,0.8,0.2
N1,Go Ahead Eagles,2025-09-21,A,Zwolle,2,0,W,3,6,1.6,1.8,1.4,0.4,0.8,0.2,0.4,0.8,0.4
N1,Go Ahead Eagles,2025-09-28,A,Telstar,2,4,L,0,7,1.4,1.8,1.8,0.0,0.8,0.2,0.4,0.8,0.4
N1,Go Ahead Eagles,2025-10-05,H,Nijmegen,1,1,D,1,8,1.6,2.0,1.4,0.6,0.6,0.4,0.6,1.0,0.4
N1,Go Ahead Eagles,2025-10-18,A,PSV Eindhoven,1,2,L,0,9,1.4,1.8,1.4,0.4,0.6,0.4,0.6,1.0,0.4
N1,Go Ahead Eagles,2025-10-26,H,Excelsior,2,0,W,3,10,1.4,1.6,1.4,0.2,0.4,0.6,0.6,1.0,0.4
N1,Go Ahead Eagles,2025-11-01,A,NAC Breda,0,1,L,0,11,0.8,1.2,1.6,-0.4,0.4,0.6,0.6,0.8,0.2
N1,Go Ahead Eagles,2025-11-09,H,Feyenoord,2,1,W,3,12,1.4,1.2,1.0,0.2,0.4,0.6,0.6,0.8,0.2
N1,Go Ahead Eagles,2025-11-22,A,Heracles,2,4,L,0,13,1.2,1.4,1.6,-0.2,0.6,0.4,0.6,0.8,0.2
N1,Go Ahead Eagles,2025-11-30,H,Utrecht,2,2,D,1,14,1.4,1.6,1.6,0.0,0.6,0.4,0.6,0.8,0.2
N1,Go Ahead Eagles,2025-12-07,A,AZ Alkmaar,2,2,D,1,15,1.0,1.6,2.0,-0.4,0.8,0.2,0.8,0.8,0.0
N1,Go Ahead Eagles,2025-12-14,A,Twente,0,2,L,0,16,1.0,1.6,2.2,-0.6,0.8,0.2,0.8,0.8,0.0
N1,Go Ahead Eagles,2025-12-21,H,Groningen,1,1,D,1,17,0.6,1.4,2.2,-0.8,0.6,0.4,0.8,0.8,0.0
N1,Go Ahead Eagles,2026-01-11,H,For Sittard,2,2,D,1,18,0.8,1.4,1.8,-0.4,0.6,0.4,0.8,0.8,0.0
N1,Go Ahead Eagles,2026-01-17,A,Ajax,2,2,D,1,19,0.8,1.4,1.8,-0.4,0.6,0.4,0.8,0.8,0.0
N1,Go Ahead Eagles,2026-02-01,A,Volendam,1,1,D,1,20,0.8,1.2,1.6,-0.4,0.4,0.6,0.8,0.8,0.0
N1,Go Ahead Eagles,2026-02-08,H,Telstar,1,1,D,1,21,1.0,1.4,1.4,0.0,0.4,0.6,1.0,1.0,0.0
N1,Go Ahead Eagles,2026-02-11,H,Heerenveen,1,3,L,0,22,0.8,1.4,1.8,-0.4,0.6,0.4,1.0,1.0,0.0
N1,Go Ahead Eagles,2026-02-15,A,Feyenoord,0,1,L,0,23,0.6,1.0,1.6,-0.6,0.4,0.6,0.8,0.8,0.0
N1,Go Ahead Eagles,2026-02-22,H,Heracles,4,0,W,3,24,1.0,1.4,1.2,0.2,0.4,0.6,0.6,0.8,0.2
N1,Go Ahead Eagles,2026-03-01,A,Excelsior,1,0,W,3,25,1.4,1.4,1.0,0.4,0.4,0.6,0.4,0.8,0.4
N1,Go Ahead Eagles,2026-03-08,H,Twente,1,4,L,0,26,1.2,1.4,1.6,-0.2,0.6,0.4,0.4,0.8,0.4
N1,Go Ahead Eagles,2026-03-15,H,NAC Breda,6,0,W,3,27,1.8,2.4,1.0,1.4,0.6,0.4,0.2,0.8,0.6
N1,Go Ahead Eagles,2026-03-22,A,Utrecht,0,2,L,0,28,1.8,2.4,1.2,1.2,0.6,0.4,0.2,0.8,0.6
N1,Go Ahead Eagles,2026-04-05,H,Zwolle,5,0,W,3,29,1.8,2.6,1.2,1.4,0.6,0.4,0.2,0.8,0.6
N1,Groningen,2025-08-10,A,AZ Alkmaar,1,4,L,0,1,0.0,1.0,4.0,-3.0,1.0,0.0,1.0,1.0,0.0
N1,Groningen,2025-08-16,H,Heerenveen,2,1,W,3,2,1.5,1.5,2.5,-1.0,1.0,0.0,1.0,1.0,0.0
N1,Groningen,2025-08-23,A,PSV Eindhoven,2,4,L,0,3,1.0,1.6666666666666667,3.0,-1.3333333333333333,1.0,0.0,1.0,1.0,0.0
N1,Groningen,2025-08-29,H,Heracles,4,0,W,3,4,1.5,2.25,2.25,0.0,1.0,0.0,0.75,1.0,0.25
N1,Groningen,2025-09-14,A,Utrecht,1,0,W,3,5,1.8,2.0,1.8,0.2,0.8,0.2,0.6,1.0,0.4
N1,Groningen,2025-09-20,H,Telstar,2,0,W,3,6,2.4,2.2,1.0,1.2,0.6,0.4,0.4,1.0,0.6
N1,Groningen,2025-09-28,H,Feyenoord,0,1,L,0,7,1.8,1.8,1.0,0.8,0.4,0.6,0.2,0.8,0.6
N1,Groningen,2025-10-03,A,NAC Breda,2,1,W,3,8,2.4,1.8,0.4,1.4,0.4,0.6,0.2,0.8,0.6
N1,Groningen,2025-10-19,H,Sparta Rotterdam,0,2,L,0,9,1.8,1.0,0.8,0.2,0.2,0.8,0.2,0.6,0.4
N1,Groningen,2025-10-25,A,For Sittard,2,1,W,3,10,1.8,1.2,1.0,0.2,0.4,0.6,0.4,0.6,0.2
N1,Groningen,2025-11-02,H,Twente,1,1,D,1,11,1.4,1.0,1.2,-0.2,0.4,0.6,0.6,0.6,0.0
N1,Groningen,2025-11-09,A,Nijmegen,0,2,L,0,12,1.4,1.0,1.4,-0.4,0.4,0.6,0.6,0.6,0.0
N1,Groningen,2025-11-23,H,Zwolle,2,2,D,1,13,1.0,1.0,1.6,-0.6,0.4,0.6,0.6,0.6,0.0
N1,Groningen,2025-12-02,A,Ajax,0,2,L,0,14,1.0,1.0,1.6,-0.6,0.4,0.6,0.6,0.6,0.0
N1,Groningen,2025-12-05,A,Excelsior,2,0,W,3,15,1.0,1.0,1.4,-0.4,0.2,0.8,0.4,0.6,0.2
N1,Groningen,2025-12-13,H,Volendam,3,0,W,3,16,1.4,1.4,1.2,0.2,0.4,0.6,0.2,0.6,0.4
N1,Groningen,2025-12-21,A,Go Ahead Eagles,1,1,D,1,17,1.6,1.6,1.0,0.6,0.4,0.6,0.4,0.8,0.4
N1,Groningen,2026-01-10,H,NAC Breda,0,0,D,1,18,1.6,1.2,0.6,0.6,0.2,0.8,0.2,0.6,0.6
N1,Groningen,2026-01-18,A,Heerenveen,2,0,W,3,19,2.2,1.6,0.2,1.4,0.2,0.8,0.2,0.8,0.8
N1,Groningen,2026-01-25,H,For Sittard,1,2,L,0,20,1.6,1.4,0.6,0.8,0.4,0.6,0.4,0.8,0.6
N1,Groningen,2026-01-31,A,Sparta Rotterdam,0,2,L,0,21,1.0,0.8,1.0,-0.2,0.2,0.8,0.4,0.6,0.4
N1,Groningen,2026-02-08,H,PSV Eindhoven,1,2,L,0,22,0.8,0.8,1.2,-0.4,0.4,0.6,0.4,0.6,0.4
N1,Groningen,2026-02-14,H,Utrecht,1,2,L,0,23,0.6,1.0,1.6,-0.6,0.6,0.4,0.6,0.8,0.2
N1,Groningen,2026-02-22,A,Twente,1,2,L,0,24,0.0,0.8,2.0,-1.2,0.8,0.2,0.8,0.8,0.0
N1,Groningen,2026-03-01,A,Volendam,2,3,L,0,25,0.0,1.0,2.2,-1.2,0.8,0.2,0.8,0.8,0.0
N1,Groningen,2026-03-07,H,Ajax,3,1,W,3,26,0.6,1.6,2.0,-0.4,1.0,0.0,1.0,1.0,0.0
N1,Groningen,2026-03-13,A,Zwolle,1,1,D,1,27,0.8,1.6,1.8,-0.2,0.8,0.2,1.0,1.0,0.0
N1,Groningen,2026-03-22,H,AZ Alkmaar,3,0,W,3,28,1.4,2.0,1.4,0.6,0.8,0.2,0.8,1.0,0.2
N1,Groningen,2026-04-04,A,Telstar,2,0,W,3,29,2.0,2.2,1.0,1.2,0.6,0.4,0.6,1.0,0.4
N1,Heerenveen,2025-08-09,H,Volendam,1,1,D,1,1,1.0,1.0,1.0,0.0,0.0,1.0,1.0,1.0,0.0
N1,Heerenveen,2025-08-16,A,Groningen,1,2,L,0,2,0.5,1.0,1.5,-0.5,0.5,0.5,1.0,1.0,0.0
N1,Heerenveen,2025-08-24,H,Twente,1,2,L,0,3,0.3333333333333333,1.0,1.6666666666666667,-0.6666666666666666,0.6666666666666666,0.3333333333333333,1.0,1.0,0.0
N1,Heerenveen,2025-08-30,H,Go Ahead Eagles,2,2,D,1,4,0.5,1.25,1.75,-0.5,0.75,0.25,1.0,1.0,0.0
N1,Heerenveen,2025-09-13,A,Feyenoord,0,1,L,0,5,0.4,1.0,1.6,-0.6,0.6,0.4,0.8,0.8,0.0
N1,Heerenveen,2025-09-21,H,Nijmegen,3,2,W,3,6,0.8,1.4,1.8,-0.4,0.8,0.2,0.8,0.8,0.0
N1,Heerenveen,2025-09-28,A,Utrecht,2,2,D,1,7,1.0,1.6,1.8,-0.2,0.8,0.2,0.8,0.8,0.0
N1,Heerenveen,2025-10-04,H,Excelsior,2,1,W,3,8,1.6,1.8,1.6,0.2,0.8,0.2,0.8,0.8,0.0
N1,Heerenveen,2025-10-19,A,Telstar,3,2,W,3,9,2.0,2.0,1.6,0.4,0.8,0.2,0.8,0.8,0.0
N1,Heerenveen,2025-10-24,H,NAC Breda,3,3,D,1,10,2.2,2.6,2.0,0.6,1.0,0.0,1.0,1.0,0.0
N1,Heerenveen,2025-11-01,A,Ajax,1,1,D,1,11,1.8,2.2,1.8,0.4,0.8,0.2,1.0,1.0,0.0
N1,Heerenveen,2025-11-08,A,For Sittard,0,2,L,0,12,1.6,1.8,1.8,0.0,0.6,0.4,0.8,0.8,0.0
N1,Heerenveen,2025-11-23,H,AZ Alkmaar,3,1,W,3,13,1.6,2.0,1.8,0.2,0.6,0.4,0.8,0.8,0.0
N1,Heerenveen,2025-11-28,A,Zwolle,1,2,L,0,14,1.0,1.6,1.8,-0.2,0.6,0.4,0.8,0.8,0.0
N1,Heerenveen,2025-12-06,H,PSV Eindhoven,0,2,L,0,15,0.8,1.0,1.6,-0.6,0.4,0.6,0.6,0.6,0.0
N1,Heerenveen,2025-12-14,A,Sparta Rotterdam,3,0,W,3,16,1.2,1.4,1.4,0.0,0.6,0.4,0.4,0.6,0.2
N1,Heerenveen,2025-12-20,A,Heracles,3,0,W,3,17,1.8,2.0,1.0,1.0,0.8,0.2,0.4,0.8,0.4
N1,Heerenveen,2026-01-11,H,Feyenoord,2,2,D,1,18,1.4,1.8,1.2,0.6,0.8,0.2,0.4,0.8,0.4
N1,Heerenveen,2026-01-18,H,Groningen,0,2,L,0,19,1.4,1.6,1.2,0.4,0.6,0.4,0.2,0.6,0.4
N1,Heerenveen,2026-02-01,H,Utrecht,1,1,D,1,20,1.6,1.8,1.0,0.8,0.6,0.4,0.4,0.8,0.4
N1,Heerenveen,2026-02-07,A,Twente,0,5,L,0,21,1.0,1.2,2.0,-0.8,0.6,0.4,0.4,0.6,0.2
N1,Heerenveen,2026-02-11,A,Go Ahead Eagles,3,1,W,3,22,1.0,1.2,2.2,-1.0,0.6,0.4,0.6,0.6,0.0
N1,Heerenveen,2026-02-15,H,Zwolle,4,2,W,3,23,1.4,1.6,2.2,-0.6,0.6,0.4,0.6,0.6,0.0
N1,Heerenveen,2026-02-21,A,PSV Eindhoven,1,3,L,0,24,1.4,1.8,2.4,-0.6,0.8,0.2,0.8,0.8,0.0
N1,Heerenveen,2026-02-28,H,Sparta Rotterdam,2,1,W,3,25,1.8,2.0,2.4,-0.4,1.0,0.0,0.8,0.8,0.0
N1,Heerenveen,2026-03-07,A,Excelsior,2,1,W,3,26,2.4,2.4,1.6,0.8,1.0,0.0,1.0,1.0,0.0
N1,Heerenveen,2026-03-14,H,Telstar,3,0,W,3,27,2.4,2.4,1.4,1.0,1.0,0.0,0.8,1.0,0.2
N1,Heerenveen,2026-03-22,A,Nijmegen,2,2,D,1,28,2.0,2.0,1.4,0.6,1.0,0.0,0.8,1.0,0.2
N1,Heerenveen,2026-04-05,H,Heracles,4,1,W,3,29,2.6,2.6,1.0,1.6,1.0,0.0,0.8,1.0,0.2
N1,Heracles,2025-08-10,A,Utrecht,0,4,L,0,1,0.0,0.0,4.0,-4.0,1.0,0.0,0.0,0.0,0.0
N1,Heracles,2025-08-16,H,Nijmegen,1,4,L,0,2,0.0,0.5,4.0,-3.5,1.0,0.0,0.5,0.5,0.0
N1,Heracles,2025-08-24,A,Ajax,0,2,L,0,3,0.0,0.3333333333333333,3.3333333333333335,-3.0,0.6666666666666666,0.3333333333333333,0.3333333333333333,0.3333333333333333,0.0
N1,Heracles,2025-08-29,A,Groningen,0,4,L,0,4,0.0,0.25,3.5,-3.25,0.75,0.25,0.25,0.25,0.0
N1,Heracles,2025-09-14,H,AZ Alkmaar,1,2,L,0,5,0.0,0.4,3.2,-2.8,0.8,0.2,0.4,0.4,0.0
N1,Heracles,2025-09-20,A,NAC Breda,1,2,L,0,6,0.0,0.6,2.8,-2.2,0.8,0.2,0.6,0.6,0.0
N1,Heracles,2025-09-27,H,Sparta Rotterdam,3,0,W,3,7,0.6,1.0,2.0,-1.0,0.8,0.2,0.4,0.6,0.2
N1,Heracles,2025-10-05,A,Twente,1,2,L,0,8,0.6,1.2,2.0,-0.8,1.0,0.0,0.6,0.8,0.2
N1,Heracles,2025-10-19,H,Feyenoord,0,7,L,0,9,0.6,1.2,2.6,-1.4,1.0,0.0,0.6,0.8,0.2
N1,Heracles,2025-10-25,A,Volendam,0,3,L,0,10,0.6,1.0,2.8,-1.8,1.0,0.0,0.4,0.6,0.2
N1,Heracles,2025-11-02,H,Zwolle,8,2,W,3,11,1.2,2.4,2.8,-0.4,1.0,0.0,0.4,0.6,0.2
N1,Heracles,2025-11-08,A,Excelsior,2,1,W,3,12,1.2,2.2,3.0,-0.8,1.0,0.0,0.6,0.6,0.0
N1,Heracles,2025-11-22,H,Go Ahead Eagles,4,2,W,3,13,1.8,2.8,3.0,-0.2,1.0,0.0,0.6,0.6,0.0
N1,Heracles,2025-11-29,A,For Sittard,1,1,D,1,14,2.0,3.0,1.8,1.2,0.8,0.2,0.8,0.8,0.0
N1,Heracles,2025-12-06,H,Telstar,1,1,D,1,15,2.2,3.2,1.4,1.8,0.6,0.4,1.0,1.0,0.0
N1,Heracles,2025-12-13,A,PSV Eindhoven,3,4,L,0,16,1.6,2.2,1.8,0.4,0.6,0.4,1.0,1.0,0.0
N1,Heracles,2025-12-20,H,Heerenveen,0,3,L,0,17,1.0,1.8,2.2,-0.4,0.6,0.4,0.8,0.8,0.0
N1,Heracles,2026-01-11,A,Sparta Rotterdam,0,2,L,0,18,0.4,1.0,2.2,-1.2,0.4,0.6,0.6,0.6,0.0
N1,Heracles,2026-01-18,H,Twente,0,2,L,0,19,0.2,0.8,2.4,-1.6,0.4,0.6,0.4,0.4,0.0
N1,Heracles,2026-01-25,A,Feyenoord,2,4,L,0,20,0.0,1.0,3.0,-2.0,0.6,0.4,0.4,0.4,0.0
N1,Heracles,2026-02-01,H,For Sittard,2,1,W,3,21,0.6,0.8,2.4,-1.6,0.6,0.4,0.4,0.4,0.0
N1,Heracles,2026-02-07,A,Nijmegen,1,4,L,0,22,0.6,1.0,2.6,-1.6,0.6,0.4,0.6,0.6,0.0
N1,Heracles,2026-02-14,H,NAC Breda,0,1,L,0,23,0.6,1.0,2.4,-1.4,0.6,0.4,0.6,0.6,0.0
N1,Heracles,2026-02-22,A,Go Ahead Eagles,0,4,L,0,24,0.6,1.0,2.8,-1.8,0.8,0.2,0.6,0.6,0.0
N1,Heracles,2026-02-28,H,PSV Eindhoven,1,3,L,0,25,0.6,0.8,2.6,-1.8,0.8,0.2,0.6,0.6,0.0
N1,Heracles,2026-03-06,H,Utrecht,0,0,D,1,26,0.2,0.4,2.4,-2.0,0.6,0.4,0.4,0.4,0.2
N1,Heracles,2026-03-15,A,AZ Alkmaar,0,4,L,0,27,0.2,0.2,2.4,-2.2,0.6,0.4,0.2,0.2,0.2
N1,Heracles,2026-03-20,H,Excelsior,1,1,D,1,28,0.4,0.4,2.4,-2.0,0.6,0.4,0.4,0.4,0.2
N1,Heracles,2026-04-05,A,Heerenveen,1,4,L,0,29,0.4,0.6,2.4,-1.8,0.6,0.4,0.6,0.6,0.2
N1,NAC Breda,2025-08-09,A,Feyenoord,0,2,L,0,1,0.0,0.0,2.0,-2.0,0.0,1.0,0.0,0.0,0.0
N1,NAC Breda,2025-08-17,H,For Sittard,2,1,W,3,2,1.5,1.0,1.5,-0.5,0.5,0.5,0.5,0.5,0.0
N1,NAC Breda,2025-08-24,A,Nijmegen,0,3,L,0,3,1.0,0.6666666666666666,2.0,-1.3333333333333333,0.6666666666666666,0.3333333333333333,0.3333333333333333,0.3333333333333333,0.0
N1,NAC Breda,2025-08-31,H,AZ Alkmaar,0,1,L,0,4,0.75,0.5,1.75,-1.25,0.5,0.5,0.25,0.25,0.0
N1,NAC Breda,2025-09-13,A,Twente,2,2,D,1,5,0.8,0.8,1.8,-1.0,0.6,0.4,0.4,0.4,0.0
N1,NAC Breda,2025-09-20,H,Heracles,2,1,W,3,6,1.4,1.2,1.6,-0.4,0.8,0.2,0.6,0.6,0.0
N1,NAC Breda,2025-09-27,A,Ajax,1,2,L,0,7,0.8,1.0,1.8,-0.8,0.8,0.2,0.6,0.6,0.0
N1,NAC Breda,2025-10-03,H,Groningen,1,2,L,0,8,0.8,1.2,1.6,-0.4,0.8,0.2,0.8,0.8,0.0
N1,NAC Breda,2025-10-18,H,Zwolle,2,2,D,1,9,1.0,1.6,1.8,-0.2,1.0,0.0,1.0,1.0,0.0
N1,NAC Breda,2025-10-24,A,Heerenveen,3,3,D,1,10,1.0,1.8,2.0,-0.2,1.0,0.0,1.0,1.0,0.0
N1,NAC Breda,2025-11-01,H,Go Ahead Eagles,1,0,W,3,11,1.0,1.6,1.8,-0.2,0.8,0.2,0.8,1.0,0.2
N1,NAC Breda,2025-11-08,A,Volendam,1,2,L,0,12,1.0,1.6,1.8,-0.2,0.8,0.2,0.8,1.0,0.2
N1,NAC Breda,2025-11-22,H,PSV Eindhoven,0,1,L,0,13,1.0,1.4,1.6,-0.2,0.6,0.4,0.6,0.8,0.2
N1,NAC Breda,2025-11-29,A,Excelsior,0,1,L,0,14,0.8,1.0,1.4,-0.4,0.4,0.6,0.4,0.6,0.2
N1,NAC Breda,2025-12-07,A,Sparta Rotterdam,0,1,L,0,15,0.6,0.4,1.0,-0.6,0.2,0.8,0.2,0.4,0.2
N1,NAC Breda,2025-12-14,H,Utrecht,1,1,D,1,16,0.2,0.4,1.2,-0.8,0.2,0.8,0.4,0.4,0.0
N1,NAC Breda,2025-12-20,H,Telstar,0,1,L,0,17,0.2,0.2,1.0,-0.8,0.0,1.0,0.2,0.2,0.0
N1,NAC Breda,2026-01-10,A,Groningen,0,0,D,1,18,0.4,0.2,0.8,-0.6,0.0,1.0,0.2,0.2,0.2
N1,NAC Breda,2026-01-17,H,Nijmegen,3,4,L,0,19,0.4,0.8,1.4,-0.6,0.2,0.8,0.4,0.4,0.2
N1,NAC Breda,2026-01-24,A,PSV Eindhoven,2,2,D,1,20,0.6,1.2,1.6,-0.4,0.4,0.6,0.6,0.6,0.2
N1,NAC Breda,2026-01-30,H,Twente,2,2,D,1,21,0.6,1.4,1.8,-0.4,0.6,0.4,0.6,0.6,0.2
N1,NAC Breda,2026-02-06,H,Excelsior,0,2,L,0,22,0.6,1.4,2.0,-0.6,0.6,0.4,0.6,0.6,0.2
N1,NAC Breda,2026-02-14,A,Heracles,1,0,W,3,23,1.0,1.6,2.0,-0.4,0.6,0.4,0.6,0.8,0.2
N1,NAC Breda,2026-02-21,H,Volendam,1,0,W,3,24,1.6,1.2,1.2,0.0,0.4,0.6,0.4,0.8,0.4
N1,NAC Breda,2026-02-27,A,Telstar,0,3,L,0,25,1.4,0.8,1.4,-0.6,0.4,0.6,0.2,0.6,0.4
N1,NAC Breda,2026-03-08,H,Feyenoord,3,3,D,1,26,1.4,1.0,1.6,-0.6,0.4,0.6,0.2,0.6,0.4
N1,NAC Breda,2026-03-15,A,Go Ahead Eagles,0,6,L,0,27,1.4,1.0,2.4,-1.4,0.6,0.4,0.2,0.6,0.4
N1,NAC Breda,2026-03-21,A,Zwolle,1,2,L,0,28,0.8,1.0,2.8,-1.8,0.8,0.2,0.4,0.6,0.2
N1,NAC Breda,2026-04-05,H,Sparta Rotterdam,0,0,D,1,29,0.4,0.8,2.8,-2.0,0.8,0.2,0.4,0.4,0.2
N1,Nijmegen,2025-08-09,H,Excelsior,5,0,W,3,1,3.0,5.0,0.0,5.0,1.0,0.0,0.0,1.0,1.0
N1,Nijmegen,2025-08-16,A,Heracles,4,1,W,3,2,3.0,4.5,0.5,4.0,1.0,0.0,0.5,1.0,0.5
N1,Nijmegen,2025-08-24,H,NAC Breda,3,0,W,3,3,3.0,4.0,0.3333333333333333,3.6666666666666665,1.0,0.0,0.3333333333333333,1.0,0.6666666666666666
N1,Nijmegen,2025-08-31,A,For Sittard,2,3,L,0,4,2.25,3.5,1.0,2.5,1.0,0.0,0.5,1.0,0.5
N1,Nijmegen,2025-09-13,H,PSV Eindhoven,3,5,L,0,5,1.8,3.4,1.8,1.6,1.0,0.0,0.6,1.0,0.4
N1,Nijmegen,2025-09-21,A,Heerenveen,2,3,L,0,6,1.2,2.8,2.4,0.4,1.0,0.0,0.8,1.0,0.2
N1,Nijmegen,2025-09-28,H,AZ Alkmaar,2,1,W,3,7,1.2,2.4,2.4,0.0,1.0,0.0,0.8,1.0,0.2
N1,Nijmegen,2025-10-05,A,Go Ahead Eagles,1,1,D,1,8,0.8,2.0,2.6,-0.6,0.8,0.2,1.0,1.0,0.0
N1,Nijmegen,2025-10-18,H,Twente,3,3,D,1,9,1.0,2.2,2.6,-0.4,0.8,0.2,1.0,1.0,0.0
N1,Nijmegen,2025-10-25,A,Zwolle,2,2,D,1,10,1.2,2.0,2.0,0.0,0.8,0.2,1.0,1.0,0.0
N1,Nijmegen,2025-11-02,A,Utrecht,0,1,L,0,11,1.2,1.6,1.6,0.0,0.6,0.4,0.8,0.8,0.0
N1,Nijmegen,2025-11-09,H,Groningen,2,0,W,3,12,1.2,1.6,1.4,0.2,0.4,0.6,0.6,0.8,0.2
N1,Nijmegen,2025-11-23,A,Feyenoord,4,2,W,3,13,1.6,2.2,1.6,0.6,0.6,0.4,0.6,0.8,0.2
N1,Nijmegen,2025-11-29,H,Sparta Rotterdam,3,1,W,3,14,2.0,2.2,1.2,1.0,0.6,0.4,0.6,0.8,0.2
N1,Nijmegen,2025-12-07,A,Volendam,3,2,W,3,15,2.4,2.4,1.2,1.2,0.6,0.4,0.6,0.8,0.2
N1,Nijmegen,2025-12-13,A,Telstar,2,2,D,1,16,2.6,2.8,1.4,1.4,0.8,0.2,0.8,1.0,0.2
N1,Nijmegen,2025-12-20,H,Ajax,2,2,D,1,17,2.2,2.8,1.8,1.0,1.0,0.0,1.0,1.0,0.0
N1,Nijmegen,2026-01-17,A,NAC Breda,4,3,W,3,18,2.2,2.8,2.0,0.8,1.0,0.0,1.0,1.0,0.0
N1,Nijmegen,2026-01-24,H,Zwolle,2,1,W,3,19,2.2,2.6,2.0,0.6,1.0,0.0,1.0,1.0,0.0
N1,Nijmegen,2026-01-31,A,AZ Alkmaar,3,1,W,3,20,2.2,2.6,1.8,0.8,1.0,0.0,1.0,1.0,0.0
N1,Nijmegen,2026-02-07,H,Heracles,4,1,W,3,21,2.6,3.0,1.6,1.4,1.0,0.0,1.0,1.0,0.0
N1,Nijmegen,2026-02-11,H,Utrecht,1,3,L,0,22,2.4,2.8,1.8,1.0,1.0,0.0,1.0,1.0,0.0
N1,Nijmegen,2026-02-17,A,Sparta Rotterdam,1,1,D,1,23,2.0,2.2,1.4,0.8,0.8,0.2,1.0,1.0,0.0
N1,Nijmegen,2026-02-21,A,Ajax,1,1,D,1,24,1.6,2.0,1.4,0.6,0.6,0.4,1.0,1.0,0.0
N1,Nijmegen,2026-02-28,H,For Sittard,2,3,L,0,25,1.0,1.8,1.8,0.0,0.6,0.4,1.0,1.0,0.0
N1,Nijmegen,2026-03-08,H,Volendam,3,0,W,3,26,1.0,1.6,1.6,0.0,0.6,0.4,0.8,1.0,0.2
N1,Nijmegen,2026-03-14,A,PSV Eindhoven,3,2,W,3,27,1.6,2.0,1.4,0.6,0.6,0.4,0.8,1.0,0.2
N1,Nijmegen,2026-03-22,H,Heerenveen,2,2,D,1,28,1.6,2.2,1.6,0.6,0.8,0.2,0.8,1.0,0.2
N1,Nijmegen,2026-04-04,A,Excelsior,2,0,W,3,29,2.0,2.4,1.4,1.0,0.8,0.2,0.6,1.0,0.4
N1,PSV Eindhoven,2025-08-09,H,Sparta Rotterdam,6,1,W,3,1,3.0,6.0,1.0,5.0,1.0,0.0,1.0,1.0,0.0
N1,PSV Eindhoven,2025-08-17,A,Twente,2,0,W,3,2,3.0,4.0,0.5,3.5,0.5,0.5,0.5,1.0,0.5
N1,PSV Eindhoven,2025-08-23,H,Groningen,4,2,W,3,3,3.0,4.0,1.0,3.0,0.6666666666666666,0.3333333333333333,0.6666666666666666,1.0,0.3333333333333333
N1,PSV Eindhoven,2025-08-30,H,Telstar,0,2,L,0,4,2.25,3.0,1.25,1.75,0.5,0.5,0.5,0.75,0.25
N1,PSV Eindhoven,2025-09-13,A,Nijmegen,5,3,W,3,5,2.4,3.4,1.6,1.8,0.6,0.4,0.6,0.8,0.2
N1,PSV Eindhoven,2025-09-21,H,Ajax,2,2,D,1,6,2.0,2.6,1.8,0.8,0.6,0.4,0.6,0.8,0.2
N1,PSV Eindhoven,2025-09-27,A,Excelsior,2,1,W,3,7,2.0,2.6,2.0,0.6,0.8,0.2,0.8,0.8,0.0
N1,PSV Eindhoven,2025-10-04,A,Zwolle,4,0,W,3,8,2.0,2.6,1.6,1.0,0.8,0.2,0.6,0.8,0.2
N1,PSV Eindhoven,2025-10-18,H,Go Ahead Eagles,2,1,W,3,9,2.6,3.0,1.4,1.6,1.0,0.0,0.8,1.0,0.2
N1,PSV Eindhoven,2025-10-26,A,Feyenoord,3,2,W,3,10,2.6,2.6,1.2,1.4,1.0,0.0,0.8,1.0,0.2
N1,PSV Eindhoven,2025-10-31,H,For Sittard,5,2,W,3,11,3.0,3.2,1.2,2.0,1.0,0.0,0.8,1.0,0.2
N1,PSV Eindhoven,2025-11-09,A,AZ Alkmaar,5,1,W,3,12,3.0,3.8,1.2,2.6,1.0,0.0,0.8,1.0,0.2
N1,PSV Eindhoven,2025-11-22,A,NAC Breda,1,0,W,3,13,3.0,3.2,1.2,2.0,0.8,0.2,0.8,1.0,0.2
N1,PSV Eindhoven,2025-11-30,H,Volendam,3,0,W,3,14,3.0,3.4,1.0,2.4,0.8,0.2,0.6,1.0,0.4
N1,PSV Eindhoven,2025-12-06,A,Heerenveen,2,0,W,3,15,3.0,3.2,0.6,2.6,0.6,0.4,0.4,1.0,0.6
N1,PSV Eindhoven,2025-12-13,H,Heracles,4,3,W,3,16,3.0,3.0,0.8,2.2,0.6,0.4,0.4,1.0,0.6
N1,PSV Eindhoven,2025-12-21,A,Utrecht,2,1,W,3,17,3.0,2.4,0.8,1.6,0.6,0.4,0.4,1.0,0.6
N1,PSV Eindhoven,2026-01-10,H,Excelsior,5,1,W,3,18,3.0,3.2,1.0,2.2,0.8,0.2,0.6,1.0,0.4
N1,PSV Eindhoven,2026-01-17,A,For Sittard,2,1,W,3,19,3.0,3.0,1.2,1.8,0.8,0.2,0.8,1.0,0.2
N1,PSV Eindhoven,2026-01-24,H,NAC Breda,2,2,D,1,20,2.6,3.0,1.6,1.4,1.0,0.0,1.0,1.0,0.0
N1,PSV Eindhoven,2026-02-01,H,Feyenoord,3,0,W,3,21,2.6,2.8,1.0,1.8,1.0,0.0,0.8,1.0,0.2
N1,PSV Eindhoven,2026-02-08,A,Groningen,2,1,W,3,22,2.6,2.8,1.0,1.8,1.0,0.0,0.8,1.0,0.2
N1,PSV Eindhoven,2026-02-13,A,Volendam,1,2,L,0,23,2.0,2.0,1.2,0.8,1.0,0.0,0.8,1.0,0.2
N1,PSV Eindhoven,2026-02-21,H,Heerenveen,3,1,W,3,24,2.0,2.2,1.2,1.0,1.0,0.0,0.8,1.0,0.2
N1,PSV Eindhoven,2026-02-28,A,Heracles,3,1,W,3,25,2.4,2.4,1.0,1.4,1.0,0.0,0.8,1.0,0.2
N1,PSV Eindhoven,2026-03-07,H,AZ Alkmaar,2,1,W,3,26,2.4,2.2,1.2,1.0,1.0,0.0,1.0,1.0,0.0
N1,PSV Eindhoven,2026-03-14,H,Nijmegen,2,3,L,0,27,1.8,2.2,1.6,0.6,1.0,0.0,1.0,1.0,0.0
N1,PSV Eindhoven,2026-03-22,A,Telstar,1,3,L,0,28,1.8,2.2,1.8,0.4,1.0,0.0,1.0,1.0,0.0
N1,PSV Eindhoven,2026-04-04,H,Utrecht,4,3,W,3,29,1.8,2.4,2.2,0.2,1.0,0.0,1.0,1.0,0.0
N1,Sparta Rotterdam,2025-08-09,A,PSV Eindhoven,1,6,L,0,1,0.0,1.0,6.0,-5.0,1.0,0.0,1.0,1.0,0.0
N1,Sparta Rotterdam,2025-08-17,H,Utrecht,2,1,W,3,2,1.5,1.5,3.5,-2.0,1.0,0.0,1.0,1.0,0.0
N1,Sparta Rotterdam,2025-08-23,A,Go Ahead Eagles,3,0,W,3,3,2.0,2.0,2.3333333333333335,-0.3333333333333333,1.0,0.0,0.6666666666666666,1.0,0.3333333333333333
N1,Sparta Rotterdam,2025-08-31,H,Feyenoord,0,4,L,0,4,1.5,1.5,2.75,-1.25,1.0,0.0,0.5,0.75,0.25
N1,Sparta Rotterdam,2025-09-14,A,Excelsior,1,0,W,3,5,1.8,1.4,2.2,-0.8,0.8,0.2,0.4,0.8,0.4
N1,Sparta Rotterdam,2025-09-19,H,Twente,1,5,L,0,6,1.8,1.4,2.0,-0.6,0.8,0.2,0.4,0.8,0.4
N1,Sparta Rotterdam,2025-09-27,A,Heracles,0,3,L,0,7,1.2,1.0,2.4,-1.4,0.8,0.2,0.2,0.6,0.4
N1,Sparta Rotterdam,2025-10-04,H,Ajax,3,3,D,1,8,0.8,1.0,3.0,-2.0,0.8,0.2,0.4,0.6,0.2
N1,Sparta Rotterdam,2025-10-19,A,Groningen,2,0,W,3,9,1.4,1.4,2.2,-0.8,0.6,0.4,0.4,0.8,0.4
N1,Sparta Rotterdam,2025-10-25,H,Telstar,1,0,W,3,10,1.4,1.4,2.2,-0.8,0.6,0.4,0.4,0.8,0.4
N1,Sparta Rotterdam,2025-11-02,H,AZ Alkmaar,0,1,L,0,11,1.4,1.2,1.4,-0.2,0.4,0.6,0.2,0.6,0.4
N1,Sparta Rotterdam,2025-11-08,A,Zwolle,0,1,L,0,12,1.4,1.2,1.0,0.2,0.2,0.8,0.2,0.6,0.4
N1,Sparta Rotterdam,2025-11-22,H,For Sittard,1,1,D,1,13,1.4,0.8,0.6,0.2,0.0,1.0,0.2,0.6,0.4
N1,Sparta Rotterdam,2025-11-29,A,Nijmegen,1,3,L,0,14,0.8,0.6,1.2,-0.6,0.2,0.8,0.4,0.6,0.2
N1,Sparta Rotterdam,2025-12-07,H,NAC Breda,1,0,W,3,15,0.8,0.6,1.2,-0.6,0.2,0.8,0.4,0.6,0.2
N1,Sparta Rotterdam,2025-12-14,H,Heerenveen,0,3,L,0,16,0.8,0.6,1.6,-1.0,0.4,0.6,0.4,0.6,0.2
N1,Sparta Rotterdam,2025-12-21,A,Volendam,1,0,W,3,17,1.4,0.8,1.4,-0.6,0.4,0.6,0.4,0.8,0.4
N1,Sparta Rotterdam,2026-01-11,H,Heracles,2,0,W,3,18,1.8,1.0,1.2,-0.2,0.4,0.6,0.2,0.8,0.6
N1,Sparta Rotterdam,2026-01-18,A,Feyenoord,4,3,W,3,19,2.4,1.6,1.2,0.4,0.4,0.6,0.2,0.8,0.6
N1,Sparta Rotterdam,2026-01-25,A,Utrecht,1,0,W,3,20,2.4,1.6,1.2,0.4,0.4,0.6,0.2,0.8,0.6
N1,Sparta Rotterdam,2026-01-31,H,Groningen,2,0,W,3,21,3.0,2.0,0.6,1.4,0.2,0.8,0.2,1.0,0.8
N1,Sparta Rotterdam,2026-02-07,A,For Sittard,2,2,D,1,22,2.6,2.2,1.0,1.2,0.4,0.6,0.4,1.0,0.6
N1,Sparta Rotterdam,2026-02-17,H,Nijmegen,1,1,D,1,23,2.2,2.0,1.2,0.8,0.4,0.6,0.6,1.0,0.4
N1,Sparta Rotterdam,2026-02-22,A,AZ Alkmaar,1,3,L,0,24,1.6,1.4,1.2,0.2,0.4,0.6,0.6,1.0,0.4
N1,Sparta Rotterdam,2026-02-28,A,Heerenveen,1,2,L,0,25,1.0,1.4,1.6,-0.2,0.6,0.4,0.8,1.0,0.2
N1,Sparta Rotterdam,2026-03-08,H,Zwolle,1,1,D,1,26,0.6,1.2,1.8,-0.6,0.6,0.4,1.0,1.0,0.0
N1,Sparta Rotterdam,2026-03-14,A,Ajax,0,4,L,0,27,0.4,0.8,2.2,-1.4,0.6,0.4,0.8,0.8,0.0
N1,Sparta Rotterdam,2026-03-21,H,Volendam,2,0,W,3,28,0.8,1.0,2.0,-1.0,0.6,0.4,0.6,0.8,0.2
N1,Sparta Rotterdam,2026-04-05,A,NAC Breda,0,0,D,1,29,1.0,0.8,1.4,-0.6,0.4,0.6,0.4,0.6,0.4
N1,Telstar,2025-08-10,A,Ajax,0,2,L,0,1,0.0,0.0,2.0,-2.0,0.0,1.0,0.0,0.0,0.0
N1,Telstar,2025-08-15,H,Zwolle,0,2,L,0,2,0.0,0.0,2.0,-2.0,0.0,1.0,0.0,0.0,0.0
N1,Telstar,2025-08-23,H,Volendam,2,2,D,1,3,0.3333333333333333,0.6666666666666666,2.0,-1.3333333333333333,0.3333333333333333,0.6666666666666666,0.3333333333333333,0.3333333333333333,0.0
N1,Telstar,2025-08-30,A,PSV Eindhoven,2,0,W,3,4,1.0,1.0,1.5,-0.5,0.25,0.75,0.25,0.5,0.25
N1,Telstar,2025-09-14,H,For Sittard,1,3,L,0,5,0.8,1.0,1.8,-0.8,0.4,0.6,0.4,0.6,0.2
N1,Telstar,2025-09-20,A,Groningen,0,2,L,0,6,0.8,1.0,1.8,-0.8,0.4,0.6,0.4,0.6,0.2
N1,Telstar,2025-09-28,H,Go Ahead Eagles,4,2,W,3,7,1.4,1.8,1.8,0.0,0.6,0.4,0.6,0.8,0.2
N1,Telstar,2025-10-05,A,AZ Alkmaar,1,2,L,0,8,1.2,1.6,1.8,-0.2,0.6,0.4,0.6,0.8,0.2
N1,Telstar,2025-10-19,H,Heerenveen,2,3,L,0,9,0.6,1.6,2.4,-0.8,0.8,0.2,0.8,0.8,0.0
N1,Telstar,2025-10-25,A,Sparta Rotterdam,0,1,L,0,10,0.6,1.4,2.0,-0.6,0.6,0.4,0.6,0.6,0.0
N1,Telstar,2025-11-01,H,Excelsior,2,2,D,1,11,0.8,1.8,2.0,-0.2,0.8,0.2,0.8,0.8,0.0
N1,Telstar,2025-11-07,A,Twente,0,0,D,1,12,0.4,1.0,1.6,-0.6,0.6,0.4,0.6,0.6,0.2
N1,Telstar,2025-11-23,H,Utrecht,1,1,D,1,13,0.6,1.0,1.4,-0.4,0.4,0.6,0.6,0.6,0.2
N1,Telstar,2025-11-30,H,Feyenoord,1,2,L,0,14,0.6,0.8,1.2,-0.4,0.4,0.6,0.6,0.6,0.2
N1,Telstar,2025-12-06,A,Heracles,1,1,D,1,15,0.8,1.0,1.2,-0.2,0.4,0.6,0.8,0.8,0.2
N1,Telstar,2025-12-13,H,Nijmegen,2,2,D,1,16,0.8,1.0,1.2,-0.2,0.4,0.6,0.8,0.8,0.2
N1,Telstar,2025-12-20,A,NAC Breda,1,0,W,3,17,1.2,1.2,1.2,0.0,0.4,0.6,0.8,1.0,0.2
N1,Telstar,2026-01-11,H,Ajax,2,3,L,0,18,1.0,1.4,1.6,-0.2,0.6,0.4,0.8,1.0,0.2
N1,Telstar,2026-01-17,A,Excelsior,2,2,D,1,19,1.2,1.6,1.6,0.0,0.6,0.4,0.8,1.0,0.2
N1,Telstar,2026-01-25,H,AZ Alkmaar,0,1,L,0,20,1.0,1.4,1.6,-0.2,0.6,0.4,0.6,0.8,0.2
N1,Telstar,2026-01-31,A,Zwolle,1,4,L,0,21,0.8,1.2,2.0,-0.8,0.6,0.4,0.6,0.8,0.2
N1,Telstar,2026-02-08,A,Go Ahead Eagles,1,1,D,1,22,0.4,1.2,2.2,-1.0,0.6,0.4,0.8,0.8,0.0
N1,Telstar,2026-02-15,H,Twente,1,1,D,1,23,0.6,1.0,1.8,-0.8,0.4,0.6,0.8,0.8,0.0
N1,Telstar,2026-02-22,A,Feyenoord,1,2,L,0,24,0.4,0.8,1.8,-1.0,0.4,0.6,0.8,0.8,0.0
N1,Telstar,2026-02-27,H,NAC Breda,3,0,W,3,25,1.0,1.4,1.6,-0.2,0.6,0.4,0.8,1.0,0.2
N1,Telstar,2026-03-08,A,For Sittard,4,1,W,3,26,1.6,2.0,1.0,1.0,0.6,0.4,0.8,1.0,0.2
N1,Telstar,2026-03-14,A,Heerenveen,0,3,L,0,27,1.4,1.8,1.4,0.4,0.8,0.2,0.6,0.8,0.2
N1,Telstar,2026-03-22,H,PSV Eindhoven,3,1,W,3,28,1.8,2.2,1.4,0.8,1.0,0.0,0.6,0.8,0.2
N1,Telstar,2026-04-04,H,Groningen,0,2,L,0,29,1.8,2.0,1.4,0.6,0.8,0.2,0.4,0.6,0.2
N1,Twente,2025-08-10,A,Zwolle,0,1,L,0,1,0.0,0.0,1.0,-1.0,0.0,1.0,0.0,0.0,0.0
N1,Twente,2025-08-17,H,PSV Eindhoven,0,2,L,0,2,0.0,0.0,1.5,-1.5,0.0,1.0,0.0,0.0,0.0
N1,Twente,2025-08-24,A,Heerenveen,2,1,W,3,3,1.0,0.6666666666666666,1.3333333333333333,-0.6666666666666666,0.3333333333333333,0.6666666666666666,0.3333333333333333,0.3333333333333333,0.0
N1,Twente,2025-08-30,A,Excelsior,0,1,L,0,4,0.75,0.5,1.25,-0.75,0.25,0.75,0.25,0.25,0.0
N1,Twente,2025-09-13,H,NAC Breda,2,2,D,1,5,0.8,0.8,1.4,-0.6,0.4,0.6,0.4,0.4,0.0
N1,Twente,2025-09-19,A,Sparta Rotterdam,5,1,W,3,6,1.4,1.8,1.4,0.4,0.6,0.4,0.6,0.6,0.0
N1,Twente,2025-09-26,H,For Sittard,3,2,W,3,7,2.0,2.4,1.4,1.0,0.8,0.2,0.8,0.8,0.0
N1,Twente,2025-10-05,H,Heracles,2,1,W,3,8,2.0,2.4,1.4,1.0,0.8,0.2,0.8,0.8,0.0
N1,Twente,2025-10-18,A,Nijmegen,3,3,D,1,9,2.2,3.0,1.8,1.2,1.0,0.0,1.0,1.0,0.0
N1,Twente,2025-10-26,H,Ajax,2,3,L,0,10,2.0,3.0,2.0,1.0,1.0,0.0,1.0,1.0,0.0
N1,Twente,2025-11-02,A,Groningen,1,1,D,1,11,1.6,2.2,2.0,0.2,0.8,0.2,1.0,1.0,0.0
N1,Twente,2025-11-07,H,Telstar,0,0,D,1,12,1.2,1.6,1.6,0.0,0.6,0.4,0.8,0.8,0.2
N1,Twente,2025-11-22,A,Volendam,1,1,D,1,13,0.8,1.4,1.6,-0.2,0.4,0.6,0.8,0.8,0.2
N1,Twente,2025-11-30,H,AZ Alkmaar,1,0,W,3,14,1.2,1.0,1.0,0.0,0.2,0.8,0.6,0.8,0.4
N1,Twente,2025-12-07,A,Utrecht,1,1,D,1,15,1.4,0.8,0.6,0.2,0.0,1.0,0.6,0.8,0.4
N1,Twente,2025-12-14,H,Go Ahead Eagles,2,0,W,3,16,1.8,1.0,0.4,0.6,0.0,1.0,0.4,0.8,0.6
N1,Twente,2025-12-21,A,Feyenoord,1,1,D,1,17,1.8,1.2,0.6,0.6,0.0,1.0,0.6,1.0,0.4
N1,Twente,2026-01-10,H,Zwolle,1,1,D,1,18,1.8,1.2,0.6,0.6,0.0,1.0,0.6,1.0,0.4
N1,Twente,2026-01-18,A,Heracles,2,0,W,3,19,1.8,1.4,0.6,0.8,0.0,1.0,0.6,1.0,0.4
N1,Twente,2026-01-24,H,Excelsior,0,0,D,1,20,1.8,1.2,0.4,0.8,0.0,1.0,0.4,0.8,0.6
N1,Twente,2026-01-30,A,NAC Breda,2,2,D,1,21,1.4,1.2,0.8,0.4,0.2,0.8,0.6,0.8,0.4
N1,Twente,2026-02-07,H,Heerenveen,5,0,W,3,22,1.8,2.0,0.6,1.4,0.4,0.6,0.4,0.8,0.6
N1,Twente,2026-02-15,A,Telstar,1,1,D,1,23,1.8,2.0,0.6,1.4,0.4,0.6,0.4,0.8,0.6
N1,Twente,2026-02-22,H,Groningen,2,1,W,3,24,1.8,2.0,0.8,1.2,0.6,0.4,0.6,0.8,0.4
N1,Twente,2026-03-01,H,Feyenoord,2,0,W,3,25,2.2,2.4,0.8,1.6,0.6,0.4,0.6,1.0,0.4
N1,Twente,2026-03-08,A,Go Ahead Eagles,4,1,W,3,26,2.6,2.8,0.6,2.2,0.6,0.4,0.6,1.0,0.4
N1,Twente,2026-03-15,H,Utrecht,0,2,L,0,27,2.0,1.8,1.0,0.8,0.4,0.6,0.6,0.8,0.2
N1,Twente,2026-03-21,A,For Sittard,2,1,W,3,28,2.4,2.0,1.0,1.0,0.6,0.4,0.6,0.8,0.2
N1,Twente,2026-04-04,A,Ajax,2,1,W,3,29,2.4,2.0,1.0,1.0,0.6,0.4,0.6,0.8,0.2
N1,Utrecht,2025-08-10,H,Heracles,4,0,W,3,1,3.0,4.0,0.0,4.0,1.0,0.0,0.0,1.0,1.0
N1,Utrecht,2025-08-17,A,Sparta Rotterdam,1,2,L,0,2,1.5,2.5,1.0,1.5,1.0,0.0,0.5,1.0,0.5
N1,Utrecht,2025-08-24,H,Excelsior,4,1,W,3,3,2.0,3.0,1.0,2.0,1.0,0.0,0.6666666666666666,1.0,0.3333333333333333
N1,Utrecht,2025-08-31,A,Zwolle,2,0,W,3,4,2.25,2.75,0.75,2.0,0.75,0.25,0.5,1.0,0.5
N1,Utrecht,2025-09-14,H,Groningen,0,1,L,0,5,1.8,2.2,0.8,1.4,0.6,0.4,0.4,0.8,0.4
N1,Utrecht,2025-09-20,A,For Sittard,0,1,L,0,6,1.2,1.4,1.0,0.4,0.4,0.6,0.4,0.6,0.2
N1,Utrecht,2025-09-28,H,Heerenveen,2,2,D,1,7,1.4,1.6,1.0,0.6,0.4,0.6,0.4,0.6,0.2
N1,Utrecht,2025-10-05,A,Feyenoord,2,3,L,0,8,0.8,1.2,1.4,-0.2,0.4,0.6,0.4,0.6,0.2
N1,Utrecht,2025-10-18,H,Volendam,3,1,W,3,9,0.8,1.4,1.6,-0.2,0.6,0.4,0.6,0.6,0.0
N1,Utrecht,2025-10-26,A,AZ Alkmaar,1,4,L,0,10,0.8,1.6,2.2,-0.6,0.8,0.2,0.8,0.8,0.0
N1,Utrecht,2025-11-02,H,Nijmegen,1,0,W,3,11,1.4,1.8,2.0,-0.2,0.8,0.2,0.8,1.0,0.2
N1,Utrecht,2025-11-09,H,Ajax,2,1,W,3,12,1.8,1.8,1.8,0.0,0.8,0.2,0.8,1.0,0.2
N1,Utrecht,2025-11-23,A,Telstar,1,1,D,1,13,2.0,1.6,1.4,0.2,0.6,0.4,0.8,1.0,0.2
N1,Utrecht,2025-11-30,A,Go Ahead Eagles,2,2,D,1,14,1.6,1.4,1.6,-0.2,0.6,0.4,0.8,1.0,0.2
N1,Utrecht,2025-12-07,H,Twente,1,1,D,1,15,1.8,1.4,1.0,0.4,0.4,0.6,0.8,1.0,0.2
N1,Utrecht,2025-12-14,A,NAC Breda,1,1,D,1,16,1.4,1.4,1.2,0.2,0.4,0.6,1.0,1.0,0.0
N1,Utrecht,2025-12-21,H,PSV Eindhoven,1,2,L,0,17,0.8,1.2,1.4,-0.2,0.4,0.6,1.0,1.0,0.0
N1,Utrecht,2026-01-18,A,Volendam,1,2,L,0,18,0.6,1.2,1.6,-0.4,0.6,0.4,1.0,1.0,0.0
N1,Utrecht,2026-01-25,H,Sparta Rotterdam,0,1,L,0,19,0.4,0.8,1.4,-0.6,0.4,0.6,0.8,0.8,0.0
N1,Utrecht,2026-02-01,A,Heerenveen,1,1,D,1,20,0.4,0.8,1.4,-0.6,0.4,0.6,0.8,0.8,0.0
N1,Utrecht,2026-02-08,H,Feyenoord,0,1,L,0,21,0.2,0.6,1.4,-0.8,0.4,0.6,0.6,0.6,0.0
N1,Utrecht,2026-02-11,A,Nijmegen,3,1,W,3,22,0.8,1.0,1.2,-0.2,0.4,0.6,0.6,0.6,0.0
N1,Utrecht,2026-02-14,A,Groningen,2,1,W,3,23,1.4,1.2,1.0,0.2,0.4,0.6,0.6,0.6,0.0
N1,Utrecht,2026-02-22,H,Zwolle,1,1,D,1,24,1.6,1.4,1.0,0.4,0.4,0.6,0.8,0.8,0.0
N1,Utrecht,2026-03-01,H,AZ Alkmaar,2,0,W,3,25,2.0,1.6,0.8,0.8,0.4,0.6,0.6,0.8,0.2
N1,Utrecht,2026-03-06,A,Heracles,0,0,D,1,26,2.2,1.6,0.6,1.0,0.4,0.6,0.6,0.8,0.4
N1,Utrecht,2026-03-15,A,Twente,2,0,W,3,27,2.2,1.4,0.4,1.0,0.2,0.8,0.4,0.8,0.6
N1,Utrecht,2026-03-22,H,Go Ahead Eagles,2,0,W,3,28,2.2,1.4,0.2,1.2,0.0,1.0,0.2,0.8,0.8
N1,Utrecht,2026-04-04,A,PSV Eindhoven,3,4,L,0,29,2.0,1.8,0.8,1.0,0.2,0.8,0.2,0.8,0.8
N1,Volendam,2025-08-09,A,Heerenveen,1,1,D,1,1,1.0,1.0,1.0,0.0,0.0,1.0,1.0,1.0,0.0
N1,Volendam,2025-08-17,H,AZ Alkmaar,2,2,D,1,2,1.0,1.5,1.5,0.0,0.5,0.5,1.0,1.0,0.0
N1,Volendam,2025-08-23,A,Telstar,2,2,D,1,3,1.0,1.6666666666666667,1.6666666666666667,0.0,0.6666666666666666,0.3333333333333333,1.0,1.0,0.0
N1,Volendam,2025-08-30,H,Ajax,1,1,D,1,4,1.0,1.5,1.5,0.0,0.5,0.5,1.0,1.0,0.0
N1,Volendam,2025-09-13,A,Go Ahead Eagles,0,3,L,0,5,0.8,1.2,1.8,-0.6,0.6,0.4,0.8,0.8,0.0
N1,Volendam,2025-09-20,H,Excelsior,1,2,L,0,6,0.6,1.2,2.0,-0.8,0.8,0.2,0.8,0.8,0.0
N1,Volendam,2025-09-27,H,Zwolle,2,1,W,3,7,1.0,1.2,1.8,-0.6,0.8,0.2,0.8,0.8,0.0
N1,Volendam,2025-10-04,A,For Sittard,0,1,L,0,8,0.8,0.8,1.6,-0.8,0.6,0.4,0.6,0.6,0.0
N1,Volendam,2025-10-18,A,Utrecht,1,3,L,0,9,0.6,0.8,2.0,-1.2,0.8,0.2,0.6,0.6,0.0
N1,Volendam,2025-10-25,H,Heracles,3,0,W,3,10,1.2,1.4,1.4,0.0,0.8,0.2,0.6,0.8,0.2
N1,Volendam,2025-11-01,A,Feyenoord,1,3,L,0,11,1.2,1.4,1.6,-0.2,0.8,0.2,0.6,0.8,0.2
N1,Volendam,2025-11-08,H,NAC Breda,2,1,W,3,12,1.2,1.4,1.6,-0.2,0.8,0.2,0.6,0.8,0.2
N1,Volendam,2025-11-22,H,Twente,1,1,D,1,13,1.4,1.6,1.6,0.0,0.8,0.2,0.8,1.0,0.2
N1,Volendam,2025-11-30,A,PSV Eindhoven,0,3,L,0,14,1.4,1.4,1.6,-0.2,0.8,0.2,0.6,0.8,0.2
N1,Volendam,2025-12-07,H,Nijmegen,2,3,L,0,15,0.8,1.2,2.2,-1.0,0.8,0.2,0.8,0.8,0.0
N1,Volendam,2025-12-13,A,Groningen,0,3,L,0,16,0.8,1.0,2.2,-1.2,0.8,0.2,0.6,0.6,0.0
N1,Volendam,2025-12-21,H,Sparta Rotterdam,0,1,L,0,17,0.2,0.6,2.2,-1.6,0.6,0.4,0.4,0.4,0.0
N1,Volendam,2026-01-10,A,AZ Alkmaar,0,1,L,0,18,0.0,0.4,2.2,-1.8,0.6,0.4,0.2,0.2,0.0
N1,Volendam,2026-01-18,H,Utrecht,2,1,W,3,19,0.6,0.8,1.8,-1.0,0.6,0.4,0.4,0.4,0.0
N1,Volendam,2026-01-24,A,Ajax,0,2,L,0,20,0.6,0.4,1.6,-1.2,0.4,0.6,0.2,0.2,0.0
N1,Volendam,2026-02-01,H,Go Ahead Eagles,1,1,D,1,21,0.8,0.6,1.2,-0.6,0.2,0.8,0.4,0.4,0.0
N1,Volendam,2026-02-07,A,Zwolle,2,1,W,3,22,1.4,1.0,1.2,-0.2,0.4,0.6,0.6,0.6,0.0
N1,Volendam,2026-02-13,H,PSV Eindhoven,2,1,W,3,23,2.0,1.4,1.2,0.2,0.6,0.4,0.8,0.8,0.0
N1,Volendam,2026-02-21,A,NAC Breda,0,1,L,0,24,1.4,1.0,1.2,-0.2,0.4,0.6,0.6,0.6,0.0
N1,Volendam,2026-03-01,H,Groningen,3,2,W,3,25,2.0,1.6,1.2,0.4,0.6,0.4,0.8,0.8,0.0
N1,Volendam,2026-03-08,A,Nijmegen,0,3,L,0,26,1.8,1.4,1.6,-0.2,0.8,0.2,0.6,0.6,0.0
N1,Volendam,2026-03-14,H,For Sittard,1,2,L,0,27,1.2,1.2,1.8,-0.6,0.8,0.2,0.6,0.6,0.0
N1,Volendam,2026-03-21,A,Sparta Rotterdam,0,2,L,0,28,0.6,0.8,2.0,-1.2,0.6,0.4,0.4,0.4,0.0
N1,Volendam,2026-04-05,H,Feyenoord,0,0,D,1,29,0.8,0.8,1.8,-1.0,0.6,0.4,0.4,0.4,0.2
N1,Zwolle,2025-08-10,H,Twente,1,0,W,3,1,3.0,1.0,0.0,1.0,0.0,1.0,0.0,1.0,1.0
N1,Zwolle,2025-08-15,A,Telstar,2,0,W,3,2,3.0,1.5,0.0,1.5,0.0,1.0,0.0,1.0,1.0
N1,Zwolle,2025-08-31,H,Utrecht,0,2,L,0,3,2.0,1.0,0.6666666666666666,0.3333333333333333,0.0,1.0,0.0,0.6666666666666666,0.6666666666666666
N1,Zwolle,2025-09-13,A,Ajax,1,3,L,0,4,1.5,1.0,1.25,-0.25,0.25,0.75,0.25,0.75,0.5
N1,Zwolle,2025-09-21,H,Go Ahead Eagles,0,2,L,0,5,1.2,0.8,1.4,-0.6,0.2,0.8,0.2,0.6,0.4
N1,Zwolle,2025-09-24,A,AZ Alkmaar,2,2,D,1,6,0.8,1.0,1.8,-0.8,0.4,0.6,0.4,0.6,0.2
N1,Zwolle,2025-09-27,A,Volendam,1,2,L,0,7,0.2,0.8,2.2,-1.4,0.6,0.4,0.6,0.6,0.0
N1,Zwolle,2025-10-04,H,PSV Eindhoven,0,4,L,0,8,0.2,0.8,2.6,-1.8,0.8,0.2,0.6,0.6,0.0
N1,Zwolle,2025-10-18,A,NAC Breda,2,2,D,1,9,0.4,1.0,2.4,-1.4,0.8,0.2,0.6,0.6,0.0
N1,Zwolle,2025-10-25,H,Nijmegen,2,2,D,1,10,0.6,1.4,2.4,-1.0,1.0,0.0,0.8,0.8,0.0
N1,Zwolle,2025-11-02,A,Heracles,2,8,L,0,11,0.4,1.4,3.6,-2.2,1.0,0.0,0.8,0.8,0.0
N1,Zwolle,2025-11-08,H,Sparta Rotterdam,1,0,W,3,12,1.0,1.4,3.2,-1.8,0.8,0.2,0.6,0.8,0.2
N1,Zwolle,2025-11-23,A,Groningen,2,2,D,1,13,1.2,1.8,2.8,-1.0,0.8,0.2,0.8,1.0,0.2
N1,Zwolle,2025-11-28,H,Heerenveen,2,1,W,3,14,1.6,1.8,2.6,-0.8,0.8,0.2,0.8,1.0,0.2
N1,Zwolle,2025-12-06,A,Feyenoord,1,6,L,0,15,1.4,1.6,3.4,-1.8,0.8,0.2,0.8,1.0,0.2
N1,Zwolle,2025-12-13,H,For Sittard,1,0,W,3,16,2.0,1.4,1.8,-0.4,0.6,0.4,0.6,1.0,0.4
N1,Zwolle,2025-12-20,A,Excelsior,1,2,L,0,17,1.4,1.4,2.2,-0.8,0.8,0.2,0.8,1.0,0.2
N1,Zwolle,2026-01-10,A,Twente,1,1,D,1,18,1.4,1.2,2.0,-0.8,0.6,0.4,0.8,1.0,0.2
N1,Zwolle,2026-01-17,H,AZ Alkmaar,3,1,W,3,19,1.4,1.4,2.0,-0.6,0.6,0.4,0.8,1.0,0.2
N1,Zwolle,2026-01-24,A,Nijmegen,1,2,L,0,20,1.4,1.4,1.2,0.2,0.6,0.4,0.8,1.0,0.2
N1,Zwolle,2026-01-31,H,Telstar,4,1,W,3,21,1.4,2.0,1.4,0.6,0.8,0.2,1.0,1.0,0.0
N1,Zwolle,2026-02-07,H,Volendam,1,2,L,0,22,1.4,2.0,1.4,0.6,0.8,0.2,1.0,1.0,0.0
N1,Zwolle,2026-02-15,A,Heerenveen,2,4,L,0,23,1.2,2.2,2.0,0.2,1.0,0.0,1.0,1.0,0.0
N1,Zwolle,2026-02-22,A,Utrecht,1,1,D,1,24,0.8,1.8,2.0,-0.2,0.8,0.2,1.0,1.0,0.0
N1,Zwolle,2026-03-01,H,Ajax,0,0,D,1,25,1.0,1.6,1.6,0.0,0.6,0.4,0.8,0.8,0.2
N1,Zwolle,2026-03-08,A,Sparta Rotterdam,1,1,D,1,26,0.6,1.0,1.6,-0.6,0.4,0.6,0.8,0.8,0.2
N1,Zwolle,2026-03-13,H,Groningen,1,1,D,1,27,0.8,1.0,1.4,-0.4,0.2,0.8,0.8,0.8,0.2
N1,Zwolle,2026-03-21,H,NAC Breda,2,1,W,3,28,1.4,1.0,0.8,0.2,0.2,0.8,0.8,0.8,0.2
N1,Zwolle,2026-04-05,A,Go Ahead Eagles,0,5,L,0,29,1.2,0.8,1.6,-0.8,0.4,0.6,0.6,0.6,0.2
P1,AVS,2025-08-09,A,Arouca,1,3,L,0,1,0.0,1.0,3.0,-2.0,1.0,0.0,1.0,1.0,0.0
P1,AVS,2025-08-15,H,Casa Pia,0,2,L,0,2,0.0,0.5,2.5,-2.0,0.5,0.5,0.5,0.5,0.0
P1,AVS,2025-08-24,A,Sp Braga,2,2,D,1,3,0.3333333333333333,1.0,2.3333333333333335,-1.3333333333333333,0.6666666666666666,0.3333333333333333,0.6666666666666666,0.6666666666666666,0.0
P1,AVS,2025-08-30,H,Famalicao,0,1,L,0,4,0.25,0.75,2.0,-1.25,0.5,0.5,0.5,0.5,0.0
P1,AVS,2025-09-13,A,Estoril,1,3,L,0,5,0.2,0.8,2.2,-1.4,0.6,0.4,0.6,0.6,0.0
P1,AVS,2025-09-20,H,Benfica,0,3,L,0,6,0.2,0.6,2.2,-1.6,0.6,0.4,0.4,0.4,0.0
P1,AVS,2025-09-27,A,Estrela,0,3,L,0,7,0.2,0.6,2.4,-1.8,0.8,0.2,0.4,0.4,0.0
P1,AVS,2025-10-04,H,Alverca,1,3,L,0,8,0.0,0.4,2.6,-2.2,0.8,0.2,0.4,0.4,0.0
P1,AVS,2025-10-25,A,Santa Clara,0,2,L,0,9,0.0,0.4,2.8,-2.4,0.8,0.2,0.4,0.4,0.0
P1,AVS,2025-11-02,H,Tondela,2,2,D,1,10,0.2,0.6,2.6,-2.0,0.8,0.2,0.4,0.4,0.0
P1,AVS,2025-11-09,H,Gil Vicente,1,1,D,1,11,0.4,0.8,2.2,-1.4,0.6,0.4,0.6,0.6,0.0
P1,AVS,2025-11-28,A,Guimaraes,0,4,L,0,12,0.4,0.8,2.4,-1.6,0.6,0.4,0.6,0.6,0.0
P1,AVS,2025-12-06,H,Rio Ave,1,2,L,0,13,0.4,0.8,2.2,-1.4,0.6,0.4,0.6,0.6,0.0
P1,AVS,2025-12-13,A,Sp Lisbon,0,6,L,0,14,0.4,0.8,3.0,-2.2,0.8,0.2,0.6,0.6,0.0
P1,AVS,2025-12-21,H,Nacional,2,2,D,1,15,0.4,0.8,3.0,-2.2,0.8,0.2,0.6,0.6,0.0
P1,AVS,2025-12-29,A,Porto,0,2,L,0,16,0.2,0.6,3.2,-2.6,0.8,0.2,0.4,0.4,0.0
P1,AVS,2026-01-03,H,Moreirense,0,2,L,0,17,0.2,0.6,2.8,-2.2,0.6,0.4,0.4,0.4,0.0
P1,AVS,2026-01-17,H,Arouca,0,1,L,0,18,0.2,0.4,2.6,-2.2,0.4,0.6,0.2,0.2,0.0
P1,AVS,2026-01-23,A,Casa Pia,3,3,D,1,19,0.4,1.0,2.0,-1.0,0.4,0.6,0.4,0.4,0.0
P1,AVS,2026-02-02,H,Sp Braga,0,4,L,0,20,0.2,0.6,2.4,-1.8,0.4,0.6,0.2,0.2,0.0
P1,AVS,2026-02-09,A,Famalicao,1,3,L,0,21,0.2,0.8,2.6,-1.8,0.6,0.4,0.4,0.4,0.0
P1,AVS,2026-02-15,H,Estoril,3,0,W,3,22,0.8,1.4,2.2,-0.8,0.8,0.2,0.4,0.6,0.2
P1,AVS,2026-02-21,A,Benfica,0,3,L,0,23,0.8,1.4,2.6,-1.2,1.0,0.0,0.4,0.6,0.2
P1,AVS,2026-02-28,H,Estrela,0,0,D,1,24,0.8,0.8,2.0,-1.2,0.8,0.2,0.2,0.4,0.4
P1,AVS,2026-03-07,A,Alverca,0,0,D,1,25,1.0,0.8,1.2,-0.4,0.6,0.4,0.2,0.4,0.6
P1,AVS,2026-03-15,H,Santa Clara,0,1,L,0,26,1.0,0.6,0.8,-0.2,0.4,0.6,0.0,0.2,0.6
P1,AVS,2026-03-21,A,Tondela,0,0,D,1,27,0.6,0.0,0.8,-0.8,0.2,0.8,0.0,0.0,0.6
P1,AVS,2026-04-03,A,Gil Vicente,0,3,L,0,28,0.6,0.0,0.8,-0.8,0.2,0.8,0.0,0.0,0.6
P1,Alverca,2025-08-10,A,Moreirense,1,2,L,0,1,0.0,1.0,2.0,-1.0,1.0,0.0,1.0,1.0,0.0
P1,Alverca,2025-08-17,H,Sp Braga,0,3,L,0,2,0.0,0.5,2.5,-2.0,1.0,0.0,0.5,0.5,0.0
P1,Alverca,2025-08-25,A,Estrela,2,2,D,1,3,0.3333333333333333,1.0,2.3333333333333335,-1.3333333333333333,1.0,0.0,0.6666666666666666,0.6666666666666666,0.0
P1,Alverca,2025-08-31,H,Benfica,1,2,L,0,4,0.25,1.0,2.25,-1.25,1.0,0.0,0.75,0.75,0.0
P1,Alverca,2025-09-12,H,Tondela,1,0,W,3,5,0.8,1.0,1.8,-0.8,0.8,0.2,0.6,0.8,0.2
P1,Alverca,2025-09-20,A,Santa Clara,1,2,L,0,6,0.8,1.0,1.8,-0.8,0.8,0.2,0.6,0.8,0.2
P1,Alverca,2025-09-28,H,Guimaraes,2,0,W,3,7,1.4,1.4,1.2,0.2,0.6,0.4,0.6,1.0,0.4
P1,Alverca,2025-10-04,A,AVS,3,1,W,3,8,1.8,1.6,1.0,0.6,0.6,0.4,0.6,1.0,0.4
P1,Alverca,2025-10-24,H,Gil Vicente,0,4,L,0,9,1.8,1.4,1.4,0.0,0.6,0.4,0.4,0.8,0.4
P1,Alverca,2025-10-31,A,Sp Lisbon,0,2,L,0,10,1.2,1.2,1.8,-0.6,0.6,0.4,0.4,0.6,0.2
P1,Alverca,2025-11-08,H,Rio Ave,1,1,D,1,11,1.4,1.2,1.6,-0.4,0.4,0.6,0.4,0.6,0.2
P1,Alverca,2025-11-29,A,Casa Pia,2,0,W,3,12,1.4,1.2,1.6,-0.4,0.4,0.6,0.4,0.6,0.2
P1,Alverca,2025-12-07,H,Nacional,1,0,W,3,13,1.4,0.8,1.4,-0.6,0.2,0.8,0.2,0.6,0.4
P1,Alverca,2025-12-14,A,Arouca,0,1,L,0,14,1.4,0.8,0.8,0.0,0.0,1.0,0.2,0.6,0.4
P1,Alverca,2025-12-22,H,Porto,0,3,L,0,15,1.4,0.8,1.0,-0.2,0.2,0.8,0.2,0.6,0.4
P1,Alverca,2025-12-27,A,Estoril,1,4,L,0,16,1.2,0.8,1.6,-0.8,0.4,0.6,0.2,0.6,0.4
P1,Alverca,2026-01-04,H,Famalicao,1,0,W,3,17,1.2,0.6,1.6,-1.0,0.4,0.6,0.2,0.6,0.4
P1,Alverca,2026-01-17,H,Moreirense,2,1,W,3,18,1.2,0.8,1.8,-1.0,0.6,0.4,0.4,0.6,0.2
P1,Alverca,2026-01-25,A,Sp Braga,0,5,L,0,19,1.2,0.8,2.6,-1.8,0.8,0.2,0.4,0.6,0.2
P1,Alverca,2026-01-31,H,Estrela,1,1,D,1,20,1.4,1.0,2.2,-1.2,0.6,0.4,0.6,0.8,0.2
P1,Alverca,2026-02-08,A,Benfica,1,2,L,0,21,1.4,1.0,1.8,-0.8,0.6,0.4,0.6,0.8,0.2
P1,Alverca,2026-02-13,A,Tondela,1,1,D,1,22,1.0,1.0,2.0,-1.0,0.6,0.4,0.8,0.8,0.0
P1,Alverca,2026-02-21,H,Santa Clara,1,1,D,1,23,0.6,0.8,2.0,-1.2,0.4,0.6,0.8,0.8,0.0
P1,Alverca,2026-02-28,A,Guimaraes,1,1,D,1,24,0.8,1.0,1.2,-0.2,0.2,0.8,1.0,1.0,0.0
P1,Alverca,2026-03-07,H,AVS,0,0,D,1,25,0.8,0.8,1.0,-0.2,0.2,0.8,0.8,0.8,0.2
P1,Alverca,2026-03-14,A,Gil Vicente,2,2,D,1,26,1.0,1.0,1.0,0.0,0.2,0.8,0.8,0.8,0.2
P1,Alverca,2026-03-22,H,Sp Lisbon,1,4,L,0,27,0.8,1.0,1.6,-0.6,0.4,0.6,0.8,0.8,0.2
P1,Alverca,2026-04-04,A,Rio Ave,2,1,W,3,28,1.2,1.2,1.6,-0.4,0.6,0.4,0.8,0.8,0.2
P1,Arouca,2025-08-09,H,AVS,3,1,W,3,1,3.0,3.0,1.0,2.0,1.0,0.0,1.0,1.0,0.0
P1,Arouca,2025-08-17,A,Sp Lisbon,0,6,L,0,2,1.5,1.5,3.5,-2.0,1.0,0.0,0.5,0.5,0.0
P1,Arouca,2025-08-23,H,Rio Ave,3,3,D,1,3,1.3333333333333333,2.0,3.3333333333333335,-1.3333333333333333,1.0,0.0,0.6666666666666666,0.6666666666666666,0.0
P1,Arouca,2025-08-30,A,Guimaraes,1,1,D,1,4,1.25,1.75,2.75,-1.0,0.75,0.25,0.75,0.75,0.0
P1,Arouca,2025-09-14,H,Casa Pia,0,2,L,0,5,1.0,1.4,2.6,-1.2,0.6,0.4,0.6,0.6,0.0
P1,Arouca,2025-09-20,A,Nacional,2,1,W,3,6,1.0,1.2,2.6,-1.4,0.6,0.4,0.6,0.6,0.0
P1,Arouca,2025-09-29,H,Porto,0,4,L,0,7,1.0,1.2,2.2,-1.0,0.6,0.4,0.6,0.6,0.0
P1,Arouca,2025-10-05,H,Famalicao,1,1,D,1,8,1.0,0.8,1.8,-1.0,0.4,0.6,0.6,0.6,0.0
P1,Arouca,2025-10-25,A,Benfica,0,5,L,0,9,0.8,0.6,2.6,-2.0,0.6,0.4,0.4,0.4,0.0
P1,Arouca,2025-11-02,H,Moreirense,0,2,L,0,10,0.8,0.6,2.6,-2.0,0.6,0.4,0.4,0.4,0.0
P1,Arouca,2025-11-07,A,Estoril,3,4,L,0,11,0.2,0.8,3.2,-2.4,0.6,0.4,0.4,0.4,0.0
P1,Arouca,2025-12-01,H,Sp Braga,0,4,L,0,12,0.2,0.8,3.2,-2.4,0.6,0.4,0.4,0.4,0.0
P1,Arouca,2025-12-07,A,Estrela,1,3,L,0,13,0.0,0.8,3.6,-2.8,0.8,0.2,0.4,0.4,0.0
P1,Arouca,2025-12-14,H,Alverca,1,0,W,3,14,0.6,1.0,2.6,-1.6,0.6,0.4,0.4,0.6,0.2
P1,Arouca,2025-12-21,A,Santa Clara,0,0,D,1,15,0.8,1.0,2.2,-1.2,0.6,0.4,0.4,0.6,0.4
P1,Arouca,2025-12-28,H,Gil Vicente,2,2,D,1,16,1.0,0.8,1.8,-1.0,0.6,0.4,0.4,0.6,0.4
P1,Arouca,2026-01-03,A,Tondela,1,3,L,0,17,1.0,1.0,1.6,-0.6,0.6,0.4,0.6,0.8,0.4
P1,Arouca,2026-01-17,A,AVS,1,0,W,3,18,1.6,1.0,1.0,0.0,0.4,0.6,0.4,0.8,0.6
P1,Arouca,2026-01-24,H,Sp Lisbon,1,2,L,0,19,1.0,1.0,1.4,-0.4,0.6,0.4,0.6,0.8,0.4
P1,Arouca,2026-01-31,A,Rio Ave,3,0,W,3,20,1.4,1.6,1.4,0.2,0.8,0.2,0.6,1.0,0.4
P1,Arouca,2026-02-07,H,Guimaraes,3,2,W,3,21,1.8,1.8,1.4,0.4,0.8,0.2,0.6,1.0,0.4
P1,Arouca,2026-02-14,A,Casa Pia,2,3,L,0,22,1.8,2.0,1.4,0.6,0.8,0.2,0.6,1.0,0.4
P1,Arouca,2026-02-21,H,Nacional,3,0,W,3,23,1.8,2.4,1.4,1.0,1.0,0.0,0.6,1.0,0.4
P1,Arouca,2026-02-27,A,Porto,1,3,L,0,24,1.8,2.4,1.6,0.8,1.0,0.0,0.6,1.0,0.4
P1,Arouca,2026-03-06,A,Famalicao,0,1,L,0,25,1.2,1.8,1.8,0.0,0.8,0.2,0.6,0.8,0.2
P1,Arouca,2026-03-14,H,Benfica,1,2,L,0,26,0.6,1.4,1.8,-0.4,0.8,0.2,0.6,0.8,0.2
P1,Arouca,2026-03-21,A,Moreirense,1,0,W,3,27,1.2,1.2,1.2,0.0,0.6,0.4,0.4,0.8,0.4
P1,Arouca,2026-04-06,H,Estoril,3,2,W,3,28,1.2,1.2,1.6,-0.4,0.6,0.4,0.6,0.8,0.2
P1,Benfica,2025-08-16,A,Estrela,1,0,W,3,1,3.0,1.0,0.0,1.0,0.0,1.0,0.0,1.0,1.0
P1,Benfica,2025-08-23,H,Tondela,3,0,W,3,2,3.0,2.0,0.0,2.0,0.5,0.5,0.0,1.0,1.0
P1,Benfica,2025-08-31,A,Alverca,2,1,W,3,3,3.0,2.0,0.3333333333333333,1.6666666666666667,0.6666666666666666,0.3333333333333333,0.3333333333333333,1.0,0.6666666666666666
P1,Benfica,2025-09-12,H,Santa Clara,1,1,D,1,4,2.5,1.75,0.5,1.25,0.5,0.5,0.5,1.0,0.5
P1,Benfica,2025-09-20,A,AVS,3,0,W,3,5,2.6,2.0,0.4,1.6,0.6,0.4,0.4,1.0,0.6
P1,Benfica,2025-09-23,H,Rio Ave,1,1,D,1,6,2.2,2.0,0.6,1.4,0.6,0.4,0.6,1.0,0.4
P1,Benfica,2025-09-26,H,Gil Vicente,2,1,W,3,7,2.2,1.8,0.8,1.0,0.6,0.4,0.8,1.0,0.2
P1,Benfica,2025-10-05,A,Porto,0,0,D,1,8,1.8,1.4,0.6,0.8,0.4,0.6,0.6,0.8,0.4
P1,Benfica,2025-10-25,H,Arouca,5,0,W,3,9,2.2,2.2,0.4,1.8,0.6,0.4,0.4,0.8,0.6
P1,Benfica,2025-11-01,A,Guimaraes,3,0,W,3,10,2.2,2.2,0.4,1.8,0.6,0.4,0.4,0.8,0.6
P1,Benfica,2025-11-09,H,Casa Pia,2,2,D,1,11,2.2,2.4,0.6,1.8,0.8,0.2,0.4,0.8,0.6
P1,Benfica,2025-11-29,A,Nacional,2,1,W,3,12,2.2,2.4,0.6,1.8,0.8,0.2,0.4,0.8,0.6
P1,Benfica,2025-12-05,H,Sp Lisbon,1,1,D,1,13,2.2,2.6,0.8,1.8,0.8,0.2,0.6,1.0,0.4
P1,Benfica,2025-12-14,A,Moreirense,4,0,W,3,14,2.2,2.4,0.8,1.6,0.8,0.2,0.6,1.0,0.4
P1,Benfica,2025-12-22,H,Famalicao,1,0,W,3,15,2.2,2.0,0.8,1.2,0.6,0.4,0.6,1.0,0.4
P1,Benfica,2025-12-28,A,Sp Braga,2,2,D,1,16,2.2,2.0,0.8,1.2,0.6,0.4,0.6,1.0,0.4
P1,Benfica,2026-01-03,H,Estoril,3,1,W,3,17,2.2,2.2,0.8,1.4,0.6,0.4,0.6,1.0,0.4
P1,Benfica,2026-01-17,A,Rio Ave,2,0,W,3,18,2.6,2.4,0.6,1.8,0.6,0.4,0.4,1.0,0.6
P1,Benfica,2026-01-25,H,Estrela,4,0,W,3,19,2.6,2.4,0.6,1.8,0.6,0.4,0.4,1.0,0.6
P1,Benfica,2026-02-01,A,Tondela,0,0,D,1,20,2.2,2.2,0.6,1.6,0.6,0.4,0.4,0.8,0.6
P1,Benfica,2026-02-08,H,Alverca,2,1,W,3,21,2.6,2.2,0.4,1.8,0.6,0.4,0.4,0.8,0.6
P1,Benfica,2026-02-13,A,Santa Clara,2,1,W,3,22,2.6,2.0,0.4,1.6,0.6,0.4,0.4,0.8,0.6
P1,Benfica,2026-02-21,H,AVS,3,0,W,3,23,2.6,2.2,0.4,1.8,0.8,0.2,0.4,0.8,0.6
P1,Benfica,2026-03-02,A,Gil Vicente,2,1,W,3,24,2.6,1.8,0.6,1.2,0.8,0.2,0.6,0.8,0.4
P1,Benfica,2026-03-08,H,Porto,2,2,D,1,25,2.6,2.2,1.0,1.2,1.0,0.0,0.8,1.0,0.2
P1,Benfica,2026-03-14,A,Arouca,2,1,W,3,26,2.6,2.2,1.0,1.2,1.0,0.0,0.8,1.0,0.2
P1,Benfica,2026-03-21,H,Guimaraes,3,0,W,3,27,2.6,2.4,0.8,1.6,1.0,0.0,0.6,1.0,0.4
P1,Benfica,2026-04-06,A,Casa Pia,1,1,D,1,28,2.2,2.0,1.0,1.0,0.8,0.2,0.8,1.0,0.2
P1,Casa Pia,2025-08-08,H,Sp Lisbon,0,2,L,0,1,0.0,0.0,2.0,-2.0,0.0,1.0,0.0,0.0,0.0
P1,Casa Pia,2025-08-15,A,AVS,2,0,W,3,2,1.5,1.0,1.0,0.0,0.0,1.0,0.0,0.5,0.5
P1,Casa Pia,2025-08-24,A,Porto,0,4,L,0,3,1.0,0.6666666666666666,2.0,-1.3333333333333333,0.3333333333333333,0.6666666666666666,0.0,0.3333333333333333,0.3333333333333333
P1,Casa Pia,2025-08-30,H,Nacional,0,2,L,0,4,0.75,0.5,2.0,-1.5,0.25,0.75,0.0,0.25,0.25
P1,Casa Pia,2025-09-14,A,Arouca,2,0,W,3,5,1.2,0.8,1.6,-0.8,0.2,0.8,0.0,0.4,0.4
P1,Casa Pia,2025-09-21,H,Famalicao,1,1,D,1,6,1.4,1.0,1.4,-0.4,0.2,0.8,0.2,0.6,0.4
P1,Casa Pia,2025-09-27,A,Moreirense,1,2,L,0,7,0.8,0.8,1.8,-1.0,0.4,0.6,0.4,0.6,0.2
P1,Casa Pia,2025-10-03,H,Estoril,2,2,D,1,8,1.0,1.2,1.4,-0.2,0.4,0.6,0.6,0.8,0.2
P1,Casa Pia,2025-10-26,A,Sp Braga,0,4,L,0,9,1.0,1.2,1.8,-0.6,0.6,0.4,0.6,0.8,0.2
P1,Casa Pia,2025-11-01,H,Estrela,3,5,L,0,10,0.4,1.4,2.8,-1.4,0.8,0.2,0.8,0.8,0.0
P1,Casa Pia,2025-11-09,A,Benfica,2,2,D,1,11,0.4,1.6,3.0,-1.4,1.0,0.0,0.8,0.8,0.0
P1,Casa Pia,2025-11-29,H,Alverca,0,2,L,0,12,0.4,1.4,3.0,-1.6,0.8,0.2,0.6,0.6,0.0
P1,Casa Pia,2025-12-06,A,Santa Clara,0,1,L,0,13,0.2,1.0,2.8,-1.8,0.6,0.4,0.4,0.4,0.0
P1,Casa Pia,2025-12-13,H,Gil Vicente,1,1,D,1,14,0.4,1.2,2.2,-1.0,0.4,0.6,0.6,0.6,0.0
P1,Casa Pia,2025-12-21,A,Tondela,2,1,W,3,15,1.0,1.0,1.4,-0.4,0.4,0.6,0.6,0.6,0.0
P1,Casa Pia,2025-12-28,H,Guimaraes,0,0,D,1,16,1.0,0.6,1.0,-0.4,0.2,0.8,0.4,0.4,0.2
P1,Casa Pia,2026-01-04,A,Rio Ave,1,3,L,0,17,1.0,0.8,1.2,-0.4,0.4,0.6,0.6,0.6,0.2
P1,Casa Pia,2026-01-16,A,Sp Lisbon,0,3,L,0,18,1.0,0.8,1.6,-0.8,0.6,0.4,0.6,0.6,0.2
P1,Casa Pia,2026-01-23,H,AVS,3,3,D,1,19,1.0,1.2,2.0,-0.8,0.8,0.2,0.6,0.6,0.2
P1,Casa Pia,2026-02-02,H,Porto,2,1,W,3,20,1.0,1.2,2.0,-0.8,0.8,0.2,0.6,0.6,0.2
P1,Casa Pia,2026-02-08,A,Nacional,0,0,D,1,21,1.0,1.2,2.0,-0.8,0.8,0.2,0.6,0.6,0.2
P1,Casa Pia,2026-02-14,H,Arouca,3,2,W,3,22,1.6,1.6,1.8,-0.2,0.8,0.2,0.6,0.6,0.2
P1,Casa Pia,2026-02-23,A,Famalicao,0,2,L,0,23,1.6,1.6,1.6,0.0,0.6,0.4,0.6,0.6,0.2
P1,Casa Pia,2026-03-01,H,Moreirense,1,1,D,1,24,1.6,1.2,1.2,0.0,0.4,0.6,0.6,0.6,0.2
P1,Casa Pia,2026-03-07,A,Estoril,0,0,D,1,25,1.2,0.8,1.0,-0.2,0.2,0.8,0.4,0.4,0.4
P1,Casa Pia,2026-03-20,A,Estrela,0,4,L,0,26,1.0,0.8,1.8,-1.0,0.4,0.6,0.4,0.4,0.2
P1,Casa Pia,2026-04-06,H,Benfica,1,1,D,1,27,0.6,0.4,1.6,-1.2,0.2,0.8,0.4,0.4,0.2
P1,Estoril,2025-08-11,H,Estrela,1,1,D,1,1,1.0,1.0,1.0,0.0,0.0,1.0,1.0,1.0,0.0
P1,Estoril,2025-08-16,A,Guimaraes,2,3,L,0,2,0.5,1.5,2.0,-0.5,0.5,0.5,1.0,1.0,0.0
P1,Estoril,2025-08-31,A,Tondela,2,2,D,1,3,0.6666666666666666,1.6666666666666667,2.0,-0.3333333333333333,0.6666666666666666,0.3333333333333333,1.0,1.0,0.0
P1,Estoril,2025-09-06,H,Santa Clara,0,1,L,0,4,0.5,1.25,1.75,-0.5,0.5,0.5,0.75,0.75,0.0
P1,Estoril,2025-09-13,H,AVS,3,1,W,3,5,1.0,1.6,1.6,0.0,0.6,0.4,0.8,0.8,0.0
P1,Estoril,2025-09-21,A,Gil Vicente,0,2,L,0,6,0.8,1.4,1.8,-0.4,0.6,0.4,0.6,0.6,0.0
P1,Estoril,2025-09-27,H,Sp Lisbon,0,1,L,0,7,0.8,1.0,1.4,-0.4,0.4,0.6,0.4,0.4,0.0
P1,Estoril,2025-10-03,A,Casa Pia,2,2,D,1,8,0.8,1.0,1.4,-0.4,0.4,0.6,0.4,0.4,0.0
P1,Estoril,2025-10-26,H,Nacional,1,1,D,1,9,1.0,1.2,1.4,-0.2,0.4,0.6,0.6,0.6,0.0
P1,Estoril,2025-11-01,A,Rio Ave,4,0,W,3,10,1.0,1.4,1.2,0.2,0.4,0.6,0.4,0.6,0.2
P1,Estoril,2025-11-07,H,Arouca,4,3,W,3,11,1.6,2.2,1.4,0.8,0.6,0.4,0.6,0.8,0.2
P1,Estoril,2025-11-30,A,Porto,0,1,L,0,12,1.6,2.2,1.4,0.8,0.6,0.4,0.6,0.8,0.2
P1,Estoril,2025-12-07,H,Moreirense,3,3,D,1,13,1.6,2.4,1.6,0.8,0.6,0.4,0.6,0.8,0.2
P1,Estoril,2025-12-14,A,Famalicao,0,4,L,0,14,1.4,2.2,2.2,0.0,0.8,0.2,0.4,0.6,0.2
P1,Estoril,2025-12-19,H,Sp Braga,1,0,W,3,15,1.4,1.6,2.2,-0.6,0.6,0.4,0.4,0.6,0.2
P1,Estoril,2025-12-27,H,Alverca,4,1,W,3,16,1.4,1.6,1.8,-0.2,0.6,0.4,0.4,0.6,0.2
P1,Estoril,2026-01-03,A,Benfica,1,3,L,0,17,1.4,1.8,2.2,-0.4,0.8,0.2,0.6,0.8,0.2
P1,Estoril,2026-01-19,A,Estrela,5,0,W,3,18,1.8,2.2,1.6,0.6,0.8,0.2,0.4,0.8,0.4
P1,Estoril,2026-01-24,H,Guimaraes,4,2,W,3,19,2.4,3.0,1.2,1.8,0.8,0.2,0.6,1.0,0.4
P1,Estoril,2026-01-31,A,Santa Clara,4,2,W,3,20,2.4,3.6,1.6,2.0,1.0,0.0,0.8,1.0,0.2
P1,Estoril,2026-02-07,H,Tondela,2,2,D,1,21,2.0,3.2,1.8,1.4,1.0,0.0,0.8,1.0,0.2
P1,Estoril,2026-02-15,A,AVS,0,3,L,0,22,2.0,3.0,1.8,1.2,1.0,0.0,0.6,0.8,0.2
P1,Estoril,2026-02-22,H,Gil Vicente,3,1,W,3,23,2.0,2.6,2.0,0.6,1.0,0.0,0.8,0.8,0.0
P1,Estoril,2026-02-27,A,Sp Lisbon,0,3,L,0,24,1.4,1.8,2.2,-0.4,1.0,0.0,0.6,0.6,0.0
P1,Estoril,2026-03-07,H,Casa Pia,0,0,D,1,25,1.0,1.0,1.8,-0.8,0.8,0.2,0.4,0.4,0.2
P1,Estoril,2026-03-15,A,Nacional,1,0,W,3,26,1.4,0.8,1.4,-0.6,0.6,0.4,0.2,0.4,0.4
P1,Estoril,2026-03-22,H,Rio Ave,1,2,L,0,27,1.4,1.0,1.2,-0.2,0.6,0.4,0.4,0.6,0.4
P1,Estoril,2026-04-06,A,Arouca,2,3,L,0,28,0.8,0.8,1.6,-0.8,0.6,0.4,0.4,0.6,0.4
P1,Estrela,2025-08-11,A,Estoril,1,1,D,1,1,1.0,1.0,1.0,0.0,0.0,1.0,1.0,1.0,0.0
P1,Estrela,2025-08-16,H,Benfica,0,1,L,0,2,0.5,0.5,1.0,-0.5,0.0,1.0,0.5,0.5,0.0
P1,Estrela,2025-08-25,H,Alverca,2,2,D,1,3,0.6666666666666666,1.0,1.3333333333333333,-0.3333333333333333,0.3333333333333333,0.6666666666666666,0.6666666666666666,0.6666666666666666,0.0
P1,Estrela,2025-08-31,A,Santa Clara,0,0,D,1,4,0.75,0.75,1.0,-0.25,0.25,0.75,0.5,0.5,0.25
P1,Estrela,2025-09-14,H,Guimaraes,0,2,L,0,5,0.6,0.6,1.2,-0.6,0.2,0.8,0.4,0.4,0.2
P1,Estrela,2025-09-21,A,Tondela,0,0,D,1,6,0.6,0.4,1.0,-0.6,0.2,0.8,0.2,0.2,0.4
P1,Estrela,2025-09-27,H,AVS,3,0,W,3,7,1.2,1.0,0.8,0.2,0.4,0.6,0.2,0.4,0.6
P1,Estrela,2025-10-04,A,Gil Vicente,0,2,L,0,8,1.0,0.6,0.8,-0.2,0.2,0.8,0.0,0.2,0.6
P1,Estrela,2025-10-25,H,Rio Ave,1,2,L,0,9,0.8,0.8,1.2,-0.4,0.4,0.6,0.2,0.4,0.4
P1,Estrela,2025-11-01,A,Casa Pia,5,3,W,3,10,1.4,1.8,1.4,0.4,0.6,0.4,0.4,0.6,0.4
P1,Estrela,2025-11-09,H,Nacional,1,1,D,1,11,1.4,2.0,1.6,0.4,0.6,0.4,0.6,0.8,0.2
P1,Estrela,2025-11-30,A,Sp Lisbon,0,4,L,0,12,0.8,1.4,2.4,-1.0,0.6,0.4,0.6,0.6,0.0
P1,Estrela,2025-12-07,H,Arouca,3,1,W,3,13,1.4,2.0,2.2,-0.2,0.8,0.2,0.8,0.8,0.0
P1,Estrela,2025-12-15,A,Porto,1,3,L,0,14,1.4,2.0,2.4,-0.4,0.8,0.2,0.8,0.8,0.0
P1,Estrela,2025-12-20,H,Moreirense,0,0,D,1,15,1.0,1.0,1.8,-0.8,0.6,0.4,0.6,0.6,0.2
P1,Estrela,2025-12-27,A,Famalicao,3,2,W,3,16,1.4,1.4,2.0,-0.6,0.8,0.2,0.6,0.6,0.2
P1,Estrela,2026-01-03,H,Sp Braga,3,3,D,1,17,1.6,2.0,1.8,0.2,0.8,0.2,0.8,0.8,0.2
P1,Estrela,2026-01-19,H,Estoril,0,5,L,0,18,1.0,1.4,2.6,-1.2,0.8,0.2,0.6,0.6,0.2
P1,Estrela,2026-01-25,A,Benfica,0,4,L,0,19,1.0,1.2,2.8,-1.6,0.8,0.2,0.4,0.4,0.2
P1,Estrela,2026-01-31,A,Alverca,1,1,D,1,20,1.0,1.4,3.0,-1.6,0.8,0.2,0.6,0.6,0.0
P1,Estrela,2026-02-07,H,Santa Clara,1,0,W,3,21,1.0,1.0,2.6,-1.6,0.6,0.4,0.4,0.6,0.2
P1,Estrela,2026-02-14,A,Guimaraes,1,2,L,0,22,0.8,0.6,2.4,-1.8,0.6,0.4,0.4,0.6,0.2
P1,Estrela,2026-02-20,H,Tondela,0,2,L,0,23,0.8,0.6,1.8,-1.2,0.4,0.6,0.4,0.6,0.2
P1,Estrela,2026-02-28,A,AVS,0,0,D,1,24,1.0,0.6,1.0,-0.4,0.2,0.8,0.4,0.6,0.4
P1,Estrela,2026-03-08,H,Gil Vicente,2,2,D,1,25,1.0,0.8,1.2,-0.4,0.4,0.6,0.4,0.6,0.4
P1,Estrela,2026-03-15,A,Rio Ave,1,2,L,0,26,0.4,0.8,1.6,-0.8,0.6,0.4,0.6,0.6,0.2
P1,Estrela,2026-03-20,H,Casa Pia,4,0,W,3,27,1.0,1.4,1.2,0.2,0.6,0.4,0.4,0.6,0.4
P1,Estrela,2026-04-04,A,Nacional,0,2,L,0,28,1.0,1.4,1.2,0.2,0.6,0.4,0.4,0.6,0.4
P1,Famalicao,2025-08-10,H,Santa Clara,3,0,W,3,1,3.0,3.0,0.0,3.0,1.0,0.0,0.0,1.0,1.0
P1,Famalicao,2025-08-16,A,Tondela,1,0,W,3,2,3.0,2.0,0.0,2.0,0.5,0.5,0.0,1.0,1.0
P1,Famalicao,2025-08-24,H,Gil Vicente,0,0,D,1,3,2.3333333333333335,1.3333333333333333,0.0,1.3333333333333333,0.3333333333333333,0.6666666666666666,0.0,0.6666666666666666,1.0
P1,Famalicao,2025-08-30,A,AVS,1,0,W,3,4,2.5,1.25,0.0,1.25,0.25,0.75,0.0,0.75,1.0
P1,Famalicao,2025-09-13,H,Sp Lisbon,1,2,L,0,5,2.0,1.2,0.4,0.8,0.4,0.6,0.2,0.8,0.8
P1,Famalicao,2025-09-21,A,Casa Pia,1,1,D,1,6,1.6,0.8,0.6,0.2,0.2,0.8,0.4,0.8,0.6
P1,Famalicao,2025-09-28,H,Rio Ave,0,0,D,1,7,1.2,0.6,0.6,0.0,0.2,0.8,0.4,0.6,0.6
P1,Famalicao,2025-10-05,A,Arouca,1,1,D,1,8,1.2,0.8,0.8,0.0,0.2,0.8,0.6,0.8,0.4
P1,Famalicao,2025-10-26,H,Guimaraes,2,0,W,3,9,1.2,1.0,0.8,0.2,0.2,0.8,0.6,0.8,0.4
P1,Famalicao,2025-11-01,A,Nacional,1,0,W,3,10,1.8,1.0,0.4,0.6,0.0,1.0,0.4,0.8,0.6
P1,Famalicao,2025-11-09,H,Porto,0,1,L,0,11,1.6,0.8,0.4,0.4,0.0,1.0,0.2,0.6,0.6
P1,Famalicao,2025-11-29,A,Moreirense,2,2,D,1,12,1.6,1.2,0.8,0.4,0.2,0.8,0.4,0.8,0.4
P1,Famalicao,2025-12-06,H,Sp Braga,1,2,L,0,13,1.4,1.2,1.0,0.2,0.4,0.6,0.4,0.8,0.4
P1,Famalicao,2025-12-14,H,Estoril,4,0,W,3,14,1.4,1.6,1.0,0.6,0.6,0.4,0.4,0.8,0.4
P1,Famalicao,2025-12-22,A,Benfica,0,1,L,0,15,0.8,1.4,1.2,0.2,0.6,0.4,0.4,0.6,0.2
P1,Famalicao,2025-12-27,H,Estrela,2,3,L,0,16,0.8,1.8,1.6,0.2,0.8,0.2,0.6,0.8,0.2
P1,Famalicao,2026-01-04,A,Alverca,0,1,L,0,17,0.6,1.4,1.4,0.0,0.6,0.4,0.4,0.6,0.2
P1,Famalicao,2026-01-18,A,Santa Clara,1,0,W,3,18,1.2,1.4,1.0,0.4,0.4,0.6,0.2,0.6,0.4
P1,Famalicao,2026-01-25,H,Tondela,3,0,W,3,19,1.2,1.2,1.0,0.2,0.4,0.6,0.2,0.6,0.4
P1,Famalicao,2026-02-01,A,Gil Vicente,0,5,L,0,20,1.2,1.2,1.8,-0.6,0.6,0.4,0.2,0.6,0.4
P1,Famalicao,2026-02-09,H,AVS,3,1,W,3,21,1.8,1.4,1.4,0.0,0.6,0.4,0.2,0.6,0.4
P1,Famalicao,2026-02-15,A,Sp Lisbon,0,1,L,0,22,1.8,1.4,1.4,0.0,0.6,0.4,0.2,0.6,0.4
P1,Famalicao,2026-02-23,H,Casa Pia,2,0,W,3,23,1.8,1.6,1.4,0.2,0.6,0.4,0.2,0.6,0.4
P1,Famalicao,2026-03-01,A,Rio Ave,0,0,D,1,24,1.4,1.0,1.4,-0.4,0.4,0.6,0.2,0.4,0.4
P1,Famalicao,2026-03-06,H,Arouca,1,0,W,3,25,2.0,1.2,0.4,0.8,0.2,0.8,0.2,0.6,0.6
P1,Famalicao,2026-03-14,A,Guimaraes,2,1,W,3,26,2.0,1.0,0.4,0.6,0.2,0.8,0.2,0.6,0.6
P1,Famalicao,2026-03-21,H,Nacional,1,0,W,3,27,2.6,1.2,0.2,1.0,0.2,0.8,0.2,0.8,0.8
P1,Famalicao,2026-04-04,A,Porto,2,2,D,1,28,2.2,1.2,0.6,0.6,0.4,0.6,0.4,0.8,0.6
P1,Gil Vicente,2025-08-09,A,Nacional,2,0,W,3,1,3.0,2.0,0.0,2.0,0.0,1.0,0.0,1.0,1.0
P1,Gil Vicente,2025-08-18,H,Porto,0,2,L,0,2,1.5,1.0,1.0,0.0,0.0,1.0,0.0,0.5,0.5
P1,Gil Vicente,2025-08-24,A,Famalicao,0,0,D,1,3,1.3333333333333333,0.6666666666666666,0.6666666666666666,0.0,0.0,1.0,0.0,0.3333333333333333,0.6666666666666666
P1,Gil Vicente,2025-08-29,H,Moreirense,2,0,W,3,4,1.75,1.0,0.5,0.5,0.0,1.0,0.0,0.5,0.75
P1,Gil Vicente,2025-09-14,A,Sp Braga,1,0,W,3,5,2.0,1.0,0.4,0.6,0.0,1.0,0.0,0.6,0.8
P1,Gil Vicente,2025-09-21,H,Estoril,2,0,W,3,6,2.0,1.0,0.4,0.6,0.0,1.0,0.0,0.6,0.8
P1,Gil Vicente,2025-09-26,A,Benfica,1,2,L,0,7,2.0,1.2,0.4,0.8,0.2,0.8,0.2,0.8,0.8
P1,Gil Vicente,2025-10-04,H,Estrela,2,0,W,3,8,2.4,1.6,0.4,1.2,0.2,0.8,0.2,1.0,0.8
P1,Gil Vicente,2025-10-24,A,Alverca,4,0,W,3,9,2.4,2.0,0.4,1.6,0.4,0.6,0.2,1.0,0.8
P1,Gil Vicente,2025-11-03,H,Santa Clara,1,0,W,3,10,2.4,2.0,0.4,1.6,0.4,0.6,0.2,1.0,0.8
P1,Gil Vicente,2025-11-09,A,AVS,1,1,D,1,11,2.0,1.8,0.6,1.2,0.4,0.6,0.4,1.0,0.6
P1,Gil Vicente,2025-11-29,H,Tondela,0,1,L,0,12,2.0,1.6,0.4,1.2,0.2,0.8,0.2,0.8,0.6
P1,Gil Vicente,2025-12-08,A,Guimaraes,0,0,D,1,13,1.6,1.2,0.4,0.8,0.2,0.8,0.2,0.6,0.6
P1,Gil Vicente,2025-12-13,A,Casa Pia,1,1,D,1,14,1.2,0.6,0.6,0.0,0.0,1.0,0.4,0.6,0.4
P1,Gil Vicente,2025-12-20,H,Rio Ave,2,2,D,1,15,0.8,0.8,1.0,-0.2,0.2,0.8,0.6,0.6,0.2
P1,Gil Vicente,2025-12-28,A,Arouca,2,2,D,1,16,0.8,1.0,1.2,-0.2,0.4,0.6,0.6,0.6,0.2
P1,Gil Vicente,2026-01-02,H,Sp Lisbon,1,1,D,1,17,1.0,1.2,1.2,0.0,0.4,0.6,0.8,0.8,0.2
P1,Gil Vicente,2026-01-17,H,Nacional,2,1,W,3,18,1.4,1.6,1.4,0.2,0.6,0.4,1.0,1.0,0.0
P1,Gil Vicente,2026-01-26,A,Porto,0,3,L,0,19,1.2,1.4,1.8,-0.4,0.8,0.2,0.8,0.8,0.0
P1,Gil Vicente,2026-02-01,H,Famalicao,5,0,W,3,20,1.6,2.0,1.4,0.6,0.8,0.2,0.6,0.8,0.2
P1,Gil Vicente,2026-02-07,A,Moreirense,2,1,W,3,21,2.0,2.0,1.2,0.8,0.8,0.2,0.6,0.8,0.2
P1,Gil Vicente,2026-02-14,H,Sp Braga,2,1,W,3,22,2.4,2.2,1.2,1.0,1.0,0.0,0.6,0.8,0.2
P1,Gil Vicente,2026-02-22,A,Estoril,1,3,L,0,23,1.8,2.0,1.6,0.4,1.0,0.0,0.6,0.8,0.2
P1,Gil Vicente,2026-03-02,H,Benfica,1,2,L,0,24,1.8,2.2,1.4,0.8,1.0,0.0,0.8,1.0,0.2
P1,Gil Vicente,2026-03-08,A,Estrela,2,2,D,1,25,1.4,1.6,1.8,-0.2,1.0,0.0,1.0,1.0,0.0
P1,Gil Vicente,2026-03-14,H,Alverca,2,2,D,1,26,1.0,1.6,2.0,-0.4,1.0,0.0,1.0,1.0,0.0
P1,Gil Vicente,2026-03-21,A,Santa Clara,0,1,L,0,27,0.4,1.2,2.0,-0.8,0.8,0.2,0.8,0.8,0.0
P1,Gil Vicente,2026-04-03,H,AVS,3,0,W,3,28,1.0,1.6,1.4,0.2,0.8,0.2,0.6,0.8,0.2
P1,Guimaraes,2025-08-11,A,Porto,0,3,L,0,1,0.0,0.0,3.0,-3.0,1.0,0.0,0.0,0.0,0.0
P1,Guimaraes,2025-08-16,H,Estoril,3,2,W,3,2,1.5,1.5,2.5,-1.0,1.0,0.0,0.5,0.5,0.0
P1,Guimaraes,2025-08-23,A,Moreirense,0,2,L,0,3,1.0,1.0,2.3333333333333335,-1.3333333333333333,0.6666666666666666,0.3333333333333333,0.3333333333333333,0.3333333333333333,0.0
P1,Guimaraes,2025-08-30,H,Arouca,1,1,D,1,4,1.0,1.0,2.0,-1.0,0.5,0.5,0.5,0.5,0.0
P1,Guimaraes,2025-09-14,A,Estrela,2,0,W,3,5,1.4,1.2,1.6,-0.4,0.4,0.6,0.4,0.6,0.2
P1,Guimaraes,2025-09-20,H,Sp Braga,1,1,D,1,6,1.6,1.4,1.2,0.2,0.2,0.8,0.6,0.8,0.2
P1,Guimaraes,2025-09-28,A,Alverca,0,2,L,0,7,1.0,0.8,1.2,-0.4,0.0,1.0,0.4,0.6,0.2
P1,Guimaraes,2025-10-04,H,Santa Clara,2,1,W,3,8,1.6,1.2,1.0,0.2,0.2,0.8,0.6,0.8,0.2
P1,Guimaraes,2025-10-26,A,Famalicao,0,2,L,0,9,1.4,1.0,1.2,-0.2,0.2,0.8,0.4,0.6,0.2
P1,Guimaraes,2025-11-01,H,Benfica,0,3,L,0,10,0.8,0.6,1.8,-1.2,0.4,0.6,0.4,0.4,0.0
P1,Guimaraes,2025-11-08,A,Tondela,1,0,W,3,11,1.2,0.6,1.6,-1.0,0.4,0.6,0.2,0.4,0.2
P1,Guimaraes,2025-11-28,H,AVS,4,0,W,3,12,1.8,1.4,1.2,0.2,0.6,0.4,0.2,0.6,0.4
P1,Guimaraes,2025-12-08,H,Gil Vicente,0,0,D,1,13,1.4,1.0,1.0,0.0,0.4,0.6,0.0,0.4,0.6
P1,Guimaraes,2025-12-13,A,Rio Ave,1,0,W,3,14,2.0,1.2,0.6,0.6,0.4,0.6,0.0,0.6,0.8
P1,Guimaraes,2025-12-23,H,Sp Lisbon,1,4,L,0,15,2.0,1.4,0.8,0.6,0.4,0.6,0.2,0.8,0.8
P1,Guimaraes,2025-12-28,A,Casa Pia,0,0,D,1,16,1.6,1.2,0.8,0.4,0.4,0.6,0.2,0.6,0.8
P1,Guimaraes,2026-01-02,H,Nacional,2,1,W,3,17,1.6,0.8,1.0,-0.2,0.4,0.6,0.4,0.6,0.6
P1,Guimaraes,2026-01-18,H,Porto,0,1,L,0,18,1.4,0.8,1.2,-0.4,0.4,0.6,0.4,0.6,0.4
P1,Guimaraes,2026-01-24,A,Estoril,2,4,L,0,19,0.8,1.0,2.0,-1.0,0.6,0.4,0.6,0.6,0.2
P1,Guimaraes,2026-01-30,H,Moreirense,1,0,W,3,20,1.4,1.0,1.2,-0.2,0.4,0.6,0.4,0.6,0.4
P1,Guimaraes,2026-02-07,A,Arouca,2,3,L,0,21,1.2,1.4,1.8,-0.4,0.6,0.4,0.6,0.8,0.2
P1,Guimaraes,2026-02-14,H,Estrela,2,1,W,3,22,1.2,1.4,1.8,-0.4,0.6,0.4,0.6,0.8,0.2
P1,Guimaraes,2026-02-21,A,Sp Braga,2,3,L,0,23,1.2,1.8,2.2,-0.4,0.8,0.2,0.8,1.0,0.2
P1,Guimaraes,2026-02-28,H,Alverca,1,1,D,1,24,1.4,1.6,1.6,0.0,0.6,0.4,0.8,1.0,0.2
P1,Guimaraes,2026-03-08,A,Santa Clara,0,2,L,0,25,0.8,1.4,2.0,-0.6,0.6,0.4,0.8,0.8,0.0
P1,Guimaraes,2026-03-14,H,Famalicao,1,2,L,0,26,0.8,1.2,1.8,-0.6,0.6,0.4,0.8,0.8,0.0
P1,Guimaraes,2026-03-21,A,Benfica,0,3,L,0,27,0.2,0.8,2.2,-1.4,0.6,0.4,0.6,0.6,0.0
P1,Guimaraes,2026-04-03,H,Tondela,5,0,W,3,28,0.8,1.4,1.6,-0.2,0.6,0.4,0.4,0.6,0.2
P1,Moreirense,2025-08-10,H,Alverca,2,1,W,3,1,3.0,2.0,1.0,1.0,1.0,0.0,1.0,1.0,0.0
P1,Moreirense,2025-08-17,A,Santa Clara,1,0,W,3,2,3.0,1.5,0.5,1.0,0.5,0.5,0.5,1.0,0.5
P1,Moreirense,2025-08-23,H,Guimaraes,2,0,W,3,3,3.0,1.6666666666666667,0.3333333333333333,1.3333333333333333,0.3333333333333333,0.6666666666666666,0.3333333333333333,1.0,0.6666666666666666
P1,Moreirense,2025-08-29,A,Gil Vicente,0,2,L,0,4,2.25,1.25,0.75,0.5,0.25,0.75,0.25,0.75,0.5
P1,Moreirense,2025-09-13,H,Rio Ave,3,1,W,3,5,2.4,1.6,0.8,0.8,0.4,0.6,0.4,0.8,0.4
P1,Moreirense,2025-09-22,A,Sp Lisbon,0,3,L,0,6,1.8,1.2,1.2,0.0,0.4,0.6,0.2,0.6,0.4
P1,Moreirense,2025-09-27,H,Casa Pia,2,1,W,3,7,1.8,1.4,1.4,0.0,0.6,0.4,0.4,0.6,0.2
P1,Moreirense,2025-10-04,A,Nacional,2,3,L,0,8,1.2,1.4,2.0,-0.6,0.8,0.2,0.6,0.6,0.0
P1,Moreirense,2025-10-27,H,Porto,1,2,L,0,9,1.2,1.6,2.0,-0.4,1.0,0.0,0.8,0.8,0.0
P1,Moreirense,2025-11-02,A,Arouca,2,0,W,3,10,1.2,1.4,1.8,-0.4,0.8,0.2,0.6,0.8,0.2
P1,Moreirense,2025-11-09,A,Sp Braga,1,2,L,0,11,1.2,1.6,1.6,0.0,0.8,0.2,0.8,1.0,0.2
P1,Moreirense,2025-11-29,H,Famalicao,2,2,D,1,12,0.8,1.6,1.8,-0.2,0.8,0.2,0.8,1.0,0.2
P1,Moreirense,2025-12-07,A,Estoril,3,3,D,1,13,1.0,1.8,1.8,0.0,0.8,0.2,0.8,1.0,0.2
P1,Moreirense,2025-12-14,H,Benfica,0,4,L,0,14,1.0,1.6,2.2,-0.6,0.8,0.2,0.6,0.8,0.2
P1,Moreirense,2025-12-20,A,Estrela,0,0,D,1,15,0.6,1.2,2.2,-1.0,0.8,0.2,0.6,0.6,0.2
P1,Moreirense,2026-01-03,A,AVS,2,0,W,3,16,1.2,1.4,1.8,-0.4,0.6,0.4,0.4,0.6,0.4
P1,Moreirense,2026-01-11,H,Tondela,1,0,W,3,17,1.6,1.2,1.4,-0.2,0.4,0.6,0.2,0.6,0.6
P1,Moreirense,2026-01-17,A,Alverca,1,2,L,0,18,1.4,0.8,1.2,-0.4,0.4,0.6,0.2,0.6,0.6
P1,Moreirense,2026-01-24,H,Santa Clara,1,0,W,3,19,2.0,1.0,0.4,0.6,0.2,0.8,0.2,0.8,0.8
P1,Moreirense,2026-01-30,A,Guimaraes,0,1,L,0,20,1.8,1.0,0.6,0.4,0.2,0.8,0.2,0.8,0.6
P1,Moreirense,2026-02-07,H,Gil Vicente,1,2,L,0,21,1.2,0.8,1.0,-0.2,0.4,0.6,0.4,0.8,0.4
P1,Moreirense,2026-02-16,A,Rio Ave,2,1,W,3,22,1.2,1.0,1.2,-0.2,0.6,0.4,0.6,0.8,0.2
P1,Moreirense,2026-02-21,H,Sp Lisbon,0,3,L,0,23,1.2,0.8,1.4,-0.6,0.6,0.4,0.4,0.6,0.2
P1,Moreirense,2026-03-01,A,Casa Pia,1,1,D,1,24,0.8,0.8,1.6,-0.8,0.6,0.4,0.6,0.6,0.0
P1,Moreirense,2026-03-07,H,Nacional,1,1,D,1,25,1.0,1.0,1.6,-0.6,0.6,0.4,0.8,0.8,0.0
P1,Moreirense,2026-03-15,A,Porto,0,3,L,0,26,1.0,0.8,1.8,-1.0,0.6,0.4,0.6,0.6,0.0
P1,Moreirense,2026-03-21,H,Arouca,0,1,L,0,27,0.4,0.4,1.8,-1.4,0.4,0.6,0.4,0.4,0.0
P1,Moreirense,2026-04-04,H,Sp Braga,0,1,L,0,28,0.4,0.4,1.4,-1.0,0.2,0.8,0.4,0.4,0.0
P1,Nacional,2025-08-09,H,Gil Vicente,0,2,L,0,1,0.0,0.0,2.0,-2.0,0.0,1.0,0.0,0.0,0.0
P1,Nacional,2025-08-17,A,Rio Ave,1,1,D,1,2,0.5,0.5,1.5,-1.0,0.0,1.0,0.5,0.5,0.0
P1,Nacional,2025-08-23,H,Sp Lisbon,1,4,L,0,3,0.3333333333333333,0.6666666666666666,2.3333333333333335,-1.6666666666666667,0.3333333333333333,0.6666666666666666,0.6666666666666666,0.6666666666666666,0.0
P1,Nacional,2025-08-30,A,Casa Pia,2,0,W,3,4,1.0,1.0,1.75,-0.75,0.25,0.75,0.5,0.75,0.25
P1,Nacional,2025-09-13,A,Porto,0,1,L,0,5,0.8,0.8,1.6,-0.8,0.2,0.8,0.4,0.6,0.2
P1,Nacional,2025-09-20,H,Arouca,1,2,L,0,6,0.8,1.0,1.6,-0.6,0.4,0.6,0.6,0.8,0.2
P1,Nacional,2025-09-28,A,Sp Braga,1,0,W,3,7,1.2,1.0,1.4,-0.4,0.4,0.6,0.4,0.8,0.4
P1,Nacional,2025-10-04,H,Moreirense,3,2,W,3,8,1.8,1.4,1.0,0.4,0.4,0.6,0.4,0.8,0.4
P1,Nacional,2025-10-26,A,Estoril,1,1,D,1,9,1.4,1.2,1.2,0.0,0.4,0.6,0.6,0.8,0.2
P1,Nacional,2025-11-01,H,Famalicao,0,1,L,0,10,1.4,1.2,1.2,0.0,0.4,0.6,0.6,0.8,0.2
P1,Nacional,2025-11-09,A,Estrela,1,1,D,1,11,1.6,1.2,1.0,0.2,0.2,0.8,0.6,0.8,0.2
P1,Nacional,2025-11-29,H,Benfica,1,2,L,0,12,1.0,1.2,1.4,-0.2,0.4,0.6,0.8,0.8,0.0
P1,Nacional,2025-12-07,A,Alverca,0,1,L,0,13,0.4,0.6,1.2,-0.6,0.2,0.8,0.6,0.6,0.0
P1,Nacional,2025-12-15,H,Tondela,3,1,W,3,14,0.8,1.0,1.2,-0.2,0.4,0.6,0.6,0.6,0.0
P1,Nacional,2025-12-21,A,AVS,2,2,D,1,15,1.0,1.4,1.4,0.0,0.6,0.4,0.8,0.8,0.0
P1,Nacional,2026-01-02,A,Guimaraes,1,2,L,0,16,0.8,1.4,1.6,-0.2,0.8,0.2,0.8,0.8,0.0
P1,Nacional,2026-01-11,H,Santa Clara,3,3,D,1,17,1.0,1.8,1.8,0.0,0.8,0.2,0.8,0.8,0.0
P1,Nacional,2026-01-17,A,Gil Vicente,1,2,L,0,18,1.0,2.0,2.0,0.0,1.0,0.0,1.0,1.0,0.0
P1,Nacional,2026-01-25,H,Rio Ave,4,0,W,3,19,1.0,2.2,1.8,0.4,1.0,0.0,0.8,1.0,0.2
P1,Nacional,2026-02-01,A,Sp Lisbon,1,2,L,0,20,0.8,2.0,1.8,0.2,1.0,0.0,0.8,1.0,0.2
P1,Nacional,2026-02-08,H,Casa Pia,0,0,D,1,21,1.0,1.8,1.4,0.4,0.8,0.2,0.6,0.8,0.4
P1,Nacional,2026-02-15,H,Porto,0,1,L,0,22,0.8,1.2,1.0,0.2,0.6,0.4,0.4,0.6,0.4
P1,Nacional,2026-02-21,A,Arouca,0,3,L,0,23,0.8,1.0,1.2,-0.2,0.6,0.4,0.2,0.4,0.4
P1,Nacional,2026-02-28,H,Sp Braga,1,2,L,0,24,0.2,0.4,1.6,-1.2,0.6,0.4,0.4,0.4,0.2
P1,Nacional,2026-03-07,A,Moreirense,1,1,D,1,25,0.4,0.4,1.4,-1.0,0.4,0.6,0.4,0.4,0.2
P1,Nacional,2026-03-15,H,Estoril,0,1,L,0,26,0.2,0.4,1.6,-1.2,0.4,0.6,0.4,0.4,0.0
P1,Nacional,2026-03-21,A,Famalicao,0,1,L,0,27,0.2,0.4,1.6,-1.2,0.4,0.6,0.4,0.4,0.0
P1,Nacional,2026-04-04,H,Estrela,2,0,W,3,28,0.8,0.8,1.0,-0.2,0.2,0.8,0.4,0.6,0.2
P1,Porto,2025-08-11,H,Guimaraes,3,0,W,3,1,3.0,3.0,0.0,3.0,1.0,0.0,0.0,1.0,1.0
P1,Porto,2025-08-18,A,Gil Vicente,2,0,W,3,2,3.0,2.5,0.0,2.5,0.5,0.5,0.0,1.0,1.0
P1,Porto,2025-08-24,H,Casa Pia,4,0,W,3,3,3.0,3.0,0.0,3.0,0.6666666666666666,0.3333333333333333,0.0,1.0,1.0
P1,Porto,2025-08-30,A,Sp Lisbon,2,1,W,3,4,3.0,2.75,0.25,2.5,0.75,0.25,0.25,1.0,0.75
P1,Porto,2025-09-13,H,Nacional,1,0,W,3,5,3.0,2.4,0.2,2.2,0.6,0.4,0.2,1.0,0.8
P1,Porto,2025-09-19,A,Rio Ave,3,0,W,3,6,3.0,2.4,0.2,2.2,0.6,0.4,0.2,1.0,0.8
P1,Porto,2025-09-29,A,Arouca,4,0,W,3,7,3.0,2.8,0.2,2.6,0.8,0.2,0.2,1.0,0.8
P1,Porto,2025-10-05,H,Benfica,0,0,D,1,8,2.6,2.0,0.2,1.8,0.6,0.4,0.2,0.8,0.8
P1,Porto,2025-10-27,A,Moreirense,2,1,W,3,9,2.6,2.0,0.2,1.8,0.6,0.4,0.2,0.8,0.8
P1,Porto,2025-11-02,H,Sp Braga,2,1,W,3,10,2.6,2.2,0.4,1.8,0.8,0.2,0.4,0.8,0.6
P1,Porto,2025-11-09,A,Famalicao,1,0,W,3,11,2.6,1.8,0.4,1.4,0.6,0.4,0.4,0.8,0.6
P1,Porto,2025-11-30,H,Estoril,1,0,W,3,12,2.6,1.2,0.4,0.8,0.4,0.6,0.4,0.8,0.6
P1,Porto,2025-12-07,A,Tondela,2,0,W,3,13,3.0,1.6,0.4,1.2,0.4,0.6,0.4,1.0,0.6
P1,Porto,2025-12-15,H,Estrela,3,1,W,3,14,3.0,1.8,0.4,1.4,0.4,0.6,0.4,1.0,0.6
P1,Porto,2025-12-22,A,Alverca,3,0,W,3,15,3.0,2.0,0.2,1.8,0.4,0.6,0.2,1.0,0.8
P1,Porto,2025-12-29,H,AVS,2,0,W,3,16,3.0,2.2,0.2,2.0,0.4,0.6,0.2,1.0,0.8
P1,Porto,2026-01-04,A,Santa Clara,1,0,W,3,17,3.0,2.2,0.2,2.0,0.4,0.6,0.2,1.0,0.8
P1,Porto,2026-01-18,A,Guimaraes,1,0,W,3,18,3.0,2.0,0.2,1.8,0.4,0.6,0.2,1.0,0.8
P1,Porto,2026-01-26,H,Gil Vicente,3,0,W,3,19,3.0,2.0,0.0,2.0,0.4,0.6,0.0,1.0,1.0
P1,Porto,2026-02-02,A,Casa Pia,1,2,L,0,20,2.4,1.6,0.4,1.2,0.4,0.6,0.2,1.0,0.8
P1,Porto,2026-02-09,H,Sp Lisbon,1,1,D,1,21,2.0,1.4,0.6,0.8,0.4,0.6,0.4,1.0,0.6
P1,Porto,2026-02-15,A,Nacional,1,0,W,3,22,2.0,1.4,0.6,0.8,0.4,0.6,0.4,1.0,0.6
P1,Porto,2026-02-22,H,Rio Ave,1,0,W,3,23,2.0,1.4,0.6,0.8,0.4,0.6,0.4,1.0,0.6
P1,Porto,2026-02-27,H,Arouca,3,1,W,3,24,2.0,1.4,0.8,0.6,0.4,0.6,0.6,1.0,0.4
P1,Porto,2026-03-08,A,Benfica,2,2,D,1,25,2.2,1.6,0.8,0.8,0.4,0.6,0.6,1.0,0.4
P1,Porto,2026-03-15,H,Moreirense,3,0,W,3,26,2.6,2.0,0.6,1.4,0.6,0.4,0.4,1.0,0.6
P1,Porto,2026-03-22,A,Sp Braga,2,1,W,3,27,2.6,2.2,0.8,1.4,0.8,0.2,0.6,1.0,0.4
P1,Porto,2026-04-04,H,Famalicao,2,2,D,1,28,2.2,2.4,1.2,1.2,1.0,0.0,0.8,1.0,0.2
P1,Rio Ave,2025-08-17,H,Nacional,1,1,D,1,1,1.0,1.0,1.0,0.0,0.0,1.0,1.0,1.0,0.0
P1,Rio Ave,2025-08-23,A,Arouca,3,3,D,1,2,1.0,2.0,2.0,0.0,0.5,0.5,1.0,1.0,0.0
P1,Rio Ave,2025-08-31,H,Sp Braga,2,2,D,1,3,1.0,2.0,2.0,0.0,0.6666666666666666,0.3333333333333333,1.0,1.0,0.0
P1,Rio Ave,2025-09-13,A,Moreirense,1,3,L,0,4,0.75,1.75,2.25,-0.5,0.75,0.25,1.0,1.0,0.0
P1,Rio Ave,2025-09-19,H,Porto,0,3,L,0,5,0.6,1.4,2.4,-1.0,0.8,0.2,0.8,0.8,0.0
P1,Rio Ave,2025-09-23,A,Benfica,1,1,D,1,6,0.6,1.4,2.4,-1.0,0.8,0.2,0.8,0.8,0.0
P1,Rio Ave,2025-09-28,A,Famalicao,0,0,D,1,7,0.6,0.8,1.8,-1.0,0.6,0.4,0.6,0.6,0.2
P1,Rio Ave,2025-10-05,H,Tondela,3,0,W,3,8,1.0,1.0,1.4,-0.4,0.6,0.4,0.4,0.6,0.4
P1,Rio Ave,2025-10-25,A,Estrela,2,1,W,3,9,1.6,1.2,1.0,0.2,0.6,0.4,0.4,0.6,0.4
P1,Rio Ave,2025-11-01,H,Estoril,0,4,L,0,10,1.6,1.2,1.2,0.0,0.6,0.4,0.4,0.6,0.4
P1,Rio Ave,2025-11-08,A,Alverca,1,1,D,1,11,1.6,1.2,1.2,0.0,0.6,0.4,0.4,0.6,0.4
P1,Rio Ave,2025-11-30,H,Santa Clara,1,1,D,1,12,1.6,1.4,1.4,0.0,0.6,0.4,0.6,0.8,0.2
P1,Rio Ave,2025-12-06,A,AVS,2,1,W,3,13,1.6,1.2,1.6,-0.4,0.6,0.4,0.8,0.8,0.0
P1,Rio Ave,2025-12-13,H,Guimaraes,0,1,L,0,14,1.0,0.8,1.6,-0.8,0.4,0.6,0.6,0.6,0.0
P1,Rio Ave,2025-12-20,A,Gil Vicente,2,2,D,1,15,1.2,1.2,1.2,0.0,0.4,0.6,0.8,0.8,0.0
P1,Rio Ave,2025-12-28,A,Sp Lisbon,0,4,L,0,16,1.0,1.0,1.8,-0.8,0.6,0.4,0.6,0.6,0.0
P1,Rio Ave,2026-01-04,H,Casa Pia,3,1,W,3,17,1.4,1.4,1.8,-0.4,0.8,0.2,0.6,0.6,0.0
P1,Rio Ave,2026-01-17,H,Benfica,0,2,L,0,18,0.8,1.0,2.0,-1.0,0.6,0.4,0.4,0.4,0.0
P1,Rio Ave,2026-01-25,A,Nacional,0,4,L,0,19,0.8,1.0,2.6,-1.6,0.8,0.2,0.4,0.4,0.0
P1,Rio Ave,2026-01-31,H,Arouca,0,3,L,0,20,0.6,0.6,2.8,-2.2,0.8,0.2,0.2,0.2,0.0
P1,Rio Ave,2026-02-08,A,Sp Braga,0,3,L,0,21,0.6,0.6,2.6,-2.0,0.8,0.2,0.2,0.2,0.0
P1,Rio Ave,2026-02-16,H,Moreirense,1,2,L,0,22,0.0,0.2,2.8,-2.6,0.8,0.2,0.2,0.2,0.0
P1,Rio Ave,2026-02-22,A,Porto,0,1,L,0,23,0.0,0.2,2.6,-2.4,0.8,0.2,0.2,0.2,0.0
P1,Rio Ave,2026-03-01,H,Famalicao,0,0,D,1,24,0.2,0.2,1.8,-1.6,0.6,0.4,0.2,0.2,0.2
P1,Rio Ave,2026-03-09,A,Tondela,1,0,W,3,25,0.8,0.4,1.2,-0.8,0.4,0.6,0.2,0.4,0.4
P1,Rio Ave,2026-03-15,H,Estrela,2,1,W,3,26,1.4,0.8,0.8,0.0,0.4,0.6,0.4,0.6,0.4
P1,Rio Ave,2026-03-22,A,Estoril,2,1,W,3,27,2.0,1.0,0.6,0.4,0.4,0.6,0.4,0.6,0.4
P1,Rio Ave,2026-04-04,H,Alverca,1,2,L,0,28,2.0,1.2,0.8,0.4,0.6,0.4,0.6,0.8,0.4
P1,Santa Clara,2025-08-10,A,Famalicao,0,3,L,0,1,0.0,0.0,3.0,-3.0,1.0,0.0,0.0,0.0,0.0
P1,Santa Clara,2025-08-17,H,Moreirense,0,1,L,0,2,0.0,0.0,2.0,-2.0,0.5,0.5,0.0,0.0,0.0
P1,Santa Clara,2025-08-31,H,Estrela,0,0,D,1,3,0.3333333333333333,0.0,1.3333333333333333,-1.3333333333333333,0.3333333333333333,0.6666666666666666,0.0,0.0,0.3333333333333333
P1,Santa Clara,2025-09-06,A,Estoril,1,0,W,3,4,1.0,0.25,1.0,-0.75,0.25,0.75,0.0,0.25,0.5
P1,Santa Clara,2025-09-12,A,Benfica,1,1,D,1,5,1.0,0.4,1.0,-0.6,0.2,0.8,0.2,0.4,0.4
P1,Santa Clara,2025-09-20,H,Alverca,2,1,W,3,6,1.6,0.8,0.6,0.2,0.2,0.8,0.4,0.6,0.4
P1,Santa Clara,2025-09-27,H,Tondela,1,2,L,0,7,1.6,1.0,0.8,0.2,0.4,0.6,0.6,0.8,0.4
P1,Santa Clara,2025-10-04,A,Guimaraes,1,2,L,0,8,1.4,1.2,1.2,0.0,0.6,0.4,0.8,1.0,0.2
P1,Santa Clara,2025-10-25,H,AVS,2,0,W,3,9,1.4,1.4,1.2,0.2,0.6,0.4,0.8,1.0,0.2
P1,Santa Clara,2025-11-03,A,Gil Vicente,0,1,L,0,10,1.2,1.2,1.2,0.0,0.6,0.4,0.6,0.8,0.2
P1,Santa Clara,2025-11-08,H,Sp Lisbon,1,2,L,0,11,0.6,1.0,1.4,-0.4,0.6,0.4,0.6,0.8,0.2
P1,Santa Clara,2025-11-30,A,Rio Ave,1,1,D,1,12,0.8,1.0,1.2,-0.2,0.4,0.6,0.6,0.8,0.2
P1,Santa Clara,2025-12-06,H,Casa Pia,1,0,W,3,13,1.4,1.0,0.8,0.2,0.2,0.8,0.4,0.8,0.4
P1,Santa Clara,2025-12-15,A,Sp Braga,0,1,L,0,14,0.8,0.6,1.0,-0.4,0.2,0.8,0.4,0.6,0.2
P1,Santa Clara,2025-12-21,H,Arouca,0,0,D,1,15,1.0,0.6,0.8,-0.2,0.2,0.8,0.4,0.6,0.4
P1,Santa Clara,2026-01-04,H,Porto,0,1,L,0,16,1.0,0.4,0.6,-0.2,0.0,1.0,0.2,0.4,0.4
P1,Santa Clara,2026-01-11,A,Nacional,3,3,D,1,17,1.0,0.8,1.0,-0.2,0.2,0.8,0.2,0.4,0.4
P1,Santa Clara,2026-01-18,H,Famalicao,0,1,L,0,18,0.4,0.6,1.2,-0.6,0.2,0.8,0.2,0.2,0.2
P1,Santa Clara,2026-01-24,A,Moreirense,0,1,L,0,19,0.4,0.6,1.2,-0.6,0.2,0.8,0.2,0.2,0.2
P1,Santa Clara,2026-01-31,H,Estoril,2,4,L,0,20,0.2,1.0,2.0,-1.0,0.4,0.6,0.4,0.4,0.0
P1,Santa Clara,2026-02-07,A,Estrela,0,1,L,0,21,0.2,1.0,2.0,-1.0,0.4,0.6,0.4,0.4,0.0
P1,Santa Clara,2026-02-13,H,Benfica,1,2,L,0,22,0.0,0.6,1.8,-1.2,0.4,0.6,0.4,0.4,0.0
P1,Santa Clara,2026-02-21,A,Alverca,1,1,D,1,23,0.2,0.8,1.8,-1.0,0.4,0.6,0.6,0.6,0.0
P1,Santa Clara,2026-03-01,A,Tondela,2,2,D,1,24,0.4,1.2,2.0,-0.8,0.6,0.4,0.8,0.8,0.0
P1,Santa Clara,2026-03-08,H,Guimaraes,2,0,W,3,25,1.0,1.2,1.2,0.0,0.4,0.6,0.6,0.8,0.2
P1,Santa Clara,2026-03-15,A,AVS,1,0,W,3,26,1.6,1.4,1.0,0.4,0.4,0.6,0.6,1.0,0.4
P1,Santa Clara,2026-03-21,H,Gil Vicente,1,0,W,3,27,2.2,1.4,0.6,0.8,0.2,0.8,0.4,1.0,0.6
P1,Santa Clara,2026-04-03,A,Sp Lisbon,2,4,L,0,28,2.0,1.6,1.2,0.4,0.4,0.6,0.4,1.0,0.6
P1,Sp Braga,2025-08-10,H,Tondela,3,0,W,3,1,3.0,3.0,0.0,3.0,1.0,0.0,0.0,1.0,1.0
P1,Sp Braga,2025-08-17,A,Alverca,3,0,W,3,2,3.0,3.0,0.0,3.0,1.0,0.0,0.0,1.0,1.0
P1,Sp Braga,2025-08-24,H,AVS,2,2,D,1,3,2.3333333333333335,2.6666666666666665,0.6666666666666666,2.0,1.0,0.0,0.3333333333333333,1.0,0.6666666666666666
P1,Sp Braga,2025-08-31,A,Rio Ave,2,2,D,1,4,2.0,2.5,1.0,1.5,1.0,0.0,0.5,1.0,0.5
P1,Sp Braga,2025-09-14,H,Gil Vicente,0,1,L,0,5,1.6,2.0,1.0,1.0,0.8,0.2,0.4,0.8,0.4
P1,Sp Braga,2025-09-20,A,Guimaraes,1,1,D,1,6,1.2,1.6,1.2,0.4,0.6,0.4,0.6,0.8,0.2
P1,Sp Braga,2025-09-28,H,Nacional,0,1,L,0,7,0.6,1.0,1.4,-0.4,0.4,0.6,0.6,0.6,0.0
P1,Sp Braga,2025-10-05,A,Sp Lisbon,1,1,D,1,8,0.6,0.8,1.2,-0.4,0.2,0.8,0.6,0.6,0.0
P1,Sp Braga,2025-10-26,H,Casa Pia,4,0,W,3,9,1.0,1.2,0.8,0.4,0.2,0.8,0.4,0.6,0.2
P1,Sp Braga,2025-11-02,A,Porto,1,2,L,0,10,1.0,1.4,1.0,0.4,0.4,0.6,0.6,0.8,0.2
P1,Sp Braga,2025-11-09,H,Moreirense,2,1,W,3,11,1.4,1.6,1.0,0.6,0.6,0.4,0.6,0.8,0.2
P1,Sp Braga,2025-12-01,A,Arouca,4,0,W,3,12,2.0,2.4,0.8,1.6,0.8,0.2,0.6,1.0,0.4
P1,Sp Braga,2025-12-06,A,Famalicao,2,1,W,3,13,2.4,2.6,0.8,1.8,1.0,0.0,0.6,1.0,0.4
P1,Sp Braga,2025-12-15,H,Santa Clara,1,0,W,3,14,2.4,2.0,0.8,1.2,0.8,0.2,0.6,1.0,0.4
P1,Sp Braga,2025-12-19,A,Estoril,0,1,L,0,15,2.4,1.8,0.6,1.2,0.6,0.4,0.4,0.8,0.4
P1,Sp Braga,2025-12-28,H,Benfica,2,2,D,1,16,2.0,1.8,0.8,1.0,0.6,0.4,0.4,0.8,0.4
P1,Sp Braga,2026-01-03,A,Estrela,3,3,D,1,17,1.6,1.6,1.4,0.2,0.6,0.4,0.6,0.8,0.2
P1,Sp Braga,2026-01-18,A,Tondela,1,0,W,3,18,1.6,1.4,1.2,0.2,0.4,0.6,0.4,0.8,0.4
P1,Sp Braga,2026-01-25,H,Alverca,5,0,W,3,19,1.6,2.2,1.2,1.0,0.6,0.4,0.4,0.8,0.4
P1,Sp Braga,2026-02-02,A,AVS,4,0,W,3,20,2.2,3.0,1.0,2.0,0.8,0.2,0.4,1.0,0.6
P1,Sp Braga,2026-02-08,H,Rio Ave,3,0,W,3,21,2.6,3.2,0.6,2.6,0.8,0.2,0.2,1.0,0.8
P1,Sp Braga,2026-02-14,A,Gil Vicente,1,2,L,0,22,2.4,2.8,0.4,2.4,0.8,0.2,0.2,1.0,0.8
P1,Sp Braga,2026-02-21,H,Guimaraes,3,2,W,3,23,2.4,3.2,0.8,2.4,1.0,0.0,0.4,1.0,0.6
P1,Sp Braga,2026-02-28,A,Nacional,2,1,W,3,24,2.4,2.6,1.0,1.6,1.0,0.0,0.6,1.0,0.4
P1,Sp Braga,2026-03-07,H,Sp Lisbon,2,2,D,1,25,2.0,2.2,1.4,0.8,1.0,0.0,0.8,1.0,0.2
P1,Sp Braga,2026-03-22,H,Porto,1,2,L,0,26,1.4,1.8,1.8,0.0,1.0,0.0,1.0,1.0,0.0
P1,Sp Braga,2026-04-04,A,Moreirense,1,0,W,3,27,2.0,1.8,1.4,0.4,0.8,0.2,0.8,1.0,0.2
P1,Sp Lisbon,2025-08-08,A,Casa Pia,2,0,W,3,1,3.0,2.0,0.0,2.0,0.0,1.0,0.0,1.0,1.0
P1,Sp Lisbon,2025-08-17,H,Arouca,6,0,W,3,2,3.0,4.0,0.0,4.0,0.5,0.5,0.0,1.0,1.0
P1,Sp Lisbon,2025-08-23,A,Nacional,4,1,W,3,3,3.0,4.0,0.3333333333333333,3.6666666666666665,0.6666666666666666,0.3333333333333333,0.3333333333333333,1.0,0.6666666666666666
P1,Sp Lisbon,2025-08-30,H,Porto,1,2,L,0,4,2.25,3.25,0.75,2.5,0.75,0.25,0.5,1.0,0.5
P1,Sp Lisbon,2025-09-13,A,Famalicao,2,1,W,3,5,2.4,3.0,0.8,2.2,0.8,0.2,0.6,1.0,0.4
P1,Sp Lisbon,2025-09-22,H,Moreirense,3,0,W,3,6,2.4,3.2,0.8,2.4,1.0,0.0,0.6,1.0,0.4
P1,Sp Lisbon,2025-09-27,A,Estoril,1,0,W,3,7,2.4,2.2,0.8,1.4,0.8,0.2,0.6,1.0,0.4
P1,Sp Lisbon,2025-10-05,H,Sp Braga,1,1,D,1,8,2.0,1.6,0.8,0.8,0.6,0.4,0.6,1.0,0.4
P1,Sp Lisbon,2025-10-26,A,Tondela,3,0,W,3,9,2.6,2.0,0.4,1.6,0.6,0.4,0.4,1.0,0.6
P1,Sp Lisbon,2025-10-31,H,Alverca,2,0,W,3,10,2.6,2.0,0.2,1.8,0.4,0.6,0.2,1.0,0.8
P1,Sp Lisbon,2025-11-08,A,Santa Clara,2,1,W,3,11,2.6,1.8,0.4,1.4,0.4,0.6,0.4,1.0,0.6
P1,Sp Lisbon,2025-11-30,H,Estrela,4,0,W,3,12,2.6,2.4,0.4,2.0,0.6,0.4,0.4,1.0,0.6
P1,Sp Lisbon,2025-12-05,A,Benfica,1,1,D,1,13,2.6,2.4,0.4,2.0,0.6,0.4,0.4,1.0,0.6
P1,Sp Lisbon,2025-12-13,H,AVS,6,0,W,3,14,2.6,3.0,0.4,2.6,0.6,0.4,0.4,1.0,0.6
P1,Sp Lisbon,2025-12-23,A,Guimaraes,4,1,W,3,15,2.6,3.4,0.6,2.8,0.8,0.2,0.6,1.0,0.4
P1,Sp Lisbon,2025-12-28,H,Rio Ave,4,0,W,3,16,2.6,3.8,0.4,3.4,0.8,0.2,0.4,1.0,0.6
P1,Sp Lisbon,2026-01-02,A,Gil Vicente,1,1,D,1,17,2.2,3.2,0.6,2.6,0.6,0.4,0.6,1.0,0.4
P1,Sp Lisbon,2026-01-16,H,Casa Pia,3,0,W,3,18,2.6,3.6,0.4,3.2,0.8,0.2,0.4,1.0,0.6
P1,Sp Lisbon,2026-01-24,A,Arouca,2,1,W,3,19,2.6,2.8,0.6,2.2,0.8,0.2,0.6,1.0,0.4
P1,Sp Lisbon,2026-02-01,H,Nacional,2,1,W,3,20,2.6,2.4,0.6,1.8,0.8,0.2,0.6,1.0,0.4
P1,Sp Lisbon,2026-02-09,A,Porto,1,1,D,1,21,2.2,1.8,0.8,1.0,0.6,0.4,0.8,1.0,0.2
P1,Sp Lisbon,2026-02-15,H,Famalicao,1,0,W,3,22,2.6,1.8,0.6,1.2,0.6,0.4,0.6,1.0,0.4
P1,Sp Lisbon,2026-02-21,A,Moreirense,3,0,W,3,23,2.6,1.8,0.6,1.2,0.6,0.4,0.6,1.0,0.4
P1,Sp Lisbon,2026-02-27,H,Estoril,3,0,W,3,24,2.6,2.0,0.4,1.6,0.6,0.4,0.4,1.0,0.6
P1,Sp Lisbon,2026-03-07,A,Sp Braga,2,2,D,1,25,2.2,2.0,0.6,1.4,0.6,0.4,0.4,1.0,0.6
P1,Sp Lisbon,2026-03-22,A,Alverca,4,1,W,3,26,2.6,2.6,0.6,2.0,0.8,0.2,0.4,1.0,0.6
P1,Sp Lisbon,2026-04-03,H,Santa Clara,4,2,W,3,27,2.6,3.2,1.0,2.2,1.0,0.0,0.6,1.0,0.4
P1,Tondela,2025-08-10,A,Sp Braga,0,3,L,0,1,0.0,0.0,3.0,-3.0,1.0,0.0,0.0,0.0,0.0
P1,Tondela,2025-08-16,H,Famalicao,0,1,L,0,2,0.0,0.0,2.0,-2.0,0.5,0.5,0.0,0.0,0.0
P1,Tondela,2025-08-23,A,Benfica,0,3,L,0,3,0.0,0.0,2.3333333333333335,-2.3333333333333335,0.6666666666666666,0.3333333333333333,0.0,0.0,0.0
P1,Tondela,2025-08-31,H,Estoril,2,2,D,1,4,0.25,0.5,2.25,-1.75,0.75,0.25,0.25,0.25,0.0
P1,Tondela,2025-09-12,A,Alverca,0,1,L,0,5,0.2,0.4,2.0,-1.6,0.6,0.4,0.2,0.2,0.0
P1,Tondela,2025-09-21,H,Estrela,0,0,D,1,6,0.4,0.4,1.4,-1.0,0.4,0.6,0.2,0.2,0.2
P1,Tondela,2025-09-27,A,Santa Clara,2,1,W,3,7,1.0,0.8,1.4,-0.6,0.6,0.4,0.4,0.4,0.2
P1,Tondela,2025-10-05,A,Rio Ave,0,3,L,0,8,1.0,0.8,1.4,-0.6,0.6,0.4,0.4,0.4,0.2
P1,Tondela,2025-10-26,H,Sp Lisbon,0,3,L,0,9,0.8,0.4,1.6,-1.2,0.6,0.4,0.2,0.2,0.2
P1,Tondela,2025-11-02,A,AVS,2,2,D,1,10,1.0,0.8,1.8,-1.0,0.8,0.2,0.4,0.4,0.2
P1,Tondela,2025-11-08,H,Guimaraes,0,1,L,0,11,0.8,0.8,2.0,-1.2,0.8,0.2,0.4,0.4,0.0
P1,Tondela,2025-11-29,A,Gil Vicente,1,0,W,3,12,0.8,0.6,1.8,-1.2,0.6,0.4,0.2,0.4,0.2
P1,Tondela,2025-12-07,H,Porto,0,2,L,0,13,0.8,0.6,1.6,-1.0,0.4,0.6,0.2,0.4,0.2
P1,Tondela,2025-12-15,A,Nacional,1,3,L,0,14,0.8,0.8,1.6,-0.8,0.4,0.6,0.4,0.6,0.2
P1,Tondela,2025-12-21,H,Casa Pia,1,2,L,0,15,0.6,0.6,1.6,-1.0,0.4,0.6,0.4,0.6,0.2
P1,Tondela,2026-01-03,H,Arouca,3,1,W,3,16,1.2,1.2,1.6,-0.4,0.6,0.4,0.6,0.8,0.2
P1,Tondela,2026-01-11,A,Moreirense,0,1,L,0,17,0.6,1.0,1.8,-0.8,0.6,0.4,0.6,0.6,0.0
P1,Tondela,2026-01-18,H,Sp Braga,0,1,L,0,18,0.6,1.0,1.6,-0.6,0.6,0.4,0.6,0.6,0.0
P1,Tondela,2026-01-25,A,Famalicao,0,3,L,0,19,0.6,0.8,1.6,-0.8,0.6,0.4,0.4,0.4,0.0
P1,Tondela,2026-02-01,H,Benfica,0,0,D,1,20,0.8,0.6,1.2,-0.6,0.4,0.6,0.2,0.2,0.2
P1,Tondela,2026-02-07,A,Estoril,2,2,D,1,21,0.4,0.4,1.4,-1.0,0.4,0.6,0.2,0.2,0.2
P1,Tondela,2026-02-13,H,Alverca,1,1,D,1,22,0.6,0.6,1.4,-0.8,0.4,0.6,0.4,0.4,0.2
P1,Tondela,2026-02-20,A,Estrela,2,0,W,3,23,1.2,1.0,1.2,-0.2,0.4,0.6,0.4,0.6,0.4
P1,Tondela,2026-03-01,H,Santa Clara,2,2,D,1,24,1.4,1.4,1.0,0.4,0.4,0.6,0.6,0.8,0.4
P1,Tondela,2026-03-09,H,Rio Ave,0,1,L,0,25,1.2,1.4,1.2,0.2,0.4,0.6,0.6,0.8,0.2
P1,Tondela,2026-03-21,H,AVS,0,0,D,1,26,1.2,1.0,0.8,0.2,0.2,0.8,0.4,0.6,0.4
P1,Tondela,2026-04-03,A,Guimaraes,0,5,L,0,27,1.0,0.8,1.6,-0.8,0.4,0.6,0.2,0.4,0.4
SC0,Aberdeen,2025-08-04,A,Hearts,0,2,L,0,1,0.0,0.0,2.0,-2.0,0.0,1.0,0.0,0.0,0.0
SC0,Aberdeen,2025-08-10,H,Celtic,0,2,L,0,2,0.0,0.0,2.0,-2.0,0.0,1.0,0.0,0.0,0.0
SC0,Aberdeen,2025-08-31,H,Falkirk,0,1,L,0,3,0.0,0.0,1.6666666666666667,-1.6666666666666667,0.0,1.0,0.0,0.0,0.0
SC0,Aberdeen,2025-09-13,H,Livingston,0,0,D,1,4,0.25,0.0,1.25,-1.25,0.0,1.0,0.0,0.0,0.25
SC0,Aberdeen,2025-09-23,A,Dundee United,0,2,L,0,5,0.2,0.0,1.4,-1.4,0.0,1.0,0.0,0.0,0.2
SC0,Aberdeen,2025-09-27,A,Motherwell,0,2,L,0,6,0.2,0.0,1.4,-1.4,0.0,1.0,0.0,0.0,0.2
SC0,Aberdeen,2025-10-05,H,Dundee,4,0,W,3,7,0.8,0.8,1.0,-0.2,0.2,0.8,0.0,0.2,0.4
SC0,Aberdeen,2025-10-18,A,St Mirren,1,0,W,3,8,1.4,1.0,0.8,0.2,0.2,0.8,0.0,0.4,0.6
SC0,Aberdeen,2025-10-26,H,Hibernian,1,2,L,0,9,1.2,1.2,1.2,0.0,0.4,0.6,0.2,0.6,0.4
SC0,Aberdeen,2025-10-29,A,Kilmarnock,1,0,W,3,10,1.8,1.4,0.8,0.6,0.4,0.6,0.2,0.8,0.6
SC0,Aberdeen,2025-11-09,H,Motherwell,1,1,D,1,11,2.0,1.6,0.6,1.0,0.4,0.6,0.4,1.0,0.6
SC0,Aberdeen,2025-11-23,H,Hearts,1,0,W,3,12,2.0,1.0,0.6,0.4,0.2,0.8,0.4,1.0,0.6
SC0,Aberdeen,2025-11-30,A,Livingston,1,0,W,3,13,2.0,1.0,0.6,0.4,0.2,0.8,0.4,1.0,0.6
SC0,Aberdeen,2025-12-03,H,St Mirren,3,3,D,1,14,2.2,1.4,0.8,0.6,0.2,0.8,0.4,1.0,0.6
SC0,Aberdeen,2025-12-06,A,Dundee,3,1,W,3,15,2.2,1.8,1.0,0.8,0.4,0.6,0.6,1.0,0.4
SC0,Aberdeen,2025-12-14,H,Kilmarnock,2,1,W,3,16,2.6,2.0,1.0,1.0,0.6,0.4,0.6,1.0,0.4
SC0,Aberdeen,2025-12-21,A,Celtic,1,3,L,0,17,2.0,2.0,1.6,0.4,0.8,0.2,0.8,1.0,0.2
SC0,Aberdeen,2025-12-27,H,Dundee United,1,1,D,1,18,1.6,2.0,1.8,0.2,0.8,0.2,1.0,1.0,0.0
SC0,Aberdeen,2025-12-30,A,Hibernian,0,2,L,0,19,1.4,1.4,1.6,-0.2,0.6,0.4,0.8,0.8,0.0
SC0,Aberdeen,2026-01-03,A,Falkirk,0,1,L,0,20,0.8,0.8,1.6,-0.8,0.4,0.6,0.6,0.6,0.0
SC0,Aberdeen,2026-01-06,A,Rangers,0,2,L,0,21,0.2,0.4,1.8,-1.4,0.2,0.8,0.4,0.4,0.0
SC0,Aberdeen,2026-01-11,H,Rangers,0,2,L,0,22,0.2,0.2,1.6,-1.4,0.0,1.0,0.2,0.2,0.0
SC0,Aberdeen,2026-01-24,H,Livingston,6,2,W,3,23,0.6,1.2,1.8,-0.6,0.2,0.8,0.2,0.2,0.0
SC0,Aberdeen,2026-01-31,A,Kilmarnock,0,3,L,0,24,0.6,1.2,2.0,-0.8,0.4,0.6,0.2,0.2,0.0
SC0,Aberdeen,2026-02-15,A,Motherwell,0,2,L,0,25,0.6,1.2,2.2,-1.0,0.4,0.6,0.2,0.2,0.0
SC0,Aberdeen,2026-02-21,H,Dundee,2,3,L,0,26,0.6,1.6,2.4,-0.8,0.6,0.4,0.4,0.4,0.0
SC0,Aberdeen,2026-02-24,A,Dundee United,0,0,D,1,27,0.8,1.6,2.0,-0.4,0.6,0.4,0.4,0.4,0.2
SC0,Aberdeen,2026-02-28,A,Hearts,0,1,L,0,28,0.2,0.4,1.8,-1.4,0.4,0.6,0.2,0.2,0.2
SC0,Aberdeen,2026-03-04,H,Celtic,1,2,L,0,29,0.2,0.6,1.6,-1.0,0.4,0.6,0.4,0.4,0.2
SC0,Aberdeen,2026-03-14,H,Falkirk,1,1,D,1,30,0.4,0.8,1.4,-0.6,0.4,0.6,0.6,0.6,0.2
SC0,Aberdeen,2026-03-21,A,Rangers,1,4,L,0,31,0.4,0.6,1.6,-1.0,0.4,0.6,0.6,0.6,0.2
SC0,Aberdeen,2026-04-04,A,St Mirren,0,2,L,0,32,0.2,0.6,2.0,-1.4,0.4,0.6,0.6,0.6,0.0
SC0,Celtic,2025-08-03,H,St Mirren,1,0,W,3,1,3.0,1.0,0.0,1.0,0.0,1.0,0.0,1.0,1.0
SC0,Celtic,2025-08-10,A,Aberdeen,2,0,W,3,2,3.0,1.5,0.0,1.5,0.0,1.0,0.0,1.0,1.0
SC0,Celtic,2025-08-23,H,Livingston,3,0,W,3,3,3.0,2.0,0.0,2.0,0.3333333333333333,0.6666666666666666,0.0,1.0,1.0
SC0,Celtic,2025-08-31,A,Rangers,0,0,D,1,4,2.5,1.5,0.0,1.5,0.25,0.75,0.0,0.75,1.0
SC0,Celtic,2025-09-14,A,Kilmarnock,2,1,W,3,5,2.6,1.6,0.2,1.4,0.4,0.6,0.2,0.8,0.8
SC0,Celtic,2025-09-27,H,Hibernian,0,0,D,1,6,2.2,1.4,0.2,1.2,0.4,0.6,0.2,0.6,0.8
SC0,Celtic,2025-10-05,H,Motherwell,3,2,W,3,7,2.2,1.6,0.6,1.0,0.6,0.4,0.4,0.6,0.6
SC0,Celtic,2025-10-19,A,Dundee,0,2,L,0,8,1.6,1.0,1.0,0.0,0.4,0.6,0.4,0.4,0.4
SC0,Celtic,2025-10-26,A,Hearts,1,3,L,0,9,1.4,1.2,1.6,-0.4,0.6,0.4,0.6,0.6,0.2
SC0,Celtic,2025-10-29,H,Falkirk,4,0,W,3,10,1.4,1.6,1.4,0.2,0.6,0.4,0.4,0.6,0.4
SC0,Celtic,2025-11-09,H,Kilmarnock,4,0,W,3,11,1.8,2.4,1.4,1.0,0.8,0.2,0.4,0.8,0.4
SC0,Celtic,2025-11-22,A,St Mirren,1,0,W,3,12,1.8,2.0,1.0,1.0,0.6,0.4,0.2,0.8,0.6
SC0,Celtic,2025-11-30,A,Hibernian,2,1,W,3,13,2.4,2.4,0.8,1.6,0.8,0.2,0.4,1.0,0.6
SC0,Celtic,2025-12-03,H,Dundee,1,0,W,3,14,3.0,2.4,0.2,2.2,0.6,0.4,0.2,1.0,0.8
SC0,Celtic,2025-12-07,H,Hearts,1,2,L,0,15,2.4,1.8,0.6,1.2,0.6,0.4,0.4,1.0,0.6
SC0,Celtic,2025-12-17,A,Dundee United,1,2,L,0,16,1.8,1.2,1.0,0.2,0.6,0.4,0.6,1.0,0.4
SC0,Celtic,2025-12-21,H,Aberdeen,3,1,W,3,17,1.8,1.6,1.2,0.4,0.8,0.2,0.8,1.0,0.2
SC0,Celtic,2025-12-27,A,Livingston,4,2,W,3,18,1.8,2.0,1.4,0.6,0.8,0.2,0.8,1.0,0.2
SC0,Celtic,2025-12-30,A,Motherwell,0,2,L,0,19,1.2,1.8,1.8,0.0,0.8,0.2,0.8,0.8,0.0
SC0,Celtic,2026-01-03,H,Rangers,1,3,L,0,20,1.2,1.8,2.0,-0.2,0.8,0.2,0.8,0.8,0.0
SC0,Celtic,2026-01-10,H,Dundee United,4,0,W,3,21,1.8,2.4,1.6,0.8,0.8,0.2,0.6,0.8,0.2
SC0,Celtic,2026-01-14,A,Falkirk,1,0,W,3,22,1.8,2.0,1.4,0.6,0.6,0.4,0.4,0.8,0.4
SC0,Celtic,2026-01-25,A,Hearts,2,2,D,1,23,1.4,1.6,1.4,0.2,0.6,0.4,0.4,0.8,0.4
SC0,Celtic,2026-02-01,H,Falkirk,2,0,W,3,24,2.0,2.0,1.0,1.0,0.6,0.4,0.4,1.0,0.6
SC0,Celtic,2026-02-11,H,Livingston,2,1,W,3,25,2.6,2.2,0.6,1.6,0.6,0.4,0.4,1.0,0.6
SC0,Celtic,2026-02-15,A,Kilmarnock,3,2,W,3,26,2.6,2.0,1.0,1.0,0.6,0.4,0.6,1.0,0.4
SC0,Celtic,2026-02-22,H,Hibernian,1,2,L,0,27,2.0,2.0,1.4,0.6,0.8,0.2,0.8,1.0,0.2
SC0,Celtic,2026-03-01,A,Rangers,2,2,D,1,28,2.0,2.0,1.4,0.6,0.8,0.2,0.8,1.0,0.2
SC0,Celtic,2026-03-04,A,Aberdeen,2,1,W,3,29,2.0,2.0,1.6,0.4,1.0,0.0,1.0,1.0,0.0
SC0,Celtic,2026-03-14,H,Motherwell,3,1,W,3,30,2.0,2.2,1.6,0.6,1.0,0.0,1.0,1.0,0.0
SC0,Celtic,2026-03-22,A,Dundee United,0,2,L,0,31,1.4,1.6,1.6,0.0,0.8,0.2,0.8,0.8,0.0
SC0,Celtic,2026-04-05,A,Dundee,2,1,W,3,32,2.0,1.8,1.4,0.4,0.8,0.2,0.8,0.8,0.0
SC0,Dundee,2025-08-03,H,Hibernian,1,2,L,0,1,0.0,1.0,2.0,-1.0,1.0,0.0,1.0,1.0,0.0
SC0,Dundee,2025-08-09,A,Rangers,1,1,D,1,2,0.5,1.0,1.5,-0.5,0.5,0.5,1.0,1.0,0.0
SC0,Dundee,2025-08-23,A,Kilmarnock,0,0,D,1,3,0.6666666666666666,0.6666666666666666,1.0,-0.3333333333333333,0.3333333333333333,0.6666666666666666,0.6666666666666666,0.6666666666666666,0.3333333333333333
SC0,Dundee,2025-08-31,H,Dundee United,0,2,L,0,4,0.5,0.5,1.25,-0.75,0.25,0.75,0.5,0.5,0.25
SC0,Dundee,2025-09-13,H,Motherwell,1,1,D,1,5,0.6,0.6,1.2,-0.6,0.2,0.8,0.6,0.6,0.2
SC0,Dundee,2025-09-20,H,Livingston,3,2,W,3,6,1.2,1.0,1.2,-0.2,0.2,0.8,0.6,0.6,0.2
SC0,Dundee,2025-09-27,A,St Mirren,0,1,L,0,7,1.0,0.8,1.2,-0.4,0.2,0.8,0.4,0.4,0.2
SC0,Dundee,2025-10-05,A,Aberdeen,0,4,L,0,8,0.8,0.8,2.0,-1.2,0.4,0.6,0.4,0.4,0.0
SC0,Dundee,2025-10-19,H,Celtic,2,0,W,3,9,1.4,1.2,1.6,-0.4,0.4,0.6,0.4,0.6,0.2
SC0,Dundee,2025-10-25,A,Falkirk,1,2,L,0,10,1.2,1.2,1.8,-0.6,0.6,0.4,0.4,0.6,0.2
SC0,Dundee,2025-11-01,A,Hearts,0,4,L,0,11,0.6,0.6,2.2,-1.6,0.6,0.4,0.2,0.4,0.2
SC0,Dundee,2025-11-09,H,Rangers,0,3,L,0,12,0.6,0.6,2.6,-2.0,0.8,0.2,0.2,0.4,0.2
SC0,Dundee,2025-11-22,A,Hibernian,0,2,L,0,13,0.6,0.6,2.2,-1.6,0.6,0.4,0.2,0.4,0.2
SC0,Dundee,2025-11-29,H,St Mirren,3,1,W,3,14,0.6,0.8,2.4,-1.6,0.8,0.2,0.4,0.4,0.0
SC0,Dundee,2025-12-03,A,Celtic,0,1,L,0,15,0.6,0.6,2.2,-1.6,0.6,0.4,0.2,0.2,0.0
SC0,Dundee,2025-12-06,H,Aberdeen,1,3,L,0,16,0.6,0.8,2.0,-1.2,0.6,0.4,0.4,0.4,0.0
SC0,Dundee,2025-12-13,A,Livingston,2,2,D,1,17,0.8,1.2,1.8,-0.6,0.6,0.4,0.6,0.6,0.0
SC0,Dundee,2025-12-20,A,Motherwell,0,1,L,0,18,0.8,1.2,1.6,-0.4,0.6,0.4,0.6,0.6,0.0
SC0,Dundee,2025-12-27,H,Falkirk,1,0,W,3,19,0.8,0.8,1.4,-0.6,0.4,0.6,0.4,0.6,0.2
SC0,Dundee,2025-12-30,H,Kilmarnock,2,1,W,3,20,1.4,1.2,1.4,-0.2,0.6,0.4,0.6,0.8,0.2
SC0,Dundee,2026-01-03,A,Dundee United,1,0,W,3,21,2.0,1.2,0.8,0.4,0.4,0.6,0.4,0.8,0.4
SC0,Dundee,2026-01-11,H,Hearts,0,1,L,0,22,1.8,0.8,0.6,0.2,0.2,0.8,0.2,0.6,0.4
SC0,Dundee,2026-01-25,A,Rangers,0,3,L,0,23,1.8,0.8,1.0,-0.2,0.4,0.6,0.2,0.6,0.4
SC0,Dundee,2026-01-31,A,St Mirren,0,0,D,1,24,1.4,0.6,1.0,-0.4,0.4,0.6,0.2,0.4,0.4
SC0,Dundee,2026-02-11,A,Falkirk,0,1,L,0,25,0.8,0.2,1.0,-0.8,0.2,0.8,0.0,0.2,0.4
SC0,Dundee,2026-02-14,H,Livingston,2,2,D,1,26,0.4,0.4,1.4,-1.0,0.4,0.6,0.2,0.2,0.2
SC0,Dundee,2026-02-21,A,Aberdeen,3,2,W,3,27,1.0,1.0,1.6,-0.6,0.6,0.4,0.4,0.4,0.2
SC0,Dundee,2026-02-28,H,Hibernian,3,3,D,1,28,1.2,1.6,1.6,0.0,0.6,0.4,0.6,0.6,0.2
SC0,Dundee,2026-03-07,H,Motherwell,2,1,W,3,29,1.6,2.0,1.8,0.2,0.8,0.2,0.8,0.8,0.0
SC0,Dundee,2026-03-15,H,Dundee United,2,2,D,1,30,1.8,2.4,2.0,0.4,1.0,0.0,1.0,1.0,0.0
SC0,Dundee,2026-03-21,A,Hearts,0,1,L,0,31,1.6,2.0,1.8,0.2,0.8,0.2,0.8,0.8,0.0
SC0,Dundee,2026-04-05,H,Celtic,1,2,L,0,32,1.0,1.6,1.8,-0.2,0.8,0.2,0.8,0.8,0.0
SC0,Dundee United,2025-08-03,A,Falkirk,2,2,D,1,1,1.0,2.0,2.0,0.0,1.0,0.0,1.0,1.0,0.0
SC0,Dundee United,2025-08-10,H,Hearts,2,3,L,0,2,0.5,2.0,2.5,-0.5,1.0,0.0,1.0,1.0,0.0
SC0,Dundee United,2025-08-31,A,Dundee,2,0,W,3,3,1.3333333333333333,2.0,1.6666666666666667,0.3333333333333333,0.6666666666666666,0.3333333333333333,0.6666666666666666,1.0,0.3333333333333333
SC0,Dundee United,2025-09-13,A,Hibernian,3,3,D,1,4,1.25,2.25,2.0,0.25,0.75,0.25,0.75,1.0,0.25
SC0,Dundee United,2025-09-23,H,Aberdeen,2,0,W,3,5,1.6,2.2,1.6,0.6,0.6,0.4,0.6,1.0,0.4
SC0,Dundee United,2025-09-27,H,Kilmarnock,0,2,L,0,6,1.4,1.8,1.6,0.2,0.4,0.6,0.4,0.8,0.4
SC0,Dundee United,2025-10-04,H,Livingston,1,1,D,1,7,1.6,1.6,1.2,0.4,0.2,0.8,0.4,0.8,0.4
SC0,Dundee United,2025-10-18,A,Rangers,2,2,D,1,8,1.2,1.6,1.6,0.0,0.4,0.6,0.6,0.8,0.2
SC0,Dundee United,2025-10-25,H,St Mirren,3,1,W,3,9,1.6,1.6,1.2,0.4,0.4,0.6,0.6,0.8,0.2
SC0,Dundee United,2025-10-29,A,Motherwell,0,2,L,0,10,1.0,1.2,1.6,-0.4,0.4,0.6,0.6,0.6,0.0
SC0,Dundee United,2025-11-09,A,Hearts,1,1,D,1,11,1.2,1.4,1.4,0.0,0.4,0.6,0.8,0.8,0.0
SC0,Dundee United,2025-11-22,H,Falkirk,0,3,L,0,12,1.0,1.2,1.8,-0.6,0.6,0.4,0.6,0.6,0.0
SC0,Dundee United,2025-11-29,A,Kilmarnock,1,1,D,1,13,1.0,1.0,1.6,-0.6,0.4,0.6,0.6,0.6,0.0
SC0,Dundee United,2025-12-03,H,Rangers,2,2,D,1,14,0.6,0.8,1.8,-1.0,0.4,0.6,0.6,0.6,0.0
SC0,Dundee United,2025-12-06,A,St Mirren,0,2,L,0,15,0.6,0.8,1.8,-1.0,0.4,0.6,0.6,0.6,0.0
SC0,Dundee United,2025-12-13,H,Motherwell,0,0,D,1,16,0.6,0.6,1.6,-1.0,0.4,0.6,0.4,0.4,0.2
SC0,Dundee United,2025-12-17,H,Celtic,2,1,W,3,17,1.2,1.0,1.2,-0.2,0.4,0.6,0.6,0.6,0.2
SC0,Dundee United,2025-12-20,H,Hibernian,1,1,D,1,18,1.2,1.0,1.2,-0.2,0.4,0.6,0.6,0.6,0.2
SC0,Dundee United,2025-12-27,A,Aberdeen,1,1,D,1,19,1.2,0.8,1.0,-0.2,0.2,0.8,0.6,0.6,0.2
SC0,Dundee United,2025-12-30,A,Livingston,3,1,W,3,20,1.8,1.4,0.8,0.6,0.4,0.6,0.8,0.8,0.2
SC0,Dundee United,2026-01-03,H,Dundee,0,1,L,0,21,1.6,1.4,1.0,0.4,0.4,0.6,0.8,0.8,0.0
SC0,Dundee United,2026-01-10,A,Celtic,0,4,L,0,22,1.0,1.0,1.6,-0.6,0.4,0.6,0.6,0.6,0.0
SC0,Dundee United,2026-01-31,H,Hearts,0,3,L,0,23,0.8,0.8,2.0,-1.2,0.6,0.4,0.4,0.4,0.0
SC0,Dundee United,2026-02-04,A,Hibernian,2,3,L,0,24,0.6,1.0,2.4,-1.4,0.8,0.2,0.4,0.4,0.0
SC0,Dundee United,2026-02-14,A,Falkirk,3,2,W,3,25,0.6,1.0,2.6,-1.6,0.8,0.2,0.4,0.4,0.0
SC0,Dundee United,2026-02-21,H,Kilmarnock,1,1,D,1,26,0.8,1.2,2.6,-1.4,0.8,0.2,0.6,0.6,0.0
SC0,Dundee United,2026-02-24,H,Aberdeen,0,0,D,1,27,1.0,1.2,1.8,-0.6,0.6,0.4,0.6,0.6,0.2
SC0,Dundee United,2026-02-28,A,Motherwell,0,2,L,0,28,1.0,1.2,1.6,-0.4,0.4,0.6,0.6,0.6,0.2
SC0,Dundee United,2026-03-03,H,St Mirren,2,1,W,3,29,1.6,1.2,1.2,0.0,0.4,0.6,0.6,0.6,0.2
SC0,Dundee United,2026-03-15,A,Dundee,2,2,D,1,30,1.2,1.0,1.2,-0.2,0.4,0.6,0.6,0.6,0.2
SC0,Dundee United,2026-03-22,H,Celtic,2,0,W,3,31,1.6,1.2,1.0,0.2,0.4,0.6,0.4,0.6,0.4
SC0,Dundee United,2026-04-04,A,Rangers,2,4,L,0,32,1.4,1.6,1.8,-0.2,0.6,0.4,0.6,0.8,0.2
SC0,Falkirk,2025-08-03,H,Dundee United,2,2,D,1,1,1.0,2.0,2.0,0.0,1.0,0.0,1.0,1.0,0.0
SC0,Falkirk,2025-08-09,A,Livingston,1,3,L,0,2,0.5,1.5,2.5,-1.0,1.0,0.0,1.0,1.0,0.0
SC0,Falkirk,2025-08-31,A,Aberdeen,1,0,W,3,3,1.3333333333333333,1.3333333333333333,1.6666666666666667,-0.3333333333333333,0.6666666666666666,0.3333333333333333,0.6666666666666666,1.0,0.3333333333333333
SC0,Falkirk,2025-09-13,H,St Mirren,1,2,L,0,4,1.0,1.25,1.75,-0.5,0.75,0.25,0.75,1.0,0.25
SC0,Falkirk,2025-09-23,H,Hibernian,2,2,D,1,5,1.0,1.4,1.8,-0.4,0.8,0.2,0.8,1.0,0.2
SC0,Falkirk,2025-09-27,A,Hearts,0,3,L,0,6,0.8,1.0,2.0,-1.0,0.8,0.2,0.6,0.8,0.2
SC0,Falkirk,2025-10-05,H,Rangers,1,1,D,1,7,1.0,1.0,1.6,-0.6,0.6,0.4,0.6,0.8,0.2
SC0,Falkirk,2025-10-18,A,Motherwell,2,1,W,3,8,1.0,1.2,1.8,-0.6,0.8,0.2,0.8,0.8,0.0
SC0,Falkirk,2025-10-25,H,Dundee,2,1,W,3,9,1.6,1.4,1.6,-0.2,0.8,0.2,0.8,0.8,0.0
SC0,Falkirk,2025-10-29,A,Celtic,0,4,L,0,10,1.4,1.0,2.0,-1.0,0.8,0.2,0.6,0.6,0.0
SC0,Falkirk,2025-11-01,H,Kilmarnock,3,1,W,3,11,2.0,1.6,1.6,0.0,0.8,0.2,0.8,0.8,0.0
SC0,Falkirk,2025-11-08,H,Livingston,1,1,D,1,12,2.0,1.6,1.6,0.0,0.8,0.2,0.8,0.8,0.0
SC0,Falkirk,2025-11-22,A,Dundee United,3,0,W,3,13,2.0,1.8,1.4,0.4,0.8,0.2,0.6,0.8,0.2
SC0,Falkirk,2025-11-30,A,Rangers,0,0,D,1,14,1.6,1.4,1.2,0.2,0.6,0.4,0.4,0.6,0.4
SC0,Falkirk,2025-12-03,H,Motherwell,0,0,D,1,15,1.8,1.4,0.4,1.0,0.4,0.6,0.4,0.6,0.6
SC0,Falkirk,2025-12-06,A,Hibernian,0,3,L,0,16,1.2,0.8,0.8,0.0,0.4,0.6,0.2,0.4,0.6
SC0,Falkirk,2025-12-13,H,Hearts,0,2,L,0,17,1.0,0.6,1.0,-0.4,0.4,0.6,0.0,0.2,0.6
SC0,Falkirk,2025-12-20,A,Kilmarnock,1,0,W,3,18,1.0,0.2,1.0,-0.8,0.2,0.8,0.0,0.2,0.6
SC0,Falkirk,2025-12-27,A,Dundee,0,1,L,0,19,0.8,0.2,1.2,-1.0,0.2,0.8,0.0,0.2,0.4
SC0,Falkirk,2026-01-03,H,Aberdeen,1,0,W,3,20,1.2,0.4,1.2,-0.8,0.2,0.8,0.0,0.4,0.4
SC0,Falkirk,2026-01-10,A,St Mirren,2,0,W,3,21,1.8,0.8,0.6,0.2,0.0,1.0,0.0,0.6,0.6
SC0,Falkirk,2026-01-14,H,Celtic,0,1,L,0,22,1.8,0.8,0.4,0.4,0.0,1.0,0.0,0.6,0.6
SC0,Falkirk,2026-01-24,H,Hibernian,4,1,W,3,23,1.8,1.4,0.6,0.8,0.2,0.8,0.2,0.6,0.4
SC0,Falkirk,2026-02-01,A,Celtic,0,2,L,0,24,1.8,1.4,0.8,0.6,0.2,0.8,0.2,0.6,0.4
SC0,Falkirk,2026-02-04,A,Livingston,2,1,W,3,25,1.8,1.6,1.0,0.6,0.4,0.6,0.4,0.6,0.2
SC0,Falkirk,2026-02-11,H,Dundee,1,0,W,3,26,1.8,1.4,1.0,0.4,0.4,0.6,0.4,0.6,0.2
SC0,Falkirk,2026-02-14,H,Dundee United,2,3,L,0,27,1.8,1.8,1.4,0.4,0.6,0.4,0.6,0.8,0.2
SC0,Falkirk,2026-02-21,A,Hearts,0,1,L,0,28,1.2,1.0,1.4,-0.4,0.4,0.6,0.4,0.6,0.2
SC0,Falkirk,2026-02-28,H,Kilmarnock,5,1,W,3,29,1.8,2.0,1.2,0.8,0.6,0.4,0.6,0.8,0.2
SC0,Falkirk,2026-03-14,A,Aberdeen,1,1,D,1,30,1.4,1.8,1.2,0.6,0.4,0.6,0.6,0.8,0.2
SC0,Falkirk,2026-03-21,H,St Mirren,1,2,L,0,31,0.8,1.8,1.6,0.2,0.6,0.4,0.8,0.8,0.0
SC0,Falkirk,2026-04-04,A,Motherwell,3,2,W,3,32,1.4,2.0,1.4,0.6,0.6,0.4,0.8,0.8,0.0
SC0,Hearts,2025-08-04,H,Aberdeen,2,0,W,3,1,3.0,2.0,0.0,2.0,0.0,1.0,0.0,1.0,1.0
SC0,Hearts,2025-08-10,A,Dundee United,3,2,W,3,2,3.0,2.5,1.0,1.5,0.5,0.5,0.5,1.0,0.5
SC0,Hearts,2025-08-23,H,Motherwell,3,3,D,1,3,2.3333333333333335,2.6666666666666665,1.6666666666666667,1.0,0.6666666666666666,0.3333333333333333,0.6666666666666666,1.0,0.3333333333333333
SC0,Hearts,2025-08-30,A,Livingston,2,1,W,3,4,2.5,2.5,1.5,1.0,0.75,0.25,0.75,1.0,0.25
SC0,Hearts,2025-09-13,A,Rangers,2,0,W,3,5,2.6,2.4,1.2,1.2,0.6,0.4,0.6,1.0,0.4
SC0,Hearts,2025-09-27,H,Falkirk,3,0,W,3,6,2.6,2.6,1.2,1.4,0.8,0.2,0.6,1.0,0.4
SC0,Hearts,2025-10-04,H,Hibernian,1,0,W,3,7,2.6,2.2,0.8,1.4,0.6,0.4,0.4,1.0,0.6
SC0,Hearts,2025-10-18,A,Kilmarnock,3,0,W,3,8,3.0,2.2,0.2,2.0,0.6,0.4,0.2,1.0,0.8
SC0,Hearts,2025-10-26,H,Celtic,3,1,W,3,9,3.0,2.4,0.2,2.2,0.6,0.4,0.2,1.0,0.8
SC0,Hearts,2025-10-29,A,St Mirren,2,2,D,1,10,2.6,2.4,0.6,1.8,0.8,0.2,0.4,1.0,0.6
SC0,Hearts,2025-11-01,H,Dundee,4,0,W,3,11,2.6,2.6,0.6,2.0,0.8,0.2,0.4,1.0,0.6
SC0,Hearts,2025-11-09,H,Dundee United,1,1,D,1,12,2.2,2.6,0.8,1.8,0.8,0.2,0.6,1.0,0.4
SC0,Hearts,2025-11-23,A,Aberdeen,0,1,L,0,13,1.6,2.0,1.0,1.0,0.6,0.4,0.6,0.8,0.2
SC0,Hearts,2025-11-29,A,Motherwell,0,0,D,1,14,1.2,1.4,0.8,0.6,0.4,0.6,0.4,0.6,0.4
SC0,Hearts,2025-12-03,H,Kilmarnock,1,1,D,1,15,1.2,1.2,0.6,0.6,0.2,0.8,0.4,0.6,0.4
SC0,Hearts,2025-12-07,A,Celtic,2,1,W,3,16,1.2,0.8,0.8,0.0,0.2,0.8,0.6,0.6,0.2
SC0,Hearts,2025-12-13,A,Falkirk,2,0,W,3,17,1.6,1.0,0.6,0.4,0.2,0.8,0.4,0.6,0.4
SC0,Hearts,2025-12-21,H,Rangers,2,1,W,3,18,2.2,1.4,0.6,0.8,0.4,0.6,0.6,0.8,0.4
SC0,Hearts,2025-12-27,A,Hibernian,2,3,L,0,19,2.0,1.8,1.2,0.6,0.6,0.4,0.8,1.0,0.2
SC0,Hearts,2026-01-03,H,Livingston,1,0,W,3,20,2.4,1.8,1.0,0.8,0.6,0.4,0.6,1.0,0.4
SC0,Hearts,2026-01-11,A,Dundee,1,0,W,3,21,2.4,1.6,0.8,0.8,0.4,0.6,0.4,1.0,0.6
SC0,Hearts,2026-01-14,H,St Mirren,2,0,W,3,22,2.4,1.6,0.8,0.8,0.4,0.6,0.4,1.0,0.6
SC0,Hearts,2026-01-25,H,Celtic,2,2,D,1,23,2.0,1.6,1.0,0.6,0.4,0.6,0.4,1.0,0.6
SC0,Hearts,2026-01-31,A,Dundee United,3,0,W,3,24,2.6,1.8,0.4,1.4,0.4,0.6,0.2,1.0,0.8
SC0,Hearts,2026-02-03,A,St Mirren,0,1,L,0,25,2.0,1.6,0.6,1.0,0.4,0.6,0.2,0.8,0.6
SC0,Hearts,2026-02-10,H,Hibernian,1,0,W,3,26,2.0,1.6,0.6,1.0,0.4,0.6,0.2,0.8,0.6
SC0,Hearts,2026-02-15,A,Rangers,2,4,L,0,27,1.4,1.6,1.4,0.2,0.6,0.4,0.4,0.8,0.4
SC0,Hearts,2026-02-21,H,Falkirk,1,0,W,3,28,1.8,1.4,1.0,0.4,0.4,0.6,0.2,0.8,0.6
SC0,Hearts,2026-02-28,H,Aberdeen,1,0,W,3,29,1.8,1.0,1.0,0.0,0.2,0.8,0.2,0.8,0.6
SC0,Hearts,2026-03-14,A,Kilmarnock,0,1,L,0,30,1.8,1.0,1.0,0.0,0.2,0.8,0.2,0.8,0.6
SC0,Hearts,2026-03-21,H,Dundee,1,0,W,3,31,1.8,1.0,1.0,0.0,0.2,0.8,0.2,0.8,0.6
SC0,Hearts,2026-04-05,A,Livingston,2,2,D,1,32,2.0,1.0,0.6,0.4,0.2,0.8,0.2,0.8,0.6
SC0,Hibernian,2025-08-03,A,Dundee,2,1,W,3,1,3.0,2.0,1.0,1.0,1.0,0.0,1.0,1.0,0.0
SC0,Hibernian,2025-08-10,H,Kilmarnock,2,2,D,1,2,2.0,2.0,1.5,0.5,1.0,0.0,1.0,1.0,0.0
SC0,Hibernian,2025-08-31,H,St Mirren,1,1,D,1,3,1.6666666666666667,1.6666666666666667,1.3333333333333333,0.3333333333333333,0.6666666666666666,0.3333333333333333,1.0,1.0,0.0
SC0,Hibernian,2025-09-13,H,Dundee United,3,3,D,1,4,1.5,2.0,1.75,0.25,0.75,0.25,1.0,1.0,0.0
SC0,Hibernian,2025-09-23,A,Falkirk,2,2,D,1,5,1.4,2.0,1.8,0.2,0.8,0.2,1.0,1.0,0.0
SC0,Hibernian,2025-09-27,A,Celtic,0,0,D,1,6,1.0,1.6,1.6,0.0,0.6,0.4,0.8,0.8,0.2
SC0,Hibernian,2025-10-04,A,Hearts,0,1,L,0,7,0.8,1.2,1.4,-0.2,0.4,0.6,0.6,0.6,0.2
SC0,Hibernian,2025-10-18,H,Livingston,4,0,W,3,8,1.2,1.8,1.2,0.6,0.6,0.4,0.4,0.6,0.4
SC0,Hibernian,2025-10-26,A,Aberdeen,2,1,W,3,9,1.6,1.6,0.8,0.8,0.6,0.4,0.4,0.6,0.4
SC0,Hibernian,2025-10-29,H,Rangers,0,1,L,0,10,1.4,1.2,0.6,0.6,0.4,0.6,0.2,0.4,0.4
SC0,Hibernian,2025-11-01,A,Livingston,2,2,D,1,11,1.4,1.6,1.0,0.6,0.6,0.4,0.4,0.6,0.2
SC0,Hibernian,2025-11-08,A,St Mirren,3,0,W,3,12,2.0,2.2,0.8,1.4,0.8,0.2,0.4,0.8,0.4
SC0,Hibernian,2025-11-22,H,Dundee,2,0,W,3,13,2.0,1.8,0.8,1.0,0.6,0.4,0.4,0.8,0.4
SC0,Hibernian,2025-11-25,A,Motherwell,0,2,L,0,14,1.4,1.4,1.0,0.4,0.4,0.6,0.2,0.6,0.4
SC0,Hibernian,2025-11-30,H,Celtic,1,2,L,0,15,1.4,1.6,1.2,0.4,0.6,0.4,0.4,0.8,0.4
SC0,Hibernian,2025-12-06,H,Falkirk,3,0,W,3,16,1.8,1.8,0.8,1.0,0.6,0.4,0.2,0.8,0.6
SC0,Hibernian,2025-12-15,A,Rangers,0,1,L,0,17,1.2,1.2,1.0,0.2,0.4,0.6,0.2,0.6,0.4
SC0,Hibernian,2025-12-20,A,Dundee United,1,1,D,1,18,0.8,1.0,1.2,-0.2,0.4,0.6,0.4,0.6,0.2
SC0,Hibernian,2025-12-27,H,Hearts,3,2,W,3,19,1.4,1.6,1.2,0.4,0.6,0.4,0.6,0.8,0.2
SC0,Hibernian,2025-12-30,H,Aberdeen,2,0,W,3,20,2.0,1.8,0.8,1.0,0.4,0.6,0.4,0.8,0.4
SC0,Hibernian,2026-01-03,A,Kilmarnock,3,1,W,3,21,2.0,1.8,1.0,0.8,0.4,0.6,0.6,0.8,0.2
SC0,Hibernian,2026-01-10,H,Motherwell,1,1,D,1,22,2.2,2.0,1.0,1.0,0.4,0.6,0.8,1.0,0.2
SC0,Hibernian,2026-01-24,A,Falkirk,1,4,L,0,23,2.0,2.0,1.6,0.4,0.6,0.4,0.8,1.0,0.2
SC0,Hibernian,2026-02-01,H,Rangers,0,0,D,1,24,1.6,1.4,1.2,0.2,0.4,0.6,0.6,0.8,0.4
SC0,Hibernian,2026-02-04,H,Dundee United,3,2,W,3,25,1.6,1.6,1.6,0.0,0.6,0.4,0.8,0.8,0.2
SC0,Hibernian,2026-02-10,A,Hearts,0,1,L,0,26,1.0,1.0,1.6,-0.6,0.4,0.6,0.6,0.6,0.2
SC0,Hibernian,2026-02-14,H,St Mirren,2,0,W,3,27,1.4,1.2,1.4,-0.2,0.4,0.6,0.4,0.6,0.4
SC0,Hibernian,2026-02-22,A,Celtic,2,1,W,3,28,2.0,1.4,0.8,0.6,0.4,0.6,0.4,0.6,0.4
SC0,Hibernian,2026-02-28,A,Dundee,3,3,D,1,29,2.0,2.0,1.4,0.6,0.6,0.4,0.6,0.8,0.2
SC0,Hibernian,2026-03-14,H,Livingston,0,0,D,1,30,1.6,1.4,1.0,0.4,0.4,0.6,0.4,0.6,0.4
SC0,Hibernian,2026-03-21,A,Motherwell,0,0,D,1,31,1.8,1.4,0.8,0.6,0.4,0.6,0.4,0.6,0.6
SC0,Hibernian,2026-04-04,H,Kilmarnock,3,0,W,3,32,1.8,1.6,0.8,0.8,0.6,0.4,0.4,0.6,0.6
SC0,Kilmarnock,2025-08-02,H,Livingston,2,2,D,1,1,1.0,2.0,2.0,0.0,1.0,0.0,1.0,1.0,0.0
SC0,Kilmarnock,2025-08-10,A,Hibernian,2,2,D,1,2,1.0,2.0,2.0,0.0,1.0,0.0,1.0,1.0,0.0
SC0,Kilmarnock,2025-08-23,H,Dundee,0,0,D,1,3,1.0,1.3333333333333333,1.3333333333333333,0.0,0.6666666666666666,0.3333333333333333,0.6666666666666666,0.6666666666666666,0.3333333333333333
SC0,Kilmarnock,2025-08-30,A,Motherwell,2,2,D,1,4,1.0,1.5,1.5,0.0,0.75,0.25,0.75,0.75,0.25
SC0,Kilmarnock,2025-09-14,H,Celtic,1,2,L,0,5,0.8,1.4,1.6,-0.2,0.8,0.2,0.8,0.8,0.2
SC0,Kilmarnock,2025-09-27,A,Dundee United,2,0,W,3,6,1.2,1.4,1.2,0.2,0.6,0.4,0.6,0.8,0.4
SC0,Kilmarnock,2025-10-04,H,St Mirren,2,0,W,3,7,1.6,1.4,0.8,0.6,0.4,0.6,0.4,0.8,0.6
SC0,Kilmarnock,2025-10-18,H,Hearts,0,3,L,0,8,1.4,1.4,1.4,0.0,0.6,0.4,0.4,0.8,0.4
SC0,Kilmarnock,2025-10-26,A,Rangers,1,3,L,0,9,1.2,1.2,1.6,-0.4,0.6,0.4,0.4,0.8,0.4
SC0,Kilmarnock,2025-10-29,H,Aberdeen,0,1,L,0,10,1.2,1.0,1.4,-0.4,0.4,0.6,0.2,0.6,0.4
SC0,Kilmarnock,2025-11-01,A,Falkirk,1,3,L,0,11,0.6,0.8,2.0,-1.2,0.6,0.4,0.4,0.6,0.2
SC0,Kilmarnock,2025-11-09,A,Celtic,0,4,L,0,12,0.0,0.4,2.8,-2.4,0.8,0.2,0.4,0.4,0.0
SC0,Kilmarnock,2025-11-22,H,Motherwell,1,3,L,0,13,0.0,0.6,2.8,-2.2,0.8,0.2,0.6,0.6,0.0
SC0,Kilmarnock,2025-11-29,H,Dundee United,1,1,D,1,14,0.2,0.6,2.4,-1.8,0.6,0.4,0.6,0.6,0.0
SC0,Kilmarnock,2025-12-03,A,Hearts,1,1,D,1,15,0.4,0.8,2.4,-1.6,0.6,0.4,0.8,0.8,0.0
SC0,Kilmarnock,2025-12-06,H,Rangers,0,3,L,0,16,0.4,0.6,2.4,-1.8,0.6,0.4,0.6,0.6,0.0
SC0,Kilmarnock,2025-12-14,A,Aberdeen,1,2,L,0,17,0.4,0.8,2.0,-1.2,0.6,0.4,0.8,0.8,0.0
SC0,Kilmarnock,2025-12-20,H,Falkirk,0,1,L,0,18,0.4,0.6,1.6,-1.0,0.4,0.6,0.6,0.6,0.0
SC0,Kilmarnock,2025-12-27,A,St Mirren,0,0,D,1,19,0.4,0.4,1.4,-1.0,0.4,0.6,0.4,0.4,0.2
SC0,Kilmarnock,2025-12-30,A,Dundee,1,2,L,0,20,0.2,0.4,1.6,-1.2,0.6,0.4,0.4,0.4,0.2
SC0,Kilmarnock,2026-01-03,H,Hibernian,1,3,L,0,21,0.2,0.6,1.6,-1.0,0.6,0.4,0.6,0.6,0.2
SC0,Kilmarnock,2026-01-10,A,Livingston,1,1,D,1,22,0.4,0.6,1.4,-0.8,0.4,0.6,0.6,0.6,0.2
SC0,Kilmarnock,2026-01-24,A,Motherwell,0,4,L,0,23,0.4,0.6,2.0,-1.4,0.6,0.4,0.6,0.6,0.2
SC0,Kilmarnock,2026-01-31,H,Aberdeen,3,0,W,3,24,0.8,1.2,2.0,-0.8,0.8,0.2,0.6,0.8,0.2
SC0,Kilmarnock,2026-02-04,A,Rangers,1,5,L,0,25,0.8,1.2,2.6,-1.4,0.8,0.2,0.6,0.8,0.2
SC0,Kilmarnock,2026-02-11,H,St Mirren,4,3,W,3,26,1.4,1.8,2.6,-0.8,0.8,0.2,0.6,0.8,0.2
SC0,Kilmarnock,2026-02-15,H,Celtic,2,3,L,0,27,1.2,2.0,3.0,-1.0,1.0,0.0,0.6,0.8,0.2
SC0,Kilmarnock,2026-02-21,A,Dundee United,1,1,D,1,28,1.4,2.2,2.4,-0.2,0.8,0.2,0.8,1.0,0.2
SC0,Kilmarnock,2026-02-28,A,Falkirk,1,5,L,0,29,0.8,1.8,3.4,-1.6,0.8,0.2,1.0,1.0,0.0
SC0,Kilmarnock,2026-03-14,H,Hearts,1,0,W,3,30,1.4,1.8,2.4,-0.6,0.6,0.4,0.8,1.0,0.2
SC0,Kilmarnock,2026-03-21,H,Livingston,2,0,W,3,31,1.4,1.4,1.8,-0.4,0.4,0.6,0.6,1.0,0.4
SC0,Kilmarnock,2026-04-04,A,Hibernian,0,3,L,0,32,1.4,1.0,1.8,-0.8,0.4,0.6,0.4,0.8,0.4
SC0,Livingston,2025-08-02,A,Kilmarnock,2,2,D,1,1,1.0,2.0,2.0,0.0,1.0,0.0,1.0,1.0,0.0
SC0,Livingston,2025-08-09,H,Falkirk,3,1,W,3,2,2.0,2.5,1.5,1.0,1.0,0.0,1.0,1.0,0.0
SC0,Livingston,2025-08-23,A,Celtic,0,3,L,0,3,1.3333333333333333,1.6666666666666667,2.0,-0.3333333333333333,1.0,0.0,0.6666666666666666,0.6666666666666666,0.0
SC0,Livingston,2025-08-30,H,Hearts,1,2,L,0,4,1.0,1.5,2.0,-0.5,1.0,0.0,0.75,0.75,0.0
SC0,Livingston,2025-09-13,A,Aberdeen,0,0,D,1,5,1.0,1.2,1.6,-0.4,0.8,0.2,0.6,0.6,0.2
SC0,Livingston,2025-09-20,A,Dundee,2,3,L,0,6,0.8,1.2,1.8,-0.6,0.8,0.2,0.6,0.6,0.2
SC0,Livingston,2025-09-28,H,Rangers,1,2,L,0,7,0.2,0.8,2.0,-1.2,0.8,0.2,0.6,0.6,0.2
SC0,Livingston,2025-10-04,A,Dundee United,1,1,D,1,8,0.4,1.0,1.6,-0.6,0.6,0.4,0.8,0.8,0.2
SC0,Livingston,2025-10-18,A,Hibernian,0,4,L,0,9,0.4,0.8,2.0,-1.2,0.6,0.4,0.6,0.6,0.2
SC0,Livingston,2025-10-25,H,Motherwell,1,2,L,0,10,0.2,1.0,2.4,-1.4,0.8,0.2,0.8,0.8,0.0
SC0,Livingston,2025-11-01,H,Hibernian,2,2,D,1,11,0.4,1.0,2.2,-1.2,0.8,0.2,0.8,0.8,0.0
SC0,Livingston,2025-11-08,A,Falkirk,1,1,D,1,12,0.6,1.0,2.0,-1.0,0.6,0.4,0.8,0.8,0.0
SC0,Livingston,2025-11-22,A,Rangers,1,2,L,0,13,0.4,1.0,2.2,-1.2,0.8,0.2,0.8,0.8,0.0
SC0,Livingston,2025-11-30,H,Aberdeen,0,1,L,0,14,0.4,1.0,1.6,-0.6,0.6,0.4,0.8,0.8,0.0
SC0,Livingston,2025-12-06,A,Motherwell,0,3,L,0,15,0.4,0.8,1.8,-1.0,0.6,0.4,0.6,0.6,0.0
SC0,Livingston,2025-12-13,H,Dundee,2,2,D,1,16,0.4,0.8,1.8,-1.0,0.6,0.4,0.6,0.6,0.0
SC0,Livingston,2025-12-20,A,St Mirren,0,1,L,0,17,0.2,0.6,1.8,-1.2,0.6,0.4,0.4,0.4,0.0
SC0,Livingston,2025-12-27,H,Celtic,2,4,L,0,18,0.2,0.8,2.2,-1.4,0.6,0.4,0.4,0.4,0.0
SC0,Livingston,2025-12-30,H,Dundee United,1,3,L,0,19,0.2,1.0,2.6,-1.6,0.8,0.2,0.6,0.6,0.0
SC0,Livingston,2026-01-03,A,Hearts,0,1,L,0,20,0.2,1.0,2.2,-1.2,0.6,0.4,0.6,0.6,0.0
SC0,Livingston,2026-01-10,H,Kilmarnock,1,1,D,1,21,0.2,0.8,2.0,-1.2,0.4,0.6,0.6,0.6,0.0
SC0,Livingston,2026-01-20,H,St Mirren,1,1,D,1,22,0.4,1.0,2.0,-1.0,0.4,0.6,0.8,0.8,0.0
SC0,Livingston,2026-01-24,A,Aberdeen,2,6,L,0,23,0.4,1.0,2.4,-1.4,0.4,0.6,0.8,0.8,0.0
SC0,Livingston,2026-01-31,H,Motherwell,0,2,L,0,24,0.4,0.8,2.2,-1.4,0.2,0.8,0.6,0.6,0.0
SC0,Livingston,2026-02-04,H,Falkirk,1,2,L,0,25,0.4,1.0,2.4,-1.4,0.4,0.6,0.8,0.8,0.0
SC0,Livingston,2026-02-11,A,Celtic,1,2,L,0,26,0.2,1.0,2.6,-1.6,0.6,0.4,0.8,0.8,0.0
SC0,Livingston,2026-02-14,A,Dundee,2,2,D,1,27,0.2,1.2,2.8,-1.6,0.8,0.2,0.8,0.8,0.0
SC0,Livingston,2026-02-22,H,Rangers,2,2,D,1,28,0.4,1.2,2.0,-0.8,0.8,0.2,0.8,0.8,0.0
SC0,Livingston,2026-02-28,H,St Mirren,1,1,D,1,29,0.6,1.4,1.8,-0.4,0.8,0.2,1.0,1.0,0.0
SC0,Livingston,2026-03-14,A,Hibernian,0,0,D,1,30,0.8,1.2,1.4,-0.2,0.6,0.4,0.8,0.8,0.2
SC0,Livingston,2026-03-21,A,Kilmarnock,0,2,L,0,31,0.8,1.0,1.4,-0.4,0.4,0.6,0.6,0.6,0.2
SC0,Livingston,2026-04-05,H,Hearts,2,2,D,1,32,0.8,1.0,1.4,-0.4,0.4,0.6,0.6,0.6,0.2
SC0,Motherwell,2025-08-02,H,Rangers,1,1,D,1,1,1.0,1.0,1.0,0.0,0.0,1.0,1.0,1.0,0.0
SC0,Motherwell,2025-08-09,A,St Mirren,0,0,D,1,2,1.0,0.5,0.5,0.0,0.0,1.0,0.5,0.5,0.5
SC0,Motherwell,2025-08-23,A,Hearts,3,3,D,1,3,1.0,1.3333333333333333,1.3333333333333333,0.0,0.3333333333333333,0.6666666666666666,0.6666666666666666,0.6666666666666666,0.3333333333333333
SC0,Motherwell,2025-08-30,H,Kilmarnock,2,2,D,1,4,1.0,1.5,1.5,0.0,0.5,0.5,0.75,0.75,0.25
SC0,Motherwell,2025-09-13,A,Dundee,1,1,D,1,5,1.0,1.4,1.4,0.0,0.4,0.6,0.8,0.8,0.2
SC0,Motherwell,2025-09-27,H,Aberdeen,2,0,W,3,6,1.4,1.6,1.2,0.4,0.4,0.6,0.6,0.8,0.4
SC0,Motherwell,2025-10-05,A,Celtic,2,3,L,0,7,1.2,2.0,1.8,0.2,0.6,0.4,0.8,1.0,0.2
SC0,Motherwell,2025-10-18,H,Falkirk,1,2,L,0,8,1.0,1.6,1.6,0.0,0.6,0.4,0.8,1.0,0.2
SC0,Motherwell,2025-10-25,A,Livingston,2,1,W,3,9,1.4,1.6,1.4,0.2,0.6,0.4,0.8,1.0,0.2
SC0,Motherwell,2025-10-29,H,Dundee United,2,0,W,3,10,1.8,1.8,1.2,0.6,0.6,0.4,0.6,1.0,0.4
SC0,Motherwell,2025-11-09,A,Aberdeen,1,1,D,1,11,1.4,1.6,1.4,0.2,0.6,0.4,0.8,1.0,0.2
SC0,Motherwell,2025-11-22,A,Kilmarnock,3,1,W,3,12,2.0,1.8,1.0,0.8,0.6,0.4,0.8,1.0,0.2
SC0,Motherwell,2025-11-25,H,Hibernian,2,0,W,3,13,2.6,2.0,0.6,1.4,0.4,0.6,0.6,1.0,0.4
SC0,Motherwell,2025-11-29,H,Hearts,0,0,D,1,14,2.2,1.6,0.4,1.2,0.2,0.8,0.4,0.8,0.6
SC0,Motherwell,2025-12-03,A,Falkirk,0,0,D,1,15,1.8,1.2,0.4,0.8,0.2,0.8,0.4,0.6,0.6
SC0,Motherwell,2025-12-06,H,Livingston,3,0,W,3,16,2.2,1.6,0.2,1.4,0.4,0.6,0.2,0.6,0.8
SC0,Motherwell,2025-12-13,A,Dundee United,0,0,D,1,17,1.8,1.0,0.0,1.0,0.2,0.8,0.0,0.4,1.0
SC0,Motherwell,2025-12-20,H,Dundee,1,0,W,3,18,1.8,0.8,0.0,0.8,0.2,0.8,0.0,0.4,1.0
SC0,Motherwell,2025-12-27,A,Rangers,0,1,L,0,19,1.6,0.8,0.2,0.6,0.2,0.8,0.0,0.4,0.8
SC0,Motherwell,2025-12-30,H,Celtic,2,0,W,3,20,2.0,1.2,0.2,1.0,0.2,0.8,0.0,0.6,0.8
SC0,Motherwell,2026-01-03,H,St Mirren,2,0,W,3,21,2.0,1.0,0.2,0.8,0.0,1.0,0.0,0.6,0.8
SC0,Motherwell,2026-01-10,A,Hibernian,1,1,D,1,22,2.0,1.2,0.4,0.8,0.0,1.0,0.2,0.8,0.6
SC0,Motherwell,2026-01-24,H,Kilmarnock,4,0,W,3,23,2.0,1.8,0.4,1.4,0.2,0.8,0.2,0.8,0.6
SC0,Motherwell,2026-01-31,A,Livingston,2,0,W,3,24,2.6,2.2,0.2,2.0,0.2,0.8,0.2,1.0,0.8
SC0,Motherwell,2026-02-11,H,Rangers,1,1,D,1,25,2.2,2.0,0.4,1.6,0.2,0.8,0.4,1.0,0.6
SC0,Motherwell,2026-02-15,H,Aberdeen,2,0,W,3,26,2.2,2.0,0.4,1.6,0.2,0.8,0.4,1.0,0.6
SC0,Motherwell,2026-02-21,A,St Mirren,5,0,W,3,27,2.6,2.8,0.2,2.6,0.4,0.6,0.2,1.0,0.8
SC0,Motherwell,2026-02-28,H,Dundee United,2,0,W,3,28,2.6,2.4,0.2,2.2,0.2,0.8,0.2,1.0,0.8
SC0,Motherwell,2026-03-07,A,Dundee,1,2,L,0,29,2.0,2.2,0.6,1.6,0.4,0.6,0.4,1.0,0.6
SC0,Motherwell,2026-03-14,A,Celtic,1,3,L,0,30,1.8,2.2,1.0,1.2,0.6,0.4,0.4,1.0,0.6
SC0,Motherwell,2026-03-21,H,Hibernian,0,0,D,1,31,1.4,1.8,1.0,0.8,0.6,0.4,0.4,0.8,0.6
SC0,Motherwell,2026-04-04,H,Falkirk,2,3,L,0,32,0.8,1.2,1.6,-0.4,0.6,0.4,0.6,0.8,0.4
SC0,Rangers,2025-08-02,A,Motherwell,1,1,D,1,1,1.0,1.0,1.0,0.0,0.0,1.0,1.0,1.0,0.0
SC0,Rangers,2025-08-09,H,Dundee,1,1,D,1,2,1.0,1.0,1.0,0.0,0.0,1.0,1.0,1.0,0.0
SC0,Rangers,2025-08-24,A,St Mirren,1,1,D,1,3,1.0,1.0,1.0,0.0,0.0,1.0,1.0,1.0,0.0
SC0,Rangers,2025-08-31,H,Celtic,0,0,D,1,4,1.0,0.75,0.75,0.0,0.0,1.0,0.75,0.75,0.25
SC0,Rangers,2025-09-13,H,Hearts,0,2,L,0,5,0.8,0.6,1.0,-0.4,0.0,1.0,0.6,0.6,0.2
SC0,Rangers,2025-09-28,A,Livingston,2,1,W,3,6,1.2,0.8,1.0,-0.2,0.2,0.8,0.6,0.6,0.2
SC0,Rangers,2025-10-05,A,Falkirk,1,1,D,1,7,1.2,0.8,1.0,-0.2,0.2,0.8,0.6,0.6,0.2
SC0,Rangers,2025-10-18,H,Dundee United,2,2,D,1,8,1.2,1.0,1.2,-0.2,0.4,0.6,0.6,0.6,0.2
SC0,Rangers,2025-10-26,H,Kilmarnock,3,1,W,3,9,1.6,1.6,1.4,0.2,0.6,0.4,0.8,0.8,0.0
SC0,Rangers,2025-10-29,A,Hibernian,1,0,W,3,10,2.2,1.8,1.0,0.8,0.6,0.4,0.8,1.0,0.2
SC0,Rangers,2025-11-09,A,Dundee,3,0,W,3,11,2.2,2.0,0.8,1.2,0.6,0.4,0.6,1.0,0.4
SC0,Rangers,2025-11-22,H,Livingston,2,1,W,3,12,2.6,2.2,0.8,1.4,0.8,0.2,0.6,1.0,0.4
SC0,Rangers,2025-11-30,H,Falkirk,0,0,D,1,13,2.6,1.8,0.4,1.4,0.6,0.4,0.4,0.8,0.6
SC0,Rangers,2025-12-03,A,Dundee United,2,2,D,1,14,2.2,1.6,0.6,1.0,0.6,0.4,0.4,0.8,0.6
SC0,Rangers,2025-12-06,A,Kilmarnock,3,0,W,3,15,2.2,2.0,0.6,1.4,0.8,0.2,0.4,0.8,0.6
SC0,Rangers,2025-12-15,H,Hibernian,1,0,W,3,16,2.2,1.6,0.6,1.0,0.6,0.4,0.4,0.8,0.6
SC0,Rangers,2025-12-21,A,Hearts,1,2,L,0,17,1.6,1.4,0.8,0.6,0.6,0.4,0.4,0.8,0.6
SC0,Rangers,2025-12-27,H,Motherwell,1,0,W,3,18,2.0,1.6,0.8,0.8,0.6,0.4,0.4,1.0,0.6
SC0,Rangers,2025-12-30,H,St Mirren,2,1,W,3,19,2.4,1.6,0.6,1.0,0.6,0.4,0.4,1.0,0.6
SC0,Rangers,2026-01-03,A,Celtic,3,1,W,3,20,2.4,1.6,0.8,0.8,0.6,0.4,0.6,1.0,0.4
SC0,Rangers,2026-01-06,H,Aberdeen,2,0,W,3,21,2.4,1.8,0.8,1.0,0.6,0.4,0.6,1.0,0.4
SC0,Rangers,2026-01-11,A,Aberdeen,2,0,W,3,22,3.0,2.0,0.4,1.6,0.4,0.6,0.4,1.0,0.6
SC0,Rangers,2026-01-25,H,Dundee,3,0,W,3,23,3.0,2.4,0.4,2.0,0.6,0.4,0.4,1.0,0.6
SC0,Rangers,2026-02-01,A,Hibernian,0,0,D,1,24,2.6,2.0,0.2,1.8,0.4,0.6,0.2,0.8,0.8
SC0,Rangers,2026-02-04,H,Kilmarnock,5,1,W,3,25,2.6,2.4,0.2,2.2,0.4,0.6,0.2,0.8,0.8
SC0,Rangers,2026-02-11,A,Motherwell,1,1,D,1,26,2.2,2.2,0.4,1.8,0.4,0.6,0.4,0.8,0.6
SC0,Rangers,2026-02-15,H,Hearts,4,2,W,3,27,2.2,2.6,0.8,1.8,0.6,0.4,0.6,0.8,0.4
SC0,Rangers,2026-02-22,A,Livingston,2,2,D,1,28,1.8,2.4,1.2,1.2,0.6,0.4,0.8,0.8,0.2
SC0,Rangers,2026-03-01,H,Celtic,2,2,D,1,29,1.8,2.8,1.6,1.2,0.8,0.2,1.0,1.0,0.0
SC0,Rangers,2026-03-15,A,St Mirren,1,0,W,3,30,1.8,2.0,1.4,0.6,0.6,0.4,0.8,1.0,0.2
SC0,Rangers,2026-03-21,H,Aberdeen,4,1,W,3,31,2.2,2.6,1.4,1.2,0.8,0.2,0.8,1.0,0.2
SC0,Rangers,2026-04-04,H,Dundee United,4,2,W,3,32,2.2,2.6,1.4,1.2,0.8,0.2,0.8,1.0,0.2
SC0,St Mirren,2025-08-03,A,Celtic,0,1,L,0,1,0.0,0.0,1.0,-1.0,0.0,1.0,0.0,0.0,0.0
SC0,St Mirren,2025-08-09,H,Motherwell,0,0,D,1,2,0.5,0.0,0.5,-0.5,0.0,1.0,0.0,0.0,0.5
SC0,St Mirren,2025-08-24,H,Rangers,1,1,D,1,3,0.6666666666666666,0.3333333333333333,0.6666666666666666,-0.3333333333333333,0.0,1.0,0.3333333333333333,0.3333333333333333,0.3333333333333333
SC0,St Mirren,2025-08-31,A,Hibernian,1,1,D,1,4,0.75,0.5,0.75,-0.25,0.0,1.0,0.5,0.5,0.25
SC0,St Mirren,2025-09-13,A,Falkirk,2,1,W,3,5,1.2,0.8,0.8,0.0,0.2,0.8,0.6,0.6,0.2
SC0,St Mirren,2025-09-27,H,Dundee,1,0,W,3,6,1.8,1.0,0.6,0.4,0.2,0.8,0.6,0.8,0.4
SC0,St Mirren,2025-10-04,A,Kilmarnock,0,2,L,0,7,1.6,1.0,1.0,0.0,0.2,0.8,0.6,0.8,0.2
SC0,St Mirren,2025-10-18,H,Aberdeen,0,1,L,0,8,1.4,0.8,1.0,-0.2,0.2,0.8,0.4,0.6,0.2
SC0,St Mirren,2025-10-25,A,Dundee United,1,3,L,0,9,1.2,0.8,1.4,-0.6,0.4,0.6,0.4,0.6,0.2
SC0,St Mirren,2025-10-29,H,Hearts,2,2,D,1,10,0.8,0.8,1.6,-0.8,0.4,0.6,0.4,0.6,0.2
SC0,St Mirren,2025-11-08,H,Hibernian,0,3,L,0,11,0.2,0.6,2.2,-1.6,0.6,0.4,0.4,0.4,0.0
SC0,St Mirren,2025-11-22,H,Celtic,0,1,L,0,12,0.2,0.6,2.0,-1.4,0.6,0.4,0.4,0.4,0.0
SC0,St Mirren,2025-11-29,A,Dundee,1,3,L,0,13,0.2,0.8,2.4,-1.6,0.8,0.2,0.6,0.6,0.0
SC0,St Mirren,2025-12-03,A,Aberdeen,3,3,D,1,14,0.4,1.2,2.4,-1.2,0.8,0.2,0.6,0.6,0.0
SC0,St Mirren,2025-12-06,H,Dundee United,2,0,W,3,15,0.8,1.2,2.0,-0.8,0.6,0.4,0.4,0.6,0.2
SC0,St Mirren,2025-12-20,H,Livingston,1,0,W,3,16,1.4,1.4,1.4,0.0,0.4,0.6,0.4,0.8,0.4
SC0,St Mirren,2025-12-27,H,Kilmarnock,0,0,D,1,17,1.6,1.4,1.2,0.2,0.4,0.6,0.4,0.8,0.6
SC0,St Mirren,2025-12-30,A,Rangers,1,2,L,0,18,1.6,1.4,1.0,0.4,0.4,0.6,0.4,0.8,0.6
SC0,St Mirren,2026-01-03,A,Motherwell,0,2,L,0,19,1.4,0.8,0.8,0.0,0.2,0.8,0.2,0.6,0.6
SC0,St Mirren,2026-01-10,H,Falkirk,0,2,L,0,20,0.8,0.4,1.2,-0.8,0.2,0.8,0.2,0.4,0.4
SC0,St Mirren,2026-01-14,A,Hearts,0,2,L,0,21,0.2,0.2,1.6,-1.4,0.2,0.8,0.2,0.2,0.2
SC0,St Mirren,2026-01-20,A,Livingston,1,1,D,1,22,0.2,0.4,1.8,-1.4,0.2,0.8,0.4,0.4,0.0
SC0,St Mirren,2026-01-31,H,Dundee,0,0,D,1,23,0.4,0.2,1.4,-1.2,0.0,1.0,0.2,0.2,0.2
SC0,St Mirren,2026-02-03,H,Hearts,1,0,W,3,24,1.0,0.4,1.0,-0.6,0.0,1.0,0.2,0.4,0.4
SC0,St Mirren,2026-02-11,A,Kilmarnock,3,4,L,0,25,1.0,1.0,1.4,-0.4,0.2,0.8,0.4,0.6,0.4
SC0,St Mirren,2026-02-14,A,Hibernian,0,2,L,0,26,1.0,1.0,1.4,-0.4,0.2,0.8,0.4,0.6,0.4
SC0,St Mirren,2026-02-21,H,Motherwell,0,5,L,0,27,0.8,0.8,2.2,-1.4,0.4,0.6,0.2,0.4,0.4
SC0,St Mirren,2026-02-28,A,Livingston,1,1,D,1,28,0.8,1.0,2.4,-1.4,0.4,0.6,0.4,0.6,0.2
SC0,St Mirren,2026-03-03,A,Dundee United,1,2,L,0,29,0.2,1.0,2.8,-1.8,0.6,0.4,0.6,0.6,0.0
SC0,St Mirren,2026-03-15,H,Rangers,0,1,L,0,30,0.2,0.4,2.2,-1.8,0.4,0.6,0.4,0.4,0.0
SC0,St Mirren,2026-03-21,A,Falkirk,2,1,W,3,31,0.8,0.8,2.0,-1.2,0.6,0.4,0.6,0.6,0.0
SC0,St Mirren,2026-04-04,H,Aberdeen,2,0,W,3,32,1.4,1.2,1.0,0.2,0.4,0.6,0.6,0.8,0.2
SP1,Alaves,2025-08-16,H,Levante,2,1,W,3,1,3.0,2.0,1.0,1.0,1.0,0.0,1.0,1.0,0.0
SP1,Alaves,2025-08-22,A,Betis,0,1,L,0,2,1.5,1.0,1.0,0.0,0.5,0.5,0.5,0.5,0.0
SP1,Alaves,2025-08-30,H,Ath Madrid,1,1,D,1,3,1.3333333333333333,1.0,1.0,0.0,0.3333333333333333,0.6666666666666666,0.6666666666666666,0.6666666666666666,0.0
SP1,Alaves,2025-09-13,A,Ath Bilbao,1,0,W,3,4,1.75,1.0,0.75,0.25,0.25,0.75,0.5,0.75,0.25
SP1,Alaves,2025-09-20,H,Sevilla,1,2,L,0,5,1.4,1.0,1.0,0.0,0.4,0.6,0.6,0.8,0.2
SP1,Alaves,2025-09-24,A,Getafe,1,1,D,1,6,1.0,0.8,1.0,-0.2,0.2,0.8,0.6,0.8,0.2
SP1,Alaves,2025-09-27,A,Mallorca,0,1,L,0,7,1.0,0.8,1.0,-0.2,0.2,0.8,0.6,0.8,0.2
SP1,Alaves,2025-10-05,H,Elche,3,1,W,3,8,1.4,1.2,1.0,0.2,0.4,0.6,0.6,0.8,0.2
SP1,Alaves,2025-10-20,H,Valencia,0,0,D,1,9,1.0,1.0,1.0,0.0,0.4,0.6,0.6,0.6,0.2
SP1,Alaves,2025-10-26,A,Vallecano,0,1,L,0,10,1.0,0.8,0.8,0.0,0.2,0.8,0.4,0.4,0.2
SP1,Alaves,2025-11-02,H,Espanol,2,1,W,3,11,1.4,1.0,0.8,0.2,0.4,0.6,0.4,0.4,0.2
SP1,Alaves,2025-11-08,A,Girona,0,1,L,0,12,1.4,1.0,0.8,0.2,0.4,0.6,0.4,0.4,0.2
SP1,Alaves,2025-11-22,H,Celta,0,1,L,0,13,0.8,0.4,0.8,-0.4,0.2,0.8,0.2,0.2,0.2
SP1,Alaves,2025-11-29,A,Barcelona,1,3,L,0,14,0.6,0.6,1.4,-0.8,0.4,0.6,0.4,0.4,0.0
SP1,Alaves,2025-12-06,H,Sociedad,1,0,W,3,15,1.2,0.8,1.2,-0.4,0.4,0.6,0.4,0.6,0.2
SP1,Alaves,2025-12-14,H,Real Madrid,1,2,L,0,16,0.6,0.6,1.4,-0.8,0.4,0.6,0.4,0.6,0.2
SP1,Alaves,2025-12-20,A,Osasuna,0,3,L,0,17,0.6,0.6,1.8,-1.2,0.6,0.4,0.4,0.6,0.2
SP1,Alaves,2026-01-04,H,Oviedo,1,1,D,1,18,0.8,0.8,1.8,-1.0,0.6,0.4,0.6,0.8,0.2
SP1,Alaves,2026-01-10,A,Villarreal,1,3,L,0,19,0.8,0.8,1.8,-1.0,0.6,0.4,0.6,0.8,0.2
SP1,Alaves,2026-01-18,A,Ath Madrid,0,1,L,0,20,0.2,0.6,2.0,-1.4,0.6,0.4,0.6,0.6,0.0
SP1,Alaves,2026-01-25,H,Betis,2,1,W,3,21,0.8,0.8,1.8,-1.0,0.6,0.4,0.6,0.6,0.0
SP1,Alaves,2026-01-30,A,Espanol,2,1,W,3,22,1.4,1.2,1.4,-0.2,0.6,0.4,0.8,0.8,0.0
SP1,Alaves,2026-02-08,H,Getafe,0,2,L,0,23,1.2,1.0,1.6,-0.6,0.6,0.4,0.6,0.6,0.0
SP1,Alaves,2026-02-14,A,Sevilla,1,1,D,1,24,1.4,1.0,1.2,-0.2,0.4,0.6,0.6,0.6,0.0
SP1,Alaves,2026-02-23,H,Girona,2,2,D,1,25,1.6,1.4,1.4,0.0,0.6,0.4,0.8,0.8,0.0
SP1,Alaves,2026-02-27,A,Levante,0,2,L,0,26,1.0,1.0,1.6,-0.6,0.4,0.6,0.6,0.6,0.0
SP1,Alaves,2026-03-08,A,Valencia,2,3,L,0,27,0.4,1.0,2.0,-1.0,0.4,0.6,0.6,0.6,0.0
SP1,Alaves,2026-03-13,H,Villarreal,1,1,D,1,28,0.6,1.2,1.8,-0.6,0.4,0.6,0.8,0.8,0.0
SP1,Alaves,2026-03-22,A,Celta,4,3,W,3,29,1.0,1.8,2.2,-0.4,0.6,0.4,0.8,0.8,0.0
SP1,Alaves,2026-04-05,H,Osasuna,2,2,D,1,30,1.0,1.8,2.2,-0.4,0.6,0.4,0.8,0.8,0.0
SP1,Ath Bilbao,2025-08-17,H,Sevilla,3,2,W,3,1,3.0,3.0,2.0,1.0,1.0,0.0,1.0,1.0,0.0
SP1,Ath Bilbao,2025-08-25,H,Vallecano,1,0,W,3,2,3.0,2.0,1.0,1.0,0.5,0.5,0.5,1.0,0.5
SP1,Ath Bilbao,2025-08-31,A,Betis,2,1,W,3,3,3.0,2.0,1.0,1.0,0.6666666666666666,0.3333333333333333,0.6666666666666666,1.0,0.3333333333333333
SP1,Ath Bilbao,2025-09-13,H,Alaves,0,1,L,0,4,2.25,1.5,1.0,0.5,0.5,0.5,0.5,0.75,0.25
SP1,Ath Bilbao,2025-09-20,A,Valencia,0,2,L,0,5,1.8,1.2,1.2,0.0,0.4,0.6,0.4,0.6,0.2
SP1,Ath Bilbao,2025-09-23,H,Girona,1,1,D,1,6,1.4,0.8,1.0,-0.2,0.2,0.8,0.4,0.6,0.2
SP1,Ath Bilbao,2025-09-27,A,Villarreal,0,1,L,0,7,0.8,0.6,1.2,-0.6,0.2,0.8,0.4,0.4,0.0
SP1,Ath Bilbao,2025-10-04,H,Mallorca,2,1,W,3,8,0.8,0.6,1.2,-0.6,0.2,0.8,0.4,0.4,0.0
SP1,Ath Bilbao,2025-10-19,A,Elche,0,0,D,1,9,1.0,0.6,1.0,-0.4,0.2,0.8,0.4,0.4,0.2
SP1,Ath Bilbao,2025-10-25,H,Getafe,0,1,L,0,10,1.0,0.6,0.8,-0.2,0.2,0.8,0.4,0.4,0.2
SP1,Ath Bilbao,2025-11-01,A,Sociedad,2,3,L,0,11,0.8,0.8,1.2,-0.4,0.4,0.6,0.4,0.4,0.2
SP1,Ath Bilbao,2025-11-09,H,Oviedo,1,0,W,3,12,1.4,1.0,1.0,0.0,0.4,0.6,0.4,0.6,0.4
SP1,Ath Bilbao,2025-11-22,A,Barcelona,0,4,L,0,13,0.8,0.6,1.6,-1.0,0.4,0.6,0.2,0.4,0.4
SP1,Ath Bilbao,2025-11-29,A,Levante,2,0,W,3,14,1.2,1.0,1.6,-0.6,0.4,0.6,0.2,0.6,0.4
SP1,Ath Bilbao,2025-12-03,H,Real Madrid,0,3,L,0,15,1.2,1.0,2.0,-1.0,0.6,0.4,0.2,0.6,0.4
SP1,Ath Bilbao,2025-12-06,H,Ath Madrid,1,0,W,3,16,1.8,0.8,1.4,-0.6,0.4,0.6,0.0,0.6,0.6
SP1,Ath Bilbao,2025-12-14,A,Celta,0,2,L,0,17,1.2,0.6,1.8,-1.2,0.4,0.6,0.0,0.4,0.4
SP1,Ath Bilbao,2025-12-22,H,Espanol,1,2,L,0,18,1.2,0.8,1.4,-0.6,0.4,0.6,0.2,0.6,0.4
SP1,Ath Bilbao,2026-01-03,A,Osasuna,1,1,D,1,19,0.8,0.6,1.6,-1.0,0.4,0.6,0.4,0.6,0.2
SP1,Ath Bilbao,2026-01-17,A,Mallorca,2,3,L,0,20,0.8,1.0,1.6,-0.6,0.4,0.6,0.6,0.8,0.2
SP1,Ath Bilbao,2026-01-24,A,Sevilla,1,2,L,0,21,0.2,1.0,2.0,-1.0,0.6,0.4,0.8,0.8,0.0
SP1,Ath Bilbao,2026-02-01,H,Sociedad,1,1,D,1,22,0.4,1.2,1.8,-0.6,0.6,0.4,1.0,1.0,0.0
SP1,Ath Bilbao,2026-02-08,H,Levante,4,2,W,3,23,1.0,1.8,1.8,0.0,0.6,0.4,1.0,1.0,0.0
SP1,Ath Bilbao,2026-02-15,A,Oviedo,2,1,W,3,24,1.4,2.0,1.8,0.2,0.8,0.2,1.0,1.0,0.0
SP1,Ath Bilbao,2026-02-20,H,Elche,2,1,W,3,25,2.0,2.0,1.4,0.6,0.8,0.2,1.0,1.0,0.0
SP1,Ath Bilbao,2026-02-28,A,Vallecano,1,1,D,1,26,2.2,2.0,1.2,0.8,0.6,0.4,1.0,1.0,0.0
SP1,Ath Bilbao,2026-03-07,H,Barcelona,0,1,L,0,27,2.0,1.8,1.2,0.6,0.6,0.4,0.8,0.8,0.0
SP1,Ath Bilbao,2026-03-14,A,Girona,0,3,L,0,28,1.4,1.0,1.4,-0.4,0.6,0.4,0.6,0.6,0.0
SP1,Ath Bilbao,2026-03-22,H,Betis,2,1,W,3,29,1.4,1.0,1.4,-0.4,0.6,0.4,0.6,0.6,0.0
SP1,Ath Bilbao,2026-04-05,A,Getafe,0,2,L,0,30,0.8,0.6,1.6,-1.0,0.4,0.6,0.4,0.4,0.0
SP1,Ath Madrid,2025-08-17,A,Espanol,1,2,L,0,1,0.0,1.0,2.0,-1.0,1.0,0.0,1.0,1.0,0.0
SP1,Ath Madrid,2025-08-23,H,Elche,1,1,D,1,2,0.5,1.0,1.5,-0.5,0.5,0.5,1.0,1.0,0.0
SP1,Ath Madrid,2025-08-30,A,Alaves,1,1,D,1,3,0.6666666666666666,1.0,1.3333333333333333,-0.3333333333333333,0.3333333333333333,0.6666666666666666,1.0,1.0,0.0
SP1,Ath Madrid,2025-09-13,H,Villarreal,2,0,W,3,4,1.25,1.25,1.0,0.25,0.25,0.75,0.75,1.0,0.25
SP1,Ath Madrid,2025-09-21,A,Mallorca,1,1,D,1,5,1.2,1.2,1.0,0.2,0.2,0.8,0.8,1.0,0.2
SP1,Ath Madrid,2025-09-24,H,Vallecano,3,2,W,3,6,1.8,1.6,1.0,0.6,0.2,0.8,0.8,1.0,0.2
SP1,Ath Madrid,2025-09-27,H,Real Madrid,5,2,W,3,7,2.2,2.4,1.2,1.2,0.4,0.6,0.8,1.0,0.2
SP1,Ath Madrid,2025-10-05,A,Celta,1,1,D,1,8,2.2,2.4,1.2,1.2,0.4,0.6,0.8,1.0,0.2
SP1,Ath Madrid,2025-10-18,H,Osasuna,1,0,W,3,9,2.2,2.2,1.2,1.0,0.4,0.6,0.8,1.0,0.2
SP1,Ath Madrid,2025-10-27,A,Betis,2,0,W,3,10,2.6,2.4,1.0,1.4,0.4,0.6,0.6,1.0,0.4
SP1,Ath Madrid,2025-11-01,H,Sevilla,3,0,W,3,11,2.6,2.4,0.6,1.8,0.4,0.6,0.4,1.0,0.6
SP1,Ath Madrid,2025-11-08,H,Levante,3,1,W,3,12,2.6,2.0,0.4,1.6,0.4,0.6,0.4,1.0,0.6
SP1,Ath Madrid,2025-11-23,A,Getafe,1,0,W,3,13,3.0,2.0,0.2,1.8,0.4,0.6,0.2,1.0,0.8
SP1,Ath Madrid,2025-11-29,H,Oviedo,2,0,W,3,14,3.0,2.2,0.2,2.0,0.4,0.6,0.2,1.0,0.8
SP1,Ath Madrid,2025-12-02,A,Barcelona,1,3,L,0,15,2.4,2.0,0.8,1.2,0.6,0.4,0.4,1.0,0.6
SP1,Ath Madrid,2025-12-06,A,Ath Bilbao,0,1,L,0,16,1.8,1.4,1.0,0.4,0.4,0.6,0.4,0.8,0.4
SP1,Ath Madrid,2025-12-13,H,Valencia,2,1,W,3,17,1.8,1.2,1.0,0.2,0.4,0.6,0.4,0.8,0.4
SP1,Ath Madrid,2025-12-21,A,Girona,3,0,W,3,18,1.8,1.6,1.0,0.6,0.6,0.4,0.4,0.8,0.4
SP1,Ath Madrid,2026-01-04,A,Sociedad,1,1,D,1,19,1.4,1.4,1.2,0.2,0.6,0.4,0.6,0.8,0.2
SP1,Ath Madrid,2026-01-18,H,Alaves,1,0,W,3,20,2.0,1.4,0.6,0.8,0.4,0.6,0.4,0.8,0.4
SP1,Ath Madrid,2026-01-25,H,Mallorca,3,0,W,3,21,2.6,2.0,0.4,1.6,0.6,0.4,0.4,1.0,0.6
SP1,Ath Madrid,2026-01-31,A,Levante,0,0,D,1,22,2.2,1.6,0.2,1.4,0.4,0.6,0.2,0.8,0.8
SP1,Ath Madrid,2026-02-08,H,Betis,0,1,L,0,23,1.6,1.0,0.4,0.6,0.2,0.8,0.2,0.6,0.6
SP1,Ath Madrid,2026-02-15,A,Vallecano,0,3,L,0,24,1.4,0.8,0.8,0.0,0.4,0.6,0.0,0.4,0.6
SP1,Ath Madrid,2026-02-21,H,Espanol,4,2,W,3,25,1.4,1.4,1.2,0.2,0.6,0.4,0.2,0.4,0.4
SP1,Ath Madrid,2026-02-28,A,Oviedo,1,0,W,3,26,1.4,1.0,1.2,-0.2,0.4,0.6,0.2,0.4,0.4
SP1,Ath Madrid,2026-03-07,H,Sociedad,3,2,W,3,27,1.8,1.6,1.6,0.0,0.6,0.4,0.4,0.6,0.2
SP1,Ath Madrid,2026-03-14,H,Getafe,1,0,W,3,28,2.4,1.8,1.4,0.4,0.6,0.4,0.4,0.8,0.4
SP1,Ath Madrid,2026-03-22,A,Real Madrid,2,3,L,0,29,2.4,2.2,1.4,0.8,0.6,0.4,0.6,1.0,0.4
SP1,Ath Madrid,2026-04-04,H,Barcelona,1,2,L,0,30,1.8,1.6,1.4,0.2,0.6,0.4,0.6,1.0,0.4
SP1,Barcelona,2025-08-16,A,Mallorca,3,0,W,3,1,3.0,3.0,0.0,3.0,1.0,0.0,0.0,1.0,1.0
SP1,Barcelona,2025-08-23,A,Levante,3,2,W,3,2,3.0,3.0,1.0,2.0,1.0,0.0,0.5,1.0,0.5
SP1,Barcelona,2025-08-31,A,Vallecano,1,1,D,1,3,2.3333333333333335,2.3333333333333335,1.0,1.3333333333333333,0.6666666666666666,0.3333333333333333,0.6666666666666666,1.0,0.3333333333333333
SP1,Barcelona,2025-09-14,H,Valencia,6,0,W,3,4,2.5,3.25,0.75,2.5,0.75,0.25,0.5,1.0,0.5
SP1,Barcelona,2025-09-21,H,Getafe,3,0,W,3,5,2.6,3.2,0.6,2.6,0.8,0.2,0.4,1.0,0.6
SP1,Barcelona,2025-09-25,A,Oviedo,3,1,W,3,6,2.6,3.2,0.8,2.4,0.8,0.2,0.6,1.0,0.4
SP1,Barcelona,2025-09-28,H,Sociedad,2,1,W,3,7,2.6,3.0,0.6,2.4,0.8,0.2,0.6,1.0,0.4
SP1,Barcelona,2025-10-05,A,Sevilla,1,4,L,0,8,2.4,3.0,1.2,1.8,1.0,0.0,0.6,1.0,0.4
SP1,Barcelona,2025-10-18,H,Girona,2,1,W,3,9,2.4,2.2,1.4,0.8,1.0,0.0,0.8,1.0,0.2
SP1,Barcelona,2025-10-26,A,Real Madrid,1,2,L,0,10,1.8,1.8,1.8,0.0,1.0,0.0,1.0,1.0,0.0
SP1,Barcelona,2025-11-02,H,Elche,3,1,W,3,11,1.8,1.8,1.8,0.0,1.0,0.0,1.0,1.0,0.0
SP1,Barcelona,2025-11-09,A,Celta,4,2,W,3,12,1.8,2.2,2.0,0.2,1.0,0.0,1.0,1.0,0.0
SP1,Barcelona,2025-11-22,H,Ath Bilbao,4,0,W,3,13,2.4,2.8,1.2,1.6,1.0,0.0,0.8,1.0,0.2
SP1,Barcelona,2025-11-29,H,Alaves,3,1,W,3,14,2.4,3.0,1.2,1.8,1.0,0.0,0.8,1.0,0.2
SP1,Barcelona,2025-12-02,H,Ath Madrid,3,1,W,3,15,3.0,3.4,1.0,2.4,1.0,0.0,0.8,1.0,0.2
SP1,Barcelona,2025-12-06,A,Betis,5,3,W,3,16,3.0,3.8,1.4,2.4,1.0,0.0,0.8,1.0,0.2
SP1,Barcelona,2025-12-13,H,Osasuna,2,0,W,3,17,3.0,3.4,1.0,2.4,0.8,0.2,0.6,1.0,0.4
SP1,Barcelona,2025-12-21,A,Villarreal,2,0,W,3,18,3.0,3.0,1.0,2.0,0.6,0.4,0.6,1.0,0.4
SP1,Barcelona,2026-01-03,A,Espanol,2,0,W,3,19,3.0,2.8,0.8,2.0,0.4,0.6,0.4,1.0,0.6
SP1,Barcelona,2026-01-18,A,Sociedad,1,2,L,0,20,2.4,2.4,1.0,1.4,0.4,0.6,0.4,1.0,0.6
SP1,Barcelona,2026-01-25,H,Oviedo,3,0,W,3,21,2.4,2.0,0.4,1.6,0.4,0.6,0.2,1.0,0.8
SP1,Barcelona,2026-01-31,A,Elche,3,1,W,3,22,2.4,2.2,0.6,1.6,0.6,0.4,0.4,1.0,0.6
SP1,Barcelona,2026-02-07,H,Mallorca,3,0,W,3,23,2.4,2.4,0.6,1.8,0.8,0.2,0.4,1.0,0.6
SP1,Barcelona,2026-02-16,A,Girona,1,2,L,0,24,1.8,2.2,1.0,1.2,1.0,0.0,0.6,1.0,0.4
SP1,Barcelona,2026-02-22,H,Levante,3,0,W,3,25,2.4,2.6,0.6,2.0,1.0,0.0,0.4,1.0,0.6
SP1,Barcelona,2026-02-28,H,Villarreal,4,1,W,3,26,2.4,2.8,0.8,2.0,1.0,0.0,0.6,1.0,0.4
SP1,Barcelona,2026-03-07,A,Ath Bilbao,1,0,W,3,27,2.4,2.4,0.6,1.8,0.8,0.2,0.4,1.0,0.6
SP1,Barcelona,2026-03-15,H,Sevilla,5,2,W,3,28,2.4,2.8,1.0,1.8,0.8,0.2,0.6,1.0,0.4
SP1,Barcelona,2026-03-22,H,Vallecano,1,0,W,3,29,3.0,2.8,0.6,2.2,0.6,0.4,0.4,1.0,0.6
SP1,Barcelona,2026-04-04,A,Ath Madrid,2,1,W,3,30,3.0,2.6,0.8,1.8,0.6,0.4,0.6,1.0,0.4
SP1,Betis,2025-08-18,A,Elche,1,1,D,1,1,1.0,1.0,1.0,0.0,0.0,1.0,1.0,1.0,0.0
SP1,Betis,2025-08-22,H,Alaves,1,0,W,3,2,2.0,1.0,0.5,0.5,0.0,1.0,0.5,1.0,0.5
SP1,Betis,2025-08-27,A,Celta,1,1,D,1,3,1.6666666666666667,1.0,0.6666666666666666,0.3333333333333333,0.0,1.0,0.6666666666666666,1.0,0.3333333333333333
SP1,Betis,2025-08-31,H,Ath Bilbao,1,2,L,0,4,1.25,1.0,1.0,0.0,0.25,0.75,0.75,1.0,0.25
SP1,Betis,2025-09-14,A,Levante,2,2,D,1,5,1.2,1.2,1.2,0.0,0.4,0.6,0.8,1.0,0.2
SP1,Betis,2025-09-19,H,Sociedad,3,1,W,3,6,1.6,1.6,1.2,0.4,0.6,0.4,0.8,1.0,0.2
SP1,Betis,2025-09-28,H,Osasuna,2,0,W,3,7,1.6,1.8,1.2,0.6,0.6,0.4,0.8,1.0,0.2
SP1,Betis,2025-10-05,A,Espanol,2,1,W,3,8,2.0,2.0,1.2,0.8,0.8,0.2,0.8,1.0,0.2
SP1,Betis,2025-10-18,A,Villarreal,2,2,D,1,9,2.2,2.2,1.2,1.0,0.8,0.2,0.8,1.0,0.2
SP1,Betis,2025-10-27,H,Ath Madrid,0,2,L,0,10,2.0,1.8,1.2,0.6,0.6,0.4,0.6,0.8,0.2
SP1,Betis,2025-11-02,H,Mallorca,3,0,W,3,11,2.0,1.8,1.0,0.8,0.6,0.4,0.4,0.8,0.4
SP1,Betis,2025-11-09,A,Valencia,1,1,D,1,12,1.6,1.6,1.2,0.4,0.6,0.4,0.6,0.8,0.2
SP1,Betis,2025-11-23,H,Girona,1,1,D,1,13,1.2,1.4,1.2,0.2,0.4,0.6,0.6,0.8,0.2
SP1,Betis,2025-11-30,A,Sevilla,2,0,W,3,14,1.6,1.4,0.8,0.6,0.2,0.8,0.4,0.8,0.4
SP1,Betis,2025-12-06,H,Barcelona,3,5,L,0,15,1.6,2.0,1.4,0.6,0.4,0.6,0.6,1.0,0.4
SP1,Betis,2025-12-15,A,Vallecano,0,0,D,1,16,1.2,1.4,1.4,0.0,0.2,0.8,0.6,0.8,0.4
SP1,Betis,2025-12-21,H,Getafe,4,0,W,3,17,1.6,2.0,1.2,0.8,0.4,0.6,0.4,0.8,0.6
SP1,Betis,2026-01-04,A,Real Madrid,1,5,L,0,18,1.4,2.0,2.0,0.0,0.6,0.4,0.4,0.8,0.6
SP1,Betis,2026-01-10,A,Oviedo,1,1,D,1,19,1.0,1.8,2.2,-0.4,0.6,0.4,0.6,0.8,0.4
SP1,Betis,2026-01-17,H,Villarreal,2,0,W,3,20,1.6,1.6,1.2,0.4,0.4,0.6,0.4,0.8,0.6
SP1,Betis,2026-01-25,A,Alaves,1,2,L,0,21,1.4,1.8,1.6,0.2,0.6,0.4,0.6,1.0,0.4
SP1,Betis,2026-02-01,H,Valencia,2,1,W,3,22,1.4,1.4,1.8,-0.4,0.6,0.4,0.8,1.0,0.2
SP1,Betis,2026-02-08,A,Ath Madrid,1,0,W,3,23,2.0,1.4,0.8,0.6,0.4,0.6,0.6,1.0,0.4
SP1,Betis,2026-02-15,A,Mallorca,2,1,W,3,24,2.4,1.6,0.8,0.8,0.6,0.4,0.6,1.0,0.4
SP1,Betis,2026-02-21,H,Vallecano,1,1,D,1,25,2.0,1.4,1.0,0.4,0.6,0.4,0.8,1.0,0.2
SP1,Betis,2026-03-01,H,Sevilla,2,2,D,1,26,2.2,1.6,1.0,0.6,0.6,0.4,0.8,1.0,0.2
SP1,Betis,2026-03-08,A,Getafe,0,2,L,0,27,1.6,1.2,1.2,0.0,0.4,0.6,0.6,0.8,0.2
SP1,Betis,2026-03-15,H,Celta,1,1,D,1,28,1.2,1.2,1.4,-0.2,0.4,0.6,0.8,0.8,0.0
SP1,Betis,2026-03-22,A,Ath Bilbao,1,2,L,0,29,0.6,1.0,1.6,-0.6,0.4,0.6,0.8,0.8,0.0
SP1,Betis,2026-04-04,H,Espanol,0,0,D,1,30,0.6,0.8,1.4,-0.6,0.4,0.6,0.6,0.6,0.2
SP1,Celta,2025-08-17,H,Getafe,0,2,L,0,1,0.0,0.0,2.0,-2.0,0.0,1.0,0.0,0.0,0.0
SP1,Celta,2025-08-23,A,Mallorca,1,1,D,1,2,0.5,0.5,1.5,-1.0,0.0,1.0,0.5,0.5,0.0
SP1,Celta,2025-08-27,H,Betis,1,1,D,1,3,0.6666666666666666,0.6666666666666666,1.3333333333333333,-0.6666666666666666,0.0,1.0,0.6666666666666666,0.6666666666666666,0.0
SP1,Celta,2025-08-31,H,Villarreal,1,1,D,1,4,0.75,0.75,1.25,-0.5,0.0,1.0,0.75,0.75,0.0
SP1,Celta,2025-09-14,H,Girona,1,1,D,1,5,0.8,0.8,1.2,-0.4,0.0,1.0,0.8,0.8,0.0
SP1,Celta,2025-09-21,A,Vallecano,1,1,D,1,6,1.0,1.0,1.0,0.0,0.0,1.0,1.0,1.0,0.0
SP1,Celta,2025-09-28,A,Elche,1,2,L,0,7,0.8,1.0,1.2,-0.2,0.2,0.8,1.0,1.0,0.0
SP1,Celta,2025-10-05,H,Ath Madrid,1,1,D,1,8,0.8,1.0,1.2,-0.2,0.2,0.8,1.0,1.0,0.0
SP1,Celta,2025-10-19,H,Sociedad,1,1,D,1,9,0.8,1.0,1.2,-0.2,0.2,0.8,1.0,1.0,0.0
SP1,Celta,2025-10-26,A,Osasuna,3,2,W,3,10,1.2,1.4,1.4,0.0,0.4,0.6,1.0,1.0,0.0
SP1,Celta,2025-11-02,A,Levante,2,1,W,3,11,1.6,1.6,1.4,0.2,0.6,0.4,1.0,1.0,0.0
SP1,Celta,2025-11-09,H,Barcelona,2,4,L,0,12,1.6,1.8,1.8,0.0,0.6,0.4,1.0,1.0,0.0
SP1,Celta,2025-11-22,A,Alaves,1,0,W,3,13,2.0,1.8,1.6,0.2,0.6,0.4,0.8,1.0,0.2
SP1,Celta,2025-11-30,H,Espanol,0,1,L,0,14,1.8,1.6,1.6,0.0,0.6,0.4,0.6,0.8,0.2
SP1,Celta,2025-12-07,A,Real Madrid,2,0,W,3,15,1.8,1.4,1.2,0.2,0.4,0.6,0.4,0.8,0.4
SP1,Celta,2025-12-14,H,Ath Bilbao,2,0,W,3,16,1.8,1.4,1.0,0.4,0.2,0.8,0.2,0.8,0.6
SP1,Celta,2025-12-20,A,Oviedo,0,0,D,1,17,2.0,1.0,0.2,0.8,0.0,1.0,0.0,0.6,0.8
SP1,Celta,2026-01-03,H,Valencia,4,1,W,3,18,2.0,1.6,0.4,1.2,0.2,0.8,0.2,0.6,0.6
SP1,Celta,2026-01-12,A,Sevilla,1,0,W,3,19,2.6,1.8,0.2,1.6,0.2,0.8,0.2,0.8,0.8
SP1,Celta,2026-01-18,H,Vallecano,3,0,W,3,20,2.6,2.0,0.2,1.8,0.4,0.6,0.2,0.8,0.8
SP1,Celta,2026-01-25,A,Sociedad,1,3,L,0,21,2.0,1.8,0.8,1.0,0.6,0.4,0.4,0.8,0.6
SP1,Celta,2026-02-01,A,Getafe,0,0,D,1,22,2.0,1.8,0.8,1.0,0.6,0.4,0.4,0.8,0.6
SP1,Celta,2026-02-06,H,Osasuna,1,2,L,0,23,1.4,1.2,1.0,0.2,0.6,0.4,0.4,0.8,0.6
SP1,Celta,2026-02-14,A,Espanol,2,2,D,1,24,1.0,1.4,1.4,0.0,0.8,0.2,0.6,0.8,0.4
SP1,Celta,2026-02-22,H,Mallorca,2,0,W,3,25,1.0,1.2,1.4,-0.2,0.6,0.4,0.6,0.8,0.4
SP1,Celta,2026-03-01,A,Girona,2,1,W,3,26,1.6,1.4,1.0,0.4,0.6,0.4,0.6,0.8,0.4
SP1,Celta,2026-03-06,H,Real Madrid,1,2,L,0,27,1.4,1.6,1.4,0.2,0.8,0.2,0.8,1.0,0.2
SP1,Celta,2026-03-15,A,Betis,1,1,D,1,28,1.6,1.6,1.2,0.4,0.6,0.4,0.8,1.0,0.2
SP1,Celta,2026-03-22,H,Alaves,3,4,L,0,29,1.4,1.8,1.6,0.2,0.6,0.4,0.8,1.0,0.2
SP1,Celta,2026-04-05,A,Valencia,3,2,W,3,30,1.4,2.0,2.0,0.0,0.8,0.2,1.0,1.0,0.0
SP1,Elche,2025-08-18,H,Betis,1,1,D,1,1,1.0,1.0,1.0,0.0,0.0,1.0,1.0,1.0,0.0
SP1,Elche,2025-08-23,A,Ath Madrid,1,1,D,1,2,1.0,1.0,1.0,0.0,0.0,1.0,1.0,1.0,0.0
SP1,Elche,2025-08-29,H,Levante,2,0,W,3,3,1.6666666666666667,1.3333333333333333,0.6666666666666666,0.6666666666666666,0.0,1.0,0.6666666666666666,1.0,0.3333333333333333
SP1,Elche,2025-09-12,A,Sevilla,2,2,D,1,4,1.5,1.5,1.0,0.5,0.25,0.75,0.75,1.0,0.25
SP1,Elche,2025-09-21,H,Oviedo,1,0,W,3,5,1.8,1.4,0.8,0.6,0.2,0.8,0.6,1.0,0.4
SP1,Elche,2025-09-25,A,Osasuna,1,1,D,1,6,1.8,1.4,0.8,0.6,0.2,0.8,0.6,1.0,0.4
SP1,Elche,2025-09-28,H,Celta,2,1,W,3,7,2.2,1.6,0.8,0.8,0.4,0.6,0.6,1.0,0.4
SP1,Elche,2025-10-05,A,Alaves,1,3,L,0,8,1.6,1.4,1.4,0.0,0.6,0.4,0.8,1.0,0.2
SP1,Elche,2025-10-19,H,Ath Bilbao,0,0,D,1,9,1.6,1.0,1.0,0.0,0.4,0.6,0.6,0.8,0.4
SP1,Elche,2025-10-25,A,Espanol,0,1,L,0,10,1.0,0.8,1.2,-0.4,0.4,0.6,0.6,0.6,0.2
SP1,Elche,2025-11-02,A,Barcelona,1,3,L,0,11,0.8,0.8,1.6,-0.8,0.6,0.4,0.6,0.6,0.2
SP1,Elche,2025-11-07,H,Sociedad,1,1,D,1,12,0.4,0.6,1.6,-1.0,0.4,0.6,0.6,0.6,0.2
SP1,Elche,2025-11-23,H,Real Madrid,2,2,D,1,13,0.6,0.8,1.4,-0.6,0.4,0.6,0.6,0.6,0.2
SP1,Elche,2025-11-28,A,Getafe,0,1,L,0,14,0.4,0.8,1.6,-0.8,0.4,0.6,0.6,0.6,0.0
SP1,Elche,2025-12-07,H,Girona,3,0,W,3,15,1.0,1.4,1.4,0.0,0.6,0.4,0.6,0.8,0.2
SP1,Elche,2025-12-13,A,Mallorca,1,3,L,0,16,1.0,1.4,1.4,0.0,0.6,0.4,0.6,0.8,0.2
SP1,Elche,2025-12-21,H,Vallecano,4,0,W,3,17,1.4,2.0,1.2,0.8,0.8,0.2,0.4,0.8,0.4
SP1,Elche,2026-01-03,H,Villarreal,1,3,L,0,18,1.2,1.8,1.4,0.4,0.8,0.2,0.4,0.8,0.4
SP1,Elche,2026-01-10,A,Valencia,1,1,D,1,19,1.4,2.0,1.4,0.6,0.8,0.2,0.6,1.0,0.4
SP1,Elche,2026-01-19,H,Sevilla,2,2,D,1,20,1.0,1.8,1.8,0.0,0.8,0.2,0.8,1.0,0.2
SP1,Elche,2026-01-23,A,Levante,2,3,L,0,21,1.0,2.0,1.8,0.2,0.8,0.2,0.8,1.0,0.2
SP1,Elche,2026-01-31,H,Barcelona,1,3,L,0,22,0.4,1.4,2.4,-1.0,0.8,0.2,1.0,1.0,0.0
SP1,Elche,2026-02-07,A,Sociedad,1,3,L,0,23,0.4,1.4,2.4,-1.0,0.8,0.2,1.0,1.0,0.0
SP1,Elche,2026-02-13,H,Osasuna,0,0,D,1,24,0.4,1.2,2.2,-1.0,0.8,0.2,0.8,0.8,0.2
SP1,Elche,2026-02-20,A,Ath Bilbao,1,2,L,0,25,0.2,1.0,2.2,-1.2,0.8,0.2,0.8,0.8,0.2
SP1,Elche,2026-03-01,H,Espanol,2,2,D,1,26,0.4,1.0,2.0,-1.0,0.8,0.2,0.8,0.8,0.2
SP1,Elche,2026-03-08,A,Villarreal,1,2,L,0,27,0.4,1.0,1.8,-0.8,0.8,0.2,0.8,0.8,0.2
SP1,Elche,2026-03-14,A,Real Madrid,1,4,L,0,28,0.4,1.0,2.0,-1.0,0.8,0.2,0.8,0.8,0.2
SP1,Elche,2026-03-21,H,Mallorca,2,1,W,3,29,0.8,1.4,2.2,-0.8,1.0,0.0,1.0,1.0,0.0
SP1,Elche,2026-04-03,A,Vallecano,0,1,L,0,30,0.8,1.2,2.0,-0.8,0.8,0.2,0.8,0.8,0.0
SP1,Espanol,2025-08-17,H,Ath Madrid,2,1,W,3,1,3.0,2.0,1.0,1.0,1.0,0.0,1.0,1.0,0.0
SP1,Espanol,2025-08-24,A,Sociedad,2,2,D,1,2,2.0,2.0,1.5,0.5,1.0,0.0,1.0,1.0,0.0
SP1,Espanol,2025-08-31,H,Osasuna,1,0,W,3,3,2.3333333333333335,1.6666666666666667,1.0,0.6666666666666666,0.6666666666666666,0.3333333333333333,0.6666666666666666,1.0,0.3333333333333333
SP1,Espanol,2025-09-15,H,Mallorca,3,2,W,3,4,2.5,2.0,1.25,0.75,0.75,0.25,0.75,1.0,0.25
SP1,Espanol,2025-09-20,A,Real Madrid,0,2,L,0,5,2.0,1.6,1.4,0.2,0.6,0.4,0.6,0.8,0.2
SP1,Espanol,2025-09-23,H,Valencia,2,2,D,1,6,1.6,1.6,1.6,0.0,0.6,0.4,0.6,0.8,0.2
SP1,Espanol,2025-09-26,A,Girona,0,0,D,1,7,1.6,1.2,1.2,0.0,0.4,0.6,0.4,0.6,0.4
SP1,Espanol,2025-10-05,H,Betis,1,2,L,0,8,1.0,1.2,1.6,-0.4,0.6,0.4,0.6,0.6,0.2
SP1,Espanol,2025-10-17,A,Oviedo,2,0,W,3,9,1.0,1.0,1.2,-0.2,0.4,0.6,0.4,0.6,0.4
SP1,Espanol,2025-10-25,H,Elche,1,0,W,3,10,1.6,1.2,0.8,0.4,0.4,0.6,0.4,0.8,0.6
SP1,Espanol,2025-11-02,A,Alaves,1,2,L,0,11,1.4,1.0,0.8,0.2,0.4,0.6,0.4,0.8,0.6
SP1,Espanol,2025-11-08,H,Villarreal,0,2,L,0,12,1.2,1.0,1.2,-0.2,0.4,0.6,0.4,0.8,0.4
SP1,Espanol,2025-11-24,H,Sevilla,2,1,W,3,13,1.8,1.2,1.0,0.2,0.4,0.6,0.4,0.8,0.4
SP1,Espanol,2025-11-30,A,Celta,1,0,W,3,14,1.8,1.0,1.0,0.0,0.4,0.6,0.4,0.8,0.4
SP1,Espanol,2025-12-07,H,Vallecano,1,0,W,3,15,1.8,1.0,1.0,0.0,0.4,0.6,0.4,0.8,0.4
SP1,Espanol,2025-12-13,A,Getafe,1,0,W,3,16,2.4,1.0,0.6,0.4,0.2,0.8,0.2,0.8,0.6
SP1,Espanol,2025-12-22,A,Ath Bilbao,2,1,W,3,17,3.0,1.4,0.4,1.0,0.4,0.6,0.4,1.0,0.6
SP1,Espanol,2026-01-03,H,Barcelona,0,2,L,0,18,2.4,1.0,0.6,0.4,0.2,0.8,0.2,0.8,0.6
SP1,Espanol,2026-01-11,A,Levante,1,1,D,1,19,2.0,1.0,0.8,0.2,0.2,0.8,0.4,0.8,0.4
SP1,Espanol,2026-01-16,H,Girona,0,2,L,0,20,1.4,0.8,1.2,-0.4,0.2,0.8,0.4,0.6,0.2
SP1,Espanol,2026-01-24,A,Valencia,2,3,L,0,21,0.8,1.0,1.8,-0.8,0.4,0.6,0.6,0.6,0.0
SP1,Espanol,2026-01-30,H,Alaves,1,2,L,0,22,0.2,0.8,2.0,-1.2,0.4,0.6,0.6,0.6,0.0
SP1,Espanol,2026-02-09,A,Villarreal,1,4,L,0,23,0.2,1.0,2.4,-1.4,0.6,0.4,0.8,0.8,0.0
SP1,Espanol,2026-02-14,H,Celta,2,2,D,1,24,0.2,1.2,2.6,-1.4,0.8,0.2,0.8,0.8,0.0
SP1,Espanol,2026-02-21,A,Ath Madrid,2,4,L,0,25,0.2,1.6,3.0,-1.4,1.0,0.0,1.0,1.0,0.0
SP1,Espanol,2026-03-01,A,Elche,2,2,D,1,26,0.4,1.6,2.8,-1.2,1.0,0.0,1.0,1.0,0.0
SP1,Espanol,2026-03-09,H,Oviedo,1,1,D,1,27,0.6,1.6,2.6,-1.0,0.8,0.2,1.0,1.0,0.0
SP1,Espanol,2026-03-15,A,Mallorca,1,2,L,0,28,0.6,1.6,2.2,-0.6,0.8,0.2,1.0,1.0,0.0
SP1,Espanol,2026-03-21,H,Getafe,1,2,L,0,29,0.4,1.4,2.2,-0.8,0.8,0.2,1.0,1.0,0.0
SP1,Espanol,2026-04-04,A,Betis,0,0,D,1,30,0.6,1.0,1.4,-0.4,0.6,0.4,0.8,0.8,0.2
SP1,Getafe,2025-08-17,A,Celta,2,0,W,3,1,3.0,2.0,0.0,2.0,0.0,1.0,0.0,1.0,1.0
SP1,Getafe,2025-08-25,A,Sevilla,2,1,W,3,2,3.0,2.0,0.5,1.5,0.5,0.5,0.5,1.0,0.5
SP1,Getafe,2025-08-29,A,Valencia,0,3,L,0,3,2.0,1.3333333333333333,1.3333333333333333,0.0,0.6666666666666666,0.3333333333333333,0.3333333333333333,0.6666666666666666,0.3333333333333333
SP1,Getafe,2025-09-13,H,Oviedo,2,0,W,3,4,2.25,1.5,1.0,0.5,0.5,0.5,0.25,0.75,0.5
SP1,Getafe,2025-09-21,A,Barcelona,0,3,L,0,5,1.8,1.2,1.4,-0.2,0.6,0.4,0.2,0.6,0.4
SP1,Getafe,2025-09-24,H,Alaves,1,1,D,1,6,1.4,1.0,1.6,-0.6,0.6,0.4,0.4,0.6,0.2
SP1,Getafe,2025-09-27,H,Levante,1,1,D,1,7,1.0,0.8,1.6,-0.8,0.4,0.6,0.4,0.6,0.2
SP1,Getafe,2025-10-03,A,Osasuna,1,2,L,0,8,1.0,1.0,1.4,-0.4,0.4,0.6,0.6,0.8,0.2
SP1,Getafe,2025-10-19,H,Real Madrid,0,1,L,0,9,0.4,0.6,1.6,-1.0,0.4,0.6,0.6,0.6,0.0
SP1,Getafe,2025-10-25,A,Ath Bilbao,1,0,W,3,10,1.0,0.8,1.0,-0.2,0.2,0.8,0.6,0.8,0.2
SP1,Getafe,2025-10-31,H,Girona,2,1,W,3,11,1.4,1.0,1.0,0.0,0.4,0.6,0.6,0.8,0.2
SP1,Getafe,2025-11-09,A,Mallorca,0,1,L,0,12,1.2,0.8,1.0,-0.2,0.4,0.6,0.4,0.6,0.2
SP1,Getafe,2025-11-23,H,Ath Madrid,0,1,L,0,13,1.2,0.6,0.8,-0.2,0.2,0.8,0.2,0.4,0.2
SP1,Getafe,2025-11-28,H,Elche,1,0,W,3,14,1.8,0.8,0.6,0.2,0.2,0.8,0.2,0.6,0.4
SP1,Getafe,2025-12-06,A,Villarreal,0,2,L,0,15,1.2,0.6,1.0,-0.4,0.2,0.8,0.2,0.4,0.2
SP1,Getafe,2025-12-13,H,Espanol,0,1,L,0,16,0.6,0.2,1.0,-0.8,0.0,1.0,0.0,0.2,0.2
SP1,Getafe,2025-12-21,A,Betis,0,4,L,0,17,0.6,0.2,1.6,-1.4,0.2,0.8,0.0,0.2,0.2
SP1,Getafe,2026-01-02,A,Vallecano,1,1,D,1,18,0.8,0.4,1.6,-1.2,0.2,0.8,0.2,0.4,0.2
SP1,Getafe,2026-01-09,H,Sociedad,1,2,L,0,19,0.2,0.4,2.0,-1.6,0.4,0.6,0.4,0.4,0.0
SP1,Getafe,2026-01-18,H,Valencia,0,1,L,0,20,0.2,0.4,1.8,-1.4,0.4,0.6,0.4,0.4,0.0
SP1,Getafe,2026-01-26,A,Girona,1,1,D,1,21,0.4,0.6,1.8,-1.2,0.4,0.6,0.6,0.6,0.0
SP1,Getafe,2026-02-01,H,Celta,0,0,D,1,22,0.6,0.6,1.0,-0.4,0.2,0.8,0.6,0.6,0.2
SP1,Getafe,2026-02-08,A,Alaves,2,0,W,3,23,1.0,0.8,0.8,0.0,0.2,0.8,0.4,0.6,0.4
SP1,Getafe,2026-02-14,H,Villarreal,2,1,W,3,24,1.6,1.0,0.6,0.4,0.2,0.8,0.4,0.6,0.4
SP1,Getafe,2026-02-22,H,Sevilla,0,1,L,0,25,1.6,1.0,0.6,0.4,0.2,0.8,0.4,0.6,0.4
SP1,Getafe,2026-03-02,A,Real Madrid,1,0,W,3,26,2.0,1.0,0.4,0.6,0.2,0.8,0.2,0.6,0.6
SP1,Getafe,2026-03-08,H,Betis,2,0,W,3,27,2.4,1.4,0.4,1.0,0.2,0.8,0.2,0.8,0.6
SP1,Getafe,2026-03-14,A,Ath Madrid,0,1,L,0,28,1.8,1.0,0.6,0.4,0.2,0.8,0.2,0.6,0.4
SP1,Getafe,2026-03-21,A,Espanol,2,1,W,3,29,1.8,1.0,0.6,0.4,0.2,0.8,0.2,0.6,0.4
SP1,Getafe,2026-04-05,H,Ath Bilbao,2,0,W,3,30,2.4,1.4,0.4,1.0,0.2,0.8,0.2,0.8,0.6
SP1,Girona,2025-08-15,H,Vallecano,1,3,L,0,1,0.0,1.0,3.0,-2.0,1.0,0.0,1.0,1.0,0.0
SP1,Girona,2025-08-24,A,Villarreal,0,5,L,0,2,0.0,0.5,4.0,-3.5,1.0,0.0,0.5,0.5,0.0
SP1,Girona,2025-08-30,H,Sevilla,0,2,L,0,3,0.0,0.3333333333333333,3.3333333333333335,-3.0,0.6666666666666666,0.3333333333333333,0.3333333333333333,0.3333333333333333,0.0
SP1,Girona,2025-09-14,A,Celta,1,1,D,1,4,0.25,0.5,2.75,-2.25,0.5,0.5,0.5,0.5,0.0
SP1,Girona,2025-09-20,H,Levante,0,4,L,0,5,0.2,0.4,3.0,-2.6,0.6,0.4,0.4,0.4,0.0
SP1,Girona,2025-09-23,A,Ath Bilbao,1,1,D,1,6,0.4,0.4,2.6,-2.2,0.4,0.6,0.4,0.4,0.0
SP1,Girona,2025-09-26,H,Espanol,0,0,D,1,7,0.6,0.4,1.6,-1.2,0.2,0.8,0.4,0.4,0.2
SP1,Girona,2025-10-04,H,Valencia,2,1,W,3,8,1.2,0.8,1.4,-0.6,0.4,0.6,0.6,0.6,0.2
SP1,Girona,2025-10-18,A,Barcelona,1,2,L,0,9,1.0,0.8,1.6,-0.8,0.6,0.4,0.6,0.6,0.2
SP1,Girona,2025-10-25,H,Oviedo,3,3,D,1,10,1.2,1.4,1.4,0.0,0.6,0.4,0.8,0.8,0.2
SP1,Girona,2025-10-31,A,Getafe,1,2,L,0,11,1.0,1.4,1.6,-0.2,0.8,0.2,0.8,0.8,0.2
SP1,Girona,2025-11-08,H,Alaves,1,0,W,3,12,1.4,1.6,1.6,0.0,0.8,0.2,0.8,1.0,0.2
SP1,Girona,2025-11-23,A,Betis,1,1,D,1,13,1.0,1.4,1.6,-0.2,0.6,0.4,0.8,1.0,0.2
SP1,Girona,2025-11-30,H,Real Madrid,1,1,D,1,14,1.2,1.4,1.4,0.0,0.4,0.6,0.8,1.0,0.2
SP1,Girona,2025-12-07,A,Elche,0,3,L,0,15,1.0,0.8,1.4,-0.6,0.4,0.6,0.6,0.8,0.2
SP1,Girona,2025-12-12,A,Sociedad,2,1,W,3,16,1.6,1.0,1.2,-0.2,0.4,0.6,0.6,0.8,0.2
SP1,Girona,2025-12-21,H,Ath Madrid,0,3,L,0,17,1.0,0.8,1.8,-1.0,0.6,0.4,0.6,0.6,0.0
SP1,Girona,2026-01-04,A,Mallorca,2,1,W,3,18,1.4,1.0,1.8,-0.8,0.8,0.2,0.6,0.6,0.0
SP1,Girona,2026-01-10,H,Osasuna,1,0,W,3,19,1.8,1.0,1.6,-0.6,0.8,0.2,0.4,0.6,0.2
SP1,Girona,2026-01-16,A,Espanol,2,0,W,3,20,2.4,1.4,1.0,0.4,0.6,0.4,0.4,0.8,0.4
SP1,Girona,2026-01-26,H,Getafe,1,1,D,1,21,2.0,1.2,1.0,0.2,0.4,0.6,0.4,0.8,0.4
SP1,Girona,2026-01-31,A,Oviedo,0,1,L,0,22,2.0,1.2,0.6,0.6,0.2,0.8,0.4,0.8,0.4
SP1,Girona,2026-02-08,A,Sevilla,1,1,D,1,23,1.6,1.0,0.6,0.4,0.0,1.0,0.4,0.8,0.4
SP1,Girona,2026-02-16,H,Barcelona,2,1,W,3,24,1.6,1.2,0.8,0.4,0.2,0.8,0.6,0.8,0.2
SP1,Girona,2026-02-23,A,Alaves,2,2,D,1,25,1.2,1.2,1.2,0.0,0.4,0.6,0.8,0.8,0.0
SP1,Girona,2026-03-01,H,Celta,1,2,L,0,26,1.0,1.2,1.4,-0.2,0.6,0.4,0.8,0.8,0.0
SP1,Girona,2026-03-07,A,Levante,1,1,D,1,27,1.2,1.4,1.4,0.0,0.6,0.4,1.0,1.0,0.0
SP1,Girona,2026-03-14,H,Ath Bilbao,3,0,W,3,28,1.6,1.8,1.2,0.6,0.8,0.2,0.8,1.0,0.2
SP1,Girona,2026-03-21,A,Osasuna,0,1,L,0,29,1.0,1.4,1.2,0.2,0.6,0.4,0.6,0.8,0.2
SP1,Girona,2026-04-06,H,Villarreal,1,0,W,3,30,1.4,1.2,0.8,0.4,0.4,0.6,0.4,0.8,0.4
SP1,Levante,2025-08-16,A,Alaves,1,2,L,0,1,0.0,1.0,2.0,-1.0,1.0,0.0,1.0,1.0,0.0
SP1,Levante,2025-08-23,H,Barcelona,2,3,L,0,2,0.0,1.5,2.5,-1.0,1.0,0.0,1.0,1.0,0.0
SP1,Levante,2025-08-29,A,Elche,0,2,L,0,3,0.0,1.0,2.3333333333333335,-1.3333333333333333,0.6666666666666666,0.3333333333333333,0.6666666666666666,0.6666666666666666,0.0
SP1,Levante,2025-09-14,H,Betis,2,2,D,1,4,0.25,1.25,2.25,-1.0,0.75,0.25,0.75,0.75,0.0
SP1,Levante,2025-09-20,A,Girona,4,0,W,3,5,0.8,1.8,1.8,0.0,0.8,0.2,0.6,0.8,0.2
SP1,Levante,2025-09-23,H,Real Madrid,1,4,L,0,6,0.8,1.8,2.2,-0.4,0.8,0.2,0.6,0.8,0.2
SP1,Levante,2025-09-27,A,Getafe,1,1,D,1,7,1.0,1.6,1.8,-0.2,0.6,0.4,0.6,0.8,0.2
SP1,Levante,2025-10-04,A,Oviedo,2,0,W,3,8,1.6,2.0,1.4,0.6,0.6,0.4,0.6,1.0,0.4
SP1,Levante,2025-10-19,H,Vallecano,0,3,L,0,9,1.4,1.6,1.6,0.0,0.6,0.4,0.4,0.8,0.4
SP1,Levante,2025-10-26,A,Mallorca,1,1,D,1,10,1.0,1.0,1.8,-0.8,0.4,0.6,0.6,0.8,0.2
SP1,Levante,2025-11-02,H,Celta,1,2,L,0,11,1.0,1.0,1.4,-0.4,0.4,0.6,0.6,0.8,0.2
SP1,Levante,2025-11-08,A,Ath Madrid,1,3,L,0,12,0.8,1.0,1.8,-0.8,0.6,0.4,0.6,0.8,0.2
SP1,Levante,2025-11-21,A,Valencia,0,1,L,0,13,0.2,0.6,2.0,-1.4,0.6,0.4,0.6,0.6,0.0
SP1,Levante,2025-11-29,H,Ath Bilbao,0,2,L,0,14,0.2,0.6,1.8,-1.2,0.4,0.6,0.6,0.6,0.0
SP1,Levante,2025-12-08,A,Osasuna,0,2,L,0,15,0.0,0.4,2.0,-1.6,0.4,0.6,0.4,0.4,0.0
SP1,Levante,2025-12-20,H,Sociedad,1,1,D,1,16,0.2,0.4,1.8,-1.4,0.2,0.8,0.4,0.4,0.0
SP1,Levante,2026-01-04,A,Sevilla,3,0,W,3,17,0.8,0.8,1.2,-0.4,0.2,0.8,0.2,0.4,0.2
SP1,Levante,2026-01-11,H,Espanol,1,1,D,1,18,1.0,1.0,1.2,-0.2,0.2,0.8,0.4,0.6,0.2
SP1,Levante,2026-01-17,A,Real Madrid,0,2,L,0,19,1.0,1.0,1.2,-0.2,0.2,0.8,0.4,0.6,0.2
SP1,Levante,2026-01-23,H,Elche,3,2,W,3,20,1.6,1.6,1.2,0.4,0.4,0.6,0.6,0.8,0.2
SP1,Levante,2026-01-31,H,Ath Madrid,0,0,D,1,21,1.6,1.4,1.0,0.4,0.4,0.6,0.4,0.6,0.4
SP1,Levante,2026-02-08,A,Ath Bilbao,2,4,L,0,22,1.0,1.2,1.8,-0.6,0.4,0.6,0.6,0.6,0.2
SP1,Levante,2026-02-15,H,Valencia,0,2,L,0,23,0.8,1.0,2.0,-1.0,0.4,0.6,0.4,0.4,0.2
SP1,Levante,2026-02-18,H,Villarreal,0,1,L,0,24,0.8,1.0,1.8,-0.8,0.4,0.6,0.4,0.4,0.2
SP1,Levante,2026-02-22,A,Barcelona,0,3,L,0,25,0.2,0.4,2.0,-1.6,0.4,0.6,0.2,0.2,0.2
SP1,Levante,2026-02-27,H,Alaves,2,0,W,3,26,0.6,0.8,2.0,-1.2,0.4,0.6,0.2,0.4,0.2
SP1,Levante,2026-03-07,H,Girona,1,1,D,1,27,0.8,0.6,1.4,-0.8,0.2,0.8,0.2,0.4,0.2
SP1,Levante,2026-03-16,A,Vallecano,1,1,D,1,28,1.0,0.8,1.2,-0.4,0.2,0.8,0.4,0.6,0.2
SP1,Levante,2026-03-21,H,Oviedo,4,2,W,3,29,1.6,1.6,1.4,0.2,0.4,0.6,0.6,0.8,0.2
SP1,Levante,2026-04-04,A,Sociedad,0,2,L,0,30,1.6,1.6,1.2,0.4,0.2,0.8,0.6,0.8,0.2
SP1,Mallorca,2025-08-16,H,Barcelona,0,3,L,0,1,0.0,0.0,3.0,-3.0,1.0,0.0,0.0,0.0,0.0
SP1,Mallorca,2025-08-23,H,Celta,1,1,D,1,2,0.5,0.5,2.0,-1.5,0.5,0.5,0.5,0.5,0.0
SP1,Mallorca,2025-08-30,A,Real Madrid,1,2,L,0,3,0.3333333333333333,0.6666666666666666,2.0,-1.3333333333333333,0.6666666666666666,0.3333333333333333,0.6666666666666666,0.6666666666666666,0.0
SP1,Mallorca,2025-09-15,A,Espanol,2,3,L,0,4,0.25,1.0,2.25,-1.25,0.75,0.25,0.75,0.75,0.0
SP1,Mallorca,2025-09-21,H,Ath Madrid,1,1,D,1,5,0.4,1.0,2.0,-1.0,0.6,0.4,0.8,0.8,0.0
SP1,Mallorca,2025-09-24,A,Sociedad,0,1,L,0,6,0.4,1.0,1.6,-0.6,0.4,0.6,0.8,0.8,0.0
SP1,Mallorca,2025-09-27,H,Alaves,1,0,W,3,7,0.8,1.0,1.4,-0.4,0.4,0.6,0.6,0.8,0.2
SP1,Mallorca,2025-10-04,A,Ath Bilbao,1,2,L,0,8,0.8,1.0,1.4,-0.4,0.4,0.6,0.6,0.8,0.2
SP1,Mallorca,2025-10-18,A,Sevilla,3,1,W,3,9,1.4,1.2,1.0,0.2,0.4,0.6,0.6,0.8,0.2
SP1,Mallorca,2025-10-26,H,Levante,1,1,D,1,10,1.4,1.2,1.0,0.2,0.4,0.6,0.6,0.8,0.2
SP1,Mallorca,2025-11-02,A,Betis,0,3,L,0,11,1.4,1.2,1.4,-0.2,0.6,0.4,0.6,0.8,0.2
SP1,Mallorca,2025-11-09,H,Getafe,1,0,W,3,12,1.4,1.2,1.4,-0.2,0.6,0.4,0.6,0.8,0.2
SP1,Mallorca,2025-11-22,A,Villarreal,1,2,L,0,13,1.4,1.2,1.4,-0.2,0.6,0.4,0.6,0.8,0.2
SP1,Mallorca,2025-11-29,H,Osasuna,2,2,D,1,14,1.0,1.0,1.6,-0.6,0.6,0.4,0.6,0.8,0.2
SP1,Mallorca,2025-12-05,A,Oviedo,0,0,D,1,15,1.0,0.8,1.4,-0.6,0.6,0.4,0.4,0.6,0.4
SP1,Mallorca,2025-12-13,H,Elche,3,1,W,3,16,1.6,1.4,1.0,0.4,0.6,0.4,0.6,0.8,0.4
SP1,Mallorca,2025-12-19,A,Valencia,1,1,D,1,17,1.2,1.4,1.2,0.2,0.6,0.4,0.8,0.8,0.2
SP1,Mallorca,2026-01-04,H,Girona,1,2,L,0,18,1.2,1.4,1.2,0.2,0.6,0.4,0.8,0.8,0.2
SP1,Mallorca,2026-01-11,A,Vallecano,1,2,L,0,19,1.0,1.2,1.2,0.0,0.6,0.4,0.8,0.8,0.2
SP1,Mallorca,2026-01-17,H,Ath Bilbao,3,2,W,3,20,1.4,1.8,1.6,0.2,0.8,0.2,1.0,1.0,0.0
SP1,Mallorca,2026-01-25,A,Ath Madrid,0,3,L,0,21,0.8,1.2,2.0,-0.8,0.8,0.2,0.8,0.8,0.0
SP1,Mallorca,2026-02-02,H,Sevilla,4,1,W,3,22,1.2,1.8,2.0,-0.2,1.0,0.0,0.8,0.8,0.0
SP1,Mallorca,2026-02-07,A,Barcelona,0,3,L,0,23,1.2,1.6,2.2,-0.6,1.0,0.0,0.6,0.6,0.0
SP1,Mallorca,2026-02-15,H,Betis,1,2,L,0,24,1.2,1.6,2.2,-0.6,1.0,0.0,0.6,0.6,0.0
SP1,Mallorca,2026-02-22,A,Celta,0,2,L,0,25,0.6,1.0,2.2,-1.2,0.8,0.2,0.4,0.4,0.0
SP1,Mallorca,2026-02-28,H,Sociedad,0,1,L,0,26,0.6,1.0,1.8,-0.8,0.6,0.4,0.4,0.4,0.0
SP1,Mallorca,2026-03-07,A,Osasuna,2,2,D,1,27,0.2,0.6,2.0,-1.4,0.6,0.4,0.4,0.4,0.0
SP1,Mallorca,2026-03-15,H,Espanol,2,1,W,3,28,0.8,1.0,1.6,-0.6,0.6,0.4,0.6,0.6,0.0
SP1,Mallorca,2026-03-21,A,Elche,1,2,L,0,29,0.8,1.0,1.6,-0.6,0.6,0.4,0.6,0.6,0.0
SP1,Mallorca,2026-04-04,H,Real Madrid,2,1,W,3,30,1.4,1.4,1.4,0.0,0.8,0.2,0.8,0.8,0.0
SP1,Osasuna,2025-08-19,A,Real Madrid,0,1,L,0,1,0.0,0.0,1.0,-1.0,0.0,1.0,0.0,0.0,0.0
SP1,Osasuna,2025-08-24,H,Valencia,1,0,W,3,2,1.5,0.5,0.5,0.0,0.0,1.0,0.0,0.5,0.5
SP1,Osasuna,2025-08-31,A,Espanol,0,1,L,0,3,1.0,0.3333333333333333,0.6666666666666666,-0.3333333333333333,0.0,1.0,0.0,0.3333333333333333,0.3333333333333333
SP1,Osasuna,2025-09-14,H,Vallecano,2,0,W,3,4,1.5,0.75,0.5,0.25,0.0,1.0,0.0,0.5,0.5
SP1,Osasuna,2025-09-20,A,Villarreal,1,2,L,0,5,1.2,0.8,0.8,0.0,0.2,0.8,0.2,0.6,0.4
SP1,Osasuna,2025-09-25,H,Elche,1,1,D,1,6,1.4,1.0,0.8,0.2,0.2,0.8,0.4,0.8,0.4
SP1,Osasuna,2025-09-28,A,Betis,0,2,L,0,7,0.8,0.8,1.2,-0.4,0.2,0.8,0.4,0.6,0.2
SP1,Osasuna,2025-10-03,H,Getafe,2,1,W,3,8,1.4,1.2,1.2,0.0,0.4,0.6,0.6,0.8,0.2
SP1,Osasuna,2025-10-18,A,Ath Madrid,0,1,L,0,9,0.8,0.8,1.4,-0.6,0.4,0.6,0.6,0.6,0.0
SP1,Osasuna,2025-10-26,H,Celta,2,3,L,0,10,0.8,1.0,1.6,-0.6,0.4,0.6,0.6,0.6,0.0
SP1,Osasuna,2025-11-03,A,Oviedo,0,0,D,1,11,0.8,0.8,1.4,-0.6,0.4,0.6,0.4,0.4,0.2
SP1,Osasuna,2025-11-08,A,Sevilla,0,1,L,0,12,0.8,0.8,1.2,-0.4,0.4,0.6,0.4,0.4,0.2
SP1,Osasuna,2025-11-22,H,Sociedad,1,3,L,0,13,0.2,0.6,1.6,-1.0,0.4,0.6,0.4,0.4,0.2
SP1,Osasuna,2025-11-29,A,Mallorca,2,2,D,1,14,0.4,1.0,1.8,-0.8,0.6,0.4,0.6,0.6,0.2
SP1,Osasuna,2025-12-08,H,Levante,2,0,W,3,15,1.0,1.0,1.2,-0.2,0.4,0.6,0.4,0.6,0.4
SP1,Osasuna,2025-12-13,A,Barcelona,0,2,L,0,16,0.8,1.0,1.6,-0.6,0.4,0.6,0.4,0.6,0.2
SP1,Osasuna,2025-12-20,H,Alaves,3,0,W,3,17,1.4,1.6,1.4,0.2,0.6,0.4,0.4,0.8,0.4
SP1,Osasuna,2026-01-03,H,Ath Bilbao,1,1,D,1,18,1.6,1.6,1.0,0.6,0.4,0.6,0.4,0.8,0.4
SP1,Osasuna,2026-01-10,A,Girona,0,1,L,0,19,1.4,1.2,0.8,0.4,0.2,0.8,0.2,0.6,0.4
SP1,Osasuna,2026-01-17,H,Oviedo,3,2,W,3,20,1.4,1.4,1.2,0.2,0.4,0.6,0.4,0.6,0.2
SP1,Osasuna,2026-01-24,A,Vallecano,3,1,W,3,21,2.0,2.0,1.0,1.0,0.6,0.4,0.6,0.8,0.2
SP1,Osasuna,2026-01-31,H,Villarreal,2,2,D,1,22,1.6,1.8,1.4,0.4,0.6,0.4,0.8,0.8,0.0
SP1,Osasuna,2026-02-06,A,Celta,2,1,W,3,23,2.0,2.0,1.4,0.6,0.8,0.2,0.8,0.8,0.0
SP1,Osasuna,2026-02-13,A,Elche,0,0,D,1,24,2.2,2.0,1.2,0.8,0.8,0.2,0.8,0.8,0.2
SP1,Osasuna,2026-02-21,H,Real Madrid,2,1,W,3,25,2.2,1.8,1.0,0.8,0.8,0.2,0.8,0.8,0.2
SP1,Osasuna,2026-03-01,A,Valencia,0,1,L,0,26,1.6,1.2,1.0,0.2,0.6,0.4,0.6,0.6,0.2
SP1,Osasuna,2026-03-07,H,Mallorca,2,2,D,1,27,1.6,1.2,1.0,0.2,0.6,0.4,0.6,0.6,0.2
SP1,Osasuna,2026-03-15,A,Sociedad,1,3,L,0,28,1.0,1.0,1.4,-0.4,0.6,0.4,0.6,0.6,0.2
SP1,Osasuna,2026-03-21,H,Girona,1,0,W,3,29,1.4,1.2,1.4,-0.2,0.6,0.4,0.6,0.8,0.2
SP1,Osasuna,2026-04-05,A,Alaves,2,2,D,1,30,1.0,1.2,1.6,-0.4,0.6,0.4,0.6,0.8,0.2
SP1,Oviedo,2025-08-15,A,Villarreal,0,2,L,0,1,0.0,0.0,2.0,-2.0,0.0,1.0,0.0,0.0,0.0
SP1,Oviedo,2025-08-24,H,Real Madrid,0,3,L,0,2,0.0,0.0,2.5,-2.5,0.5,0.5,0.0,0.0,0.0
SP1,Oviedo,2025-08-30,H,Sociedad,1,0,W,3,3,1.0,0.3333333333333333,1.6666666666666667,-1.3333333333333333,0.3333333333333333,0.6666666666666666,0.0,0.3333333333333333,0.3333333333333333
SP1,Oviedo,2025-09-13,A,Getafe,0,2,L,0,4,0.75,0.25,1.75,-1.5,0.25,0.75,0.0,0.25,0.25
SP1,Oviedo,2025-09-21,A,Elche,0,1,L,0,5,0.6,0.2,1.6,-1.4,0.2,0.8,0.0,0.2,0.2
SP1,Oviedo,2025-09-25,H,Barcelona,1,3,L,0,6,0.6,0.4,1.8,-1.4,0.4,0.6,0.2,0.4,0.2
SP1,Oviedo,2025-09-30,A,Valencia,2,1,W,3,7,1.2,0.8,1.4,-0.6,0.4,0.6,0.4,0.6,0.2
SP1,Oviedo,2025-10-04,H,Levante,0,2,L,0,8,0.6,0.6,1.8,-1.2,0.4,0.6,0.4,0.4,0.0
SP1,Oviedo,2025-10-17,H,Espanol,0,2,L,0,9,0.6,0.6,1.8,-1.2,0.4,0.6,0.4,0.4,0.0
SP1,Oviedo,2025-10-25,A,Girona,3,3,D,1,10,0.8,1.2,2.2,-1.0,0.6,0.4,0.6,0.6,0.0
SP1,Oviedo,2025-11-03,H,Osasuna,0,0,D,1,11,1.0,1.0,1.6,-0.6,0.4,0.6,0.4,0.4,0.2
SP1,Oviedo,2025-11-09,A,Ath Bilbao,0,1,L,0,12,0.4,0.6,1.6,-1.0,0.2,0.8,0.2,0.2,0.2
SP1,Oviedo,2025-11-23,H,Vallecano,0,0,D,1,13,0.6,0.6,1.2,-0.6,0.2,0.8,0.2,0.2,0.4
SP1,Oviedo,2025-11-29,A,Ath Madrid,0,2,L,0,14,0.6,0.6,1.2,-0.6,0.2,0.8,0.2,0.2,0.4
SP1,Oviedo,2025-12-05,H,Mallorca,0,0,D,1,15,0.6,0.0,0.6,-0.6,0.0,1.0,0.0,0.0,0.6
SP1,Oviedo,2025-12-14,A,Sevilla,0,4,L,0,16,0.4,0.0,1.4,-1.4,0.2,0.8,0.0,0.0,0.4
SP1,Oviedo,2025-12-20,H,Celta,0,0,D,1,17,0.6,0.0,1.2,-1.2,0.2,0.8,0.0,0.0,0.6
SP1,Oviedo,2026-01-04,A,Alaves,1,1,D,1,18,0.6,0.2,1.4,-1.2,0.2,0.8,0.2,0.2,0.4
SP1,Oviedo,2026-01-10,H,Betis,1,1,D,1,19,0.8,0.4,1.2,-0.8,0.2,0.8,0.4,0.4,0.4
SP1,Oviedo,2026-01-17,A,Osasuna,2,3,L,0,20,0.6,0.8,1.8,-1.0,0.4,0.6,0.6,0.6,0.2
SP1,Oviedo,2026-01-25,A,Barcelona,0,3,L,0,21,0.6,0.8,1.6,-0.8,0.4,0.6,0.6,0.6,0.2
SP1,Oviedo,2026-01-31,H,Girona,1,0,W,3,22,1.0,1.0,1.6,-0.6,0.4,0.6,0.6,0.8,0.2
SP1,Oviedo,2026-02-15,H,Ath Bilbao,1,2,L,0,23,0.8,1.0,1.8,-0.8,0.6,0.4,0.6,0.8,0.2
SP1,Oviedo,2026-02-21,A,Sociedad,3,3,D,1,24,0.8,1.4,2.2,-0.8,0.8,0.2,0.6,0.8,0.2
SP1,Oviedo,2026-02-28,H,Ath Madrid,0,1,L,0,25,0.8,1.0,1.8,-0.8,0.6,0.4,0.4,0.6,0.2
SP1,Oviedo,2026-03-04,A,Vallecano,0,3,L,0,26,0.8,1.0,1.8,-0.8,0.6,0.4,0.4,0.6,0.2
SP1,Oviedo,2026-03-09,A,Espanol,1,1,D,1,27,0.4,1.0,2.0,-1.0,0.6,0.4,0.6,0.6,0.0
SP1,Oviedo,2026-03-14,H,Valencia,1,0,W,3,28,1.0,1.0,1.6,-0.6,0.4,0.6,0.4,0.6,0.2
SP1,Oviedo,2026-03-21,A,Levante,2,4,L,0,29,0.8,0.8,1.8,-1.0,0.4,0.6,0.4,0.6,0.2
SP1,Oviedo,2026-04-05,H,Sevilla,1,0,W,3,30,1.4,1.0,1.6,-0.6,0.4,0.6,0.4,0.8,0.4
SP1,Real Madrid,2025-08-19,H,Osasuna,1,0,W,3,1,3.0,1.0,0.0,1.0,0.0,1.0,0.0,1.0,1.0
SP1,Real Madrid,2025-08-24,A,Oviedo,3,0,W,3,2,3.0,2.0,0.0,2.0,0.5,0.5,0.0,1.0,1.0
SP1,Real Madrid,2025-08-30,H,Mallorca,2,1,W,3,3,3.0,2.0,0.3333333333333333,1.6666666666666667,0.6666666666666666,0.3333333333333333,0.3333333333333333,1.0,0.6666666666666666
SP1,Real Madrid,2025-09-13,A,Sociedad,2,1,W,3,4,3.0,2.0,0.5,1.5,0.75,0.25,0.5,1.0,0.5
SP1,Real Madrid,2025-09-20,H,Espanol,2,0,W,3,5,3.0,2.0,0.4,1.6,0.6,0.4,0.4,1.0,0.6
SP1,Real Madrid,2025-09-23,A,Levante,4,1,W,3,6,3.0,2.6,0.6,2.0,0.8,0.2,0.6,1.0,0.4
SP1,Real Madrid,2025-09-27,A,Ath Madrid,2,5,L,0,7,2.4,2.4,1.6,0.8,0.8,0.2,0.8,1.0,0.2
SP1,Real Madrid,2025-10-04,H,Villarreal,3,1,W,3,8,2.4,2.6,1.6,1.0,0.8,0.2,0.8,1.0,0.2
SP1,Real Madrid,2025-10-19,A,Getafe,1,0,W,3,9,2.4,2.4,1.4,1.0,0.6,0.4,0.6,1.0,0.4
SP1,Real Madrid,2025-10-26,H,Barcelona,2,1,W,3,10,2.4,2.4,1.6,0.8,0.8,0.2,0.8,1.0,0.2
SP1,Real Madrid,2025-11-01,H,Valencia,4,0,W,3,11,2.4,2.4,1.4,1.0,0.8,0.2,0.6,1.0,0.4
SP1,Real Madrid,2025-11-09,A,Vallecano,0,0,D,1,12,2.6,2.0,0.4,1.6,0.6,0.4,0.4,0.8,0.6
SP1,Real Madrid,2025-11-23,A,Elche,2,2,D,1,13,2.2,1.8,0.6,1.2,0.6,0.4,0.4,0.8,0.6
SP1,Real Madrid,2025-11-30,A,Girona,1,1,D,1,14,1.8,1.8,0.8,1.0,0.6,0.4,0.6,0.8,0.4
SP1,Real Madrid,2025-12-03,A,Ath Bilbao,3,0,W,3,15,1.8,2.0,0.6,1.4,0.6,0.4,0.4,0.8,0.6
SP1,Real Madrid,2025-12-07,H,Celta,0,2,L,0,16,1.2,1.2,1.0,0.2,0.4,0.6,0.4,0.6,0.4
SP1,Real Madrid,2025-12-14,A,Alaves,2,1,W,3,17,1.6,1.6,1.2,0.4,0.6,0.4,0.6,0.8,0.2
SP1,Real Madrid,2025-12-20,H,Sevilla,2,0,W,3,18,2.0,1.6,0.8,0.8,0.4,0.6,0.4,0.8,0.4
SP1,Real Madrid,2026-01-04,H,Betis,5,1,W,3,19,2.4,2.4,0.8,1.6,0.6,0.4,0.4,0.8,0.4
SP1,Real Madrid,2026-01-17,H,Levante,2,0,W,3,20,2.4,2.2,0.8,1.4,0.4,0.6,0.4,0.8,0.4
SP1,Real Madrid,2026-01-24,A,Villarreal,2,0,W,3,21,3.0,2.6,0.4,2.2,0.4,0.6,0.4,1.0,0.6
SP1,Real Madrid,2026-02-01,H,Vallecano,2,1,W,3,22,3.0,2.6,0.4,2.2,0.4,0.6,0.4,1.0,0.6
SP1,Real Madrid,2026-02-08,A,Valencia,2,0,W,3,23,3.0,2.6,0.4,2.2,0.4,0.6,0.4,1.0,0.6
SP1,Real Madrid,2026-02-14,H,Sociedad,4,1,W,3,24,3.0,2.4,0.4,2.0,0.4,0.6,0.4,1.0,0.6
SP1,Real Madrid,2026-02-21,A,Osasuna,1,2,L,0,25,2.4,2.2,0.8,1.4,0.6,0.4,0.6,1.0,0.4
SP1,Real Madrid,2026-03-02,H,Getafe,0,1,L,0,26,1.8,1.8,1.0,0.8,0.6,0.4,0.6,0.8,0.2
SP1,Real Madrid,2026-03-06,A,Celta,2,1,W,3,27,1.8,1.8,1.0,0.8,0.6,0.4,0.6,0.8,0.2
SP1,Real Madrid,2026-03-14,H,Elche,4,1,W,3,28,1.8,2.2,1.2,1.0,0.8,0.2,0.8,0.8,0.0
SP1,Real Madrid,2026-03-22,H,Ath Madrid,3,2,W,3,29,1.8,2.0,1.4,0.6,0.8,0.2,0.8,0.8,0.0
SP1,Real Madrid,2026-04-04,A,Mallorca,1,2,L,0,30,1.8,2.0,1.4,0.6,0.8,0.2,0.8,0.8,0.0
SP1,Sevilla,2025-08-17,A,Ath Bilbao,2,3,L,0,1,0.0,2.0,3.0,-1.0,1.0,0.0,1.0,1.0,0.0
SP1,Sevilla,2025-08-25,H,Getafe,1,2,L,0,2,0.0,1.5,2.5,-1.0,1.0,0.0,1.0,1.0,0.0
SP1,Sevilla,2025-08-30,A,Girona,2,0,W,3,3,1.0,1.6666666666666667,1.6666666666666667,0.0,0.6666666666666666,0.3333333333333333,0.6666666666666666,1.0,0.3333333333333333
SP1,Sevilla,2025-09-12,H,Elche,2,2,D,1,4,1.0,1.75,1.75,0.0,0.75,0.25,0.75,1.0,0.25
SP1,Sevilla,2025-09-20,A,Alaves,2,1,W,3,5,1.4,1.8,1.6,0.2,0.8,0.2,0.8,1.0,0.2
SP1,Sevilla,2025-09-23,H,Villarreal,1,2,L,0,6,1.4,1.6,1.4,0.2,0.8,0.2,0.8,1.0,0.2
SP1,Sevilla,2025-09-28,A,Vallecano,1,0,W,3,7,2.0,1.6,1.0,0.6,0.6,0.4,0.6,1.0,0.4
SP1,Sevilla,2025-10-05,H,Barcelona,4,1,W,3,8,2.0,2.0,1.2,0.8,0.8,0.2,0.8,1.0,0.2
SP1,Sevilla,2025-10-18,H,Mallorca,1,3,L,0,9,1.8,1.8,1.4,0.4,0.8,0.2,0.8,1.0,0.2
SP1,Sevilla,2025-10-24,A,Sociedad,1,2,L,0,10,1.2,1.6,1.6,0.0,0.8,0.2,0.8,1.0,0.2
SP1,Sevilla,2025-11-01,A,Ath Madrid,0,3,L,0,11,1.2,1.4,1.8,-0.4,0.8,0.2,0.6,0.8,0.2
SP1,Sevilla,2025-11-08,H,Osasuna,1,0,W,3,12,1.2,1.4,1.8,-0.4,0.8,0.2,0.6,0.8,0.2
SP1,Sevilla,2025-11-24,A,Espanol,1,2,L,0,13,0.6,0.8,2.0,-1.2,0.8,0.2,0.6,0.8,0.2
SP1,Sevilla,2025-11-30,H,Betis,0,2,L,0,14,0.6,0.6,1.8,-1.2,0.6,0.4,0.4,0.6,0.2
SP1,Sevilla,2025-12-07,A,Valencia,1,1,D,1,15,0.8,0.6,1.6,-1.0,0.4,0.6,0.4,0.6,0.2
SP1,Sevilla,2025-12-14,H,Oviedo,4,0,W,3,16,1.4,1.4,1.0,0.4,0.4,0.6,0.4,0.8,0.4
SP1,Sevilla,2025-12-20,A,Real Madrid,0,2,L,0,17,0.8,1.2,1.4,-0.2,0.4,0.6,0.4,0.6,0.2
SP1,Sevilla,2026-01-04,H,Levante,0,3,L,0,18,0.8,1.0,1.6,-0.6,0.4,0.6,0.2,0.4,0.2
SP1,Sevilla,2026-01-12,H,Celta,0,1,L,0,19,0.8,1.0,1.4,-0.4,0.4,0.6,0.2,0.4,0.2
SP1,Sevilla,2026-01-19,A,Elche,2,2,D,1,20,0.8,1.2,1.6,-0.4,0.6,0.4,0.2,0.4,0.2
SP1,Sevilla,2026-01-24,H,Ath Bilbao,2,1,W,3,21,0.8,0.8,1.8,-1.0,0.6,0.4,0.4,0.4,0.0
SP1,Sevilla,2026-02-02,A,Mallorca,1,4,L,0,22,0.8,1.0,2.2,-1.2,0.8,0.2,0.6,0.6,0.0
SP1,Sevilla,2026-02-08,H,Girona,1,1,D,1,23,1.0,1.2,1.8,-0.6,0.6,0.4,0.8,0.8,0.0
SP1,Sevilla,2026-02-14,H,Alaves,1,1,D,1,24,1.2,1.4,1.8,-0.4,0.6,0.4,1.0,1.0,0.0
SP1,Sevilla,2026-02-22,A,Getafe,1,0,W,3,25,1.6,1.2,1.4,-0.2,0.4,0.6,0.8,1.0,0.2
SP1,Sevilla,2026-03-01,A,Betis,2,2,D,1,26,1.2,1.2,1.6,-0.4,0.4,0.6,0.8,1.0,0.2
SP1,Sevilla,2026-03-08,H,Vallecano,1,1,D,1,27,1.4,1.2,1.0,0.2,0.2,0.8,0.8,1.0,0.2
SP1,Sevilla,2026-03-15,A,Barcelona,2,5,L,0,28,1.2,1.4,1.8,-0.4,0.4,0.6,0.8,1.0,0.2
SP1,Sevilla,2026-03-21,H,Valencia,0,2,L,0,29,1.0,1.2,2.0,-0.8,0.4,0.6,0.6,0.8,0.2
SP1,Sevilla,2026-04-05,A,Oviedo,0,1,L,0,30,0.4,1.0,2.2,-1.2,0.4,0.6,0.6,0.6,0.0
SP1,Sociedad,2025-08-16,A,Valencia,1,1,D,1,1,1.0,1.0,1.0,0.0,0.0,1.0,1.0,1.0,0.0
SP1,Sociedad,2025-08-24,H,Espanol,2,2,D,1,2,1.0,1.5,1.5,0.0,0.5,0.5,1.0,1.0,0.0
SP1,Sociedad,2025-08-30,A,Oviedo,0,1,L,0,3,0.6666666666666666,1.0,1.3333333333333333,-0.3333333333333333,0.3333333333333333,0.6666666666666666,0.6666666666666666,0.6666666666666666,0.0
SP1,Sociedad,2025-09-13,H,Real Madrid,1,2,L,0,4,0.5,1.0,1.5,-0.5,0.5,0.5,0.75,0.75,0.0
SP1,Sociedad,2025-09-19,A,Betis,1,3,L,0,5,0.4,1.0,1.8,-0.8,0.6,0.4,0.8,0.8,0.0
SP1,Sociedad,2025-09-24,H,Mallorca,1,0,W,3,6,0.8,1.0,1.6,-0.6,0.6,0.4,0.6,0.8,0.2
SP1,Sociedad,2025-09-28,A,Barcelona,1,2,L,0,7,0.6,0.8,1.6,-0.8,0.6,0.4,0.6,0.8,0.2
SP1,Sociedad,2025-10-05,H,Vallecano,0,1,L,0,8,0.6,0.8,1.6,-0.8,0.6,0.4,0.6,0.8,0.2
SP1,Sociedad,2025-10-19,A,Celta,1,1,D,1,9,0.8,0.8,1.4,-0.6,0.4,0.6,0.6,0.8,0.2
SP1,Sociedad,2025-10-24,H,Sevilla,2,1,W,3,10,1.4,1.0,1.0,0.0,0.4,0.6,0.6,0.8,0.2
SP1,Sociedad,2025-11-01,H,Ath Bilbao,3,2,W,3,11,1.4,1.4,1.4,0.0,0.6,0.4,0.8,0.8,0.0
SP1,Sociedad,2025-11-07,A,Elche,1,1,D,1,12,1.6,1.4,1.2,0.2,0.4,0.6,0.8,0.8,0.0
SP1,Sociedad,2025-11-22,A,Osasuna,3,1,W,3,13,2.2,2.0,1.2,0.8,0.6,0.4,1.0,1.0,0.0
SP1,Sociedad,2025-11-30,H,Villarreal,2,3,L,0,14,2.0,2.2,1.6,0.6,0.8,0.2,1.0,1.0,0.0
SP1,Sociedad,2025-12-06,A,Alaves,0,1,L,0,15,1.4,1.8,1.6,0.2,0.6,0.4,0.8,0.8,0.0
SP1,Sociedad,2025-12-12,H,Girona,1,2,L,0,16,0.8,1.4,1.6,-0.2,0.6,0.4,0.8,0.8,0.0
SP1,Sociedad,2025-12-20,A,Levante,1,1,D,1,17,0.8,1.4,1.6,-0.2,0.6,0.4,0.8,0.8,0.0
SP1,Sociedad,2026-01-04,H,Ath Madrid,1,1,D,1,18,0.4,1.0,1.6,-0.6,0.4,0.6,0.8,0.8,0.0
SP1,Sociedad,2026-01-09,A,Getafe,2,1,W,3,19,1.0,1.0,1.2,-0.2,0.4,0.6,0.8,0.8,0.0
SP1,Sociedad,2026-01-18,H,Barcelona,2,1,W,3,20,1.6,1.4,1.2,0.2,0.6,0.4,1.0,1.0,0.0
SP1,Sociedad,2026-01-25,H,Celta,3,1,W,3,21,2.2,1.8,1.0,0.8,0.6,0.4,1.0,1.0,0.0
SP1,Sociedad,2026-02-01,A,Ath Bilbao,1,1,D,1,22,2.2,1.8,1.0,0.8,0.6,0.4,1.0,1.0,0.0
SP1,Sociedad,2026-02-07,H,Elche,3,1,W,3,23,2.6,2.2,1.0,1.2,0.8,0.2,1.0,1.0,0.0
SP1,Sociedad,2026-02-14,A,Real Madrid,1,4,L,0,24,2.0,2.0,1.6,0.4,0.8,0.2,1.0,1.0,0.0
SP1,Sociedad,2026-02-21,H,Oviedo,3,3,D,1,25,1.6,2.2,2.0,0.2,0.8,0.2,1.0,1.0,0.0
SP1,Sociedad,2026-02-28,A,Mallorca,1,0,W,3,26,1.6,1.8,1.8,0.0,0.6,0.4,0.8,1.0,0.2
SP1,Sociedad,2026-03-07,A,Ath Madrid,2,3,L,0,27,1.4,2.0,2.2,-0.2,0.8,0.2,0.8,1.0,0.2
SP1,Sociedad,2026-03-15,H,Osasuna,3,1,W,3,28,1.4,2.0,2.2,-0.2,0.8,0.2,0.8,1.0,0.2
SP1,Sociedad,2026-03-20,A,Villarreal,1,3,L,0,29,1.4,2.0,2.0,0.0,0.8,0.2,0.8,1.0,0.2
SP1,Sociedad,2026-04-04,H,Levante,2,0,W,3,30,1.8,1.8,1.4,0.4,0.6,0.4,0.6,1.0,0.4
SP1,Valencia,2025-08-16,H,Sociedad,1,1,D,1,1,1.0,1.0,1.0,0.0,0.0,1.0,1.0,1.0,0.0
SP1,Valencia,2025-08-24,A,Osasuna,0,1,L,0,2,0.5,0.5,1.0,-0.5,0.0,1.0,0.5,0.5,0.0
SP1,Valencia,2025-08-29,H,Getafe,3,0,W,3,3,1.3333333333333333,1.3333333333333333,0.6666666666666666,0.6666666666666666,0.3333333333333333,0.6666666666666666,0.3333333333333333,0.6666666666666666,0.3333333333333333
SP1,Valencia,2025-09-14,A,Barcelona,0,6,L,0,4,1.0,1.0,2.0,-1.0,0.5,0.5,0.25,0.5,0.25
SP1,Valencia,2025-09-20,H,Ath Bilbao,2,0,W,3,5,1.4,1.2,1.6,-0.4,0.4,0.6,0.2,0.6,0.4
SP1,Valencia,2025-09-23,A,Espanol,2,2,D,1,6,1.4,1.4,1.8,-0.4,0.6,0.4,0.2,0.6,0.4
SP1,Valencia,2025-09-30,H,Oviedo,1,2,L,0,7,1.4,1.6,2.0,-0.4,0.8,0.2,0.4,0.8,0.4
SP1,Valencia,2025-10-04,A,Girona,1,2,L,0,8,0.8,1.2,2.4,-1.2,0.8,0.2,0.6,0.8,0.2
SP1,Valencia,2025-10-20,A,Alaves,0,0,D,1,9,1.0,1.2,1.2,0.0,0.6,0.4,0.6,0.8,0.4
SP1,Valencia,2025-10-25,H,Villarreal,0,2,L,0,10,0.4,0.8,1.6,-0.8,0.6,0.4,0.6,0.6,0.2
SP1,Valencia,2025-11-01,A,Real Madrid,0,4,L,0,11,0.2,0.4,2.0,-1.6,0.6,0.4,0.4,0.4,0.2
SP1,Valencia,2025-11-09,H,Betis,1,1,D,1,12,0.4,0.4,1.8,-1.4,0.4,0.6,0.4,0.4,0.2
SP1,Valencia,2025-11-21,H,Levante,1,0,W,3,13,1.0,0.4,1.4,-1.0,0.2,0.8,0.2,0.4,0.4
SP1,Valencia,2025-12-01,A,Vallecano,1,1,D,1,14,1.0,0.6,1.6,-1.0,0.2,0.8,0.4,0.6,0.2
SP1,Valencia,2025-12-07,H,Sevilla,1,1,D,1,15,1.2,0.8,1.4,-0.6,0.2,0.8,0.6,0.8,0.2
SP1,Valencia,2025-12-13,A,Ath Madrid,1,2,L,0,16,1.2,1.0,1.0,0.0,0.2,0.8,0.8,1.0,0.2
SP1,Valencia,2025-12-19,H,Mallorca,1,1,D,1,17,1.2,1.0,1.0,0.0,0.2,0.8,0.8,1.0,0.2
SP1,Valencia,2026-01-03,A,Celta,1,4,L,0,18,0.6,1.0,1.8,-0.8,0.4,0.6,1.0,1.0,0.0
SP1,Valencia,2026-01-10,H,Elche,1,1,D,1,19,0.6,1.0,1.8,-0.8,0.4,0.6,1.0,1.0,0.0
SP1,Valencia,2026-01-18,A,Getafe,1,0,W,3,20,1.0,1.0,1.6,-0.6,0.4,0.6,0.8,1.0,0.2
SP1,Valencia,2026-01-24,H,Espanol,3,2,W,3,21,1.6,1.4,1.6,-0.2,0.4,0.6,0.8,1.0,0.2
SP1,Valencia,2026-02-01,A,Betis,1,2,L,0,22,1.4,1.4,1.8,-0.4,0.6,0.4,0.8,1.0,0.2
SP1,Valencia,2026-02-08,H,Real Madrid,0,2,L,0,23,1.4,1.2,1.4,-0.2,0.4,0.6,0.6,0.8,0.2
SP1,Valencia,2026-02-15,A,Levante,2,0,W,3,24,1.8,1.4,1.2,0.2,0.4,0.6,0.4,0.8,0.4
SP1,Valencia,2026-02-22,A,Villarreal,1,2,L,0,25,1.2,1.4,1.6,-0.2,0.6,0.4,0.6,0.8,0.2
SP1,Valencia,2026-03-01,H,Osasuna,1,0,W,3,26,1.2,1.0,1.2,-0.2,0.4,0.6,0.4,0.8,0.4
SP1,Valencia,2026-03-08,H,Alaves,3,2,W,3,27,1.8,1.4,1.2,0.2,0.4,0.6,0.4,0.8,0.4
SP1,Valencia,2026-03-14,A,Oviedo,0,1,L,0,28,1.8,1.4,1.0,0.4,0.4,0.6,0.4,0.8,0.4
SP1,Valencia,2026-03-21,A,Sevilla,2,0,W,3,29,1.8,1.4,1.0,0.4,0.4,0.6,0.4,0.8,0.4
SP1,Valencia,2026-04-05,H,Celta,2,3,L,0,30,1.8,1.6,1.2,0.4,0.4,0.6,0.4,0.8,0.4
SP1,Vallecano,2025-08-15,A,Girona,3,1,W,3,1,3.0,3.0,1.0,2.0,1.0,0.0,1.0,1.0,0.0
SP1,Vallecano,2025-08-25,A,Ath Bilbao,0,1,L,0,2,1.5,1.5,1.0,0.5,0.5,0.5,0.5,0.5,0.0
SP1,Vallecano,2025-08-31,H,Barcelona,1,1,D,1,3,1.3333333333333333,1.3333333333333333,1.0,0.3333333333333333,0.3333333333333333,0.6666666666666666,0.6666666666666666,0.6666666666666666,0.0
SP1,Vallecano,2025-09-14,A,Osasuna,0,2,L,0,4,1.0,1.0,1.25,-0.25,0.25,0.75,0.5,0.5,0.0
SP1,Vallecano,2025-09-21,H,Celta,1,1,D,1,5,1.0,1.0,1.2,-0.2,0.2,0.8,0.6,0.6,0.0
SP1,Vallecano,2025-09-24,A,Ath Madrid,2,3,L,0,6,0.4,0.8,1.6,-0.8,0.2,0.8,0.6,0.6,0.0
SP1,Vallecano,2025-09-28,H,Sevilla,0,1,L,0,7,0.4,0.8,1.6,-0.8,0.2,0.8,0.6,0.6,0.0
SP1,Vallecano,2025-10-05,A,Sociedad,1,0,W,3,8,0.8,0.8,1.4,-0.6,0.2,0.8,0.4,0.6,0.2
SP1,Vallecano,2025-10-19,A,Levante,3,0,W,3,9,1.4,1.4,1.0,0.4,0.4,0.6,0.4,0.8,0.4
SP1,Vallecano,2025-10-26,H,Alaves,1,0,W,3,10,1.8,1.4,0.8,0.6,0.4,0.6,0.2,0.8,0.6
SP1,Vallecano,2025-11-01,A,Villarreal,0,4,L,0,11,1.8,1.0,1.0,0.0,0.4,0.6,0.0,0.6,0.6
SP1,Vallecano,2025-11-09,H,Real Madrid,0,0,D,1,12,2.0,1.0,0.8,0.2,0.4,0.6,0.0,0.6,0.8
SP1,Vallecano,2025-11-23,A,Oviedo,0,0,D,1,13,1.6,0.8,0.8,0.0,0.4,0.6,0.0,0.4,0.8
SP1,Vallecano,2025-12-01,H,Valencia,1,1,D,1,14,1.2,0.4,1.0,-0.6,0.2,0.8,0.2,0.4,0.6
SP1,Vallecano,2025-12-07,A,Espanol,0,1,L,0,15,0.6,0.2,1.2,-1.0,0.2,0.8,0.2,0.2,0.4
SP1,Vallecano,2025-12-15,H,Betis,0,0,D,1,16,0.8,0.2,0.4,-0.2,0.0,1.0,0.2,0.2,0.6
SP1,Vallecano,2025-12-21,A,Elche,0,4,L,0,17,0.6,0.2,1.2,-1.0,0.2,0.8,0.2,0.2,0.4
SP1,Vallecano,2026-01-02,H,Getafe,1,1,D,1,18,0.6,0.4,1.4,-1.0,0.2,0.8,0.4,0.4,0.2
SP1,Vallecano,2026-01-11,H,Mallorca,2,1,W,3,19,1.0,0.6,1.4,-0.8,0.4,0.6,0.4,0.4,0.2
SP1,Vallecano,2026-01-18,A,Celta,0,3,L,0,20,1.0,0.6,1.8,-1.2,0.6,0.4,0.4,0.4,0.2
SP1,Vallecano,2026-01-24,H,Osasuna,1,3,L,0,21,0.8,0.8,2.4,-1.6,0.8,0.2,0.6,0.6,0.0
SP1,Vallecano,2026-02-01,A,Real Madrid,1,2,L,0,22,0.8,1.0,2.0,-1.0,0.8,0.2,0.8,0.8,0.0
SP1,Vallecano,2026-02-15,H,Ath Madrid,3,0,W,3,23,1.2,1.4,1.8,-0.4,1.0,0.0,0.6,0.8,0.2
SP1,Vallecano,2026-02-21,A,Betis,1,1,D,1,24,0.8,1.2,1.8,-0.6,0.8,0.2,0.6,0.8,0.2
SP1,Vallecano,2026-02-28,H,Ath Bilbao,1,1,D,1,25,1.0,1.4,1.4,0.0,0.6,0.4,0.8,1.0,0.2
SP1,Vallecano,2026-03-04,H,Oviedo,3,0,W,3,26,1.6,1.8,0.8,1.0,0.6,0.4,0.6,1.0,0.4
SP1,Vallecano,2026-03-08,A,Sevilla,1,1,D,1,27,1.8,1.8,0.6,1.2,0.4,0.6,0.6,1.0,0.4
SP1,Vallecano,2026-03-16,H,Levante,1,1,D,1,28,1.4,1.4,0.8,0.6,0.2,0.8,0.8,1.0,0.2
SP1,Vallecano,2026-03-22,A,Barcelona,0,1,L,0,29,1.2,1.2,0.8,0.4,0.2,0.8,0.6,0.8,0.2
SP1,Vallecano,2026-04-03,H,Elche,1,0,W,3,30,1.6,1.2,0.6,0.6,0.2,0.8,0.4,0.8,0.4
SP1,Villarreal,2025-08-15,H,Oviedo,2,0,W,3,1,3.0,2.0,0.0,2.0,0.0,1.0,0.0,1.0,1.0
SP1,Villarreal,2025-08-24,H,Girona,5,0,W,3,2,3.0,3.5,0.0,3.5,0.5,0.5,0.0,1.0,1.0
SP1,Villarreal,2025-08-31,A,Celta,1,1,D,1,3,2.3333333333333335,2.6666666666666665,0.3333333333333333,2.3333333333333335,0.3333333333333333,0.6666666666666666,0.3333333333333333,1.0,0.6666666666666666
SP1,Villarreal,2025-09-13,A,Ath Madrid,0,2,L,0,4,1.75,2.0,0.75,1.25,0.25,0.75,0.25,0.75,0.5
SP1,Villarreal,2025-09-20,H,Osasuna,2,1,W,3,5,2.0,2.0,0.8,1.2,0.4,0.6,0.4,0.8,0.4
SP1,Villarreal,2025-09-23,A,Sevilla,2,1,W,3,6,2.0,2.0,1.0,1.0,0.6,0.4,0.6,0.8,0.2
SP1,Villarreal,2025-09-27,H,Ath Bilbao,1,0,W,3,7,2.0,1.2,1.0,0.2,0.4,0.6,0.6,0.8,0.2
SP1,Villarreal,2025-10-04,A,Real Madrid,1,3,L,0,8,1.8,1.2,1.4,-0.2,0.6,0.4,0.6,0.8,0.2
SP1,Villarreal,2025-10-18,H,Betis,2,2,D,1,9,2.0,1.6,1.4,0.2,0.8,0.2,0.8,1.0,0.2
SP1,Villarreal,2025-10-25,A,Valencia,2,0,W,3,10,2.0,1.6,1.2,0.4,0.6,0.4,0.6,1.0,0.4
SP1,Villarreal,2025-11-01,H,Vallecano,4,0,W,3,11,2.0,2.0,1.0,1.0,0.6,0.4,0.4,1.0,0.6
SP1,Villarreal,2025-11-08,A,Espanol,2,0,W,3,12,2.0,2.2,1.0,1.2,0.6,0.4,0.4,1.0,0.6
SP1,Villarreal,2025-11-22,H,Mallorca,2,1,W,3,13,2.6,2.4,0.6,1.8,0.6,0.4,0.4,1.0,0.6
SP1,Villarreal,2025-11-30,A,Sociedad,3,2,W,3,14,3.0,2.6,0.6,2.0,0.6,0.4,0.4,1.0,0.6
SP1,Villarreal,2025-12-06,H,Getafe,2,0,W,3,15,3.0,2.6,0.6,2.0,0.6,0.4,0.4,1.0,0.6
SP1,Villarreal,2025-12-21,H,Barcelona,0,2,L,0,16,2.4,1.8,1.0,0.8,0.4,0.6,0.4,0.8,0.4
SP1,Villarreal,2026-01-03,A,Elche,3,1,W,3,17,2.4,2.0,1.2,0.8,0.6,0.4,0.6,0.8,0.2
SP1,Villarreal,2026-01-10,H,Alaves,3,1,W,3,18,2.4,2.2,1.2,1.0,0.6,0.4,0.6,0.8,0.2
SP1,Villarreal,2026-01-17,A,Betis,0,2,L,0,19,1.8,1.6,1.2,0.4,0.4,0.6,0.4,0.6,0.2
SP1,Villarreal,2026-01-24,H,Real Madrid,0,2,L,0,20,1.2,1.2,1.6,-0.4,0.4,0.6,0.4,0.4,0.0
SP1,Villarreal,2026-01-31,A,Osasuna,2,2,D,1,21,1.4,1.6,1.6,0.0,0.6,0.4,0.6,0.6,0.0
SP1,Villarreal,2026-02-09,H,Espanol,4,1,W,3,22,1.4,1.8,1.6,0.2,0.6,0.4,0.6,0.6,0.0
SP1,Villarreal,2026-02-14,A,Getafe,1,2,L,0,23,0.8,1.4,1.8,-0.4,0.6,0.4,0.6,0.6,0.0
SP1,Villarreal,2026-02-18,A,Levante,1,0,W,3,24,1.4,1.6,1.4,0.2,0.6,0.4,0.6,0.8,0.2
SP1,Villarreal,2026-02-22,H,Valencia,2,1,W,3,25,2.0,2.0,1.2,0.8,0.8,0.2,0.8,1.0,0.2
SP1,Villarreal,2026-02-28,A,Barcelona,1,4,L,0,26,1.8,1.8,1.6,0.2,0.8,0.2,0.8,1.0,0.2
SP1,Villarreal,2026-03-08,H,Elche,2,1,W,3,27,1.8,1.4,1.6,-0.2,0.8,0.2,0.8,1.0,0.2
SP1,Villarreal,2026-03-13,A,Alaves,1,1,D,1,28,2.0,1.4,1.4,0.0,0.6,0.4,0.8,1.0,0.2
SP1,Villarreal,2026-03-20,H,Sociedad,3,1,W,3,29,2.0,1.8,1.6,0.2,0.8,0.2,1.0,1.0,0.0
SP1,Villarreal,2026-04-06,A,Girona,0,1,L,0,30,1.4,1.4,1.6,-0.2,0.6,0.4,0.8,0.8,0.0
T1,Alanyaspor,2025-08-16,H,Rizespor,0,0,D,1,1,1.0,0.0,0.0,0.0,0.0,1.0,0.0,0.0,1.0
T1,Alanyaspor,2025-08-25,A,Eyupspor,1,2,L,0,2,0.5,0.5,1.0,-0.5,0.5,0.5,0.5,0.5,0.5
T1,Alanyaspor,2025-08-31,H,Besiktas,2,0,W,3,3,1.3333333333333333,1.0,0.6666666666666666,0.3333333333333333,0.3333333333333333,0.6666666666666666,0.3333333333333333,0.6666666666666666,0.6666666666666666
T1,Alanyaspor,2025-09-13,A,Konyaspor,2,1,W,3,4,1.75,1.25,0.75,0.5,0.5,0.5,0.5,0.75,0.5
T1,Alanyaspor,2025-09-17,A,Fenerbahce,2,2,D,1,5,1.6,1.4,1.0,0.4,0.6,0.4,0.6,0.8,0.4
T1,Alanyaspor,2025-09-21,A,Buyuksehyr,1,1,D,1,6,1.6,1.6,1.2,0.4,0.6,0.4,0.8,1.0,0.2
T1,Alanyaspor,2025-09-26,H,Galatasaray,0,1,L,0,7,1.6,1.4,1.0,0.4,0.4,0.6,0.6,0.8,0.2
T1,Alanyaspor,2025-10-04,A,Genclerbirligi,2,2,D,1,8,1.2,1.4,1.4,0.0,0.6,0.4,0.8,0.8,0.0
T1,Alanyaspor,2025-10-19,H,Goztep,1,0,W,3,9,1.2,1.2,1.2,0.0,0.4,0.6,0.6,0.8,0.2
T1,Alanyaspor,2025-10-25,A,Kocaelispor,0,2,L,0,10,1.0,0.8,1.2,-0.4,0.2,0.8,0.4,0.6,0.2
T1,Alanyaspor,2025-11-03,H,Gaziantep,0,0,D,1,11,1.0,0.6,1.0,-0.4,0.2,0.8,0.2,0.4,0.4
T1,Alanyaspor,2025-11-08,A,Trabzonspor,1,1,D,1,12,1.2,0.8,1.0,-0.2,0.2,0.8,0.4,0.6,0.4
T1,Alanyaspor,2025-11-23,H,Kasimpasa,1,2,L,0,13,1.0,0.6,1.0,-0.4,0.2,0.8,0.4,0.6,0.4
T1,Alanyaspor,2025-12-01,A,Samsunspor,1,1,D,1,14,0.6,0.6,1.2,-0.6,0.2,0.8,0.6,0.6,0.2
T1,Alanyaspor,2025-12-08,H,Antalyaspor,0,0,D,1,15,0.8,0.6,0.8,-0.2,0.2,0.8,0.6,0.6,0.4
T1,Alanyaspor,2025-12-13,A,Kayserispor,0,0,D,1,16,0.8,0.6,0.8,-0.2,0.2,0.8,0.6,0.6,0.4
T1,Alanyaspor,2025-12-21,H,Karagumruk,2,0,W,3,17,1.2,0.8,0.6,0.2,0.2,0.8,0.4,0.6,0.6
T1,Alanyaspor,2026-01-18,H,Fenerbahce,2,3,L,0,18,1.2,1.0,0.8,0.2,0.2,0.8,0.4,0.6,0.6
T1,Alanyaspor,2026-01-25,A,Rizespor,1,1,D,1,19,1.2,1.0,0.8,0.2,0.2,0.8,0.4,0.6,0.6
T1,Alanyaspor,2026-01-31,H,Eyupspor,1,3,L,0,20,1.0,1.2,1.4,-0.2,0.4,0.6,0.6,0.8,0.4
T1,Alanyaspor,2026-02-08,A,Besiktas,2,2,D,1,21,1.0,1.6,1.8,-0.2,0.6,0.4,0.8,1.0,0.2
T1,Alanyaspor,2026-02-14,H,Konyaspor,2,1,W,3,22,1.0,1.6,2.0,-0.4,0.8,0.2,1.0,1.0,0.0
T1,Alanyaspor,2026-02-21,H,Buyuksehyr,1,2,L,0,23,1.0,1.4,1.8,-0.4,0.8,0.2,1.0,1.0,0.0
T1,Alanyaspor,2026-02-28,A,Galatasaray,1,3,L,0,24,0.8,1.4,2.2,-0.8,1.0,0.0,1.0,1.0,0.0
T1,Alanyaspor,2026-03-09,H,Genclerbirligi,0,0,D,1,25,1.0,1.2,1.6,-0.4,0.8,0.2,0.8,0.8,0.2
T1,Alanyaspor,2026-03-14,A,Goztep,2,2,D,1,26,1.0,1.2,1.6,-0.4,0.8,0.2,0.8,0.8,0.2
T1,Alanyaspor,2026-03-18,H,Kocaelispor,5,0,W,3,27,1.0,1.8,1.4,0.4,0.8,0.2,0.6,0.8,0.4
T1,Alanyaspor,2026-04-04,A,Gaziantep,1,1,D,1,28,1.2,1.8,1.2,0.6,0.6,0.4,0.6,0.8,0.4
T1,Antalyaspor,2025-08-09,H,Kasimpasa,2,1,W,3,1,3.0,2.0,1.0,1.0,1.0,0.0,1.0,1.0,0.0
T1,Antalyaspor,2025-08-17,A,Genclerbirligi,1,0,W,3,2,3.0,1.5,0.5,1.0,0.5,0.5,0.5,1.0,0.5
T1,Antalyaspor,2025-08-24,A,Trabzonspor,0,1,L,0,3,2.0,1.0,0.6666666666666666,0.3333333333333333,0.3333333333333333,0.6666666666666666,0.3333333333333333,0.6666666666666666,0.3333333333333333
T1,Antalyaspor,2025-08-30,H,Karagumruk,1,2,L,0,4,1.5,1.0,1.0,0.0,0.5,0.5,0.5,0.75,0.25
T1,Antalyaspor,2025-09-13,A,Samsunspor,2,1,W,3,5,1.8,1.2,1.0,0.2,0.6,0.4,0.6,0.8,0.2
T1,Antalyaspor,2025-09-20,H,Kayserispor,1,1,D,1,6,1.4,1.0,1.0,0.0,0.4,0.6,0.6,0.8,0.2
T1,Antalyaspor,2025-09-28,A,Fenerbahce,0,2,L,0,7,0.8,0.8,1.4,-0.6,0.4,0.6,0.6,0.6,0.0
T1,Antalyaspor,2025-10-03,H,Rizespor,2,5,L,0,8,0.8,1.2,2.2,-1.0,0.6,0.4,0.8,0.8,0.0
T1,Antalyaspor,2025-10-19,A,Gaziantep,2,3,L,0,9,0.8,1.4,2.4,-1.0,0.6,0.4,0.8,0.8,0.0
T1,Antalyaspor,2025-10-26,H,Buyuksehyr,0,4,L,0,10,0.2,1.0,3.0,-2.0,0.6,0.4,0.6,0.6,0.0
T1,Antalyaspor,2025-11-03,A,Eyupspor,1,0,W,3,11,0.6,1.0,2.8,-1.8,0.6,0.4,0.4,0.6,0.2
T1,Antalyaspor,2025-11-08,H,Besiktas,1,3,L,0,12,0.6,1.2,3.0,-1.8,0.8,0.2,0.6,0.8,0.2
T1,Antalyaspor,2025-11-24,A,Konyaspor,0,0,D,1,13,0.8,0.8,2.0,-1.2,0.6,0.4,0.4,0.6,0.4
T1,Antalyaspor,2025-11-30,H,Goztep,1,2,L,0,14,0.8,0.6,1.8,-1.2,0.6,0.4,0.4,0.6,0.4
T1,Antalyaspor,2025-12-08,A,Alanyaspor,0,0,D,1,15,1.0,0.6,1.0,-0.4,0.4,0.6,0.4,0.6,0.6
T1,Antalyaspor,2025-12-13,H,Galatasaray,1,4,L,0,16,0.4,0.6,1.8,-1.2,0.6,0.4,0.6,0.6,0.4
T1,Antalyaspor,2025-12-19,A,Kocaelispor,1,2,L,0,17,0.4,0.6,1.6,-1.0,0.6,0.4,0.6,0.6,0.4
T1,Antalyaspor,2026-01-18,A,Kasimpasa,0,0,D,1,18,0.4,0.6,1.6,-1.0,0.6,0.4,0.6,0.6,0.4
T1,Antalyaspor,2026-01-25,H,Genclerbirligi,2,1,W,3,19,1.0,0.8,1.4,-0.6,0.6,0.4,0.6,0.6,0.4
T1,Antalyaspor,2026-01-30,H,Trabzonspor,1,1,D,1,20,1.0,1.0,1.6,-0.6,0.6,0.4,0.8,0.8,0.2
T1,Antalyaspor,2026-02-07,A,Karagumruk,0,1,L,0,21,1.0,0.8,1.0,-0.2,0.4,0.6,0.6,0.6,0.2
T1,Antalyaspor,2026-02-13,H,Samsunspor,3,1,W,3,22,1.6,1.2,0.8,0.4,0.4,0.6,0.6,0.6,0.2
T1,Antalyaspor,2026-02-22,A,Kayserispor,0,1,L,0,23,1.4,1.2,1.0,0.2,0.4,0.6,0.6,0.6,0.0
T1,Antalyaspor,2026-03-01,H,Fenerbahce,2,2,D,1,24,1.0,1.2,1.2,0.0,0.4,0.6,0.6,0.6,0.0
T1,Antalyaspor,2026-03-08,A,Rizespor,0,1,L,0,25,0.8,1.0,1.2,-0.2,0.4,0.6,0.4,0.4,0.0
T1,Antalyaspor,2026-03-13,H,Gaziantep,1,4,L,0,26,0.8,1.2,1.8,-0.6,0.6,0.4,0.6,0.6,0.0
T1,Antalyaspor,2026-03-18,A,Buyuksehyr,0,0,D,1,27,0.4,0.6,1.6,-1.0,0.4,0.6,0.4,0.4,0.2
T1,Antalyaspor,2026-04-05,H,Eyupspor,3,0,W,3,28,1.0,1.2,1.4,-0.2,0.6,0.4,0.4,0.6,0.4
T1,Besiktas,2025-08-17,H,Eyupspor,2,1,W,3,1,3.0,2.0,1.0,1.0,1.0,0.0,1.0,1.0,0.0
T1,Besiktas,2025-08-31,A,Alanyaspor,0,2,L,0,2,1.5,1.0,1.5,-0.5,0.5,0.5,0.5,0.5,0.0
T1,Besiktas,2025-09-13,H,Buyuksehyr,2,1,W,3,3,2.0,1.3333333333333333,1.3333333333333333,0.0,0.6666666666666666,0.3333333333333333,0.6666666666666666,0.6666666666666666,0.0
T1,Besiktas,2025-09-19,A,Goztep,0,3,L,0,4,1.5,1.0,1.75,-0.75,0.75,0.25,0.5,0.5,0.0
T1,Besiktas,2025-09-24,A,Kayserispor,4,0,W,3,5,1.8,1.6,1.4,0.2,0.8,0.2,0.4,0.6,0.2
T1,Besiktas,2025-09-29,H,Kocaelispor,3,1,W,3,6,1.8,1.8,1.4,0.4,0.8,0.2,0.4,0.6,0.2
T1,Besiktas,2025-10-04,A,Galatasaray,1,1,D,1,7,2.0,2.0,1.2,0.8,0.8,0.2,0.6,0.8,0.2
T1,Besiktas,2025-10-18,H,Genclerbirligi,1,2,L,0,8,1.4,1.8,1.4,0.4,0.8,0.2,0.6,0.8,0.2
T1,Besiktas,2025-10-22,A,Konyaspor,2,0,W,3,9,2.0,2.2,0.8,1.4,0.6,0.4,0.6,1.0,0.4
T1,Besiktas,2025-10-26,A,Kasimpasa,1,1,D,1,10,1.6,1.6,1.0,0.6,0.4,0.6,0.8,1.0,0.2
T1,Besiktas,2025-11-02,H,Fenerbahce,2,3,L,0,11,1.0,1.4,1.4,0.0,0.4,0.6,0.8,1.0,0.2
T1,Besiktas,2025-11-08,A,Antalyaspor,3,1,W,3,12,1.4,1.8,1.4,0.4,0.6,0.4,0.8,1.0,0.2
T1,Besiktas,2025-11-23,H,Samsunspor,1,1,D,1,13,1.6,1.8,1.2,0.6,0.4,0.6,0.8,1.0,0.2
T1,Besiktas,2025-11-30,A,Karagumruk,2,0,W,3,14,1.6,1.8,1.2,0.6,0.4,0.6,0.8,1.0,0.2
T1,Besiktas,2025-12-08,H,Gaziantep,2,2,D,1,15,1.6,2.0,1.4,0.6,0.6,0.4,0.8,1.0,0.2
T1,Besiktas,2025-12-14,A,Trabzonspor,3,3,D,1,16,1.8,2.2,1.4,0.8,0.6,0.4,0.8,1.0,0.2
T1,Besiktas,2025-12-20,H,Rizespor,1,0,W,3,17,1.8,1.8,1.2,0.6,0.4,0.6,0.6,1.0,0.4
T1,Besiktas,2026-01-19,H,Kayserispor,1,0,W,3,18,2.2,1.8,1.0,0.8,0.4,0.6,0.4,1.0,0.6
T1,Besiktas,2026-01-26,A,Eyupspor,2,2,D,1,19,1.8,1.8,1.4,0.4,0.6,0.4,0.6,1.0,0.4
T1,Besiktas,2026-01-31,H,Konyaspor,2,1,W,3,20,2.2,1.8,1.2,0.6,0.6,0.4,0.6,1.0,0.4
T1,Besiktas,2026-02-08,H,Alanyaspor,2,2,D,1,21,2.2,1.6,1.0,0.6,0.6,0.4,0.6,1.0,0.4
T1,Besiktas,2026-02-15,A,Buyuksehyr,3,2,W,3,22,2.2,2.0,1.4,0.6,0.8,0.2,0.8,1.0,0.2
T1,Besiktas,2026-02-22,H,Goztep,4,0,W,3,23,2.2,2.6,1.4,1.2,1.0,0.0,0.8,1.0,0.2
T1,Besiktas,2026-02-28,A,Kocaelispor,1,0,W,3,24,2.6,2.4,1.0,1.4,0.8,0.2,0.6,1.0,0.4
T1,Besiktas,2026-03-07,H,Galatasaray,0,1,L,0,25,2.0,2.0,1.0,1.0,0.6,0.4,0.4,0.8,0.4
T1,Besiktas,2026-03-15,A,Genclerbirligi,2,0,W,3,26,2.4,2.0,0.6,1.4,0.4,0.6,0.2,0.8,0.6
T1,Besiktas,2026-03-19,H,Kasimpasa,2,1,W,3,27,2.4,1.8,0.4,1.4,0.4,0.6,0.2,0.8,0.6
T1,Besiktas,2026-04-05,A,Fenerbahce,0,1,L,0,28,1.8,1.0,0.6,0.4,0.2,0.8,0.2,0.6,0.4
T1,Buyuksehyr,2025-08-17,H,Kayserispor,1,1,D,1,1,1.0,1.0,1.0,0.0,0.0,1.0,1.0,1.0,0.0
T1,Buyuksehyr,2025-08-31,H,Eyupspor,0,0,D,1,2,1.0,0.5,0.5,0.0,0.0,1.0,0.5,0.5,0.5
T1,Buyuksehyr,2025-09-13,A,Besiktas,1,2,L,0,3,0.6666666666666666,0.6666666666666666,1.0,-0.3333333333333333,0.3333333333333333,0.6666666666666666,0.6666666666666666,0.6666666666666666,0.3333333333333333
T1,Buyuksehyr,2025-09-17,A,Karagumruk,2,0,W,3,4,1.25,1.0,0.75,0.25,0.25,0.75,0.5,0.75,0.5
T1,Buyuksehyr,2025-09-21,H,Alanyaspor,1,1,D,1,5,1.2,1.0,0.8,0.2,0.2,0.8,0.6,0.8,0.4
T1,Buyuksehyr,2025-09-28,A,Konyaspor,1,2,L,0,6,1.0,1.0,1.0,0.0,0.4,0.6,0.6,0.8,0.4
T1,Buyuksehyr,2025-10-05,A,Goztep,0,1,L,0,7,0.8,1.0,1.2,-0.2,0.4,0.6,0.6,0.8,0.2
T1,Buyuksehyr,2025-10-18,H,Galatasaray,1,2,L,0,8,0.8,1.0,1.2,-0.2,0.4,0.6,0.6,0.8,0.2
T1,Buyuksehyr,2025-10-22,A,Rizespor,0,0,D,1,9,0.4,0.6,1.2,-0.6,0.4,0.6,0.6,0.6,0.2
T1,Buyuksehyr,2025-10-26,A,Antalyaspor,4,0,W,3,10,0.8,1.2,1.0,0.2,0.6,0.4,0.4,0.6,0.4
T1,Buyuksehyr,2025-10-31,H,Kocaelispor,1,0,W,3,11,1.4,1.2,0.6,0.6,0.4,0.6,0.2,0.6,0.6
T1,Buyuksehyr,2025-11-07,A,Genclerbirligi,1,2,L,0,12,1.4,1.4,0.8,0.6,0.6,0.4,0.4,0.8,0.6
T1,Buyuksehyr,2025-11-24,H,Trabzonspor,3,4,L,0,13,1.4,1.8,1.2,0.6,0.6,0.4,0.4,0.8,0.6
T1,Buyuksehyr,2025-11-29,A,Kasimpasa,3,1,W,3,14,1.8,2.4,1.4,1.0,0.8,0.2,0.6,1.0,0.4
T1,Buyuksehyr,2025-12-06,H,Fenerbahce,1,1,D,1,15,1.4,1.8,1.6,0.2,0.6,0.4,0.8,1.0,0.2
T1,Buyuksehyr,2025-12-14,A,Samsunspor,2,0,W,3,16,1.4,2.0,1.6,0.4,0.6,0.4,0.8,1.0,0.2
T1,Buyuksehyr,2025-12-22,H,Gaziantep,5,1,W,3,17,2.0,2.8,1.4,1.4,0.6,0.4,0.8,1.0,0.2
T1,Buyuksehyr,2026-01-17,H,Karagumruk,2,1,W,3,18,2.6,2.6,0.8,1.8,0.6,0.4,0.8,1.0,0.2
T1,Buyuksehyr,2026-01-24,A,Kayserispor,3,0,W,3,19,2.6,2.6,0.6,2.0,0.6,0.4,0.6,1.0,0.4
T1,Buyuksehyr,2026-01-31,H,Rizespor,2,2,D,1,20,2.6,2.8,0.8,2.0,0.8,0.2,0.6,1.0,0.4
T1,Buyuksehyr,2026-02-08,A,Eyupspor,2,1,W,3,21,2.6,2.8,1.0,1.8,1.0,0.0,0.8,1.0,0.2
T1,Buyuksehyr,2026-02-15,H,Besiktas,2,3,L,0,22,2.0,2.2,1.4,0.8,1.0,0.0,0.8,1.0,0.2
T1,Buyuksehyr,2026-02-21,A,Alanyaspor,2,1,W,3,23,2.0,2.2,1.4,0.8,1.0,0.0,0.8,1.0,0.2
T1,Buyuksehyr,2026-02-27,H,Konyaspor,2,0,W,3,24,2.0,2.0,1.4,0.6,0.8,0.2,0.8,1.0,0.2
T1,Buyuksehyr,2026-03-07,H,Goztep,2,1,W,3,25,2.4,2.0,1.2,0.8,0.8,0.2,0.8,1.0,0.2
T1,Buyuksehyr,2026-03-14,A,Galatasaray,0,3,L,0,26,1.8,1.6,1.6,0.0,0.8,0.2,0.6,0.8,0.2
T1,Buyuksehyr,2026-03-18,H,Antalyaspor,0,0,D,1,27,2.0,1.2,1.0,0.2,0.6,0.4,0.4,0.6,0.4
T1,Buyuksehyr,2026-04-06,A,Kocaelispor,0,0,D,1,28,1.6,0.8,0.8,0.0,0.4,0.6,0.2,0.4,0.6
T1,Eyupspor,2025-08-10,H,Konyaspor,1,4,L,0,1,0.0,1.0,4.0,-3.0,1.0,0.0,1.0,1.0,0.0
T1,Eyupspor,2025-08-17,A,Besiktas,1,2,L,0,2,0.0,1.0,3.0,-2.0,1.0,0.0,1.0,1.0,0.0
T1,Eyupspor,2025-08-25,H,Alanyaspor,2,1,W,3,3,1.0,1.3333333333333333,2.3333333333333335,-1.0,1.0,0.0,1.0,1.0,0.0
T1,Eyupspor,2025-08-31,A,Buyuksehyr,0,0,D,1,4,1.0,1.0,1.75,-0.75,0.75,0.25,0.75,0.75,0.25
T1,Eyupspor,2025-09-13,H,Galatasaray,0,2,L,0,5,0.8,0.8,1.8,-1.0,0.6,0.4,0.6,0.6,0.2
T1,Eyupspor,2025-09-20,A,Genclerbirligi,0,1,L,0,6,0.8,0.6,1.2,-0.6,0.4,0.6,0.4,0.4,0.2
T1,Eyupspor,2025-09-27,H,Goztep,0,0,D,1,7,1.0,0.4,0.8,-0.4,0.2,0.8,0.2,0.2,0.4
T1,Eyupspor,2025-10-04,A,Kocaelispor,0,1,L,0,8,0.4,0.0,0.8,-0.8,0.0,1.0,0.0,0.0,0.4
T1,Eyupspor,2025-10-20,H,Kasimpasa,2,0,W,3,9,0.8,0.4,0.8,-0.4,0.0,1.0,0.0,0.2,0.4
T1,Eyupspor,2025-10-25,A,Trabzonspor,0,2,L,0,10,0.8,0.4,0.8,-0.4,0.0,1.0,0.0,0.2,0.4
T1,Eyupspor,2025-11-03,H,Antalyaspor,0,1,L,0,11,0.8,0.4,0.8,-0.4,0.0,1.0,0.0,0.2,0.4
T1,Eyupspor,2025-11-09,A,Samsunspor,0,1,L,0,12,0.6,0.4,1.0,-0.6,0.0,1.0,0.0,0.2,0.2
T1,Eyupspor,2025-11-22,H,Karagumruk,1,1,D,1,13,0.8,0.6,1.0,-0.4,0.0,1.0,0.2,0.4,0.2
T1,Eyupspor,2025-11-29,A,Gaziantep,2,1,W,3,14,0.8,0.6,1.2,-0.6,0.2,0.8,0.4,0.4,0.0
T1,Eyupspor,2025-12-06,H,Kayserispor,1,1,D,1,15,1.0,0.8,1.0,-0.2,0.2,0.8,0.6,0.6,0.0
T1,Eyupspor,2025-12-13,A,Rizespor,0,3,L,0,16,1.0,0.8,1.4,-0.6,0.4,0.6,0.6,0.6,0.0
T1,Eyupspor,2025-12-20,H,Fenerbahce,0,3,L,0,17,1.0,0.8,1.8,-1.0,0.6,0.4,0.6,0.6,0.0
T1,Eyupspor,2026-01-19,A,Konyaspor,1,1,D,1,18,1.0,0.8,1.8,-1.0,0.6,0.4,0.6,0.6,0.0
T1,Eyupspor,2026-01-26,H,Besiktas,2,2,D,1,19,0.6,0.8,2.0,-1.2,0.6,0.4,0.6,0.6,0.0
T1,Eyupspor,2026-01-31,A,Alanyaspor,3,1,W,3,20,1.0,1.2,2.0,-0.8,0.8,0.2,0.6,0.6,0.0
T1,Eyupspor,2026-02-08,H,Buyuksehyr,1,2,L,0,21,1.0,1.4,1.8,-0.4,0.8,0.2,0.8,0.8,0.0
T1,Eyupspor,2026-02-13,A,Galatasaray,1,5,L,0,22,1.0,1.6,2.2,-0.6,0.8,0.2,1.0,1.0,0.0
T1,Eyupspor,2026-02-21,H,Genclerbirligi,1,0,W,3,23,1.4,1.6,2.0,-0.4,0.8,0.2,0.8,1.0,0.2
T1,Eyupspor,2026-02-28,A,Goztep,0,0,D,1,24,1.4,1.2,1.6,-0.4,0.6,0.4,0.6,0.8,0.4
T1,Eyupspor,2026-03-09,H,Kocaelispor,0,1,L,0,25,0.8,0.6,1.6,-1.0,0.4,0.6,0.4,0.6,0.4
T1,Eyupspor,2026-03-15,A,Kasimpasa,0,1,L,0,26,0.8,0.4,1.4,-1.0,0.2,0.8,0.2,0.4,0.4
T1,Eyupspor,2026-03-18,H,Trabzonspor,0,1,L,0,27,0.8,0.2,0.6,-0.4,0.0,1.0,0.0,0.2,0.4
T1,Eyupspor,2026-04-05,A,Antalyaspor,0,3,L,0,28,0.2,0.0,1.2,-1.2,0.2,0.8,0.0,0.0,0.2
T1,Fenerbahce,2025-08-16,A,Goztep,0,0,D,1,1,1.0,0.0,0.0,0.0,0.0,1.0,0.0,0.0,1.0
T1,Fenerbahce,2025-08-23,H,Kocaelispor,3,1,W,3,2,2.0,1.5,0.5,1.0,0.5,0.5,0.5,0.5,0.5
T1,Fenerbahce,2025-08-31,A,Genclerbirligi,3,1,W,3,3,2.3333333333333335,2.0,0.6666666666666666,1.3333333333333333,0.6666666666666666,0.3333333333333333,0.6666666666666666,0.6666666666666666,0.3333333333333333
T1,Fenerbahce,2025-09-14,H,Trabzonspor,1,0,W,3,4,2.5,1.75,0.5,1.25,0.5,0.5,0.5,0.75,0.5
T1,Fenerbahce,2025-09-17,H,Alanyaspor,2,2,D,1,5,2.2,1.8,0.8,1.0,0.6,0.4,0.6,0.8,0.4
T1,Fenerbahce,2025-09-21,A,Kasimpasa,1,1,D,1,6,2.2,2.0,1.0,1.0,0.6,0.4,0.8,1.0,0.2
T1,Fenerbahce,2025-09-28,H,Antalyaspor,2,0,W,3,7,2.2,1.8,0.8,1.0,0.4,0.6,0.6,1.0,0.4
T1,Fenerbahce,2025-10-05,A,Samsunspor,0,0,D,1,8,1.8,1.2,0.6,0.6,0.2,0.8,0.4,0.8,0.6
T1,Fenerbahce,2025-10-19,H,Karagumruk,2,1,W,3,9,1.8,1.4,0.8,0.6,0.4,0.6,0.6,0.8,0.4
T1,Fenerbahce,2025-10-27,A,Gaziantep,4,0,W,3,10,2.2,1.8,0.4,1.4,0.4,0.6,0.4,0.8,0.6
T1,Fenerbahce,2025-11-02,A,Besiktas,3,2,W,3,11,2.6,2.2,0.6,1.6,0.6,0.4,0.4,0.8,0.6
T1,Fenerbahce,2025-11-09,H,Kayserispor,4,2,W,3,12,2.6,2.6,1.0,1.6,0.8,0.2,0.6,0.8,0.4
T1,Fenerbahce,2025-11-23,A,Rizespor,5,2,W,3,13,3.0,3.6,1.4,2.2,1.0,0.0,0.8,1.0,0.2
T1,Fenerbahce,2025-12-01,H,Galatasaray,1,1,D,1,14,2.6,3.4,1.4,2.0,0.8,0.2,0.8,1.0,0.2
T1,Fenerbahce,2025-12-06,A,Buyuksehyr,1,1,D,1,15,2.2,2.8,1.6,1.2,0.6,0.4,1.0,1.0,0.0
T1,Fenerbahce,2025-12-15,H,Konyaspor,4,0,W,3,16,2.2,3.0,1.2,1.8,0.6,0.4,0.8,1.0,0.2
T1,Fenerbahce,2025-12-20,A,Eyupspor,3,0,W,3,17,2.2,2.8,0.8,2.0,0.6,0.4,0.6,1.0,0.4
T1,Fenerbahce,2026-01-18,A,Alanyaspor,3,2,W,3,18,2.2,2.4,0.8,1.6,0.6,0.4,0.6,1.0,0.4
T1,Fenerbahce,2026-01-25,H,Goztep,1,1,D,1,19,2.2,2.4,0.8,1.6,0.6,0.4,0.6,1.0,0.4
T1,Fenerbahce,2026-02-02,A,Kocaelispor,2,0,W,3,20,2.6,2.6,0.6,2.0,0.6,0.4,0.4,1.0,0.6
T1,Fenerbahce,2026-02-09,H,Genclerbirligi,3,1,W,3,21,2.6,2.4,0.8,1.6,0.6,0.4,0.6,1.0,0.4
T1,Fenerbahce,2026-02-14,A,Trabzonspor,3,2,W,3,22,2.6,2.4,1.2,1.2,0.6,0.4,0.8,1.0,0.2
T1,Fenerbahce,2026-02-23,H,Kasimpasa,1,1,D,1,23,2.2,2.0,1.0,1.0,0.4,0.6,0.8,1.0,0.2
T1,Fenerbahce,2026-03-01,A,Antalyaspor,2,2,D,1,24,2.2,2.2,1.2,1.0,0.6,0.4,0.8,1.0,0.2
T1,Fenerbahce,2026-03-08,H,Samsunspor,3,2,W,3,25,2.2,2.4,1.6,0.8,0.8,0.2,1.0,1.0,0.0
T1,Fenerbahce,2026-03-13,A,Karagumruk,0,2,L,0,26,1.6,1.8,1.8,0.0,0.6,0.4,0.8,0.8,0.0
T1,Fenerbahce,2026-03-17,H,Gaziantep,4,1,W,3,27,1.6,2.0,1.6,0.4,0.6,0.4,0.8,0.8,0.0
T1,Fenerbahce,2026-04-05,H,Besiktas,1,0,W,3,28,2.0,2.0,1.4,0.6,0.6,0.4,0.6,0.8,0.2
T1,Galatasaray,2025-08-08,A,Gaziantep,3,0,W,3,1,3.0,3.0,0.0,3.0,1.0,0.0,0.0,1.0,1.0
T1,Galatasaray,2025-08-15,H,Karagumruk,3,0,W,3,2,3.0,3.0,0.0,3.0,1.0,0.0,0.0,1.0,1.0
T1,Galatasaray,2025-08-24,A,Kayserispor,4,0,W,3,3,3.0,3.3333333333333335,0.0,3.3333333333333335,1.0,0.0,0.0,1.0,1.0
T1,Galatasaray,2025-08-30,H,Rizespor,3,1,W,3,4,3.0,3.25,0.25,3.0,1.0,0.0,0.25,1.0,0.75
T1,Galatasaray,2025-09-13,A,Eyupspor,2,0,W,3,5,3.0,3.0,0.2,2.8,0.8,0.2,0.2,1.0,0.8
T1,Galatasaray,2025-09-22,H,Konyaspor,3,1,W,3,6,3.0,3.0,0.4,2.6,0.8,0.2,0.4,1.0,0.6
T1,Galatasaray,2025-09-26,A,Alanyaspor,1,0,W,3,7,3.0,2.6,0.4,2.2,0.6,0.4,0.4,1.0,0.6
T1,Galatasaray,2025-10-04,H,Besiktas,1,1,D,1,8,2.6,2.0,0.6,1.4,0.4,0.6,0.6,1.0,0.4
T1,Galatasaray,2025-10-18,A,Buyuksehyr,2,1,W,3,9,2.6,1.8,0.6,1.2,0.4,0.6,0.6,1.0,0.4
T1,Galatasaray,2025-10-26,H,Goztep,3,1,W,3,10,2.6,2.0,0.8,1.2,0.6,0.4,0.8,1.0,0.2
T1,Galatasaray,2025-11-01,H,Trabzonspor,0,0,D,1,11,2.2,1.4,0.6,0.8,0.4,0.6,0.6,0.8,0.4
T1,Galatasaray,2025-11-09,A,Kocaelispor,0,1,L,0,12,1.6,1.2,0.8,0.4,0.4,0.6,0.6,0.6,0.2
T1,Galatasaray,2025-11-22,H,Genclerbirligi,3,2,W,3,13,2.0,1.6,1.0,0.6,0.6,0.4,0.6,0.6,0.2
T1,Galatasaray,2025-12-01,A,Fenerbahce,1,1,D,1,14,1.6,1.4,1.0,0.4,0.4,0.6,0.6,0.6,0.2
T1,Galatasaray,2025-12-05,H,Samsunspor,3,2,W,3,15,1.6,1.4,1.2,0.2,0.4,0.6,0.6,0.6,0.2
T1,Galatasaray,2025-12-13,A,Antalyaspor,4,1,W,3,16,2.0,2.2,1.4,0.8,0.6,0.4,0.8,0.8,0.0
T1,Galatasaray,2025-12-21,H,Kasimpasa,3,0,W,3,17,2.6,2.8,1.2,1.6,0.8,0.2,0.8,1.0,0.2
T1,Galatasaray,2026-01-17,H,Gaziantep,1,1,D,1,18,2.2,2.4,1.0,1.4,0.6,0.4,0.8,1.0,0.2
T1,Galatasaray,2026-01-24,A,Karagumruk,3,1,W,3,19,2.6,2.8,1.0,1.8,0.8,0.2,0.8,1.0,0.2
T1,Galatasaray,2026-02-01,H,Kayserispor,4,0,W,3,20,2.6,3.0,0.6,2.4,0.8,0.2,0.6,1.0,0.4
T1,Galatasaray,2026-02-08,A,Rizespor,3,0,W,3,21,2.6,2.8,0.4,2.4,0.8,0.2,0.4,1.0,0.6
T1,Galatasaray,2026-02-13,H,Eyupspor,5,1,W,3,22,2.6,3.2,0.6,2.6,0.8,0.2,0.6,1.0,0.4
T1,Galatasaray,2026-02-21,A,Konyaspor,0,2,L,0,23,2.4,3.0,0.8,2.2,0.8,0.2,0.4,0.8,0.4
T1,Galatasaray,2026-02-28,H,Alanyaspor,3,1,W,3,24,2.4,3.0,0.8,2.2,0.8,0.2,0.4,0.8,0.4
T1,Galatasaray,2026-03-07,A,Besiktas,1,0,W,3,25,2.4,2.4,0.8,1.6,0.6,0.4,0.4,0.8,0.4
T1,Galatasaray,2026-03-14,H,Buyuksehyr,3,0,W,3,26,2.4,2.4,0.8,1.6,0.6,0.4,0.4,0.8,0.4
T1,Galatasaray,2026-04-04,A,Trabzonspor,1,2,L,0,27,1.8,1.6,1.0,0.6,0.6,0.4,0.4,0.8,0.4
T1,Gaziantep,2025-08-08,H,Galatasaray,0,3,L,0,1,0.0,0.0,3.0,-3.0,1.0,0.0,0.0,0.0,0.0
T1,Gaziantep,2025-08-17,A,Konyaspor,0,3,L,0,2,0.0,0.0,3.0,-3.0,1.0,0.0,0.0,0.0,0.0
T1,Gaziantep,2025-08-23,H,Genclerbirligi,2,1,W,3,3,1.0,0.6666666666666666,2.3333333333333335,-1.6666666666666667,1.0,0.0,0.3333333333333333,0.3333333333333333,0.0
T1,Gaziantep,2025-08-30,A,Kasimpasa,3,2,W,3,4,1.5,1.25,2.25,-1.0,1.0,0.0,0.5,0.5,0.0
T1,Gaziantep,2025-09-14,H,Kocaelispor,2,0,W,3,5,1.8,1.4,1.8,-0.4,0.8,0.2,0.4,0.6,0.2
T1,Gaziantep,2025-09-20,A,Trabzonspor,1,1,D,1,6,2.0,1.6,1.4,0.2,0.6,0.4,0.6,0.8,0.2
T1,Gaziantep,2025-09-27,H,Samsunspor,2,2,D,1,7,2.2,2.0,1.2,0.8,0.6,0.4,0.8,1.0,0.2
T1,Gaziantep,2025-10-05,A,Karagumruk,2,0,W,3,8,2.2,2.0,1.0,1.0,0.4,0.6,0.6,1.0,0.4
T1,Gaziantep,2025-10-19,H,Antalyaspor,3,2,W,3,9,2.2,2.0,1.0,1.0,0.4,0.6,0.6,1.0,0.4
T1,Gaziantep,2025-10-27,H,Fenerbahce,0,4,L,0,10,1.6,1.6,1.8,-0.2,0.6,0.4,0.6,0.8,0.2
T1,Gaziantep,2025-11-03,A,Alanyaspor,0,0,D,1,11,1.6,1.4,1.6,-0.2,0.6,0.4,0.4,0.6,0.4
T1,Gaziantep,2025-11-08,H,Rizespor,2,2,D,1,12,1.6,1.4,1.6,-0.2,0.6,0.4,0.4,0.6,0.4
T1,Gaziantep,2025-11-22,A,Kayserispor,3,0,W,3,13,1.6,1.6,1.6,0.0,0.8,0.2,0.4,0.6,0.4
T1,Gaziantep,2025-11-29,H,Eyupspor,1,2,L,0,14,1.0,1.2,1.6,-0.4,0.8,0.2,0.4,0.6,0.4
T1,Gaziantep,2025-12-08,A,Besiktas,2,2,D,1,15,1.2,1.6,1.2,0.4,0.8,0.2,0.6,0.8,0.4
T1,Gaziantep,2025-12-14,H,Goztep,0,1,L,0,16,1.0,1.6,1.4,0.2,0.8,0.2,0.6,0.8,0.2
T1,Gaziantep,2025-12-22,A,Buyuksehyr,1,5,L,0,17,0.8,1.4,2.0,-0.6,0.8,0.2,0.6,0.8,0.2
T1,Gaziantep,2026-01-17,A,Galatasaray,1,1,D,1,18,0.4,1.0,2.2,-1.2,0.6,0.4,0.8,0.8,0.0
T1,Gaziantep,2026-01-25,H,Konyaspor,1,1,D,1,19,0.6,1.0,2.0,-1.0,0.4,0.6,0.8,0.8,0.0
T1,Gaziantep,2026-02-01,A,Genclerbirligi,1,2,L,0,20,0.4,0.8,2.0,-1.2,0.4,0.6,0.8,0.8,0.0
T1,Gaziantep,2026-02-09,H,Kasimpasa,2,1,W,3,21,1.0,1.2,2.0,-0.8,0.6,0.4,1.0,1.0,0.0
T1,Gaziantep,2026-02-15,A,Kocaelispor,0,3,L,0,22,1.0,1.0,1.6,-0.6,0.6,0.4,0.8,0.8,0.0
T1,Gaziantep,2026-02-22,H,Trabzonspor,1,2,L,0,23,0.8,1.0,1.8,-0.8,0.8,0.2,0.8,0.8,0.0
T1,Gaziantep,2026-03-01,A,Samsunspor,0,0,D,1,24,0.8,0.8,1.6,-0.8,0.8,0.2,0.6,0.6,0.2
T1,Gaziantep,2026-03-08,H,Karagumruk,1,1,D,1,25,1.0,0.8,1.4,-0.6,0.6,0.4,0.6,0.6,0.2
T1,Gaziantep,2026-03-13,A,Antalyaspor,4,1,W,3,26,1.0,1.2,1.4,-0.2,0.6,0.4,0.6,0.6,0.2
T1,Gaziantep,2026-03-17,A,Fenerbahce,1,4,L,0,27,1.0,1.4,1.6,-0.2,0.6,0.4,0.8,0.8,0.2
T1,Gaziantep,2026-04-04,H,Alanyaspor,1,1,D,1,28,1.2,1.4,1.4,0.0,0.4,0.6,0.8,0.8,0.2
T1,Genclerbirligi,2025-08-09,A,Samsunspor,1,2,L,0,1,0.0,1.0,2.0,-1.0,1.0,0.0,1.0,1.0,0.0
T1,Genclerbirligi,2025-08-17,H,Antalyaspor,0,1,L,0,2,0.0,0.5,1.5,-1.0,0.5,0.5,0.5,0.5,0.0
T1,Genclerbirligi,2025-08-23,A,Gaziantep,1,2,L,0,3,0.0,0.6666666666666666,1.6666666666666667,-1.0,0.6666666666666666,0.3333333333333333,0.6666666666666666,0.6666666666666666,0.0
T1,Genclerbirligi,2025-08-31,H,Fenerbahce,1,3,L,0,4,0.0,0.75,2.0,-1.25,0.75,0.25,0.75,0.75,0.0
T1,Genclerbirligi,2025-09-15,A,Rizespor,0,1,L,0,5,0.0,0.6,1.8,-1.2,0.6,0.4,0.6,0.6,0.0
T1,Genclerbirligi,2025-09-20,H,Eyupspor,1,0,W,3,6,0.6,0.6,1.4,-0.8,0.4,0.6,0.4,0.6,0.2
T1,Genclerbirligi,2025-09-28,A,Kayserispor,1,1,D,1,7,0.8,0.8,1.4,-0.6,0.4,0.6,0.6,0.8,0.2
T1,Genclerbirligi,2025-10-04,H,Alanyaspor,2,2,D,1,8,1.0,1.0,1.4,-0.4,0.4,0.6,0.6,0.8,0.2
T1,Genclerbirligi,2025-10-18,A,Besiktas,2,1,W,3,9,1.6,1.2,1.0,0.2,0.4,0.6,0.6,0.8,0.2
T1,Genclerbirligi,2025-10-26,H,Konyaspor,1,2,L,0,10,1.6,1.4,1.2,0.2,0.6,0.4,0.8,1.0,0.2
T1,Genclerbirligi,2025-11-01,A,Goztep,0,1,L,0,11,1.0,1.2,1.4,-0.2,0.6,0.4,0.8,0.8,0.0
T1,Genclerbirligi,2025-11-07,H,Buyuksehyr,2,1,W,3,12,1.4,1.4,1.4,0.0,0.8,0.2,0.8,0.8,0.0
T1,Genclerbirligi,2025-11-22,A,Galatasaray,2,3,L,0,13,1.2,1.4,1.6,-0.2,0.8,0.2,0.8,0.8,0.0
T1,Genclerbirligi,2025-11-28,A,Kocaelispor,0,1,L,0,14,0.6,1.0,1.6,-0.6,0.6,0.4,0.6,0.6,0.0
T1,Genclerbirligi,2025-12-07,H,Karagumruk,3,0,W,3,15,1.2,1.4,1.2,0.2,0.6,0.4,0.4,0.6,0.2
T1,Genclerbirligi,2025-12-12,A,Kasimpasa,0,0,D,1,16,1.4,1.4,1.0,0.4,0.6,0.4,0.4,0.6,0.4
T1,Genclerbirligi,2025-12-22,H,Trabzonspor,4,3,W,3,17,1.4,1.8,1.4,0.4,0.6,0.4,0.4,0.6,0.4
T1,Genclerbirligi,2026-01-18,H,Samsunspor,1,1,D,1,18,1.6,1.6,1.0,0.6,0.4,0.6,0.4,0.6,0.4
T1,Genclerbirligi,2026-01-25,A,Antalyaspor,1,2,L,0,19,1.6,1.8,1.2,0.6,0.6,0.4,0.6,0.8,0.4
T1,Genclerbirligi,2026-02-01,H,Gaziantep,2,1,W,3,20,1.6,1.6,1.4,0.2,0.6,0.4,0.8,0.8,0.2
T1,Genclerbirligi,2026-02-09,A,Fenerbahce,1,3,L,0,21,1.4,1.8,2.0,-0.2,0.8,0.2,1.0,1.0,0.0
T1,Genclerbirligi,2026-02-14,H,Rizespor,2,2,D,1,22,1.0,1.4,1.8,-0.4,0.8,0.2,1.0,1.0,0.0
T1,Genclerbirligi,2026-02-21,A,Eyupspor,0,1,L,0,23,0.8,1.2,1.8,-0.6,0.8,0.2,0.8,0.8,0.0
T1,Genclerbirligi,2026-03-01,H,Kayserispor,0,0,D,1,24,1.0,1.0,1.4,-0.4,0.6,0.4,0.6,0.6,0.2
T1,Genclerbirligi,2026-03-09,A,Alanyaspor,0,0,D,1,25,0.6,0.6,1.2,-0.6,0.4,0.6,0.4,0.4,0.4
T1,Genclerbirligi,2026-03-15,H,Besiktas,0,2,L,0,26,0.6,0.4,1.0,-0.6,0.2,0.8,0.2,0.2,0.4
T1,Genclerbirligi,2026-03-19,A,Konyaspor,0,1,L,0,27,0.4,0.0,0.8,-0.8,0.0,1.0,0.0,0.0,0.4
T1,Genclerbirligi,2026-04-04,H,Goztep,0,2,L,0,28,0.4,0.0,1.0,-1.0,0.0,1.0,0.0,0.0,0.4
T1,Goztep,2025-08-10,A,Rizespor,3,0,W,3,1,3.0,3.0,0.0,3.0,1.0,0.0,0.0,1.0,1.0
T1,Goztep,2025-08-16,H,Fenerbahce,0,0,D,1,2,2.0,1.5,0.0,1.5,0.5,0.5,0.0,0.5,1.0
T1,Goztep,2025-08-22,A,Karagumruk,2,0,W,3,3,2.3333333333333335,1.6666666666666667,0.0,1.6666666666666667,0.3333333333333333,0.6666666666666666,0.0,0.6666666666666666,1.0
T1,Goztep,2025-08-29,H,Konyaspor,1,1,D,1,4,2.0,1.5,0.25,1.25,0.25,0.75,0.25,0.75,0.75
T1,Goztep,2025-09-14,A,Kayserispor,1,1,D,1,5,1.8,1.4,0.4,1.0,0.2,0.8,0.4,0.8,0.6
T1,Goztep,2025-09-19,H,Besiktas,3,0,W,3,6,1.8,1.4,0.4,1.0,0.2,0.8,0.4,0.8,0.6
T1,Goztep,2025-09-27,A,Eyupspor,0,0,D,1,7,1.8,1.4,0.4,1.0,0.2,0.8,0.4,0.8,0.6
T1,Goztep,2025-10-05,H,Buyuksehyr,1,0,W,3,8,1.8,1.2,0.4,0.8,0.2,0.8,0.4,0.8,0.6
T1,Goztep,2025-10-19,A,Alanyaspor,0,1,L,0,9,1.6,1.0,0.4,0.6,0.2,0.8,0.2,0.6,0.6
T1,Goztep,2025-10-26,A,Galatasaray,1,3,L,0,10,1.4,1.0,0.8,0.2,0.4,0.6,0.2,0.6,0.6
T1,Goztep,2025-11-01,H,Genclerbirligi,1,0,W,3,11,1.4,0.6,0.8,-0.2,0.2,0.8,0.2,0.6,0.6
T1,Goztep,2025-11-08,A,Kasimpasa,2,0,W,3,12,1.8,1.0,0.8,0.2,0.2,0.8,0.2,0.8,0.6
T1,Goztep,2025-11-23,H,Kocaelispor,0,0,D,1,13,1.4,0.8,0.8,0.0,0.2,0.8,0.2,0.6,0.6
T1,Goztep,2025-11-30,A,Antalyaspor,2,1,W,3,14,2.0,1.2,0.8,0.4,0.4,0.6,0.4,0.8,0.6
T1,Goztep,2025-12-07,H,Trabzonspor,1,2,L,0,15,2.0,1.2,0.6,0.6,0.4,0.6,0.4,0.8,0.6
T1,Goztep,2025-12-14,A,Gaziantep,1,0,W,3,16,2.0,1.2,0.6,0.6,0.4,0.6,0.4,0.8,0.6
T1,Goztep,2025-12-21,H,Samsunspor,2,0,W,3,17,2.0,1.2,0.6,0.6,0.4,0.6,0.4,0.8,0.6
T1,Goztep,2026-01-19,H,Rizespor,3,1,W,3,18,2.4,1.8,0.8,1.0,0.6,0.4,0.6,1.0,0.4
T1,Goztep,2026-01-25,A,Fenerbahce,1,1,D,1,19,2.0,1.6,0.8,0.8,0.4,0.6,0.6,1.0,0.4
T1,Goztep,2026-01-31,H,Karagumruk,2,1,W,3,20,2.6,1.8,0.6,1.2,0.4,0.6,0.6,1.0,0.4
T1,Goztep,2026-02-08,A,Konyaspor,0,0,D,1,21,2.2,1.6,0.6,1.0,0.4,0.6,0.6,0.8,0.4
T1,Goztep,2026-02-15,H,Kayserispor,0,0,D,1,22,1.8,1.2,0.6,0.6,0.4,0.6,0.6,0.6,0.4
T1,Goztep,2026-02-22,A,Besiktas,0,4,L,0,23,1.2,0.6,1.2,-0.6,0.4,0.6,0.4,0.4,0.4
T1,Goztep,2026-02-28,H,Eyupspor,0,0,D,1,24,1.2,0.4,1.0,-0.6,0.4,0.6,0.2,0.2,0.6
T1,Goztep,2026-03-07,A,Buyuksehyr,1,2,L,0,25,0.6,0.2,1.2,-1.0,0.4,0.6,0.2,0.2,0.6
T1,Goztep,2026-03-14,H,Alanyaspor,2,2,D,1,26,0.6,0.6,1.6,-1.0,0.6,0.4,0.4,0.4,0.4
T1,Goztep,2026-04-04,A,Genclerbirligi,2,0,W,3,27,1.0,1.0,1.6,-0.6,0.6,0.4,0.4,0.6,0.4
T1,Karagumruk,2025-08-15,A,Galatasaray,0,3,L,0,1,0.0,0.0,3.0,-3.0,1.0,0.0,0.0,0.0,0.0
T1,Karagumruk,2025-08-22,H,Goztep,0,2,L,0,2,0.0,0.0,2.5,-2.5,0.5,0.5,0.0,0.0,0.0
T1,Karagumruk,2025-08-30,A,Antalyaspor,2,1,W,3,3,1.0,0.6666666666666666,2.0,-1.3333333333333333,0.6666666666666666,0.3333333333333333,0.3333333333333333,0.3333333333333333,0.0
T1,Karagumruk,2025-09-13,H,Kasimpasa,0,1,L,0,4,0.75,0.5,1.75,-1.25,0.5,0.5,0.25,0.25,0.0
T1,Karagumruk,2025-09-17,H,Buyuksehyr,0,2,L,0,5,0.6,0.4,1.8,-1.4,0.4,0.6,0.2,0.2,0.0
T1,Karagumruk,2025-09-21,A,Samsunspor,2,3,L,0,6,0.6,0.8,1.8,-1.0,0.4,0.6,0.4,0.4,0.0
T1,Karagumruk,2025-09-27,H,Trabzonspor,3,4,L,0,7,0.6,1.4,2.2,-0.8,0.6,0.4,0.6,0.6,0.0
T1,Karagumruk,2025-10-05,H,Gaziantep,0,2,L,0,8,0.0,1.0,2.4,-1.4,0.4,0.6,0.4,0.4,0.0
T1,Karagumruk,2025-10-19,A,Fenerbahce,1,2,L,0,9,0.0,1.2,2.6,-1.4,0.6,0.4,0.6,0.6,0.0
T1,Karagumruk,2025-10-24,H,Kayserispor,2,2,D,1,10,0.2,1.6,2.6,-1.0,0.8,0.2,0.8,0.8,0.0
T1,Karagumruk,2025-11-03,A,Rizespor,0,1,L,0,11,0.2,1.2,2.2,-1.0,0.6,0.4,0.6,0.6,0.0
T1,Karagumruk,2025-11-09,H,Konyaspor,2,0,W,3,12,0.8,1.0,1.4,-0.4,0.4,0.6,0.4,0.6,0.2
T1,Karagumruk,2025-11-22,A,Eyupspor,1,1,D,1,13,1.0,1.2,1.2,0.0,0.4,0.6,0.6,0.8,0.2
T1,Karagumruk,2025-11-30,H,Besiktas,0,2,L,0,14,1.0,1.0,1.2,-0.2,0.2,0.8,0.4,0.6,0.2
T1,Karagumruk,2025-12-07,A,Genclerbirligi,0,3,L,0,15,0.8,0.6,1.4,-0.8,0.2,0.8,0.2,0.4,0.2
T1,Karagumruk,2025-12-14,H,Kocaelispor,1,1,D,1,16,1.0,0.8,1.4,-0.6,0.2,0.8,0.4,0.6,0.2
T1,Karagumruk,2025-12-21,A,Alanyaspor,0,2,L,0,17,0.4,0.4,1.8,-1.4,0.2,0.8,0.4,0.4,0.0
T1,Karagumruk,2026-01-17,A,Buyuksehyr,1,2,L,0,18,0.2,0.4,2.0,-1.6,0.4,0.6,0.4,0.4,0.0
T1,Karagumruk,2026-01-24,H,Galatasaray,1,3,L,0,19,0.2,0.6,2.2,-1.6,0.6,0.4,0.6,0.6,0.0
T1,Karagumruk,2026-01-31,A,Goztep,1,2,L,0,20,0.2,0.8,2.0,-1.2,0.6,0.4,0.8,0.8,0.0
T1,Karagumruk,2026-02-07,H,Antalyaspor,1,0,W,3,21,0.6,0.8,1.8,-1.0,0.6,0.4,0.6,0.8,0.2
T1,Karagumruk,2026-02-16,A,Kasimpasa,2,3,L,0,22,0.6,1.2,2.0,-0.8,0.8,0.2,0.8,1.0,0.2
T1,Karagumruk,2026-02-22,H,Samsunspor,0,0,D,1,23,0.8,1.0,1.6,-0.6,0.6,0.4,0.6,0.8,0.4
T1,Karagumruk,2026-02-27,A,Trabzonspor,1,3,L,0,24,0.8,1.0,1.6,-0.6,0.6,0.4,0.6,0.8,0.4
T1,Karagumruk,2026-03-08,A,Gaziantep,1,1,D,1,25,1.0,1.0,1.4,-0.4,0.4,0.6,0.6,0.8,0.4
T1,Karagumruk,2026-03-13,H,Fenerbahce,2,0,W,3,26,1.0,1.2,1.4,-0.2,0.4,0.6,0.6,0.8,0.4
T1,Karagumruk,2026-03-19,A,Kayserispor,0,1,L,0,27,1.0,0.8,1.0,-0.2,0.2,0.8,0.4,0.6,0.4
T1,Karagumruk,2026-04-05,H,Rizespor,2,1,W,3,28,1.4,1.2,1.2,0.0,0.4,0.6,0.6,0.8,0.2
T1,Kasimpasa,2025-08-09,A,Antalyaspor,1,2,L,0,1,0.0,1.0,2.0,-1.0,1.0,0.0,1.0,1.0,0.0
T1,Kasimpasa,2025-08-18,H,Trabzonspor,0,1,L,0,2,0.0,0.5,1.5,-1.0,0.5,0.5,0.5,0.5,0.0
T1,Kasimpasa,2025-08-30,H,Gaziantep,2,3,L,0,3,0.0,1.0,2.0,-1.0,0.6666666666666666,0.3333333333333333,0.6666666666666666,0.6666666666666666,0.0
T1,Kasimpasa,2025-09-13,A,Karagumruk,1,0,W,3,4,0.75,1.0,1.5,-0.5,0.5,0.5,0.5,0.75,0.25
T1,Kasimpasa,2025-09-17,A,Samsunspor,0,0,D,1,5,0.8,0.8,1.2,-0.4,0.4,0.6,0.4,0.6,0.4
T1,Kasimpasa,2025-09-21,H,Fenerbahce,1,1,D,1,6,1.0,0.8,1.0,-0.2,0.2,0.8,0.4,0.6,0.4
T1,Kasimpasa,2025-09-28,A,Rizespor,2,1,W,3,7,1.6,1.2,1.0,0.2,0.4,0.6,0.6,0.8,0.4
T1,Kasimpasa,2025-10-05,H,Konyaspor,1,1,D,1,8,1.8,1.0,0.6,0.4,0.2,0.8,0.6,0.8,0.4
T1,Kasimpasa,2025-10-20,A,Eyupspor,0,2,L,0,9,1.2,0.8,1.0,-0.2,0.2,0.8,0.6,0.6,0.2
T1,Kasimpasa,2025-10-26,H,Besiktas,1,1,D,1,10,1.2,1.0,1.2,-0.2,0.2,0.8,0.8,0.8,0.0
T1,Kasimpasa,2025-11-02,A,Kayserispor,2,3,L,0,11,1.0,1.2,1.6,-0.4,0.4,0.6,0.8,0.8,0.0
T1,Kasimpasa,2025-11-08,H,Goztep,0,2,L,0,12,0.4,0.8,1.8,-1.0,0.2,0.8,0.6,0.6,0.0
T1,Kasimpasa,2025-11-23,A,Alanyaspor,2,1,W,3,13,0.8,1.0,1.8,-0.8,0.4,0.6,0.6,0.6,0.0
T1,Kasimpasa,2025-11-29,H,Buyuksehyr,1,3,L,0,14,0.8,1.2,2.0,-0.8,0.6,0.4,0.8,0.8,0.0
T1,Kasimpasa,2025-12-07,A,Kocaelispor,0,0,D,1,15,0.8,1.0,1.8,-0.8,0.6,0.4,0.6,0.6,0.2
T1,Kasimpasa,2025-12-12,H,Genclerbirligi,0,0,D,1,16,1.0,0.6,1.2,-0.6,0.4,0.6,0.4,0.4,0.4
T1,Kasimpasa,2025-12-21,A,Galatasaray,0,3,L,0,17,1.0,0.6,1.4,-0.8,0.6,0.4,0.4,0.4,0.4
T1,Kasimpasa,2026-01-18,H,Antalyaspor,0,0,D,1,18,0.6,0.2,1.2,-1.0,0.4,0.6,0.2,0.2,0.6
T1,Kasimpasa,2026-01-23,A,Trabzonspor,1,2,L,0,19,0.6,0.2,1.0,-0.8,0.4,0.6,0.2,0.2,0.6
T1,Kasimpasa,2026-01-30,H,Samsunspor,0,1,L,0,20,0.4,0.2,1.2,-1.0,0.4,0.6,0.2,0.2,0.4
T1,Kasimpasa,2026-02-09,A,Gaziantep,1,2,L,0,21,0.2,0.4,1.6,-1.2,0.6,0.4,0.4,0.4,0.2
T1,Kasimpasa,2026-02-16,H,Karagumruk,3,2,W,3,22,0.8,1.0,1.4,-0.4,0.6,0.4,0.6,0.6,0.2
T1,Kasimpasa,2026-02-23,A,Fenerbahce,1,1,D,1,23,0.8,1.2,1.6,-0.4,0.6,0.4,0.8,0.8,0.0
T1,Kasimpasa,2026-02-28,H,Rizespor,0,3,L,0,24,0.8,1.0,1.8,-0.8,0.6,0.4,0.6,0.6,0.0
T1,Kasimpasa,2026-03-08,A,Konyaspor,1,1,D,1,25,1.0,1.2,1.8,-0.6,0.6,0.4,0.8,0.8,0.0
T1,Kasimpasa,2026-03-15,H,Eyupspor,1,0,W,3,26,1.6,1.2,1.4,-0.2,0.4,0.6,0.6,0.8,0.2
T1,Kasimpasa,2026-03-19,A,Besiktas,1,2,L,0,27,1.0,0.8,1.4,-0.6,0.4,0.6,0.6,0.8,0.2
T1,Kasimpasa,2026-04-04,H,Kayserispor,2,0,W,3,28,1.4,1.0,1.2,-0.2,0.4,0.6,0.4,0.8,0.4
T1,Kayserispor,2025-08-17,A,Buyuksehyr,1,1,D,1,1,1.0,1.0,1.0,0.0,0.0,1.0,1.0,1.0,0.0
T1,Kayserispor,2025-08-24,H,Galatasaray,0,4,L,0,2,0.5,0.5,2.5,-2.0,0.5,0.5,0.5,0.5,0.0
T1,Kayserispor,2025-08-30,A,Kocaelispor,1,1,D,1,3,0.6666666666666666,0.6666666666666666,2.0,-1.3333333333333333,0.3333333333333333,0.6666666666666666,0.6666666666666666,0.6666666666666666,0.0
T1,Kayserispor,2025-09-14,H,Goztep,1,1,D,1,4,0.75,0.75,1.75,-1.0,0.25,0.75,0.75,0.75,0.0
T1,Kayserispor,2025-09-20,A,Antalyaspor,1,1,D,1,5,0.8,0.8,1.6,-0.8,0.2,0.8,0.8,0.8,0.0
T1,Kayserispor,2025-09-24,H,Besiktas,0,4,L,0,6,0.6,0.6,2.2,-1.6,0.4,0.6,0.6,0.6,0.0
T1,Kayserispor,2025-09-28,H,Genclerbirligi,1,1,D,1,7,0.8,0.8,1.6,-0.8,0.2,0.8,0.8,0.8,0.0
T1,Kayserispor,2025-10-03,A,Trabzonspor,0,4,L,0,8,0.6,0.6,2.2,-1.6,0.4,0.6,0.6,0.6,0.0
T1,Kayserispor,2025-10-19,H,Samsunspor,1,3,L,0,9,0.4,0.6,2.6,-2.0,0.6,0.4,0.6,0.6,0.0
T1,Kayserispor,2025-10-24,A,Karagumruk,2,2,D,1,10,0.4,0.8,2.8,-2.0,0.8,0.2,0.6,0.6,0.0
T1,Kayserispor,2025-11-02,H,Kasimpasa,3,2,W,3,11,1.0,1.4,2.4,-1.0,0.8,0.2,0.8,0.8,0.0
T1,Kayserispor,2025-11-09,A,Fenerbahce,2,4,L,0,12,0.8,1.6,3.0,-1.4,1.0,0.0,0.8,0.8,0.0
T1,Kayserispor,2025-11-22,H,Gaziantep,0,3,L,0,13,0.8,1.6,2.8,-1.2,1.0,0.0,0.8,0.8,0.0
T1,Kayserispor,2025-11-29,A,Rizespor,1,0,W,3,14,1.4,1.6,2.2,-0.6,0.8,0.2,0.6,0.8,0.2
T1,Kayserispor,2025-12-06,A,Eyupspor,1,1,D,1,15,1.4,1.4,2.0,-0.6,0.6,0.4,0.6,0.8,0.2
T1,Kayserispor,2025-12-13,H,Alanyaspor,0,0,D,1,16,1.0,0.8,1.6,-0.8,0.4,0.6,0.4,0.6,0.4
T1,Kayserispor,2025-12-20,A,Konyaspor,1,1,D,1,17,1.2,0.6,1.0,-0.4,0.2,0.8,0.4,0.6,0.4
T1,Kayserispor,2026-01-19,A,Besiktas,0,1,L,0,18,1.2,0.6,0.6,0.0,0.0,1.0,0.4,0.6,0.4
T1,Kayserispor,2026-01-24,H,Buyuksehyr,0,3,L,0,19,0.6,0.4,1.2,-0.8,0.2,0.8,0.4,0.4,0.2
T1,Kayserispor,2026-02-01,A,Galatasaray,0,4,L,0,20,0.4,0.2,1.8,-1.6,0.4,0.6,0.2,0.2,0.2
T1,Kayserispor,2026-02-09,H,Kocaelispor,1,2,L,0,21,0.2,0.4,2.2,-1.8,0.6,0.4,0.4,0.4,0.0
T1,Kayserispor,2026-02-15,A,Goztep,0,0,D,1,22,0.2,0.2,2.0,-1.8,0.6,0.4,0.2,0.2,0.2
T1,Kayserispor,2026-02-22,H,Antalyaspor,1,0,W,3,23,0.8,0.4,1.8,-1.4,0.6,0.4,0.2,0.4,0.4
T1,Kayserispor,2026-03-01,A,Genclerbirligi,0,0,D,1,24,1.0,0.4,1.2,-0.8,0.4,0.6,0.2,0.4,0.6
T1,Kayserispor,2026-03-09,H,Trabzonspor,1,3,L,0,25,1.0,0.6,1.0,-0.4,0.4,0.6,0.4,0.6,0.6
T1,Kayserispor,2026-03-15,A,Samsunspor,1,2,L,0,26,1.0,0.6,1.0,-0.4,0.4,0.6,0.4,0.6,0.6
T1,Kayserispor,2026-03-19,H,Karagumruk,1,0,W,3,27,1.4,0.8,1.0,-0.2,0.4,0.6,0.4,0.8,0.6
T1,Kayserispor,2026-04-04,A,Kasimpasa,0,2,L,0,28,0.8,0.6,1.4,-0.8,0.4,0.6,0.4,0.6,0.4
T1,Kocaelispor,2025-08-11,A,Trabzonspor,0,1,L,0,1,0.0,0.0,1.0,-1.0,0.0,1.0,0.0,0.0,0.0
T1,Kocaelispor,2025-08-16,H,Samsunspor,0,1,L,0,2,0.0,0.0,1.0,-1.0,0.0,1.0,0.0,0.0,0.0
T1,Kocaelispor,2025-08-23,A,Fenerbahce,1,3,L,0,3,0.0,0.3333333333333333,1.6666666666666667,-1.3333333333333333,0.3333333333333333,0.6666666666666666,0.3333333333333333,0.3333333333333333,0.0
T1,Kocaelispor,2025-08-30,H,Kayserispor,1,1,D,1,4,0.25,0.5,1.5,-1.0,0.25,0.75,0.5,0.5,0.0
T1,Kocaelispor,2025-09-14,A,Gaziantep,0,2,L,0,5,0.2,0.4,1.6,-1.2,0.2,0.8,0.4,0.4,0.0
T1,Kocaelispor,2025-09-21,H,Rizespor,1,1,D,1,6,0.4,0.6,1.6,-1.0,0.2,0.8,0.6,0.6,0.0
T1,Kocaelispor,2025-09-29,A,Besiktas,1,3,L,0,7,0.4,0.8,2.0,-1.2,0.4,0.6,0.8,0.8,0.0
T1,Kocaelispor,2025-10-04,H,Eyupspor,1,0,W,3,8,1.0,0.8,1.4,-0.6,0.2,0.8,0.6,0.8,0.2
T1,Kocaelispor,2025-10-18,A,Konyaspor,3,2,W,3,9,1.4,1.2,1.6,-0.4,0.4,0.6,0.6,0.8,0.2
T1,Kocaelispor,2025-10-25,H,Alanyaspor,2,0,W,3,10,2.0,1.6,1.2,0.4,0.4,0.6,0.6,1.0,0.4
T1,Kocaelispor,2025-10-31,A,Buyuksehyr,0,1,L,0,11,1.8,1.4,1.2,0.2,0.4,0.6,0.4,0.8,0.4
T1,Kocaelispor,2025-11-09,H,Galatasaray,1,0,W,3,12,2.4,1.4,0.6,0.8,0.2,0.8,0.2,0.8,0.6
T1,Kocaelispor,2025-11-23,A,Goztep,0,0,D,1,13,2.0,1.2,0.6,0.6,0.2,0.8,0.2,0.6,0.6
T1,Kocaelispor,2025-11-28,H,Genclerbirligi,1,0,W,3,14,2.0,0.8,0.2,0.6,0.0,1.0,0.0,0.6,0.8
T1,Kocaelispor,2025-12-07,H,Kasimpasa,0,0,D,1,15,1.6,0.4,0.2,0.2,0.0,1.0,0.0,0.4,0.8
T1,Kocaelispor,2025-12-14,A,Karagumruk,1,1,D,1,16,1.8,0.6,0.2,0.4,0.0,1.0,0.2,0.6,0.8
T1,Kocaelispor,2025-12-19,H,Antalyaspor,2,1,W,3,17,1.8,0.8,0.4,0.4,0.2,0.8,0.4,0.6,0.6
T1,Kocaelispor,2026-01-18,H,Trabzonspor,1,2,L,0,18,1.6,1.0,0.8,0.2,0.4,0.6,0.6,0.8,0.4
T1,Kocaelispor,2026-01-24,A,Samsunspor,0,0,D,1,19,1.2,0.8,0.8,0.0,0.4,0.6,0.6,0.6,0.4
T1,Kocaelispor,2026-02-02,H,Fenerbahce,0,2,L,0,20,1.0,0.8,1.2,-0.4,0.4,0.6,0.6,0.6,0.2
T1,Kocaelispor,2026-02-09,A,Kayserispor,2,1,W,3,21,1.4,1.0,1.2,-0.2,0.6,0.4,0.6,0.6,0.2
T1,Kocaelispor,2026-02-15,H,Gaziantep,3,0,W,3,22,1.4,1.2,1.0,0.2,0.6,0.4,0.4,0.6,0.4
T1,Kocaelispor,2026-02-20,A,Rizespor,0,2,L,0,23,1.4,1.0,1.0,0.0,0.4,0.6,0.2,0.4,0.4
T1,Kocaelispor,2026-02-28,H,Besiktas,0,1,L,0,24,1.2,1.0,1.2,-0.2,0.4,0.6,0.2,0.4,0.2
T1,Kocaelispor,2026-03-09,A,Eyupspor,1,0,W,3,25,1.8,1.2,0.8,0.4,0.4,0.6,0.2,0.6,0.4
T1,Kocaelispor,2026-03-14,H,Konyaspor,1,2,L,0,26,1.2,1.0,1.0,0.0,0.4,0.6,0.2,0.6,0.4
T1,Kocaelispor,2026-03-18,A,Alanyaspor,0,5,L,0,27,0.6,0.4,2.0,-1.6,0.4,0.6,0.2,0.4,0.2
T1,Kocaelispor,2026-04-06,H,Buyuksehyr,0,0,D,1,28,0.8,0.4,1.6,-1.2,0.4,0.6,0.2,0.4,0.4
T1,Konyaspor,2025-08-10,A,Eyupspor,4,1,W,3,1,3.0,4.0,1.0,3.0,1.0,0.0,1.0,1.0,0.0
T1,Konyaspor,2025-08-17,H,Gaziantep,3,0,W,3,2,3.0,3.5,0.5,3.0,1.0,0.0,0.5,1.0,0.5
T1,Konyaspor,2025-08-29,A,Goztep,1,1,D,1,3,2.3333333333333335,2.6666666666666665,0.6666666666666666,2.0,0.6666666666666666,0.3333333333333333,0.6666666666666666,1.0,0.3333333333333333
T1,Konyaspor,2025-09-13,H,Alanyaspor,1,2,L,0,4,1.75,2.25,1.0,1.25,0.75,0.25,0.75,1.0,0.25
T1,Konyaspor,2025-09-22,A,Galatasaray,1,3,L,0,5,1.4,2.0,1.4,0.6,0.8,0.2,0.8,1.0,0.2
T1,Konyaspor,2025-09-28,H,Buyuksehyr,2,1,W,3,6,1.4,1.6,1.4,0.2,0.8,0.2,0.8,1.0,0.2
T1,Konyaspor,2025-10-05,A,Kasimpasa,1,1,D,1,7,1.0,1.2,1.6,-0.4,0.6,0.4,1.0,1.0,0.0
T1,Konyaspor,2025-10-18,H,Kocaelispor,2,3,L,0,8,0.8,1.4,2.0,-0.6,0.8,0.2,1.0,1.0,0.0
T1,Konyaspor,2025-10-22,H,Besiktas,0,2,L,0,9,0.8,1.2,2.0,-0.8,0.6,0.4,0.8,0.8,0.0
T1,Konyaspor,2025-10-26,A,Genclerbirligi,2,1,W,3,10,1.4,1.4,1.6,-0.2,0.6,0.4,0.8,0.8,0.0
T1,Konyaspor,2025-11-02,H,Samsunspor,1,3,L,0,11,0.8,1.2,2.0,-0.8,0.6,0.4,0.8,0.8,0.0
T1,Konyaspor,2025-11-09,A,Karagumruk,0,2,L,0,12,0.6,1.0,2.2,-1.2,0.6,0.4,0.6,0.6,0.0
T1,Konyaspor,2025-11-24,H,Antalyaspor,0,0,D,1,13,0.8,0.6,1.6,-1.0,0.4,0.6,0.4,0.4,0.2
T1,Konyaspor,2025-11-29,A,Trabzonspor,1,3,L,0,14,0.8,0.8,1.8,-1.0,0.6,0.4,0.6,0.6,0.2
T1,Konyaspor,2025-12-06,H,Rizespor,1,1,D,1,15,0.4,0.6,1.8,-1.2,0.4,0.6,0.6,0.6,0.2
T1,Konyaspor,2025-12-15,A,Fenerbahce,0,4,L,0,16,0.4,0.4,2.0,-1.6,0.4,0.6,0.4,0.4,0.2
T1,Konyaspor,2025-12-20,H,Kayserispor,1,1,D,1,17,0.6,0.6,1.8,-1.2,0.4,0.6,0.6,0.6,0.2
T1,Konyaspor,2026-01-19,H,Eyupspor,1,1,D,1,18,0.6,0.8,2.0,-1.2,0.4,0.6,0.8,0.8,0.0
T1,Konyaspor,2026-01-25,A,Gaziantep,1,1,D,1,19,0.8,0.8,1.6,-0.8,0.2,0.8,0.8,0.8,0.0
T1,Konyaspor,2026-01-31,A,Besiktas,1,2,L,0,20,0.6,0.8,1.8,-1.0,0.4,0.6,0.8,0.8,0.0
T1,Konyaspor,2026-02-08,H,Goztep,0,0,D,1,21,0.8,0.8,1.0,-0.2,0.2,0.8,0.8,0.8,0.2
T1,Konyaspor,2026-02-14,A,Alanyaspor,1,2,L,0,22,0.6,0.8,1.2,-0.4,0.4,0.6,0.8,0.8,0.2
T1,Konyaspor,2026-02-21,H,Galatasaray,2,0,W,3,23,1.0,1.0,1.0,0.0,0.4,0.6,0.6,0.8,0.4
T1,Konyaspor,2026-02-27,A,Buyuksehyr,0,2,L,0,24,0.8,0.8,1.2,-0.4,0.4,0.6,0.4,0.6,0.4
T1,Konyaspor,2026-03-08,H,Kasimpasa,1,1,D,1,25,1.0,0.8,1.0,-0.2,0.2,0.8,0.4,0.6,0.4
T1,Konyaspor,2026-03-14,A,Kocaelispor,2,1,W,3,26,1.4,1.2,1.2,0.0,0.4,0.6,0.6,0.8,0.2
T1,Konyaspor,2026-03-19,H,Genclerbirligi,1,0,W,3,27,2.0,1.2,0.8,0.4,0.2,0.8,0.4,0.8,0.4
T1,Konyaspor,2026-04-05,A,Samsunspor,2,2,D,1,28,1.6,1.2,1.2,0.0,0.4,0.6,0.6,0.8,0.2
T1,Rizespor,2025-08-10,H,Goztep,0,3,L,0,1,0.0,0.0,3.0,-3.0,1.0,0.0,0.0,0.0,0.0
T1,Rizespor,2025-08-16,A,Alanyaspor,0,0,D,1,2,0.5,0.0,1.5,-1.5,0.5,0.5,0.0,0.0,0.5
T1,Rizespor,2025-08-30,A,Galatasaray,1,3,L,0,3,0.3333333333333333,0.3333333333333333,2.0,-1.6666666666666667,0.6666666666666666,0.3333333333333333,0.3333333333333333,0.3333333333333333,0.3333333333333333
T1,Rizespor,2025-09-15,H,Genclerbirligi,1,0,W,3,4,1.0,0.5,1.5,-1.0,0.5,0.5,0.25,0.5,0.5
T1,Rizespor,2025-09-21,A,Kocaelispor,1,1,D,1,5,1.0,0.6,1.4,-0.8,0.4,0.6,0.4,0.6,0.4
T1,Rizespor,2025-09-28,H,Kasimpasa,1,2,L,0,6,1.0,0.8,1.2,-0.4,0.4,0.6,0.6,0.8,0.4
T1,Rizespor,2025-10-03,A,Antalyaspor,5,2,W,3,7,1.4,1.8,1.6,0.2,0.6,0.4,0.8,1.0,0.2
T1,Rizespor,2025-10-18,H,Trabzonspor,1,2,L,0,8,1.4,1.8,1.4,0.4,0.6,0.4,0.8,1.0,0.2
T1,Rizespor,2025-10-22,H,Buyuksehyr,0,0,D,1,9,1.0,1.6,1.4,0.2,0.6,0.4,0.8,0.8,0.2
T1,Rizespor,2025-10-27,A,Samsunspor,1,1,D,1,10,1.0,1.6,1.4,0.2,0.6,0.4,0.8,0.8,0.2
T1,Rizespor,2025-11-03,H,Karagumruk,1,0,W,3,11,1.6,1.6,1.0,0.6,0.4,0.6,0.6,0.8,0.4
T1,Rizespor,2025-11-08,A,Gaziantep,2,2,D,1,12,1.2,1.0,1.0,0.0,0.4,0.6,0.6,0.8,0.4
T1,Rizespor,2025-11-23,H,Fenerbahce,2,5,L,0,13,1.2,1.2,1.6,-0.4,0.4,0.6,0.6,0.8,0.4
T1,Rizespor,2025-11-29,H,Kayserispor,0,1,L,0,14,1.0,1.2,1.8,-0.6,0.4,0.6,0.6,0.8,0.2
T1,Rizespor,2025-12-06,A,Konyaspor,1,1,D,1,15,1.0,1.2,1.8,-0.6,0.4,0.6,0.6,0.8,0.2
T1,Rizespor,2025-12-13,H,Eyupspor,3,0,W,3,16,1.0,1.6,1.8,-0.2,0.6,0.4,0.6,0.8,0.2
T1,Rizespor,2025-12-20,A,Besiktas,0,1,L,0,17,0.8,1.2,1.6,-0.4,0.4,0.6,0.4,0.6,0.2
T1,Rizespor,2026-01-19,A,Goztep,1,3,L,0,18,0.8,1.0,1.2,-0.2,0.4,0.6,0.4,0.6,0.2
T1,Rizespor,2026-01-25,H,Alanyaspor,1,1,D,1,19,1.0,1.2,1.2,0.0,0.4,0.6,0.6,0.8,0.2
T1,Rizespor,2026-01-31,A,Buyuksehyr,2,2,D,1,20,1.0,1.4,1.4,0.0,0.6,0.4,0.6,0.8,0.2
T1,Rizespor,2026-02-08,H,Galatasaray,0,3,L,0,21,0.4,0.8,2.0,-1.2,0.6,0.4,0.6,0.6,0.0
T1,Rizespor,2026-02-14,A,Genclerbirligi,2,2,D,1,22,0.6,1.2,2.2,-1.0,0.8,0.2,0.8,0.8,0.0
T1,Rizespor,2026-02-20,H,Kocaelispor,2,0,W,3,23,1.2,1.4,1.6,-0.2,0.6,0.4,0.6,0.8,0.2
T1,Rizespor,2026-02-28,A,Kasimpasa,3,0,W,3,24,1.6,1.8,1.4,0.4,0.8,0.2,0.4,0.8,0.4
T1,Rizespor,2026-03-08,H,Antalyaspor,1,0,W,3,25,2.0,1.6,1.0,0.6,0.6,0.4,0.2,0.8,0.6
T1,Rizespor,2026-03-14,A,Trabzonspor,0,1,L,0,26,2.0,1.6,0.6,1.0,0.4,0.6,0.2,0.8,0.6
T1,Rizespor,2026-04-05,A,Karagumruk,1,2,L,0,27,1.8,1.4,0.6,0.8,0.4,0.6,0.2,0.8,0.6
T1,Samsunspor,2025-08-09,H,Genclerbirligi,2,1,W,3,1,3.0,2.0,1.0,1.0,1.0,0.0,1.0,1.0,0.0
T1,Samsunspor,2025-08-16,A,Kocaelispor,1,0,W,3,2,3.0,1.5,0.5,1.0,0.5,0.5,0.5,1.0,0.5
T1,Samsunspor,2025-08-31,A,Trabzonspor,1,1,D,1,3,2.3333333333333335,1.3333333333333333,0.6666666666666666,0.6666666666666666,0.3333333333333333,0.6666666666666666,0.6666666666666666,1.0,0.3333333333333333
T1,Samsunspor,2025-09-13,H,Antalyaspor,1,2,L,0,4,1.75,1.25,1.0,0.25,0.5,0.5,0.75,1.0,0.25
T1,Samsunspor,2025-09-17,H,Kasimpasa,0,0,D,1,5,1.6,1.0,0.8,0.2,0.4,0.6,0.6,0.8,0.4
T1,Samsunspor,2025-09-21,H,Karagumruk,3,2,W,3,6,1.6,1.2,1.0,0.2,0.4,0.6,0.6,0.8,0.4
T1,Samsunspor,2025-09-27,A,Gaziantep,2,2,D,1,7,1.2,1.4,1.4,0.0,0.6,0.4,0.8,0.8,0.2
T1,Samsunspor,2025-10-05,H,Fenerbahce,0,0,D,1,8,1.2,1.2,1.2,0.0,0.6,0.4,0.6,0.6,0.4
T1,Samsunspor,2025-10-19,A,Kayserispor,3,1,W,3,9,1.8,1.6,1.0,0.6,0.6,0.4,0.6,0.6,0.4
T1,Samsunspor,2025-10-27,H,Rizespor,1,1,D,1,10,1.8,1.8,1.2,0.6,0.6,0.4,0.8,0.8,0.2
T1,Samsunspor,2025-11-02,A,Konyaspor,3,1,W,3,11,1.8,1.8,1.0,0.8,0.6,0.4,0.8,0.8,0.2
T1,Samsunspor,2025-11-09,H,Eyupspor,1,0,W,3,12,2.2,1.6,0.6,1.0,0.4,0.6,0.6,0.8,0.4
T1,Samsunspor,2025-11-23,A,Besiktas,1,1,D,1,13,2.2,1.8,0.8,1.0,0.4,0.6,0.8,1.0,0.2
T1,Samsunspor,2025-12-01,H,Alanyaspor,1,1,D,1,14,1.8,1.4,0.8,0.6,0.2,0.8,0.8,1.0,0.2
T1,Samsunspor,2025-12-05,A,Galatasaray,2,3,L,0,15,1.6,1.6,1.2,0.4,0.4,0.6,0.8,1.0,0.2
T1,Samsunspor,2025-12-14,H,Buyuksehyr,0,2,L,0,16,1.0,1.0,1.4,-0.4,0.2,0.8,0.6,0.8,0.2
T1,Samsunspor,2025-12-21,A,Goztep,0,2,L,0,17,0.4,0.8,1.8,-1.0,0.2,0.8,0.6,0.6,0.0
T1,Samsunspor,2026-01-18,A,Genclerbirligi,1,1,D,1,18,0.4,0.8,1.8,-1.0,0.2,0.8,0.6,0.6,0.0
T1,Samsunspor,2026-01-24,H,Kocaelispor,0,0,D,1,19,0.4,0.6,1.6,-1.0,0.2,0.8,0.4,0.4,0.2
T1,Samsunspor,2026-01-30,A,Kasimpasa,1,0,W,3,20,1.0,0.4,1.0,-0.6,0.0,1.0,0.2,0.4,0.4
T1,Samsunspor,2026-02-07,H,Trabzonspor,0,3,L,0,21,1.0,0.4,1.2,-0.8,0.2,0.8,0.2,0.4,0.4
T1,Samsunspor,2026-02-13,A,Antalyaspor,1,3,L,0,22,1.0,0.6,1.4,-0.8,0.4,0.6,0.4,0.6,0.4
T1,Samsunspor,2026-02-22,A,Karagumruk,0,0,D,1,23,1.0,0.4,1.2,-0.8,0.4,0.6,0.2,0.4,0.6
T1,Samsunspor,2026-03-01,H,Gaziantep,0,0,D,1,24,1.0,0.4,1.2,-0.8,0.4,0.6,0.2,0.4,0.6
T1,Samsunspor,2026-03-08,A,Fenerbahce,2,3,L,0,25,0.4,0.6,1.8,-1.2,0.6,0.4,0.4,0.4,0.4
T1,Samsunspor,2026-03-15,H,Kayserispor,2,1,W,3,26,1.0,1.0,1.4,-0.4,0.6,0.4,0.6,0.6,0.4
T1,Samsunspor,2026-04-05,H,Konyaspor,2,2,D,1,27,1.2,1.2,1.2,0.0,0.6,0.4,0.6,0.6,0.4
T1,Trabzonspor,2025-08-11,H,Kocaelispor,1,0,W,3,1,3.0,1.0,0.0,1.0,0.0,1.0,0.0,1.0,1.0
T1,Trabzonspor,2025-08-18,A,Kasimpasa,1,0,W,3,2,3.0,1.0,0.0,1.0,0.0,1.0,0.0,1.0,1.0
T1,Trabzonspor,2025-08-24,H,Antalyaspor,1,0,W,3,3,3.0,1.0,0.0,1.0,0.0,1.0,0.0,1.0,1.0
T1,Trabzonspor,2025-08-31,H,Samsunspor,1,1,D,1,4,2.5,1.0,0.25,0.75,0.0,1.0,0.25,1.0,0.75
T1,Trabzonspor,2025-09-14,A,Fenerbahce,0,1,L,0,5,2.0,0.8,0.4,0.4,0.0,1.0,0.2,0.8,0.6
T1,Trabzonspor,2025-09-20,H,Gaziantep,1,1,D,1,6,1.6,0.8,0.6,0.2,0.0,1.0,0.4,0.8,0.4
T1,Trabzonspor,2025-09-27,A,Karagumruk,4,3,W,3,7,1.6,1.4,1.2,0.2,0.2,0.8,0.6,0.8,0.2
T1,Trabzonspor,2025-10-03,H,Kayserispor,4,0,W,3,8,1.6,2.0,1.2,0.8,0.4,0.6,0.6,0.8,0.2
T1,Trabzonspor,2025-10-18,A,Rizespor,2,1,W,3,9,2.0,2.2,1.2,1.0,0.6,0.4,0.6,0.8,0.2
T1,Trabzonspor,2025-10-25,H,Eyupspor,2,0,W,3,10,2.6,2.6,1.0,1.6,0.6,0.4,0.6,1.0,0.4
T1,Trabzonspor,2025-11-01,A,Galatasaray,0,0,D,1,11,2.6,2.4,0.8,1.6,0.6,0.4,0.4,0.8,0.6
T1,Trabzonspor,2025-11-08,H,Alanyaspor,1,1,D,1,12,2.2,1.8,0.4,1.4,0.4,0.6,0.4,0.8,0.6
T1,Trabzonspor,2025-11-24,A,Buyuksehyr,4,3,W,3,13,2.2,1.8,1.0,0.8,0.4,0.6,0.6,0.8,0.4
T1,Trabzonspor,2025-11-29,H,Konyaspor,3,1,W,3,14,2.2,2.0,1.0,1.0,0.4,0.6,0.6,0.8,0.4
T1,Trabzonspor,2025-12-07,A,Goztep,2,1,W,3,15,2.2,2.0,1.2,0.8,0.6,0.4,0.8,0.8,0.2
T1,Trabzonspor,2025-12-14,H,Besiktas,3,3,D,1,16,2.2,2.6,1.8,0.8,0.8,0.2,1.0,1.0,0.0
T1,Trabzonspor,2025-12-22,A,Genclerbirligi,3,4,L,0,17,2.0,3.0,2.4,0.6,1.0,0.0,1.0,1.0,0.0
T1,Trabzonspor,2026-01-18,A,Kocaelispor,2,1,W,3,18,2.0,2.6,2.0,0.6,1.0,0.0,1.0,1.0,0.0
T1,Trabzonspor,2026-01-23,H,Kasimpasa,2,1,W,3,19,2.0,2.4,2.0,0.4,1.0,0.0,1.0,1.0,0.0
T1,Trabzonspor,2026-01-30,A,Antalyaspor,1,1,D,1,20,1.6,2.2,2.0,0.2,0.8,0.2,1.0,1.0,0.0
T1,Trabzonspor,2026-02-07,A,Samsunspor,3,0,W,3,21,2.0,2.2,1.4,0.8,0.8,0.2,0.8,1.0,0.2
T1,Trabzonspor,2026-02-14,H,Fenerbahce,2,3,L,0,22,2.0,2.0,1.2,0.8,0.8,0.2,0.8,1.0,0.2
T1,Trabzonspor,2026-02-22,A,Gaziantep,2,1,W,3,23,2.0,2.0,1.2,0.8,0.8,0.2,0.8,1.0,0.2
T1,Trabzonspor,2026-02-27,H,Karagumruk,3,1,W,3,24,2.0,2.2,1.2,1.0,0.8,0.2,0.8,1.0,0.2
T1,Trabzonspor,2026-03-09,A,Kayserispor,3,1,W,3,25,2.4,2.6,1.2,1.4,1.0,0.0,0.8,1.0,0.2
T1,Trabzonspor,2026-03-14,H,Rizespor,1,0,W,3,26,2.4,2.2,1.2,1.0,0.8,0.2,0.8,1.0,0.2
T1,Trabzonspor,2026-03-18,A,Eyupspor,1,0,W,3,27,3.0,2.0,0.6,1.4,0.6,0.4,0.6,1.0,0.4
T1,Trabzonspor,2026-04-04,H,Galatasaray,2,1,W,3,28,3.0,2.0,0.6,1.4,0.6,0.4,0.6,1.0,0.4
