league,team,scope,market,jogos,n_eventos,hit_rate,hit_std,wilson_lo,wilson_hi,edge_vs_liga,roi_unid_por_aposta,odds_avg,prob_impl,value_estimado,form_recent_5,alerta_tendencia_inversa
T1,Alanyaspor,Fora,Vitória (1X2),14,14.0,0.07142857142857142,0.2575393768188564,0.012721886112291648,0.3146926955395781,-0.2765714285714286,-0.7642857142857142,4.187857142857142,0.2387856046392632,-0.7008673469387756,0.0,False
T1,Alanyaspor,Fora,Over 2.5 golos,14,14.0,0.5,0.5,0.2679886791947528,0.7320113208052473,0.0,-0.10714285714285714,1.8142857142857147,0.5511811023622046,-0.09285714285714275,0.6,False
T1,Alanyaspor,Fora,Under 2.5 golos,14,14.0,0.5,0.5,0.2679886791947528,0.7320113208052473,0.0,-0.060714285714285686,1.962142857142857,0.5096468875136513,-0.018928571428571517,0.4,False
T1,Alanyaspor,Fora,Handicap Asiático (AH),14,,,,,,,0.18964285714285714,1.875714285714286,0.5331302361005331,,,False
T1,Alanyaspor,Fora,Casa marca (>=1),14,14.0,0.8571428571428571,0.34992710611188266,0.600580922361363,0.9599069262620787,0.13914285714285712,,,,,1.0,False
T1,Alanyaspor,Fora,Clean sheet,14,14.0,0.07142857142857142,0.2575393768188564,0.012721886112291648,0.3146926955395781,-0.21057142857142855,,,,,0.0,False
T1,Alanyaspor,Fora,Ambas marcam (BTTS),14,14.0,0.8571428571428571,0.34992710611188266,0.600580922361363,0.9599069262620787,0.31714285714285706,,,,,1.0,False
T1,Alanyaspor,Fora,Over 1.5 golos,14,14.0,0.9285714285714286,0.25753937681885636,0.6853073044604219,0.9872781138877085,0.1845714285714286,,,,,1.0,False
T1,Alanyaspor,Fora,Over 3.5 golos,14,14.0,0.35714285714285715,0.4791574237499549,0.16344490737202735,0.6123599531785959,0.08914285714285713,,,,,0.6,False
T1,Alanyaspor,Fora,Cantos total Over 8.5,14,14.0,0.35714285714285715,0.4791574237499549,0.16344490737202735,0.6123599531785959,-0.2268571428571428,,,,,0.4,False
T1,Alanyaspor,Fora,Cantos total Over 9.5,14,14.0,0.35714285714285715,0.4791574237499549,0.16344490737202735,0.6123599531785959,-0.13885714285714285,,,,,0.4,False
T1,Alanyaspor,Fora,Cantos total Over 10.5,14,14.0,0.35714285714285715,0.4791574237499549,0.16344490737202735,0.6123599531785959,-0.03885714285714287,,,,,0.4,False
T1,Alanyaspor,Fora,Cantos equipa Over 4.5,14,14.0,0.42857142857142855,0.49487165930539345,0.21380509930400526,0.6740973309713064,-0.03942857142857148,,,,,0.4,False
T1,Alanyaspor,Fora,Cantos equipa Over 5.5,14,14.0,0.2857142857142857,0.45175395145262565,0.11721187910109102,0.546495411724844,-0.07228571428571429,,,,,0.4,False
T1,Alanyaspor,Fora,Equipa ganha cantos,14,14.0,0.35714285714285715,0.4791574237499549,0.16344490737202735,0.6123599531785959,-0.09085714285714286,,,,,0.4,False
T1,Alanyaspor,Casa,Vitória (1X2),14,14.0,0.35714285714285715,0.4791574237499549,0.16344490737202735,0.6123599531785959,0.009142857142857175,-0.15642857142857144,2.6999999999999997,0.3703703703703704,-0.03571428571428581,0.4,False
T1,Alanyaspor,Casa,Over 2.5 golos,14,14.0,0.42857142857142855,0.49487165930539345,0.21380509930400526,0.6740973309713064,-0.07142857142857145,-0.1799999999999999,1.8592857142857142,0.5378409527468306,-0.2031632653061226,0.8,False
T1,Alanyaspor,Casa,Under 2.5 golos,14,14.0,0.5714285714285714,0.4948716593053935,0.3259026690286936,0.7861949006959947,0.0714285714285714,0.1107142857142857,1.8885714285714286,0.529500756429652,0.07918367346938782,0.2,True
T1,Alanyaspor,Casa,Handicap Asiático (AH),14,,,,,,,-0.0932142857142857,1.8250000000000004,0.5479452054794519,,,False
T1,Alanyaspor,Casa,Casa marca (>=1),14,14.0,0.6428571428571429,0.4791574237499549,0.3876400468214041,0.8365550926279727,-0.07514285714285707,,,,,0.8,False
T1,Alanyaspor,Casa,Clean sheet,14,14.0,0.5714285714285714,0.4948716593053935,0.3259026690286936,0.7861949006959947,0.2894285714285714,,,,,0.4,True
T1,Alanyaspor,Casa,Ambas marcam (BTTS),14,14.0,0.35714285714285715,0.4791574237499549,0.16344490737202735,0.6123599531785959,-0.18285714285714288,,,,,0.6,False
T1,Alanyaspor,Casa,Over 1.5 golos,14,14.0,0.5714285714285714,0.4948716593053935,0.3259026690286936,0.7861949006959947,-0.1725714285714286,,,,,0.8,False
T1,Alanyaspor,Casa,Over 3.5 golos,14,14.0,0.21428571428571427,0.41032590332414487,0.07571248336916371,0.4758972377320828,-0.05371428571428574,,,,,0.4,False
T1,Alanyaspor,Casa,Cantos total Over 8.5,14,14.0,0.35714285714285715,0.4791574237499549,0.16344490737202735,0.6123599531785959,-0.2268571428571428,,,,,0.2,True
T1,Alanyaspor,Casa,Cantos total Over 9.5,14,14.0,0.35714285714285715,0.4791574237499549,0.16344490737202735,0.6123599531785959,-0.13885714285714285,,,,,0.2,True
T1,Alanyaspor,Casa,Cantos total Over 10.5,14,14.0,0.35714285714285715,0.4791574237499549,0.16344490737202735,0.6123599531785959,-0.03885714285714287,,,,,0.2,True
T1,Alanyaspor,Casa,Cantos equipa Over 4.5,14,14.0,0.5,0.5,0.2679886791947528,0.7320113208052473,0.03199999999999997,,,,,0.4,False
T1,Alanyaspor,Casa,Cantos equipa Over 5.5,14,14.0,0.5,0.5,0.2679886791947528,0.7320113208052473,0.14200000000000002,,,,,0.4,False
T1,Alanyaspor,Casa,Equipa ganha cantos,14,14.0,0.5714285714285714,0.4948716593053935,0.3259026690286936,0.7861949006959947,0.12342857142857139,,,,,0.6,False
T1,Antalyaspor,Fora,Vitória (1X2),14,14.0,0.21428571428571427,0.41032590332414487,0.07571248336916371,0.4758972377320828,-0.1337142857142857,-0.19785714285714281,4.8985714285714295,0.20414114902303876,0.049693877551020504,0.0,True
T1,Antalyaspor,Fora,Over 2.5 golos,14,14.0,0.21428571428571427,0.41032590332414487,0.07571248336916371,0.4758972377320828,-0.2857142857142857,-0.5657142857142857,1.8914285714285715,0.5287009063444109,-0.5946938775510204,0.0,True
T1,Antalyaspor,Fora,Under 2.5 golos,14,14.0,0.7857142857142857,0.4103259033241449,0.5241027622679172,0.9242875166308363,0.2857142857142857,0.48999999999999994,1.8599999999999999,0.5376344086021506,0.4614285714285713,1.0,False
T1,Antalyaspor,Fora,Handicap Asiático (AH),14,,,,,,,0.1414285714285714,1.8757142857142852,0.5331302361005332,,,False
T1,Antalyaspor,Fora,Casa marca (>=1),14,14.0,0.35714285714285715,0.4791574237499549,0.16344490737202735,0.6123599531785959,-0.3608571428571428,,,,,0.0,True
T1,Antalyaspor,Fora,Clean sheet,14,14.0,0.42857142857142855,0.49487165930539345,0.21380509930400526,0.6740973309713064,0.14657142857142857,,,,,0.4,False
T1,Antalyaspor,Fora,Ambas marcam (BTTS),14,14.0,0.21428571428571427,0.41032590332414487,0.07571248336916371,0.4758972377320828,-0.32571428571428573,,,,,0.0,True
T1,Antalyaspor,Fora,Over 1.5 golos,14,14.0,0.2857142857142857,0.45175395145262565,0.11721187910109102,0.546495411724844,-0.4582857142857143,,,,,0.0,True
T1,Antalyaspor,Fora,Over 3.5 golos,14,14.0,0.07142857142857142,0.2575393768188564,0.012721886112291648,0.3146926955395781,-0.1965714285714286,,,,,0.0,False
T1,Antalyaspor,Fora,Cantos total Over 8.5,14,14.0,0.5714285714285714,0.4948716593053935,0.3259026690286936,0.7861949006959947,-0.012571428571428567,,,,,0.6,False
T1,Antalyaspor,Fora,Cantos total Over 9.5,14,14.0,0.5714285714285714,0.4948716593053935,0.3259026690286936,0.7861949006959947,0.0754285714285714,,,,,0.6,False
T1,Antalyaspor,Fora,Cantos total Over 10.5,14,14.0,0.42857142857142855,0.49487165930539345,0.21380509930400526,0.6740973309713064,0.03257142857142853,,,,,0.4,False
T1,Antalyaspor,Fora,Cantos equipa Over 4.5,14,14.0,0.21428571428571427,0.41032590332414487,0.07571248336916371,0.4758972377320828,-0.2537142857142858,,,,,0.2,False
T1,Antalyaspor,Fora,Cantos equipa Over 5.5,14,14.0,0.0,0.0,0.0,0.21531701192718142,-0.358,,,,,0.0,False
T1,Antalyaspor,Fora,Equipa ganha cantos,14,14.0,0.07142857142857142,0.2575393768188564,0.012721886112291648,0.3146926955395781,-0.37657142857142856,,,,,0.2,False
T1,Antalyaspor,Casa,Vitória (1X2),14,14.0,0.2857142857142857,0.45175395145262565,0.11721187910109102,0.546495411724844,-0.06228571428571428,-0.19214285714285714,3.6228571428571423,0.27602523659306,0.035102040816326285,0.4,False
T1,Antalyaspor,Casa,Over 2.5 golos,14,14.0,0.8571428571428571,0.34992710611188266,0.600580922361363,0.9599069262620787,0.3571428571428571,0.6542857142857142,1.9200000000000002,0.5208333333333333,0.6457142857142859,0.8,False
T1,Antalyaspor,Casa,Under 2.5 golos,14,14.0,0.14285714285714285,0.3499271061118826,0.04009307373792117,0.399419077638637,-0.35714285714285715,-0.7335714285714285,1.8464285714285715,0.5415860735009671,-0.7362244897959184,0.2,False
T1,Antalyaspor,Casa,Handicap Asiático (AH),14,,,,,,,-0.1835714285714285,1.855,0.5390835579514824,,,False
T1,Antalyaspor,Casa,Casa marca (>=1),14,14.0,0.9285714285714286,0.25753937681885636,0.6853073044604219,0.9872781138877085,0.21057142857142863,,,,,1.0,False
T1,Antalyaspor,Casa,Clean sheet,14,14.0,0.07142857142857142,0.2575393768188564,0.012721886112291648,0.3146926955395781,-0.21057142857142855,,,,,0.2,False
T1,Antalyaspor,Casa,Ambas marcam (BTTS),14,14.0,0.8571428571428571,0.34992710611188266,0.600580922361363,0.9599069262620787,0.31714285714285706,,,,,0.8,False
T1,Antalyaspor,Casa,Over 1.5 golos,14,14.0,1.0,0.0,0.7846829880728186,1.0,0.256,,,,,1.0,False
T1,Antalyaspor,Casa,Over 3.5 golos,14,14.0,0.5,0.5,0.2679886791947528,0.7320113208052473,0.23199999999999998,,,,,0.6,False
T1,Antalyaspor,Casa,Cantos total Over 8.5,14,14.0,0.6428571428571429,0.4791574237499549,0.3876400468214041,0.8365550926279727,0.05885714285714294,,,,,1.0,False
T1,Antalyaspor,Casa,Cantos total Over 9.5,14,14.0,0.6428571428571429,0.4791574237499549,0.3876400468214041,0.8365550926279727,0.1468571428571429,,,,,1.0,False
T1,Antalyaspor,Casa,Cantos total Over 10.5,14,14.0,0.5714285714285714,0.4948716593053935,0.3259026690286936,0.7861949006959947,0.17542857142857138,,,,,1.0,False
T1,Antalyaspor,Casa,Cantos equipa Over 4.5,14,14.0,0.5,0.5,0.2679886791947528,0.7320113208052473,0.03199999999999997,,,,,0.4,False
T1,Antalyaspor,Casa,Cantos equipa Over 5.5,14,14.0,0.35714285714285715,0.4791574237499549,0.16344490737202735,0.6123599531785959,-0.0008571428571428341,,,,,0.2,True
T1,Antalyaspor,Casa,Equipa ganha cantos,14,14.0,0.42857142857142855,0.49487165930539345,0.21380509930400526,0.6740973309713064,-0.01942857142857146,,,,,0.2,True
T1,Besiktas,Fora,Vitória (1X2),14,14.0,0.5,0.5,0.2679886791947528,0.7320113208052473,0.15200000000000002,-0.03999999999999997,2.295714285714286,0.4355942750466708,0.1478571428571429,0.6,False
T1,Besiktas,Fora,Over 2.5 golos,14,14.0,0.42857142857142855,0.49487165930539345,0.21380509930400526,0.6740973309713064,-0.07142857142857145,-0.2942857142857143,1.6564285714285718,0.6037084950409658,-0.2901020408163264,0.4,False
T1,Besiktas,Fora,Under 2.5 golos,14,14.0,0.5714285714285714,0.4948716593053935,0.3259026690286936,0.7861949006959947,0.0714285714285714,0.2214285714285714,2.1364285714285716,0.46807087930458036,0.22081632653061223,0.6,False
T1,Besiktas,Fora,Handicap Asiático (AH),14,,,,,,,0.31071428571428567,2.0307142857142857,0.4924375659514597,,,False
T1,Besiktas,Fora,Casa marca (>=1),14,14.0,0.7857142857142857,0.4103259033241449,0.5241027622679172,0.9242875166308363,0.06771428571428573,,,,,0.8,False
T1,Besiktas,Fora,Clean sheet,14,14.0,0.35714285714285715,0.4791574237499549,0.16344490737202735,0.6123599531785959,0.07514285714285718,,,,,0.4,False
T1,Besiktas,Fora,Ambas marcam (BTTS),14,14.0,0.42857142857142855,0.49487165930539345,0.21380509930400526,0.6740973309713064,-0.11142857142857149,,,,,0.4,False
T1,Besiktas,Fora,Over 1.5 golos,14,14.0,0.8571428571428571,0.34992710611188266,0.600580922361363,0.9599069262620787,0.1131428571428571,,,,,0.6,True
T1,Besiktas,Fora,Over 3.5 golos,14,14.0,0.35714285714285715,0.4791574237499549,0.16344490737202735,0.6123599531785959,0.08914285714285713,,,,,0.4,False
T1,Besiktas,Fora,Cantos total Over 8.5,14,14.0,0.5714285714285714,0.4948716593053935,0.3259026690286936,0.7861949006959947,-0.012571428571428567,,,,,0.6,False
T1,Besiktas,Fora,Cantos total Over 9.5,14,14.0,0.42857142857142855,0.49487165930539345,0.21380509930400526,0.6740973309713064,-0.06742857142857145,,,,,0.4,False
T1,Besiktas,Fora,Cantos total Over 10.5,14,14.0,0.42857142857142855,0.49487165930539345,0.21380509930400526,0.6740973309713064,0.03257142857142853,,,,,0.4,False
T1,Besiktas,Fora,Cantos equipa Over 4.5,14,14.0,0.5714285714285714,0.4948716593053935,0.3259026690286936,0.7861949006959947,0.10342857142857137,,,,,0.6,False
T1,Besiktas,Fora,Cantos equipa Over 5.5,14,14.0,0.2857142857142857,0.45175395145262565,0.11721187910109102,0.546495411724844,-0.07228571428571429,,,,,0.2,False
T1,Besiktas,Fora,Equipa ganha cantos,14,14.0,0.5,0.5,0.2679886791947528,0.7320113208052473,0.05199999999999999,,,,,0.6,False
T1,Besiktas,Casa,Vitória (1X2),14,14.0,0.5714285714285714,0.4948716593053935,0.3259026690286936,0.7861949006959947,0.22342857142857142,-0.13642857142857143,1.6635714285714285,0.6011163589523401,-0.04938775510204085,0.6,False
T1,Besiktas,Casa,Over 2.5 golos,14,14.0,0.7142857142857143,0.45175395145262565,0.4535045882751561,0.882788120898909,0.2142857142857143,0.12642857142857145,1.5792857142857144,0.6331976481230213,0.12806122448979584,0.8,False
T1,Besiktas,Casa,Under 2.5 golos,14,14.0,0.2857142857142857,0.45175395145262565,0.11721187910109102,0.546495411724844,-0.2142857142857143,-0.3492857142857143,2.287857142857143,0.4370902279113331,-0.34632653061224494,0.2,False
T1,Besiktas,Casa,Handicap Asiático (AH),14,,,,,,,-0.3896428571428571,1.8685714285714285,0.5351681957186545,,,False
T1,Besiktas,Casa,Casa marca (>=1),14,14.0,0.9285714285714286,0.25753937681885636,0.6853073044604219,0.9872781138877085,0.21057142857142863,,,,,0.8,False
T1,Besiktas,Casa,Clean sheet,14,14.0,0.21428571428571427,0.41032590332414487,0.07571248336916371,0.4758972377320828,-0.0677142857142857,,,,,0.2,False
T1,Besiktas,Casa,Ambas marcam (BTTS),14,14.0,0.7142857142857143,0.45175395145262565,0.4535045882751561,0.882788120898909,0.17428571428571427,,,,,0.6,False
T1,Besiktas,Casa,Over 1.5 golos,14,14.0,0.7857142857142857,0.4103259033241449,0.5241027622679172,0.9242875166308363,0.041714285714285704,,,,,0.8,False
T1,Besiktas,Casa,Over 3.5 golos,14,14.0,0.35714285714285715,0.4791574237499549,0.16344490737202735,0.6123599531785959,0.08914285714285713,,,,,0.4,False
T1,Besiktas,Casa,Cantos total Over 8.5,14,14.0,0.7142857142857143,0.45175395145262565,0.4535045882751561,0.882788120898909,0.13028571428571434,,,,,0.6,False
T1,Besiktas,Casa,Cantos total Over 9.5,14,14.0,0.5714285714285714,0.4948716593053935,0.3259026690286936,0.7861949006959947,0.0754285714285714,,,,,0.6,False
T1,Besiktas,Casa,Cantos total Over 10.5,14,14.0,0.42857142857142855,0.49487165930539345,0.21380509930400526,0.6740973309713064,0.03257142857142853,,,,,0.4,False
T1,Besiktas,Casa,Cantos equipa Over 4.5,14,14.0,0.5714285714285714,0.4948716593053935,0.3259026690286936,0.7861949006959947,0.10342857142857137,,,,,0.6,False
T1,Besiktas,Casa,Cantos equipa Over 5.5,14,14.0,0.5,0.5,0.2679886791947528,0.7320113208052473,0.14200000000000002,,,,,0.6,False
T1,Besiktas,Casa,Equipa ganha cantos,14,14.0,0.6428571428571429,0.4791574237499549,0.3876400468214041,0.8365550926279727,0.1948571428571429,,,,,0.6,False
T1,Buyuksehyr,Fora,Vitória (1X2),14,14.0,0.5,0.5,0.2679886791947528,0.7320113208052473,0.15200000000000002,0.12714285714285714,2.829285714285714,0.35344609946983085,0.4146428571428571,0.6,False
T1,Buyuksehyr,Fora,Over 2.5 golos,14,14.0,0.6428571428571429,0.4791574237499549,0.3876400468214041,0.8365550926279727,0.1428571428571429,0.13357142857142854,1.8078571428571428,0.5531410509679968,0.16219387755102055,0.8,False
T1,Buyuksehyr,Fora,Under 2.5 golos,14,14.0,0.35714285714285715,0.4791574237499549,0.16344490737202735,0.6123599531785959,-0.14285714285714285,-0.3435714285714286,1.9392857142857138,0.5156537753222837,-0.30739795918367363,0.2,True
T1,Buyuksehyr,Fora,Handicap Asiático (AH),14,,,,,,,0.13107142857142856,1.8635714285714287,0.536604062859333,,,False
T1,Buyuksehyr,Fora,Casa marca (>=1),14,14.0,0.7142857142857143,0.45175395145262565,0.4535045882751561,0.882788120898909,-0.00371428571428567,,,,,0.6,False
T1,Buyuksehyr,Fora,Clean sheet,14,14.0,0.42857142857142855,0.49487165930539345,0.21380509930400526,0.6740973309713064,0.14657142857142857,,,,,0.4,False
T1,Buyuksehyr,Fora,Ambas marcam (BTTS),14,14.0,0.42857142857142855,0.49487165930539345,0.21380509930400526,0.6740973309713064,-0.11142857142857149,,,,,0.4,False
T1,Buyuksehyr,Fora,Over 1.5 golos,14,14.0,0.7857142857142857,0.4103259033241449,0.5241027622679172,0.9242875166308363,0.041714285714285704,,,,,0.8,False
T1,Buyuksehyr,Fora,Over 3.5 golos,14,14.0,0.14285714285714285,0.3499271061118826,0.04009307373792117,0.399419077638637,-0.12514285714285717,,,,,0.0,False
T1,Buyuksehyr,Fora,Cantos total Over 8.5,14,14.0,0.7857142857142857,0.4103259033241449,0.5241027622679172,0.9242875166308363,0.20171428571428573,,,,,0.6,True
T1,Buyuksehyr,Fora,Cantos total Over 9.5,14,14.0,0.6428571428571429,0.4791574237499549,0.3876400468214041,0.8365550926279727,0.1468571428571429,,,,,0.4,True
T1,Buyuksehyr,Fora,Cantos total Over 10.5,14,14.0,0.5714285714285714,0.4948716593053935,0.3259026690286936,0.7861949006959947,0.17542857142857138,,,,,0.4,True
T1,Buyuksehyr,Fora,Cantos equipa Over 4.5,14,14.0,0.5714285714285714,0.4948716593053935,0.3259026690286936,0.7861949006959947,0.10342857142857137,,,,,0.4,True
T1,Buyuksehyr,Fora,Cantos equipa Over 5.5,14,14.0,0.35714285714285715,0.4791574237499549,0.16344490737202735,0.6123599531785959,-0.0008571428571428341,,,,,0.4,False
T1,Buyuksehyr,Fora,Equipa ganha cantos,14,14.0,0.42857142857142855,0.49487165930539345,0.21380509930400526,0.6740973309713064,-0.01942857142857146,,,,,0.4,False
T1,Buyuksehyr,Casa,Vitória (1X2),14,14.0,0.35714285714285715,0.4791574237499549,0.16344490737202735,0.6123599531785959,0.009142857142857175,-0.38642857142857145,2.292857142857143,0.4361370716510903,-0.18112244897959173,0.4,False
T1,Buyuksehyr,Casa,Over 2.5 golos,14,14.0,0.5,0.5,0.2679886791947528,0.7320113208052473,0.0,-0.1457142857142857,1.7185714285714284,0.5818786367414797,-0.1407142857142858,0.6,False
T1,Buyuksehyr,Casa,Under 2.5 golos,14,14.0,0.5,0.5,0.2679886791947528,0.7320113208052473,0.0,0.014285714285714282,2.0414285714285714,0.489853044086774,0.020714285714285685,0.4,False
T1,Buyuksehyr,Casa,Handicap Asiático (AH),14,,,,,,,-0.2414285714285715,1.8499999999999999,0.5405405405405406,,,False
T1,Buyuksehyr,Casa,Casa marca (>=1),14,14.0,0.8571428571428571,0.34992710611188266,0.600580922361363,0.9599069262620787,0.13914285714285712,,,,,0.8,False
T1,Buyuksehyr,Casa,Clean sheet,14,14.0,0.2857142857142857,0.45175395145262565,0.11721187910109102,0.546495411724844,0.0037142857142857255,,,,,0.4,False
T1,Buyuksehyr,Casa,Ambas marcam (BTTS),14,14.0,0.7142857142857143,0.45175395145262565,0.4535045882751561,0.882788120898909,0.17428571428571427,,,,,0.6,False
T1,Buyuksehyr,Casa,Over 1.5 golos,14,14.0,0.7857142857142857,0.4103259033241449,0.5241027622679172,0.9242875166308363,0.041714285714285704,,,,,0.8,False
T1,Buyuksehyr,Casa,Over 3.5 golos,14,14.0,0.2857142857142857,0.45175395145262565,0.11721187910109102,0.546495411724844,0.017714285714285682,,,,,0.4,False
T1,Buyuksehyr,Casa,Cantos total Over 8.5,14,14.0,0.5714285714285714,0.4948716593053935,0.3259026690286936,0.7861949006959947,-0.012571428571428567,,,,,0.4,True
T1,Buyuksehyr,Casa,Cantos total Over 9.5,14,14.0,0.42857142857142855,0.49487165930539345,0.21380509930400526,0.6740973309713064,-0.06742857142857145,,,,,0.2,True
T1,Buyuksehyr,Casa,Cantos total Over 10.5,14,14.0,0.42857142857142855,0.49487165930539345,0.21380509930400526,0.6740973309713064,0.03257142857142853,,,,,0.2,True
T1,Buyuksehyr,Casa,Cantos equipa Over 4.5,14,14.0,0.5714285714285714,0.4948716593053935,0.3259026690286936,0.7861949006959947,0.10342857142857137,,,,,0.4,True
T1,Buyuksehyr,Casa,Cantos equipa Over 5.5,14,14.0,0.2857142857142857,0.45175395145262565,0.11721187910109102,0.546495411724844,-0.07228571428571429,,,,,0.2,False
T1,Buyuksehyr,Casa,Equipa ganha cantos,14,14.0,0.42857142857142855,0.49487165930539345,0.21380509930400526,0.6740973309713064,-0.01942857142857146,,,,,0.2,True
T1,Eyupspor,Fora,Vitória (1X2),14,14.0,0.14285714285714285,0.3499271061118826,0.04009307373792117,0.399419077638637,-0.20514285714285713,-0.2321428571428572,5.289285714285714,0.18906144496961513,-0.24438775510204092,0.2,False
T1,Eyupspor,Fora,Over 2.5 golos,14,14.0,0.42857142857142855,0.49487165930539345,0.21380509930400526,0.6740973309713064,-0.07142857142857145,-0.25499999999999995,1.805,0.554016620498615,-0.22642857142857153,0.6,False
T1,Eyupspor,Fora,Under 2.5 golos,14,14.0,0.5714285714285714,0.4948716593053935,0.3259026690286936,0.7861949006959947,0.0714285714285714,0.06785714285714287,2.0142857142857142,0.49645390070921985,0.15102040816326534,0.4,True
T1,Eyupspor,Fora,Handicap Asiático (AH),14,,,,,,,-0.21035714285714288,1.852857142857143,0.5397070161912104,,,False
T1,Eyupspor,Fora,Casa marca (>=1),14,14.0,0.35714285714285715,0.4791574237499549,0.16344490737202735,0.6123599531785959,-0.3608571428571428,,,,,0.4,False
T1,Eyupspor,Fora,Clean sheet,14,14.0,0.14285714285714285,0.3499271061118826,0.04009307373792117,0.399419077638637,-0.13914285714285712,,,,,0.2,False
T1,Eyupspor,Fora,Ambas marcam (BTTS),14,14.0,0.35714285714285715,0.4791574237499549,0.16344490737202735,0.6123599531785959,-0.18285714285714288,,,,,0.4,False
T1,Eyupspor,Fora,Over 1.5 golos,14,14.0,0.5714285714285714,0.4948716593053935,0.3259026690286936,0.7861949006959947,-0.1725714285714286,,,,,0.6,False
T1,Eyupspor,Fora,Over 3.5 golos,14,14.0,0.14285714285714285,0.3499271061118826,0.04009307373792117,0.399419077638637,-0.12514285714285717,,,,,0.4,False
T1,Eyupspor,Fora,Cantos total Over 8.5,14,14.0,0.5,0.5,0.2679886791947528,0.7320113208052473,-0.08399999999999996,,,,,0.4,False
T1,Eyupspor,Fora,Cantos total Over 9.5,14,14.0,0.42857142857142855,0.49487165930539345,0.21380509930400526,0.6740973309713064,-0.06742857142857145,,,,,0.4,False
T1,Eyupspor,Fora,Cantos total Over 10.5,14,14.0,0.42857142857142855,0.49487165930539345,0.21380509930400526,0.6740973309713064,0.03257142857142853,,,,,0.4,False
T1,Eyupspor,Fora,Cantos equipa Over 4.5,14,14.0,0.07142857142857142,0.2575393768188564,0.012721886112291648,0.3146926955395781,-0.3965714285714286,,,,,0.0,False
T1,Eyupspor,Fora,Cantos equipa Over 5.5,14,14.0,0.07142857142857142,0.2575393768188564,0.012721886112291648,0.3146926955395781,-0.2865714285714286,,,,,0.0,False
T1,Eyupspor,Fora,Equipa ganha cantos,14,14.0,0.14285714285714285,0.3499271061118826,0.04009307373792117,0.399419077638637,-0.30514285714285716,,,,,0.2,False
T1,Eyupspor,Casa,Vitória (1X2),14,14.0,0.21428571428571427,0.41032590332414487,0.07571248336916371,0.4758972377320828,-0.1337142857142857,-0.4635714285714286,3.869285714285714,0.2584456341148237,-0.17086734693877548,0.2,False
T1,Eyupspor,Casa,Over 2.5 golos,14,14.0,0.35714285714285715,0.4791574237499549,0.16344490737202735,0.6123599531785959,-0.14285714285714285,-0.375,1.802857142857143,0.554675118858954,-0.3561224489795918,0.4,False
T1,Eyupspor,Casa,Under 2.5 golos,14,14.0,0.6428571428571429,0.4791574237499549,0.3876400468214041,0.8365550926279727,0.1428571428571429,0.24642857142857139,1.9621428571428574,0.5096468875136512,0.2613775510204084,0.6,False
T1,Eyupspor,Casa,Handicap Asiático (AH),14,,,,,,,-0.275,1.8571428571428574,0.5384615384615383,,,False
T1,Eyupspor,Casa,Casa marca (>=1),14,14.0,0.5714285714285714,0.4948716593053935,0.3259026690286936,0.7861949006959947,-0.14657142857142857,,,,,0.6,False
T1,Eyupspor,Casa,Clean sheet,14,14.0,0.21428571428571427,0.41032590332414487,0.07571248336916371,0.4758972377320828,-0.0677142857142857,,,,,0.2,False
T1,Eyupspor,Casa,Ambas marcam (BTTS),14,14.0,0.42857142857142855,0.49487165930539345,0.21380509930400526,0.6740973309713064,-0.11142857142857149,,,,,0.4,False
T1,Eyupspor,Casa,Over 1.5 golos,14,14.0,0.6428571428571429,0.4791574237499549,0.3876400468214041,0.8365550926279727,-0.10114285714285709,,,,,0.4,True
T1,Eyupspor,Casa,Over 3.5 golos,14,14.0,0.14285714285714285,0.3499271061118826,0.04009307373792117,0.399419077638637,-0.12514285714285717,,,,,0.2,False
T1,Eyupspor,Casa,Cantos total Over 8.5,14,14.0,0.42857142857142855,0.49487165930539345,0.21380509930400526,0.6740973309713064,-0.15542857142857142,,,,,0.0,True
T1,Eyupspor,Casa,Cantos total Over 9.5,14,14.0,0.2857142857142857,0.45175395145262565,0.11721187910109102,0.546495411724844,-0.2102857142857143,,,,,0.0,True
T1,Eyupspor,Casa,Cantos total Over 10.5,14,14.0,0.2857142857142857,0.45175395145262565,0.11721187910109102,0.546495411724844,-0.11028571428571432,,,,,0.0,True
T1,Eyupspor,Casa,Cantos equipa Over 4.5,14,14.0,0.42857142857142855,0.49487165930539345,0.21380509930400526,0.6740973309713064,-0.03942857142857148,,,,,0.0,True
T1,Eyupspor,Casa,Cantos equipa Over 5.5,14,14.0,0.2857142857142857,0.45175395145262565,0.11721187910109102,0.546495411724844,-0.07228571428571429,,,,,0.0,True
T1,Eyupspor,Casa,Equipa ganha cantos,14,14.0,0.2857142857142857,0.45175395145262565,0.11721187910109102,0.546495411724844,-0.1622857142857143,,,,,0.0,True
T1,Fenerbahce,Fora,Vitória (1X2),14,14.0,0.5714285714285714,0.4948716593053935,0.3259026690286936,0.7861949006959947,0.22342857142857142,-0.04285714285714285,1.6228571428571428,0.6161971830985916,-0.07265306122449,0.6,False
T1,Fenerbahce,Fora,Over 2.5 golos,14,14.0,0.5714285714285714,0.4948716593053935,0.3259026690286936,0.7861949006959947,0.0714285714285714,-0.047857142857142834,1.6785714285714286,0.5957446808510638,-0.04081632653061229,0.6,False
T1,Fenerbahce,Fora,Under 2.5 golos,14,14.0,0.42857142857142855,0.49487165930539345,0.21380509930400526,0.6740973309713064,-0.07142857142857145,-0.10214285714285712,2.099285714285714,0.47635250085062947,-0.10030612244897963,0.4,False
T1,Fenerbahce,Fora,Handicap Asiático (AH),14,,,,,,,-0.012142857142857122,1.8571428571428572,0.5384615384615384,,,False
T1,Fenerbahce,Fora,Casa marca (>=1),14,14.0,0.7857142857142857,0.4103259033241449,0.5241027622679172,0.9242875166308363,0.06771428571428573,,,,,0.8,False
T1,Fenerbahce,Fora,Clean sheet,14,14.0,0.35714285714285715,0.4791574237499549,0.16344490737202735,0.6123599531785959,0.07514285714285718,,,,,0.2,True
T1,Fenerbahce,Fora,Ambas marcam (BTTS),14,14.0,0.5714285714285714,0.4948716593053935,0.3259026690286936,0.7861949006959947,0.03142857142857136,,,,,0.6,False
T1,Fenerbahce,Fora,Over 1.5 golos,14,14.0,0.8571428571428571,0.34992710611188266,0.600580922361363,0.9599069262620787,0.1131428571428571,,,,,1.0,False
T1,Fenerbahce,Fora,Over 3.5 golos,14,14.0,0.5,0.5,0.2679886791947528,0.7320113208052473,0.23199999999999998,,,,,0.6,False
T1,Fenerbahce,Fora,Cantos total Over 8.5,14,14.0,0.8571428571428571,0.34992710611188266,0.600580922361363,0.9599069262620787,0.27314285714285713,,,,,1.0,False
T1,Fenerbahce,Fora,Cantos total Over 9.5,14,14.0,0.7142857142857143,0.45175395145262565,0.4535045882751561,0.882788120898909,0.2182857142857143,,,,,1.0,False
T1,Fenerbahce,Fora,Cantos total Over 10.5,14,14.0,0.6428571428571429,0.4791574237499549,0.3876400468214041,0.8365550926279727,0.24685714285714289,,,,,1.0,False
T1,Fenerbahce,Fora,Cantos equipa Over 4.5,14,14.0,0.7857142857142857,0.4103259033241449,0.5241027622679172,0.9242875166308363,0.31771428571428567,,,,,0.8,False
T1,Fenerbahce,Fora,Cantos equipa Over 5.5,14,14.0,0.6428571428571429,0.4791574237499549,0.3876400468214041,0.8365550926279727,0.2848571428571429,,,,,0.8,False
T1,Fenerbahce,Fora,Equipa ganha cantos,14,14.0,0.5,0.5,0.2679886791947528,0.7320113208052473,0.05199999999999999,,,,,0.4,False
T1,Fenerbahce,Casa,Vitória (1X2),14,14.0,0.7142857142857143,0.45175395145262565,0.4535045882751561,0.882788120898909,0.3662857142857143,-0.05214285714285716,1.3807142857142858,0.7242628039317123,-0.01377551020408152,0.8,False
T1,Fenerbahce,Casa,Over 2.5 golos,14,14.0,0.5714285714285714,0.4948716593053935,0.3259026690286936,0.7861949006959947,0.0714285714285714,-0.15142857142857144,1.5414285714285716,0.6487488415199257,-0.11918367346938763,0.6,False
T1,Fenerbahce,Casa,Under 2.5 golos,14,14.0,0.42857142857142855,0.49487165930539345,0.21380509930400526,0.6740973309713064,-0.07142857142857145,-0.049999999999999996,2.397142857142857,0.4171632896305126,0.027346938775510088,0.4,False
T1,Fenerbahce,Casa,Handicap Asiático (AH),14,,,,,,,-0.1192857142857143,1.862142857142857,0.5370157268891447,,,False
T1,Fenerbahce,Casa,Casa marca (>=1),14,14.0,1.0,0.0,0.7846829880728186,1.0,0.28200000000000003,,,,,1.0,False
T1,Fenerbahce,Casa,Clean sheet,14,14.0,0.2857142857142857,0.45175395145262565,0.11721187910109102,0.546495411724844,0.0037142857142857255,,,,,0.2,False
T1,Fenerbahce,Casa,Ambas marcam (BTTS),14,14.0,0.7142857142857143,0.45175395145262565,0.4535045882751561,0.882788120898909,0.17428571428571427,,,,,0.8,False
T1,Fenerbahce,Casa,Over 1.5 golos,14,14.0,0.8571428571428571,0.34992710611188266,0.600580922361363,0.9599069262620787,0.1131428571428571,,,,,0.8,False
T1,Fenerbahce,Casa,Over 3.5 golos,14,14.0,0.5,0.5,0.2679886791947528,0.7320113208052473,0.23199999999999998,,,,,0.6,False
T1,Fenerbahce,Casa,Cantos total Over 8.5,14,14.0,0.7142857142857143,0.45175395145262565,0.4535045882751561,0.882788120898909,0.13028571428571434,,,,,1.0,False
T1,Fenerbahce,Casa,Cantos total Over 9.5,14,14.0,0.5714285714285714,0.4948716593053935,0.3259026690286936,0.7861949006959947,0.0754285714285714,,,,,0.8,False
T1,Fenerbahce,Casa,Cantos total Over 10.5,14,14.0,0.42857142857142855,0.49487165930539345,0.21380509930400526,0.6740973309713064,0.03257142857142853,,,,,0.8,False
T1,Fenerbahce,Casa,Cantos equipa Over 4.5,14,14.0,0.9285714285714286,0.25753937681885636,0.6853073044604219,0.9872781138877085,0.4605714285714286,,,,,1.0,False
T1,Fenerbahce,Casa,Cantos equipa Over 5.5,14,14.0,0.8571428571428571,0.34992710611188266,0.600580922361363,0.9599069262620787,0.4991428571428571,,,,,1.0,False
T1,Fenerbahce,Casa,Equipa ganha cantos,14,14.0,0.7857142857142857,0.4103259033241449,0.5241027622679172,0.9242875166308363,0.3377142857142857,,,,,0.8,False
T1,Galatasaray,Fora,Vitória (1X2),13,13.0,0.6923076923076923,0.46153846153846156,0.4236888781333764,0.873195028383819,0.3443076923076923,0.04153846153846157,1.6538461538461537,0.6046511627906977,0.14497041420118317,0.6,False
T1,Galatasaray,Fora,Over 2.5 golos,13,13.0,0.5384615384615384,0.4985185152621431,0.29143432431832045,0.7679424569851186,0.038461538461538436,-0.19153846153846155,1.5192307692307692,0.6582278481012659,-0.1819526627218936,0.6,False
T1,Galatasaray,Fora,Under 2.5 golos,13,13.0,0.46153846153846156,0.4985185152621431,0.23205754301488138,0.7085656756816795,-0.038461538461538436,0.09153846153846157,2.411538461538462,0.4146730462519936,0.11301775147929005,0.4,False
T1,Galatasaray,Fora,Handicap Asiático (AH),13,,,,,,,0.3207692307692308,2.0561538461538467,0.48634493078937513,,,False
T1,Galatasaray,Fora,Casa marca (>=1),13,13.0,0.8461538461538461,0.36080121229410994,0.5776482949136899,0.9567427368172621,0.12815384615384617,,,,,0.8,False
T1,Galatasaray,Fora,Clean sheet,13,13.0,0.46153846153846156,0.4985185152621431,0.23205754301488138,0.7085656756816795,0.1795384615384616,,,,,0.4,False
T1,Galatasaray,Fora,Ambas marcam (BTTS),13,13.0,0.38461538461538464,0.4865042554105199,0.17709446581236818,0.6447751902773147,-0.1553846153846154,,,,,0.4,False
T1,Galatasaray,Fora,Over 1.5 golos,13,13.0,0.7692307692307693,0.42132504423474315,0.49743126004873084,0.918206209075343,0.02523076923076928,,,,,0.8,False
T1,Galatasaray,Fora,Over 3.5 golos,13,13.0,0.23076923076923078,0.42132504423474315,0.08179379092465708,0.5025687399512693,-0.037230769230769234,,,,,0.2,False
T1,Galatasaray,Fora,Cantos total Over 8.5,13,13.0,0.38461538461538464,0.4865042554105199,0.17709446581236818,0.6447751902773147,-0.19938461538461533,,,,,0.4,False
T1,Galatasaray,Fora,Cantos total Over 9.5,13,13.0,0.3076923076923077,0.46153846153846156,0.1268049716161809,0.5763111218666236,-0.1883076923076923,,,,,0.4,False
T1,Galatasaray,Fora,Cantos total Over 10.5,13,13.0,0.23076923076923078,0.42132504423474315,0.08179379092465708,0.5025687399512693,-0.16523076923076924,,,,,0.4,False
T1,Galatasaray,Fora,Cantos equipa Over 4.5,13,13.0,0.3076923076923077,0.46153846153846156,0.1268049716161809,0.5763111218666236,-0.16030769230769232,,,,,0.4,False
T1,Galatasaray,Fora,Cantos equipa Over 5.5,13,13.0,0.3076923076923077,0.46153846153846156,0.1268049716161809,0.5763111218666236,-0.050307692307692276,,,,,0.4,False
T1,Galatasaray,Fora,Equipa ganha cantos,13,13.0,0.46153846153846156,0.4985185152621431,0.23205754301488138,0.7085656756816795,0.013538461538461555,,,,,0.6,False
T1,Galatasaray,Casa,Vitória (1X2),14,14.0,0.7857142857142857,0.4103259033241449,0.5241027622679172,0.9242875166308363,0.4377142857142857,-0.007142857142857165,1.2899999999999998,0.7751937984496126,0.013571428571428346,0.8,False
T1,Galatasaray,Casa,Over 2.5 golos,14,14.0,0.7857142857142857,0.4103259033241449,0.5241027622679172,0.9242875166308363,0.2857142857142857,0.10285714285714288,1.4028571428571428,0.7128309572301426,0.10224489795918368,0.8,False
T1,Galatasaray,Casa,Under 2.5 golos,14,14.0,0.21428571428571427,0.41032590332414487,0.07571248336916371,0.4758972377320828,-0.2857142857142857,-0.3964285714285714,2.830000000000001,0.35335689045936386,-0.39357142857142846,0.2,False
T1,Galatasaray,Casa,Handicap Asiático (AH),14,,,,,,,0.1525,1.8764285714285716,0.5329272934906737,,,False
T1,Galatasaray,Casa,Casa marca (>=1),14,14.0,0.9285714285714286,0.25753937681885636,0.6853073044604219,0.9872781138877085,0.21057142857142863,,,,,1.0,False
T1,Galatasaray,Casa,Clean sheet,14,14.0,0.35714285714285715,0.4791574237499549,0.16344490737202735,0.6123599531785959,0.07514285714285718,,,,,0.4,False
T1,Galatasaray,Casa,Ambas marcam (BTTS),14,14.0,0.6428571428571429,0.4791574237499549,0.3876400468214041,0.8365550926279727,0.10285714285714287,,,,,0.6,False
T1,Galatasaray,Casa,Over 1.5 golos,14,14.0,0.9285714285714286,0.25753937681885636,0.6853073044604219,0.9872781138877085,0.1845714285714286,,,,,1.0,False
T1,Galatasaray,Casa,Over 3.5 golos,14,14.0,0.5714285714285714,0.4948716593053935,0.3259026690286936,0.7861949006959947,0.3034285714285714,,,,,0.6,False
T1,Galatasaray,Casa,Cantos total Over 8.5,14,14.0,0.7142857142857143,0.45175395145262565,0.4535045882751561,0.882788120898909,0.13028571428571434,,,,,0.8,False
T1,Galatasaray,Casa,Cantos total Over 9.5,14,14.0,0.7142857142857143,0.45175395145262565,0.4535045882751561,0.882788120898909,0.2182857142857143,,,,,0.8,False
T1,Galatasaray,Casa,Cantos total Over 10.5,14,14.0,0.5,0.5,0.2679886791947528,0.7320113208052473,0.10399999999999998,,,,,0.6,False
T1,Galatasaray,Casa,Cantos equipa Over 4.5,14,14.0,0.6428571428571429,0.4791574237499549,0.3876400468214041,0.8365550926279727,0.17485714285714288,,,,,0.8,False
T1,Galatasaray,Casa,Cantos equipa Over 5.5,14,14.0,0.5714285714285714,0.4948716593053935,0.3259026690286936,0.7861949006959947,0.2134285714285714,,,,,0.8,False
T1,Galatasaray,Casa,Equipa ganha cantos,14,14.0,0.7857142857142857,0.4103259033241449,0.5241027622679172,0.9242875166308363,0.3377142857142857,,,,,1.0,False
T1,Gaziantep,Fora,Vitória (1X2),14,14.0,0.2857142857142857,0.45175395145262565,0.11721187910109102,0.546495411724844,-0.06228571428571428,-0.18428571428571425,4.705714285714286,0.21250758955676985,0.3444897959183675,0.2,False
T1,Gaziantep,Fora,Over 2.5 golos,14,14.0,0.6428571428571429,0.4791574237499549,0.3876400468214041,0.8365550926279727,0.1428571428571429,0.10071428571428567,1.7085714285714284,0.5852842809364549,0.09836734693877558,0.8,False
T1,Gaziantep,Fora,Under 2.5 golos,14,14.0,0.35714285714285715,0.4791574237499549,0.16344490737202735,0.6123599531785959,-0.14285714285714285,-0.2235714285714286,2.1257142857142854,0.4704301075268818,-0.24081632653061236,0.2,True
T1,Gaziantep,Fora,Handicap Asiático (AH),14,,,,,,,0.1764285714285714,1.8671428571428568,0.5355776587605204,,,False
T1,Gaziantep,Fora,Casa marca (>=1),14,14.0,0.7142857142857143,0.45175395145262565,0.4535045882751561,0.882788120898909,-0.00371428571428567,,,,,0.6,False
T1,Gaziantep,Fora,Clean sheet,14,14.0,0.2857142857142857,0.45175395145262565,0.11721187910109102,0.546495411724844,0.0037142857142857255,,,,,0.2,False
T1,Gaziantep,Fora,Ambas marcam (BTTS),14,14.0,0.5714285714285714,0.4948716593053935,0.3259026690286936,0.7861949006959947,0.03142857142857136,,,,,0.6,False
T1,Gaziantep,Fora,Over 1.5 golos,14,14.0,0.8571428571428571,0.34992710611188266,0.600580922361363,0.9599069262620787,0.1131428571428571,,,,,0.8,False
T1,Gaziantep,Fora,Over 3.5 golos,14,14.0,0.35714285714285715,0.4791574237499549,0.16344490737202735,0.6123599531785959,0.08914285714285713,,,,,0.4,False
T1,Gaziantep,Fora,Cantos total Over 8.5,14,14.0,0.35714285714285715,0.4791574237499549,0.16344490737202735,0.6123599531785959,-0.2268571428571428,,,,,0.4,False
T1,Gaziantep,Fora,Cantos total Over 9.5,14,14.0,0.2857142857142857,0.45175395145262565,0.11721187910109102,0.546495411724844,-0.2102857142857143,,,,,0.4,False
T1,Gaziantep,Fora,Cantos total Over 10.5,14,14.0,0.2857142857142857,0.45175395145262565,0.11721187910109102,0.546495411724844,-0.11028571428571432,,,,,0.4,False
T1,Gaziantep,Fora,Cantos equipa Over 4.5,14,14.0,0.2857142857142857,0.45175395145262565,0.11721187910109102,0.546495411724844,-0.18228571428571433,,,,,0.4,False
T1,Gaziantep,Fora,Cantos equipa Over 5.5,14,14.0,0.21428571428571427,0.41032590332414487,0.07571248336916371,0.4758972377320828,-0.1437142857142857,,,,,0.4,False
T1,Gaziantep,Fora,Equipa ganha cantos,14,14.0,0.35714285714285715,0.4791574237499549,0.16344490737202735,0.6123599531785959,-0.09085714285714286,,,,,0.2,True
T1,Gaziantep,Casa,Vitória (1X2),14,14.0,0.2857142857142857,0.45175395145262565,0.11721187910109102,0.546495411724844,-0.06228571428571428,-0.45714285714285713,2.8171428571428576,0.3549695740365111,-0.19510204081632643,0.2,False
T1,Gaziantep,Casa,Over 2.5 golos,14,14.0,0.6428571428571429,0.4791574237499549,0.3876400468214041,0.8365550926279727,0.1428571428571429,0.14142857142857146,1.7857142857142854,0.5600000000000002,0.14795918367346905,0.4,True
T1,Gaziantep,Casa,Under 2.5 golos,14,14.0,0.35714285714285715,0.4791574237499549,0.16344490737202735,0.6123599531785959,-0.14285714285714285,-0.3142857142857142,1.9614285714285715,0.5098324836125273,-0.29948979591836733,0.6,False
T1,Gaziantep,Casa,Handicap Asiático (AH),14,,,,,,,-0.28785714285714287,1.855,0.5390835579514824,,,False
T1,Gaziantep,Casa,Casa marca (>=1),14,14.0,0.7857142857142857,0.4103259033241449,0.5241027622679172,0.9242875166308363,0.06771428571428573,,,,,1.0,False
T1,Gaziantep,Casa,Clean sheet,14,14.0,0.07142857142857142,0.2575393768188564,0.012721886112291648,0.3146926955395781,-0.21057142857142855,,,,,0.0,False
T1,Gaziantep,Casa,Ambas marcam (BTTS),14,14.0,0.7142857142857143,0.45175395145262565,0.4535045882751561,0.882788120898909,0.17428571428571427,,,,,1.0,False
T1,Gaziantep,Casa,Over 1.5 golos,14,14.0,0.9285714285714286,0.25753937681885636,0.6853073044604219,0.9872781138877085,0.1845714285714286,,,,,1.0,False
T1,Gaziantep,Casa,Over 3.5 golos,14,14.0,0.2857142857142857,0.45175395145262565,0.11721187910109102,0.546495411724844,0.017714285714285682,,,,,0.0,True
T1,Gaziantep,Casa,Cantos total Over 8.5,14,14.0,0.7142857142857143,0.45175395145262565,0.4535045882751561,0.882788120898909,0.13028571428571434,,,,,0.6,False
T1,Gaziantep,Casa,Cantos total Over 9.5,14,14.0,0.6428571428571429,0.4791574237499549,0.3876400468214041,0.8365550926279727,0.1468571428571429,,,,,0.6,False
T1,Gaziantep,Casa,Cantos total Over 10.5,14,14.0,0.5714285714285714,0.4948716593053935,0.3259026690286936,0.7861949006959947,0.17542857142857138,,,,,0.6,False
T1,Gaziantep,Casa,Cantos equipa Over 4.5,14,14.0,0.6428571428571429,0.4791574237499549,0.3876400468214041,0.8365550926279727,0.17485714285714288,,,,,0.6,False
T1,Gaziantep,Casa,Cantos equipa Over 5.5,14,14.0,0.6428571428571429,0.4791574237499549,0.3876400468214041,0.8365550926279727,0.2848571428571429,,,,,0.6,False
T1,Gaziantep,Casa,Equipa ganha cantos,14,14.0,0.6428571428571429,0.4791574237499549,0.3876400468214041,0.8365550926279727,0.1948571428571429,,,,,0.4,True
T1,Genclerbirligi,Fora,Vitória (1X2),14,14.0,0.07142857142857142,0.2575393768188564,0.012721886112291648,0.3146926955395781,-0.2765714285714286,-0.3178571428571428,5.653571428571428,0.1768793430195831,-0.5961734693877552,0.0,False
T1,Genclerbirligi,Fora,Over 2.5 golos,14,14.0,0.42857142857142855,0.49487165930539345,0.21380509930400526,0.6740973309713064,-0.07142857142857145,-0.26857142857142857,1.8349999999999997,0.5449591280653951,-0.21357142857142875,0.4,False
T1,Genclerbirligi,Fora,Under 2.5 golos,14,14.0,0.5714285714285714,0.4948716593053935,0.3259026690286936,0.7861949006959947,0.0714285714285714,0.026428571428571437,1.985,0.5037783375314862,0.13428571428571412,0.6,False
T1,Genclerbirligi,Fora,Handicap Asiático (AH),14,,,,,,,-0.19285714285714287,1.8807142857142858,0.5317128750474743,,,False
T1,Genclerbirligi,Fora,Casa marca (>=1),14,14.0,0.5,0.5,0.2679886791947528,0.7320113208052473,-0.21799999999999997,,,,,0.4,False
T1,Genclerbirligi,Fora,Clean sheet,14,14.0,0.14285714285714285,0.3499271061118826,0.04009307373792117,0.399419077638637,-0.13914285714285712,,,,,0.2,False
T1,Genclerbirligi,Fora,Ambas marcam (BTTS),14,14.0,0.5,0.5,0.2679886791947528,0.7320113208052473,-0.040000000000000036,,,,,0.4,False
T1,Genclerbirligi,Fora,Over 1.5 golos,14,14.0,0.5,0.5,0.2679886791947528,0.7320113208052473,-0.244,,,,,0.4,False
T1,Genclerbirligi,Fora,Over 3.5 golos,14,14.0,0.14285714285714285,0.3499271061118826,0.04009307373792117,0.399419077638637,-0.12514285714285717,,,,,0.2,False
T1,Genclerbirligi,Fora,Cantos total Over 8.5,14,14.0,0.6428571428571429,0.4791574237499549,0.3876400468214041,0.8365550926279727,0.05885714285714294,,,,,0.8,False
T1,Genclerbirligi,Fora,Cantos total Over 9.5,14,14.0,0.5,0.5,0.2679886791947528,0.7320113208052473,0.0040000000000000036,,,,,0.8,False
T1,Genclerbirligi,Fora,Cantos total Over 10.5,14,14.0,0.2857142857142857,0.45175395145262565,0.11721187910109102,0.546495411724844,-0.11028571428571432,,,,,0.4,False
T1,Genclerbirligi,Fora,Cantos equipa Over 4.5,14,14.0,0.14285714285714285,0.3499271061118826,0.04009307373792117,0.399419077638637,-0.3251428571428572,,,,,0.2,False
T1,Genclerbirligi,Fora,Cantos equipa Over 5.5,14,14.0,0.14285714285714285,0.3499271061118826,0.04009307373792117,0.399419077638637,-0.21514285714285714,,,,,0.2,False
T1,Genclerbirligi,Fora,Equipa ganha cantos,14,14.0,0.2857142857142857,0.45175395145262565,0.11721187910109102,0.546495411724844,-0.1622857142857143,,,,,0.4,False
T1,Genclerbirligi,Casa,Vitória (1X2),14,14.0,0.35714285714285715,0.4791574237499549,0.16344490737202735,0.6123599531785959,0.009142857142857175,-0.031428571428571396,3.2635714285714283,0.3064127817903261,0.16556122448979593,0.2,True
T1,Genclerbirligi,Casa,Over 2.5 golos,14,14.0,0.5714285714285714,0.4948716593053935,0.3259026690286936,0.7861949006959947,0.0714285714285714,0.06785714285714284,1.9192857142857138,0.5210271678451807,0.09673469387755063,0.4,True
T1,Genclerbirligi,Casa,Under 2.5 golos,14,14.0,0.42857142857142855,0.49487165930539345,0.21380509930400526,0.6740973309713064,-0.07142857142857145,-0.24285714285714283,1.8228571428571427,0.5485893416927901,-0.2187755102040818,0.6,False
T1,Genclerbirligi,Casa,Handicap Asiático (AH),14,,,,,,,-0.03642857142857143,1.807142857142857,0.5533596837944664,,,False
T1,Genclerbirligi,Casa,Casa marca (>=1),14,14.0,0.7142857142857143,0.45175395145262565,0.4535045882751561,0.882788120898909,-0.00371428571428567,,,,,0.4,True
T1,Genclerbirligi,Casa,Clean sheet,14,14.0,0.21428571428571427,0.41032590332414487,0.07571248336916371,0.4758972377320828,-0.0677142857142857,,,,,0.2,False
T1,Genclerbirligi,Casa,Ambas marcam (BTTS),14,14.0,0.5714285714285714,0.4948716593053935,0.3259026690286936,0.7861949006959947,0.03142857142857136,,,,,0.4,True
T1,Genclerbirligi,Casa,Over 1.5 golos,14,14.0,0.7857142857142857,0.4103259033241449,0.5241027622679172,0.9242875166308363,0.041714285714285704,,,,,0.8,False
T1,Genclerbirligi,Casa,Over 3.5 golos,14,14.0,0.2857142857142857,0.45175395145262565,0.11721187910109102,0.546495411724844,0.017714285714285682,,,,,0.2,False
T1,Genclerbirligi,Casa,Cantos total Over 8.5,14,14.0,0.7857142857142857,0.4103259033241449,0.5241027622679172,0.9242875166308363,0.20171428571428573,,,,,0.8,False
T1,Genclerbirligi,Casa,Cantos total Over 9.5,14,14.0,0.7142857142857143,0.45175395145262565,0.4535045882751561,0.882788120898909,0.2182857142857143,,,,,0.6,False
T1,Genclerbirligi,Casa,Cantos total Over 10.5,14,14.0,0.6428571428571429,0.4791574237499549,0.3876400468214041,0.8365550926279727,0.24685714285714289,,,,,0.6,False
T1,Genclerbirligi,Casa,Cantos equipa Over 4.5,14,14.0,0.5,0.5,0.2679886791947528,0.7320113208052473,0.03199999999999997,,,,,0.4,False
T1,Genclerbirligi,Casa,Cantos equipa Over 5.5,14,14.0,0.5,0.5,0.2679886791947528,0.7320113208052473,0.14200000000000002,,,,,0.4,False
T1,Genclerbirligi,Casa,Equipa ganha cantos,14,14.0,0.42857142857142855,0.49487165930539345,0.21380509930400526,0.6740973309713064,-0.01942857142857146,,,,,0.4,False
T1,Goztep,Fora,Vitória (1X2),14,14.0,0.42857142857142855,0.49487165930539345,0.21380509930400526,0.6740973309713064,0.08057142857142857,-0.015000000000000029,3.192142857142857,0.3132691877377489,0.36806122448979584,0.2,True
T1,Goztep,Fora,Over 2.5 golos,14,14.0,0.35714285714285715,0.4791574237499549,0.16344490737202735,0.6123599531785959,-0.14285714285714285,-0.3364285714285714,1.9542857142857142,0.5116959064327485,-0.30204081632653057,0.4,False
T1,Goztep,Fora,Under 2.5 golos,14,14.0,0.6428571428571429,0.4791574237499549,0.3876400468214041,0.8365550926279727,0.1428571428571429,0.11857142857142859,1.7985714285714283,0.555996822875298,0.1562244897959182,0.6,False
T1,Goztep,Fora,Handicap Asiático (AH),14,,,,,,,0.02785714285714285,1.8314285714285716,0.5460218408736349,,,False
T1,Goztep,Fora,Casa marca (>=1),14,14.0,0.7142857142857143,0.45175395145262565,0.4535045882751561,0.882788120898909,-0.00371428571428567,,,,,0.6,False
T1,Goztep,Fora,Clean sheet,14,14.0,0.5,0.5,0.2679886791947528,0.7320113208052473,0.21800000000000003,,,,,0.4,False
T1,Goztep,Fora,Ambas marcam (BTTS),14,14.0,0.35714285714285715,0.4791574237499549,0.16344490737202735,0.6123599531785959,-0.18285714285714288,,,,,0.4,False
T1,Goztep,Fora,Over 1.5 golos,14,14.0,0.7142857142857143,0.45175395145262565,0.4535045882751561,0.882788120898909,-0.029714285714285693,,,,,0.8,False
T1,Goztep,Fora,Over 3.5 golos,14,14.0,0.14285714285714285,0.3499271061118826,0.04009307373792117,0.399419077638637,-0.12514285714285717,,,,,0.2,False
T1,Goztep,Fora,Cantos total Over 8.5,14,14.0,0.6428571428571429,0.4791574237499549,0.3876400468214041,0.8365550926279727,0.05885714285714294,,,,,0.6,False
T1,Goztep,Fora,Cantos total Over 9.5,14,14.0,0.5714285714285714,0.4948716593053935,0.3259026690286936,0.7861949006959947,0.0754285714285714,,,,,0.6,False
T1,Goztep,Fora,Cantos total Over 10.5,14,14.0,0.35714285714285715,0.4791574237499549,0.16344490737202735,0.6123599531785959,-0.03885714285714287,,,,,0.6,False
T1,Goztep,Fora,Cantos equipa Over 4.5,14,14.0,0.42857142857142855,0.49487165930539345,0.21380509930400526,0.6740973309713064,-0.03942857142857148,,,,,0.4,False
T1,Goztep,Fora,Cantos equipa Over 5.5,14,14.0,0.21428571428571427,0.41032590332414487,0.07571248336916371,0.4758972377320828,-0.1437142857142857,,,,,0.0,True
T1,Goztep,Fora,Equipa ganha cantos,14,14.0,0.35714285714285715,0.4791574237499549,0.16344490737202735,0.6123599531785959,-0.09085714285714286,,,,,0.2,True
T1,Goztep,Casa,Vitória (1X2),13,13.0,0.46153846153846156,0.4985185152621431,0.23205754301488138,0.7085656756816795,0.11353846153846159,-0.1476923076923077,2.022307692307692,0.494484594903005,-0.0666272189349113,0.4,False
T1,Goztep,Casa,Over 2.5 golos,13,13.0,0.38461538461538464,0.4865042554105199,0.17709446581236818,0.6447751902773147,-0.11538461538461536,-0.24769230769230774,1.933846153846154,0.5171042163882259,-0.2562130177514792,0.6,False
T1,Goztep,Casa,Under 2.5 golos,13,13.0,0.6153846153846154,0.4865042554105199,0.3552248097226855,0.8229055341876319,0.11538461538461542,0.11846153846153847,1.805384615384615,0.5538985939497232,0.11100591715976305,0.4,True
T1,Goztep,Casa,Handicap Asiático (AH),13,,,,,,,-0.10153846153846155,1.8315384615384613,0.5459890802183957,,,False
T1,Goztep,Casa,Casa marca (>=1),13,13.0,0.6923076923076923,0.46153846153846156,0.4236888781333764,0.873195028383819,-0.02569230769230768,,,,,0.6,False
T1,Goztep,Casa,Clean sheet,13,13.0,0.6153846153846154,0.4865042554105199,0.3552248097226855,0.8229055341876319,0.33338461538461545,,,,,0.4,True
T1,Goztep,Casa,Ambas marcam (BTTS),13,13.0,0.38461538461538464,0.4865042554105199,0.17709446581236818,0.6447751902773147,-0.1553846153846154,,,,,0.6,False
T1,Goztep,Casa,Over 1.5 golos,13,13.0,0.5384615384615384,0.4985185152621431,0.29143432431832045,0.7679424569851186,-0.20553846153846156,,,,,0.6,False
T1,Goztep,Casa,Over 3.5 golos,13,13.0,0.15384615384615385,0.36080121229410994,0.04325726318273798,0.4223517050863101,-0.11415384615384616,,,,,0.4,False
T1,Goztep,Casa,Cantos total Over 8.5,13,13.0,0.8461538461538461,0.36080121229410994,0.5776482949136899,0.9567427368172621,0.2621538461538462,,,,,0.8,False
T1,Goztep,Casa,Cantos total Over 9.5,13,13.0,0.5384615384615384,0.4985185152621431,0.29143432431832045,0.7679424569851186,0.04246153846153844,,,,,0.4,False
T1,Goztep,Casa,Cantos total Over 10.5,13,13.0,0.46153846153846156,0.4985185152621431,0.23205754301488138,0.7085656756816795,0.06553846153846155,,,,,0.4,False
T1,Goztep,Casa,Cantos equipa Over 4.5,13,13.0,0.6923076923076923,0.46153846153846156,0.4236888781333764,0.873195028383819,0.22430769230769226,,,,,0.8,False
T1,Goztep,Casa,Cantos equipa Over 5.5,13,13.0,0.46153846153846156,0.4985185152621431,0.23205754301488138,0.7085656756816795,0.10353846153846158,,,,,0.4,False
T1,Goztep,Casa,Equipa ganha cantos,13,13.0,0.6153846153846154,0.4865042554105199,0.3552248097226855,0.8229055341876319,0.1673846153846154,,,,,0.6,False
T1,Karagumruk,Fora,Vitória (1X2),14,14.0,0.07142857142857142,0.2575393768188564,0.012721886112291648,0.3146926955395781,-0.2765714285714286,-0.7285714285714285,5.932857142857143,0.16855285335901757,-0.5762244897959183,0.0,False
T1,Karagumruk,Fora,Over 2.5 golos,14,14.0,0.6428571428571429,0.4791574237499549,0.3876400468214041,0.8365550926279727,0.1428571428571429,0.12785714285714284,1.774285714285714,0.5636070853462158,0.1406122448979592,0.6,False
T1,Karagumruk,Fora,Under 2.5 golos,14,14.0,0.35714285714285715,0.4791574237499549,0.16344490737202735,0.6123599531785959,-0.14285714285714285,-0.3221428571428572,2.0135714285714283,0.49663001064207174,-0.2808673469387756,0.4,False
T1,Karagumruk,Fora,Handicap Asiático (AH),14,,,,,,,-0.19821428571428568,1.8307142857142857,0.5462348809988294,,,False
T1,Karagumruk,Fora,Casa marca (>=1),14,14.0,0.6428571428571429,0.4791574237499549,0.3876400468214041,0.8365550926279727,-0.07514285714285707,,,,,0.8,False
T1,Karagumruk,Fora,Clean sheet,14,14.0,0.0,0.0,0.0,0.21531701192718142,-0.282,,,,,0.0,False
T1,Karagumruk,Fora,Ambas marcam (BTTS),14,14.0,0.6428571428571429,0.4791574237499549,0.3876400468214041,0.8365550926279727,0.10285714285714287,,,,,0.8,False
T1,Karagumruk,Fora,Over 1.5 golos,14,14.0,0.8571428571428571,0.34992710611188266,0.600580922361363,0.9599069262620787,0.1131428571428571,,,,,0.8,False
T1,Karagumruk,Fora,Over 3.5 golos,14,14.0,0.21428571428571427,0.41032590332414487,0.07571248336916371,0.4758972377320828,-0.05371428571428574,,,,,0.4,False
T1,Karagumruk,Fora,Cantos total Over 8.5,14,14.0,0.6428571428571429,0.4791574237499549,0.3876400468214041,0.8365550926279727,0.05885714285714294,,,,,0.6,False
T1,Karagumruk,Fora,Cantos total Over 9.5,14,14.0,0.5,0.5,0.2679886791947528,0.7320113208052473,0.0040000000000000036,,,,,0.2,True
T1,Karagumruk,Fora,Cantos total Over 10.5,14,14.0,0.5,0.5,0.2679886791947528,0.7320113208052473,0.10399999999999998,,,,,0.2,True
T1,Karagumruk,Fora,Cantos equipa Over 4.5,14,14.0,0.2857142857142857,0.45175395145262565,0.11721187910109102,0.546495411724844,-0.18228571428571433,,,,,0.2,False
T1,Karagumruk,Fora,Cantos equipa Over 5.5,14,14.0,0.21428571428571427,0.41032590332414487,0.07571248336916371,0.4758972377320828,-0.1437142857142857,,,,,0.2,False
T1,Karagumruk,Fora,Equipa ganha cantos,14,14.0,0.2857142857142857,0.45175395145262565,0.11721187910109102,0.546495411724844,-0.1622857142857143,,,,,0.4,False
T1,Karagumruk,Casa,Vitória (1X2),14,14.0,0.2857142857142857,0.45175395145262565,0.11721187910109102,0.546495411724844,-0.06228571428571428,0.017142857142857126,3.662857142857143,0.27301092043681746,0.04653061224489785,0.6,False
T1,Karagumruk,Casa,Over 2.5 golos,14,14.0,0.2857142857142857,0.45175395145262565,0.11721187910109102,0.546495411724844,-0.2142857142857143,-0.5071428571428571,1.8257142857142856,0.5477308294209703,-0.4783673469387756,0.4,False
T1,Karagumruk,Casa,Under 2.5 golos,14,14.0,0.7142857142857143,0.45175395145262565,0.4535045882751561,0.882788120898909,0.2142857142857143,0.3464285714285714,1.945,0.5141388174807198,0.38928571428571446,0.6,False
T1,Karagumruk,Casa,Handicap Asiático (AH),14,,,,,,,-0.19857142857142854,1.8414285714285712,0.5430566330488752,,,False
T1,Karagumruk,Casa,Casa marca (>=1),14,14.0,0.5714285714285714,0.4948716593053935,0.3259026690286936,0.7861949006959947,-0.14657142857142857,,,,,0.8,False
T1,Karagumruk,Casa,Clean sheet,14,14.0,0.2857142857142857,0.45175395145262565,0.11721187910109102,0.546495411724844,0.0037142857142857255,,,,,0.6,False
T1,Karagumruk,Casa,Ambas marcam (BTTS),14,14.0,0.35714285714285715,0.4791574237499549,0.16344490737202735,0.6123599531785959,-0.18285714285714288,,,,,0.4,False
T1,Karagumruk,Casa,Over 1.5 golos,14,14.0,0.7857142857142857,0.4103259033241449,0.5241027622679172,0.9242875166308363,0.041714285714285704,,,,,0.6,True
T1,Karagumruk,Casa,Over 3.5 golos,14,14.0,0.21428571428571427,0.41032590332414487,0.07571248336916371,0.4758972377320828,-0.05371428571428574,,,,,0.2,False
T1,Karagumruk,Casa,Cantos total Over 8.5,14,14.0,0.42857142857142855,0.49487165930539345,0.21380509930400526,0.6740973309713064,-0.15542857142857142,,,,,0.4,False
T1,Karagumruk,Casa,Cantos total Over 9.5,14,14.0,0.42857142857142855,0.49487165930539345,0.21380509930400526,0.6740973309713064,-0.06742857142857145,,,,,0.4,False
T1,Karagumruk,Casa,Cantos total Over 10.5,14,14.0,0.2857142857142857,0.45175395145262565,0.11721187910109102,0.546495411724844,-0.11028571428571432,,,,,0.4,False
T1,Karagumruk,Casa,Cantos equipa Over 4.5,14,14.0,0.2857142857142857,0.45175395145262565,0.11721187910109102,0.546495411724844,-0.18228571428571433,,,,,0.4,False
T1,Karagumruk,Casa,Cantos equipa Over 5.5,14,14.0,0.14285714285714285,0.3499271061118826,0.04009307373792117,0.399419077638637,-0.21514285714285714,,,,,0.2,False
T1,Karagumruk,Casa,Equipa ganha cantos,14,14.0,0.2857142857142857,0.45175395145262565,0.11721187910109102,0.546495411724844,-0.1622857142857143,,,,,0.4,False
T1,Kasimpasa,Fora,Vitória (1X2),14,14.0,0.21428571428571427,0.41032590332414487,0.07571248336916371,0.4758972377320828,-0.1337142857142857,-0.30214285714285716,4.8307142857142855,0.2070087239390803,0.03515306122448969,0.0,True
T1,Kasimpasa,Fora,Over 2.5 golos,14,14.0,0.5714285714285714,0.4948716593053935,0.3259026690286936,0.7861949006959947,0.0714285714285714,-0.054999999999999986,1.7528571428571431,0.5704971475142624,0.0016326530612245094,0.6,False
T1,Kasimpasa,Fora,Under 2.5 golos,14,14.0,0.42857142857142855,0.49487165930539345,0.21380509930400526,0.6740973309713064,-0.07142857142857145,-0.19428571428571434,2.0507142857142857,0.4876349703935911,-0.1211224489795919,0.4,False
T1,Kasimpasa,Fora,Handicap Asiático (AH),14,,,,,,,0.1157142857142857,1.8342857142857143,0.5451713395638629,,,False
T1,Kasimpasa,Fora,Casa marca (>=1),14,14.0,0.7142857142857143,0.45175395145262565,0.4535045882751561,0.882788120898909,-0.00371428571428567,,,,,1.0,False
T1,Kasimpasa,Fora,Clean sheet,14,14.0,0.21428571428571427,0.41032590332414487,0.07571248336916371,0.4758972377320828,-0.0677142857142857,,,,,0.0,True
T1,Kasimpasa,Fora,Ambas marcam (BTTS),14,14.0,0.6428571428571429,0.4791574237499549,0.3876400468214041,0.8365550926279727,0.10285714285714287,,,,,1.0,False
T1,Kasimpasa,Fora,Over 1.5 golos,14,14.0,0.7857142857142857,0.4103259033241449,0.5241027622679172,0.9242875166308363,0.041714285714285704,,,,,1.0,False
T1,Kasimpasa,Fora,Over 3.5 golos,14,14.0,0.07142857142857142,0.2575393768188564,0.012721886112291648,0.3146926955395781,-0.1965714285714286,,,,,0.0,False
T1,Kasimpasa,Fora,Cantos total Over 8.5,14,14.0,0.5,0.5,0.2679886791947528,0.7320113208052473,-0.08399999999999996,,,,,0.2,True
T1,Kasimpasa,Fora,Cantos total Over 9.5,14,14.0,0.35714285714285715,0.4791574237499549,0.16344490737202735,0.6123599531785959,-0.13885714285714285,,,,,0.0,True
T1,Kasimpasa,Fora,Cantos total Over 10.5,14,14.0,0.21428571428571427,0.41032590332414487,0.07571248336916371,0.4758972377320828,-0.18171428571428574,,,,,0.0,True
T1,Kasimpasa,Fora,Cantos equipa Over 4.5,14,14.0,0.21428571428571427,0.41032590332414487,0.07571248336916371,0.4758972377320828,-0.2537142857142858,,,,,0.2,False
T1,Kasimpasa,Fora,Cantos equipa Over 5.5,14,14.0,0.21428571428571427,0.41032590332414487,0.07571248336916371,0.4758972377320828,-0.1437142857142857,,,,,0.2,False
T1,Kasimpasa,Fora,Equipa ganha cantos,14,14.0,0.35714285714285715,0.4791574237499549,0.16344490737202735,0.6123599531785959,-0.09085714285714286,,,,,0.4,False
T1,Kasimpasa,Casa,Vitória (1X2),14,14.0,0.21428571428571427,0.41032590332414487,0.07571248336916371,0.4758972377320828,-0.1337142857142857,-0.5871428571428571,2.8114285714285714,0.3556910569105691,-0.39755102040816337,0.6,False
T1,Kasimpasa,Casa,Over 2.5 golos,14,14.0,0.2857142857142857,0.45175395145262565,0.11721187910109102,0.546495411724844,-0.2142857142857143,-0.49142857142857144,1.8257142857142856,0.5477308294209703,-0.4783673469387756,0.4,False
T1,Kasimpasa,Casa,Under 2.5 golos,14,14.0,0.7142857142857143,0.45175395145262565,0.4535045882751561,0.882788120898909,0.2142857142857143,0.3642857142857142,1.9285714285714286,0.5185185185185185,0.37755102040816335,0.6,False
T1,Kasimpasa,Casa,Handicap Asiático (AH),14,,,,,,,-0.185,1.8085714285714285,0.5529225908372828,,,False
T1,Kasimpasa,Casa,Casa marca (>=1),14,14.0,0.5714285714285714,0.4948716593053935,0.3259026690286936,0.7861949006959947,-0.14657142857142857,,,,,0.6,False
T1,Kasimpasa,Casa,Clean sheet,14,14.0,0.2857142857142857,0.45175395145262565,0.11721187910109102,0.546495411724844,0.0037142857142857255,,,,,0.4,False
T1,Kasimpasa,Casa,Ambas marcam (BTTS),14,14.0,0.42857142857142855,0.49487165930539345,0.21380509930400526,0.6740973309713064,-0.11142857142857149,,,,,0.2,True
T1,Kasimpasa,Casa,Over 1.5 golos,14,14.0,0.6428571428571429,0.4791574237499549,0.3876400468214041,0.8365550926279727,-0.10114285714285709,,,,,0.6,False
T1,Kasimpasa,Casa,Over 3.5 golos,14,14.0,0.21428571428571427,0.41032590332414487,0.07571248336916371,0.4758972377320828,-0.05371428571428574,,,,,0.2,False
T1,Kasimpasa,Casa,Cantos total Over 8.5,14,14.0,0.35714285714285715,0.4791574237499549,0.16344490737202735,0.6123599531785959,-0.2268571428571428,,,,,0.2,True
T1,Kasimpasa,Casa,Cantos total Over 9.5,14,14.0,0.35714285714285715,0.4791574237499549,0.16344490737202735,0.6123599531785959,-0.13885714285714285,,,,,0.2,True
T1,Kasimpasa,Casa,Cantos total Over 10.5,14,14.0,0.2857142857142857,0.45175395145262565,0.11721187910109102,0.546495411724844,-0.11028571428571432,,,,,0.2,False
T1,Kasimpasa,Casa,Cantos equipa Over 4.5,14,14.0,0.5,0.5,0.2679886791947528,0.7320113208052473,0.03199999999999997,,,,,0.0,True
T1,Kasimpasa,Casa,Cantos equipa Over 5.5,14,14.0,0.2857142857142857,0.45175395145262565,0.11721187910109102,0.546495411724844,-0.07228571428571429,,,,,0.0,True
T1,Kasimpasa,Casa,Equipa ganha cantos,14,14.0,0.5714285714285714,0.4948716593053935,0.3259026690286936,0.7861949006959947,0.12342857142857139,,,,,0.2,True
T1,Kayserispor,Fora,Vitória (1X2),15,15.0,0.06666666666666667,0.24944382578492943,0.011866588606194882,0.2981707755242399,-0.2813333333333333,-0.756,5.39,0.1855287569573284,-0.6406666666666667,0.0,False
T1,Kayserispor,Fora,Over 2.5 golos,15,15.0,0.3333333333333333,0.4714045207910317,0.15176100694691236,0.5828687484878702,-0.16666666666666669,-0.47400000000000003,1.7073333333333334,0.5857087075361187,-0.4308888888888889,0.4,False
T1,Kayserispor,Fora,Under 2.5 golos,15,15.0,0.6666666666666666,0.4714045207910317,0.4171312515121298,0.8482389930530875,0.16666666666666663,0.32866666666666666,2.1486666666666663,0.4654049022649706,0.4324444444444442,0.6,False
T1,Kayserispor,Fora,Handicap Asiático (AH),15,,,,,,,0.16966666666666666,1.8473333333333335,0.5413208228076506,,,False
T1,Kayserispor,Fora,Casa marca (>=1),15,15.0,0.6,0.4898979485566356,0.357464427565077,0.8017577191740534,-0.118,,,,,0.2,True
T1,Kayserispor,Fora,Clean sheet,15,15.0,0.2,0.4,0.07047420643610411,0.4518593533465045,-0.08199999999999996,,,,,0.4,False
T1,Kayserispor,Fora,Ambas marcam (BTTS),15,15.0,0.5333333333333333,0.49888765156985887,0.3011663015105079,0.7519077474025356,-0.00666666666666671,,,,,0.2,True
T1,Kayserispor,Fora,Over 1.5 golos,15,15.0,0.7333333333333333,0.44221663871405337,0.48049110342313245,0.8910272389681717,-0.010666666666666713,,,,,0.6,False
T1,Kayserispor,Fora,Over 3.5 golos,15,15.0,0.26666666666666666,0.4422166387140533,0.10897276103182815,0.5195088965768675,-0.001333333333333353,,,,,0.2,False
T1,Kayserispor,Fora,Cantos total Over 8.5,15,15.0,0.7333333333333333,0.44221663871405337,0.48049110342313245,0.8910272389681717,0.14933333333333332,,,,,1.0,False
T1,Kayserispor,Fora,Cantos total Over 9.5,15,15.0,0.6,0.4898979485566356,0.357464427565077,0.8017577191740534,0.10399999999999998,,,,,0.6,False
T1,Kayserispor,Fora,Cantos total Over 10.5,15,15.0,0.4,0.4898979485566356,0.19824228082594664,0.6425355724349229,0.0040000000000000036,,,,,0.4,False
T1,Kayserispor,Fora,Cantos equipa Over 4.5,15,15.0,0.4666666666666667,0.49888765156985887,0.24809225259746442,0.6988336984894922,-0.001333333333333353,,,,,0.6,False
T1,Kayserispor,Fora,Cantos equipa Over 5.5,15,15.0,0.4,0.4898979485566356,0.19824228082594664,0.6425355724349229,0.04200000000000004,,,,,0.6,False
T1,Kayserispor,Fora,Equipa ganha cantos,15,15.0,0.4,0.4898979485566356,0.19824228082594664,0.6425355724349229,-0.04799999999999999,,,,,0.6,False
T1,Kayserispor,Casa,Vitória (1X2),13,13.0,0.23076923076923078,0.42132504423474315,0.08179379092465708,0.5025687399512693,-0.1172307692307692,-0.52,3.1538461538461537,0.3170731707317073,-0.272189349112426,0.4,False
T1,Kayserispor,Casa,Over 2.5 golos,13,13.0,0.6153846153846154,0.4865042554105199,0.3552248097226855,0.8229055341876319,0.11538461538461542,0.06153846153846151,1.7776923076923077,0.5625270445694505,0.09396449704142018,0.6,False
T1,Kayserispor,Casa,Under 2.5 golos,13,13.0,0.38461538461538464,0.4865042554105199,0.17709446581236818,0.6447751902773147,-0.11538461538461536,-0.2853846153846154,1.9992307692307691,0.5001923816852636,-0.2310650887573964,0.4,False
T1,Kayserispor,Casa,Handicap Asiático (AH),13,,,,,,,-0.3553846153846154,1.8538461538461537,0.5394190871369295,,,False
T1,Kayserispor,Casa,Casa marca (>=1),13,13.0,0.6153846153846154,0.4865042554105199,0.3552248097226855,0.8229055341876319,-0.10261538461538455,,,,,0.8,False
T1,Kayserispor,Casa,Clean sheet,13,13.0,0.23076923076923078,0.42132504423474315,0.08179379092465708,0.5025687399512693,-0.05123076923076919,,,,,0.4,False
T1,Kayserispor,Casa,Ambas marcam (BTTS),13,13.0,0.46153846153846156,0.4985185152621431,0.23205754301488138,0.7085656756816795,-0.07846153846153847,,,,,0.4,False
T1,Kayserispor,Casa,Over 1.5 golos,13,13.0,0.7692307692307693,0.42132504423474315,0.49743126004873084,0.918206209075343,0.02523076923076928,,,,,0.6,True
T1,Kayserispor,Casa,Over 3.5 golos,13,13.0,0.38461538461538464,0.4865042554105199,0.17709446581236818,0.6447751902773147,0.11661538461538462,,,,,0.2,True
T1,Kayserispor,Casa,Cantos total Over 8.5,13,13.0,0.8461538461538461,0.36080121229410994,0.5776482949136899,0.9567427368172621,0.2621538461538462,,,,,0.8,False
T1,Kayserispor,Casa,Cantos total Over 9.5,13,13.0,0.6923076923076923,0.46153846153846156,0.4236888781333764,0.873195028383819,0.1963076923076923,,,,,0.8,False
T1,Kayserispor,Casa,Cantos total Over 10.5,13,13.0,0.3076923076923077,0.46153846153846156,0.1268049716161809,0.5763111218666236,-0.08830769230769231,,,,,0.4,False
T1,Kayserispor,Casa,Cantos equipa Over 4.5,13,13.0,0.5384615384615384,0.4985185152621431,0.29143432431832045,0.7679424569851186,0.07046153846153841,,,,,0.8,False
T1,Kayserispor,Casa,Cantos equipa Over 5.5,13,13.0,0.46153846153846156,0.4985185152621431,0.23205754301488138,0.7085656756816795,0.10353846153846158,,,,,0.6,False
T1,Kayserispor,Casa,Equipa ganha cantos,13,13.0,0.5384615384615384,0.4985185152621431,0.29143432431832045,0.7679424569851186,0.09046153846153843,,,,,0.6,False
T1,Kocaelispor,Fora,Vitória (1X2),13,13.0,0.23076923076923078,0.42132504423474315,0.08179379092465708,0.5025687399512693,-0.1172307692307692,-0.3515384615384616,4.199230769230769,0.23813885326982967,-0.030946745562130284,0.4,False
T1,Kocaelispor,Fora,Over 2.5 golos,13,13.0,0.38461538461538464,0.4865042554105199,0.17709446581236818,0.6447751902773147,-0.11538461538461536,-0.27692307692307694,1.9661538461538461,0.5086071987480438,-0.2437869822485207,0.4,False
T1,Kocaelispor,Fora,Under 2.5 golos,13,13.0,0.6153846153846154,0.4865042554105199,0.3552248097226855,0.8229055341876319,0.11538461538461542,0.06923076923076922,1.810769230769231,0.5522514868309261,0.114319526627219,0.6,False
T1,Kocaelispor,Fora,Handicap Asiático (AH),13,,,,,,,-0.2073076923076923,1.8584615384615384,0.5380794701986755,,,False
T1,Kocaelispor,Fora,Casa marca (>=1),13,13.0,0.46153846153846156,0.4985185152621431,0.23205754301488138,0.7085656756816795,-0.2564615384615384,,,,,0.4,False
T1,Kocaelispor,Fora,Clean sheet,13,13.0,0.23076923076923078,0.42132504423474315,0.08179379092465708,0.5025687399512693,-0.05123076923076919,,,,,0.4,False
T1,Kocaelispor,Fora,Ambas marcam (BTTS),13,13.0,0.38461538461538464,0.4865042554105199,0.17709446581236818,0.6447751902773147,-0.1553846153846154,,,,,0.2,True
T1,Kocaelispor,Fora,Over 1.5 golos,13,13.0,0.6153846153846154,0.4865042554105199,0.3552248097226855,0.8229055341876319,-0.12861538461538458,,,,,0.6,False
T1,Kocaelispor,Fora,Over 3.5 golos,13,13.0,0.3076923076923077,0.46153846153846156,0.1268049716161809,0.5763111218666236,0.03969230769230769,,,,,0.2,False
T1,Kocaelispor,Fora,Cantos total Over 8.5,13,13.0,0.46153846153846156,0.4985185152621431,0.23205754301488138,0.7085656756816795,-0.1224615384615384,,,,,0.4,False
T1,Kocaelispor,Fora,Cantos total Over 9.5,13,13.0,0.3076923076923077,0.46153846153846156,0.1268049716161809,0.5763111218666236,-0.1883076923076923,,,,,0.4,False
T1,Kocaelispor,Fora,Cantos total Over 10.5,13,13.0,0.07692307692307693,0.2664693550105965,0.013710066379696304,0.3331453392824736,-0.3190769230769231,,,,,0.0,False
T1,Kocaelispor,Fora,Cantos equipa Over 4.5,13,13.0,0.5384615384615384,0.4985185152621431,0.29143432431832045,0.7679424569851186,0.07046153846153841,,,,,0.2,True
T1,Kocaelispor,Fora,Cantos equipa Over 5.5,13,13.0,0.38461538461538464,0.4865042554105199,0.17709446581236818,0.6447751902773147,0.026615384615384652,,,,,0.2,True
T1,Kocaelispor,Fora,Equipa ganha cantos,13,13.0,0.5384615384615384,0.4985185152621431,0.29143432431832045,0.7679424569851186,0.09046153846153843,,,,,0.2,True
T1,Kocaelispor,Casa,Vitória (1X2),15,15.0,0.4,0.4898979485566356,0.19824228082594664,0.6425355724349229,0.052000000000000046,0.08599999999999988,2.7473333333333327,0.3639893229798593,0.09893333333333332,0.2,True
T1,Kocaelispor,Casa,Over 2.5 golos,15,15.0,0.26666666666666666,0.4422166387140533,0.10897276103182815,0.5195088965768675,-0.23333333333333334,-0.43599999999999994,1.9713333333333334,0.5072708826513358,-0.47431111111111113,0.4,False
T1,Kocaelispor,Casa,Under 2.5 golos,15,15.0,0.7333333333333333,0.44221663871405337,0.48049110342313245,0.8910272389681717,0.23333333333333328,0.34199999999999997,1.7846666666666668,0.5603287261860291,0.30875555555555545,0.6,False
T1,Kocaelispor,Casa,Handicap Asiático (AH),15,,,,,,,-0.11366666666666664,1.874,0.5336179295624333,,,False
T1,Kocaelispor,Casa,Casa marca (>=1),15,15.0,0.6666666666666666,0.4714045207910317,0.4171312515121298,0.8482389930530875,-0.05133333333333334,,,,,0.4,True
T1,Kocaelispor,Casa,Clean sheet,15,15.0,0.4666666666666667,0.49888765156985887,0.24809225259746442,0.6988336984894922,0.1846666666666667,,,,,0.4,False
T1,Kocaelispor,Casa,Ambas marcam (BTTS),15,15.0,0.3333333333333333,0.4714045207910317,0.15176100694691236,0.5828687484878702,-0.20666666666666672,,,,,0.2,False
T1,Kocaelispor,Casa,Over 1.5 golos,15,15.0,0.5333333333333333,0.49888765156985887,0.3011663015105079,0.7519077474025356,-0.21066666666666667,,,,,0.6,False
T1,Kocaelispor,Casa,Over 3.5 golos,15,15.0,0.0,0.0,0.0,0.20388926630434784,-0.268,,,,,0.0,False
T1,Kocaelispor,Casa,Cantos total Over 8.5,15,15.0,0.4,0.4898979485566356,0.19824228082594664,0.6425355724349229,-0.18399999999999994,,,,,0.6,False
T1,Kocaelispor,Casa,Cantos total Over 9.5,15,15.0,0.3333333333333333,0.4714045207910317,0.15176100694691236,0.5828687484878702,-0.16266666666666668,,,,,0.4,False
T1,Kocaelispor,Casa,Cantos total Over 10.5,15,15.0,0.3333333333333333,0.4714045207910317,0.15176100694691236,0.5828687484878702,-0.0626666666666667,,,,,0.4,False
T1,Kocaelispor,Casa,Cantos equipa Over 4.5,15,15.0,0.3333333333333333,0.4714045207910317,0.15176100694691236,0.5828687484878702,-0.1346666666666667,,,,,0.4,False
T1,Kocaelispor,Casa,Cantos equipa Over 5.5,15,15.0,0.26666666666666666,0.4422166387140533,0.10897276103182815,0.5195088965768675,-0.09133333333333332,,,,,0.4,False
T1,Kocaelispor,Casa,Equipa ganha cantos,15,15.0,0.6,0.4898979485566356,0.357464427565077,0.8017577191740534,0.15199999999999997,,,,,0.6,False
T1,Konyaspor,Fora,Vitória (1X2),14,14.0,0.21428571428571427,0.41032590332414487,0.07571248336916371,0.4758972377320828,-0.1337142857142857,-0.40857142857142853,4.390714285714286,0.2277533756303888,-0.059132653061224505,0.2,False
T1,Konyaspor,Fora,Over 2.5 golos,14,14.0,0.6428571428571429,0.4791574237499549,0.3876400468214041,0.8365550926279727,0.1428571428571429,0.16428571428571428,1.8064285714285713,0.5535784895215501,0.16127551020408148,0.8,False
T1,Konyaspor,Fora,Under 2.5 golos,14,14.0,0.35714285714285715,0.4791574237499549,0.16344490737202735,0.6123599531785959,-0.14285714285714285,-0.3107142857142858,1.9964285714285717,0.5008944543828264,-0.28698979591836726,0.2,True
T1,Konyaspor,Fora,Handicap Asiático (AH),14,,,,,,,-0.10214285714285713,2.027142857142857,0.49330514446793516,,,False
T1,Konyaspor,Fora,Casa marca (>=1),14,14.0,0.7857142857142857,0.4103259033241449,0.5241027622679172,0.9242875166308363,0.06771428571428573,,,,,0.8,False
T1,Konyaspor,Fora,Clean sheet,14,14.0,0.0,0.0,0.0,0.21531701192718142,-0.282,,,,,0.0,False
T1,Konyaspor,Fora,Ambas marcam (BTTS),14,14.0,0.7857142857142857,0.4103259033241449,0.5241027622679172,0.9242875166308363,0.24571428571428566,,,,,0.8,False
T1,Konyaspor,Fora,Over 1.5 golos,14,14.0,1.0,0.0,0.7846829880728186,1.0,0.256,,,,,1.0,False
T1,Konyaspor,Fora,Over 3.5 golos,14,14.0,0.35714285714285715,0.4791574237499549,0.16344490737202735,0.6123599531785959,0.08914285714285713,,,,,0.2,True
T1,Konyaspor,Fora,Cantos total Over 8.5,14,14.0,0.7142857142857143,0.45175395145262565,0.4535045882751561,0.882788120898909,0.13028571428571434,,,,,0.8,False
T1,Konyaspor,Fora,Cantos total Over 9.5,14,14.0,0.7142857142857143,0.45175395145262565,0.4535045882751561,0.882788120898909,0.2182857142857143,,,,,0.8,False
T1,Konyaspor,Fora,Cantos total Over 10.5,14,14.0,0.5,0.5,0.2679886791947528,0.7320113208052473,0.10399999999999998,,,,,0.4,False
T1,Konyaspor,Fora,Cantos equipa Over 4.5,14,14.0,0.5,0.5,0.2679886791947528,0.7320113208052473,0.03199999999999997,,,,,0.4,False
T1,Konyaspor,Fora,Cantos equipa Over 5.5,14,14.0,0.42857142857142855,0.49487165930539345,0.21380509930400526,0.6740973309713064,0.07057142857142856,,,,,0.4,False
T1,Konyaspor,Fora,Equipa ganha cantos,14,14.0,0.2857142857142857,0.45175395145262565,0.11721187910109102,0.546495411724844,-0.1622857142857143,,,,,0.2,False
T1,Konyaspor,Casa,Vitória (1X2),14,14.0,0.2857142857142857,0.45175395145262565,0.11721187910109102,0.546495411724844,-0.06228571428571428,-0.15499999999999994,2.36,0.42372881355932207,-0.32571428571428584,0.4,False
T1,Konyaspor,Casa,Over 2.5 golos,14,14.0,0.35714285714285715,0.4791574237499549,0.16344490737202735,0.6123599531785959,-0.14285714285714285,-0.3185714285714286,1.864285714285714,0.5363984674329503,-0.3341836734693878,0.0,True
T1,Konyaspor,Casa,Under 2.5 golos,14,14.0,0.6428571428571429,0.4791574237499549,0.3876400468214041,0.8365550926279727,0.1428571428571429,0.22357142857142853,1.8728571428571428,0.5339435545385203,0.20397959183673464,1.0,False
T1,Konyaspor,Casa,Handicap Asiático (AH),14,,,,,,,-0.41357142857142865,1.8750000000000002,0.5333333333333332,,,False
T1,Konyaspor,Casa,Casa marca (>=1),14,14.0,0.7857142857142857,0.4103259033241449,0.5241027622679172,0.9242875166308363,0.06771428571428573,,,,,0.8,False
T1,Konyaspor,Casa,Clean sheet,14,14.0,0.35714285714285715,0.4791574237499549,0.16344490737202735,0.6123599531785959,0.07514285714285718,,,,,0.6,False
T1,Konyaspor,Casa,Ambas marcam (BTTS),14,14.0,0.5714285714285714,0.4948716593053935,0.3259026690286936,0.7861949006959947,0.03142857142857136,,,,,0.4,True
T1,Konyaspor,Casa,Over 1.5 golos,14,14.0,0.7857142857142857,0.4103259033241449,0.5241027622679172,0.9242875166308363,0.041714285714285704,,,,,0.6,True
T1,Konyaspor,Casa,Over 3.5 golos,14,14.0,0.14285714285714285,0.3499271061118826,0.04009307373792117,0.399419077638637,-0.12514285714285717,,,,,0.0,False
T1,Konyaspor,Casa,Cantos total Over 8.5,14,14.0,0.35714285714285715,0.4791574237499549,0.16344490737202735,0.6123599531785959,-0.2268571428571428,,,,,0.2,True
T1,Konyaspor,Casa,Cantos total Over 9.5,14,14.0,0.35714285714285715,0.4791574237499549,0.16344490737202735,0.6123599531785959,-0.13885714285714285,,,,,0.2,True
T1,Konyaspor,Casa,Cantos total Over 10.5,14,14.0,0.2857142857142857,0.45175395145262565,0.11721187910109102,0.546495411724844,-0.11028571428571432,,,,,0.0,True
T1,Konyaspor,Casa,Cantos equipa Over 4.5,14,14.0,0.42857142857142855,0.49487165930539345,0.21380509930400526,0.6740973309713064,-0.03942857142857148,,,,,0.4,False
T1,Konyaspor,Casa,Cantos equipa Over 5.5,14,14.0,0.35714285714285715,0.4791574237499549,0.16344490737202735,0.6123599531785959,-0.0008571428571428341,,,,,0.2,True
T1,Konyaspor,Casa,Equipa ganha cantos,14,14.0,0.7142857142857143,0.45175395145262565,0.4535045882751561,0.882788120898909,0.2662857142857143,,,,,0.8,False
T1,Rizespor,Fora,Vitória (1X2),14,14.0,0.14285714285714285,0.3499271061118826,0.04009307373792117,0.399419077638637,-0.20514285714285713,-0.6364285714285715,3.8278571428571424,0.26124276917335326,-0.4531632653061225,0.2,False
T1,Rizespor,Fora,Over 2.5 golos,14,14.0,0.5714285714285714,0.4948716593053935,0.3259026690286936,0.7861949006959947,0.0714285714285714,0.03571428571428571,1.7828571428571427,0.5608974358974359,0.018775510204081636,0.8,False
T1,Rizespor,Fora,Under 2.5 golos,14,14.0,0.42857142857142855,0.49487165930539345,0.21380509930400526,0.6740973309713064,-0.07142857142857145,-0.13999999999999999,2.015,0.4962779156327543,-0.13642857142857145,0.2,True
T1,Rizespor,Fora,Handicap Asiático (AH),14,,,,,,,0.16607142857142856,1.8714285714285719,0.5343511450381678,,,False
T1,Rizespor,Fora,Casa marca (>=1),14,14.0,0.7857142857142857,0.4103259033241449,0.5241027622679172,0.9242875166308363,0.06771428571428573,,,,,0.8,False
T1,Rizespor,Fora,Clean sheet,14,14.0,0.14285714285714285,0.3499271061118826,0.04009307373792117,0.399419077638637,-0.13914285714285712,,,,,0.2,False
T1,Rizespor,Fora,Ambas marcam (BTTS),14,14.0,0.7142857142857143,0.45175395145262565,0.4535045882751561,0.882788120898909,0.17428571428571427,,,,,0.6,False
T1,Rizespor,Fora,Over 1.5 golos,14,14.0,0.7857142857142857,0.4103259033241449,0.5241027622679172,0.9242875166308363,0.041714285714285704,,,,,0.8,False
T1,Rizespor,Fora,Over 3.5 golos,14,14.0,0.42857142857142855,0.49487165930539345,0.21380509930400526,0.6740973309713064,0.16057142857142853,,,,,0.4,False
T1,Rizespor,Fora,Cantos total Over 8.5,14,14.0,0.42857142857142855,0.49487165930539345,0.21380509930400526,0.6740973309713064,-0.15542857142857142,,,,,0.4,False
T1,Rizespor,Fora,Cantos total Over 9.5,14,14.0,0.42857142857142855,0.49487165930539345,0.21380509930400526,0.6740973309713064,-0.06742857142857145,,,,,0.4,False
T1,Rizespor,Fora,Cantos total Over 10.5,14,14.0,0.35714285714285715,0.4791574237499549,0.16344490737202735,0.6123599531785959,-0.03885714285714287,,,,,0.4,False
T1,Rizespor,Fora,Cantos equipa Over 4.5,14,14.0,0.2857142857142857,0.45175395145262565,0.11721187910109102,0.546495411724844,-0.18228571428571433,,,,,0.4,False
T1,Rizespor,Fora,Cantos equipa Over 5.5,14,14.0,0.21428571428571427,0.41032590332414487,0.07571248336916371,0.4758972377320828,-0.1437142857142857,,,,,0.2,False
T1,Rizespor,Fora,Equipa ganha cantos,14,14.0,0.35714285714285715,0.4791574237499549,0.16344490737202735,0.6123599531785959,-0.09085714285714286,,,,,0.6,False
T1,Rizespor,Casa,Vitória (1X2),13,13.0,0.38461538461538464,0.4865042554105199,0.17709446581236818,0.6447751902773147,0.03661538461538466,-0.28846153846153855,2.5469230769230764,0.3926306251887648,-0.020414201183432068,0.6,False
T1,Rizespor,Casa,Over 2.5 golos,13,13.0,0.46153846153846156,0.4985185152621431,0.23205754301488138,0.7085656756816795,-0.038461538461538436,-0.21153846153846154,1.7930769230769232,0.5577005577005576,-0.17242603550295843,0.4,False
T1,Rizespor,Casa,Under 2.5 golos,13,13.0,0.5384615384615384,0.4985185152621431,0.29143432431832045,0.7679424569851186,0.038461538461538436,0.0046153846153845855,1.9469230769230772,0.5136309758988541,0.04834319526627229,0.6,False
T1,Rizespor,Casa,Handicap Asiático (AH),13,,,,,,,-0.38307692307692304,1.8915384615384612,0.5286701911346077,,,False
T1,Rizespor,Casa,Casa marca (>=1),13,13.0,0.6923076923076923,0.46153846153846156,0.4236888781333764,0.873195028383819,-0.02569230769230768,,,,,0.8,False
T1,Rizespor,Casa,Clean sheet,13,13.0,0.46153846153846156,0.4985185152621431,0.23205754301488138,0.7085656756816795,0.1795384615384616,,,,,0.6,False
T1,Rizespor,Casa,Ambas marcam (BTTS),13,13.0,0.3076923076923077,0.46153846153846156,0.1268049716161809,0.5763111218666236,-0.23230769230769233,,,,,0.2,False
T1,Rizespor,Casa,Over 1.5 golos,13,13.0,0.6153846153846154,0.4865042554105199,0.3552248097226855,0.8229055341876319,-0.12861538461538458,,,,,0.8,False
T1,Rizespor,Casa,Over 3.5 golos,13,13.0,0.07692307692307693,0.2664693550105965,0.013710066379696304,0.3331453392824736,-0.1910769230769231,,,,,0.0,False
T1,Rizespor,Casa,Cantos total Over 8.5,13,13.0,0.38461538461538464,0.4865042554105199,0.17709446581236818,0.6447751902773147,-0.19938461538461533,,,,,0.2,True
T1,Rizespor,Casa,Cantos total Over 9.5,13,13.0,0.38461538461538464,0.4865042554105199,0.17709446581236818,0.6447751902773147,-0.11138461538461536,,,,,0.2,True
T1,Rizespor,Casa,Cantos total Over 10.5,13,13.0,0.23076923076923078,0.42132504423474315,0.08179379092465708,0.5025687399512693,-0.16523076923076924,,,,,0.2,False
T1,Rizespor,Casa,Cantos equipa Over 4.5,13,13.0,0.3076923076923077,0.46153846153846156,0.1268049716161809,0.5763111218666236,-0.16030769230769232,,,,,0.0,True
T1,Rizespor,Casa,Cantos equipa Over 5.5,13,13.0,0.07692307692307693,0.2664693550105965,0.013710066379696304,0.3331453392824736,-0.28107692307692306,,,,,0.0,False
T1,Rizespor,Casa,Equipa ganha cantos,13,13.0,0.15384615384615385,0.36080121229410994,0.04325726318273798,0.4223517050863101,-0.29415384615384615,,,,,0.2,False
T1,Samsunspor,Fora,Vitória (1X2),13,13.0,0.3076923076923077,0.46153846153846156,0.1268049716161809,0.5763111218666236,-0.04030769230769227,-0.23153846153846155,3.281538461538461,0.3047351148616972,0.009704142011834227,0.2,False
T1,Samsunspor,Fora,Over 2.5 golos,13,13.0,0.46153846153846156,0.4985185152621431,0.23205754301488138,0.7085656756816795,-0.038461538461538436,-0.1423076923076923,1.9223076923076923,0.5202080832332934,-0.1127810650887574,0.4,False
T1,Samsunspor,Fora,Under 2.5 golos,13,13.0,0.5384615384615384,0.4985185152621431,0.29143432431832045,0.7679424569851186,0.038461538461538436,-0.05230769230769232,1.8246153846153845,0.5480607082630692,-0.017514792899408382,0.6,False
T1,Samsunspor,Fora,Handicap Asiático (AH),13,,,,,,,0.17653846153846153,1.8623076923076927,0.5369681949607599,,,False
T1,Samsunspor,Fora,Casa marca (>=1),13,13.0,0.8461538461538461,0.36080121229410994,0.5776482949136899,0.9567427368172621,0.12815384615384617,,,,,0.8,False
T1,Samsunspor,Fora,Clean sheet,13,13.0,0.23076923076923078,0.42132504423474315,0.08179379092465708,0.5025687399512693,-0.05123076923076919,,,,,0.4,False
T1,Samsunspor,Fora,Ambas marcam (BTTS),13,13.0,0.6923076923076923,0.46153846153846156,0.4236888781333764,0.873195028383819,0.15230769230769226,,,,,0.6,False
T1,Samsunspor,Fora,Over 1.5 golos,13,13.0,0.7692307692307693,0.42132504423474315,0.49743126004873084,0.918206209075343,0.02523076923076928,,,,,0.6,True
T1,Samsunspor,Fora,Over 3.5 golos,13,13.0,0.46153846153846156,0.4985185152621431,0.23205754301488138,0.7085656756816795,0.19353846153846155,,,,,0.4,False
T1,Samsunspor,Fora,Cantos total Over 8.5,13,13.0,0.6153846153846154,0.4865042554105199,0.3552248097226855,0.8229055341876319,0.031384615384615455,,,,,0.6,False
T1,Samsunspor,Fora,Cantos total Over 9.5,13,13.0,0.6153846153846154,0.4865042554105199,0.3552248097226855,0.8229055341876319,0.11938461538461542,,,,,0.6,False
T1,Samsunspor,Fora,Cantos total Over 10.5,13,13.0,0.5384615384615384,0.4985185152621431,0.29143432431832045,0.7679424569851186,0.14246153846153842,,,,,0.4,False
T1,Samsunspor,Fora,Cantos equipa Over 4.5,13,13.0,0.6153846153846154,0.4865042554105199,0.3552248097226855,0.8229055341876319,0.1473846153846154,,,,,0.6,False
T1,Samsunspor,Fora,Cantos equipa Over 5.5,13,13.0,0.46153846153846156,0.4985185152621431,0.23205754301488138,0.7085656756816795,0.10353846153846158,,,,,0.6,False
T1,Samsunspor,Fora,Equipa ganha cantos,13,13.0,0.38461538461538464,0.4865042554105199,0.17709446581236818,0.6447751902773147,-0.06338461538461537,,,,,0.4,False
T1,Samsunspor,Casa,Vitória (1X2),14,14.0,0.2857142857142857,0.45175395145262565,0.11721187910109102,0.546495411724844,-0.06228571428571428,-0.5107142857142858,2.1035714285714286,0.47538200339558573,-0.3989795918367347,0.2,False
T1,Samsunspor,Casa,Over 2.5 golos,14,14.0,0.42857142857142855,0.49487165930539345,0.21380509930400526,0.6740973309713064,-0.07142857142857145,-0.16142857142857148,1.9171428571428568,0.5216095380029807,-0.17836734693877565,0.6,False
T1,Samsunspor,Casa,Under 2.5 golos,14,14.0,0.5714285714285714,0.4948716593053935,0.3259026690286936,0.7861949006959947,0.0714285714285714,0.05214285714285711,1.8135714285714284,0.5513981882630957,0.03632653061224489,0.4,True
T1,Samsunspor,Casa,Handicap Asiático (AH),14,,,,,,,-0.3803571428571428,1.875,0.5333333333333333,,,False
T1,Samsunspor,Casa,Casa marca (>=1),14,14.0,0.5714285714285714,0.4948716593053935,0.3259026690286936,0.7861949006959947,-0.14657142857142857,,,,,0.4,True
T1,Samsunspor,Casa,Clean sheet,14,14.0,0.35714285714285715,0.4791574237499549,0.16344490737202735,0.6123599531785959,0.07514285714285718,,,,,0.4,False
T1,Samsunspor,Casa,Ambas marcam (BTTS),14,14.0,0.5,0.5,0.2679886791947528,0.7320113208052473,-0.040000000000000036,,,,,0.4,False
T1,Samsunspor,Casa,Over 1.5 golos,14,14.0,0.6428571428571429,0.4791574237499549,0.3876400468214041,0.8365550926279727,-0.10114285714285709,,,,,0.6,False
T1,Samsunspor,Casa,Over 3.5 golos,14,14.0,0.14285714285714285,0.3499271061118826,0.04009307373792117,0.399419077638637,-0.12514285714285717,,,,,0.2,False
T1,Samsunspor,Casa,Cantos total Over 8.5,14,14.0,0.7142857142857143,0.45175395145262565,0.4535045882751561,0.882788120898909,0.13028571428571434,,,,,0.8,False
T1,Samsunspor,Casa,Cantos total Over 9.5,14,14.0,0.5,0.5,0.2679886791947528,0.7320113208052473,0.0040000000000000036,,,,,0.6,False
T1,Samsunspor,Casa,Cantos total Over 10.5,14,14.0,0.35714285714285715,0.4791574237499549,0.16344490737202735,0.6123599531785959,-0.03885714285714287,,,,,0.2,True
T1,Samsunspor,Casa,Cantos equipa Over 4.5,14,14.0,0.8571428571428571,0.34992710611188266,0.600580922361363,0.9599069262620787,0.38914285714285707,,,,,1.0,False
T1,Samsunspor,Casa,Cantos equipa Over 5.5,14,14.0,0.7857142857142857,0.4103259033241449,0.5241027622679172,0.9242875166308363,0.4277142857142857,,,,,1.0,False
T1,Samsunspor,Casa,Equipa ganha cantos,14,14.0,0.8571428571428571,0.34992710611188266,0.600580922361363,0.9599069262620787,0.4091428571428571,,,,,0.8,False
T1,Trabzonspor,Fora,Vitória (1X2),14,14.0,0.7142857142857143,0.45175395145262565,0.4535045882751561,0.882788120898909,0.3662857142857143,0.6435714285714286,2.840714285714285,0.35202413879808914,1.0290816326530607,0.8,False
T1,Trabzonspor,Fora,Over 2.5 golos,14,14.0,0.6428571428571429,0.4791574237499549,0.3876400468214041,0.8365550926279727,0.1428571428571429,0.185,1.7635714285714283,0.5670311867152694,0.13372448979591822,0.6,False
T1,Trabzonspor,Fora,Under 2.5 golos,14,14.0,0.35714285714285715,0.4791574237499549,0.16344490737202735,0.6123599531785959,-0.14285714285714285,-0.20357142857142854,2.007857142857143,0.4980434009249377,-0.2829081632653061,0.4,False
T1,Trabzonspor,Fora,Handicap Asiático (AH),14,,,,,,,0.5303571428571427,1.8542857142857143,0.539291217257319,,,False
T1,Trabzonspor,Fora,Casa marca (>=1),14,14.0,0.8571428571428571,0.34992710611188266,0.600580922361363,0.9599069262620787,0.13914285714285712,,,,,1.0,False
T1,Trabzonspor,Fora,Clean sheet,14,14.0,0.2857142857142857,0.45175395145262565,0.11721187910109102,0.546495411724844,0.0037142857142857255,,,,,0.4,False
T1,Trabzonspor,Fora,Ambas marcam (BTTS),14,14.0,0.6428571428571429,0.4791574237499549,0.3876400468214041,0.8365550926279727,0.10285714285714287,,,,,0.6,False
T1,Trabzonspor,Fora,Over 1.5 golos,14,14.0,0.7142857142857143,0.45175395145262565,0.4535045882751561,0.882788120898909,-0.029714285714285693,,,,,0.8,False
T1,Trabzonspor,Fora,Over 3.5 golos,14,14.0,0.2857142857142857,0.45175395145262565,0.11721187910109102,0.546495411724844,0.017714285714285682,,,,,0.2,False
T1,Trabzonspor,Fora,Cantos total Over 8.5,14,14.0,0.7142857142857143,0.45175395145262565,0.4535045882751561,0.882788120898909,0.13028571428571434,,,,,0.8,False
T1,Trabzonspor,Fora,Cantos total Over 9.5,14,14.0,0.5714285714285714,0.4948716593053935,0.3259026690286936,0.7861949006959947,0.0754285714285714,,,,,0.6,False
T1,Trabzonspor,Fora,Cantos total Over 10.5,14,14.0,0.5,0.5,0.2679886791947528,0.7320113208052473,0.10399999999999998,,,,,0.6,False
T1,Trabzonspor,Fora,Cantos equipa Over 4.5,14,14.0,0.42857142857142855,0.49487165930539345,0.21380509930400526,0.6740973309713064,-0.03942857142857148,,,,,0.6,False
T1,Trabzonspor,Fora,Cantos equipa Over 5.5,14,14.0,0.35714285714285715,0.4791574237499549,0.16344490737202735,0.6123599531785959,-0.0008571428571428341,,,,,0.4,False
T1,Trabzonspor,Fora,Equipa ganha cantos,14,14.0,0.35714285714285715,0.4791574237499549,0.16344490737202735,0.6123599531785959,-0.09085714285714286,,,,,0.6,False
T1,Trabzonspor,Casa,Vitória (1X2),14,14.0,0.6428571428571429,0.4791574237499549,0.3876400468214041,0.8365550926279727,0.29485714285714293,0.11,1.8849999999999998,0.5305039787798409,0.21178571428571424,0.8,False
T1,Trabzonspor,Casa,Over 2.5 golos,14,14.0,0.5,0.5,0.2679886791947528,0.7320113208052473,0.0,-0.18357142857142858,1.6964285714285714,0.5894736842105264,-0.1517857142857144,0.8,False
T1,Trabzonspor,Casa,Under 2.5 golos,14,14.0,0.5,0.5,0.2679886791947528,0.7320113208052473,0.0,-0.010714285714285676,2.0707142857142853,0.48292514660227676,0.03535714285714264,0.2,True
T1,Trabzonspor,Casa,Handicap Asiático (AH),14,,,,,,,0.08964285714285712,1.8607142857142855,0.5374280230326296,,,False
T1,Trabzonspor,Casa,Casa marca (>=1),14,14.0,1.0,0.0,0.7846829880728186,1.0,0.28200000000000003,,,,,1.0,False
T1,Trabzonspor,Casa,Clean sheet,14,14.0,0.35714285714285715,0.4791574237499549,0.16344490737202735,0.6123599531785959,0.07514285714285718,,,,,0.2,True
T1,Trabzonspor,Casa,Ambas marcam (BTTS),14,14.0,0.6428571428571429,0.4791574237499549,0.3876400468214041,0.8365550926279727,0.10285714285714287,,,,,0.8,False
T1,Trabzonspor,Casa,Over 1.5 golos,14,14.0,0.7857142857142857,0.4103259033241449,0.5241027622679172,0.9242875166308363,0.041714285714285704,,,,,0.8,False
T1,Trabzonspor,Casa,Over 3.5 golos,14,14.0,0.35714285714285715,0.4791574237499549,0.16344490737202735,0.6123599531785959,0.08914285714285713,,,,,0.4,False
T1,Trabzonspor,Casa,Cantos total Over 8.5,14,14.0,0.5714285714285714,0.4948716593053935,0.3259026690286936,0.7861949006959947,-0.012571428571428567,,,,,0.8,False
T1,Trabzonspor,Casa,Cantos total Over 9.5,14,14.0,0.42857142857142855,0.49487165930539345,0.21380509930400526,0.6740973309713064,-0.06742857142857145,,,,,0.6,False
T1,Trabzonspor,Casa,Cantos total Over 10.5,14,14.0,0.35714285714285715,0.4791574237499549,0.16344490737202735,0.6123599531785959,-0.03885714285714287,,,,,0.6,False
T1,Trabzonspor,Casa,Cantos equipa Over 4.5,14,14.0,0.5,0.5,0.2679886791947528,0.7320113208052473,0.03199999999999997,,,,,0.6,False
T1,Trabzonspor,Casa,Cantos equipa Over 5.5,14,14.0,0.35714285714285715,0.4791574237499549,0.16344490737202735,0.6123599531785959,-0.0008571428571428341,,,,,0.4,False
T1,Trabzonspor,Casa,Equipa ganha cantos,14,14.0,0.35714285714285715,0.4791574237499549,0.16344490737202735,0.6123599531785959,-0.09085714285714286,,,,,0.4,False
T1,Alanyaspor,Total,Vitória (1X2),28,28.0,0.21428571428571427,0.41032590332414487,0.10212321701189421,0.39538947079273873,-0.1337142857142857,-0.46035714285714285,3.4439285714285712,0.2903660686508348,-0.26201530612244905,0.2,False
T1,Alanyaspor,Total,Over 2.5 golos,28,28.0,0.4642857142857143,0.4987228587060336,0.2953130373965958,0.6418760485789833,-0.0357142857142857,-0.14357142857142854,1.8367857142857145,0.5444293214077386,-0.1472066326530611,0.6,False
T1,Alanyaspor,Total,Under 2.5 golos,28,28.0,0.5357142857142857,0.4987228587060336,0.35812395142101666,0.7046869626034041,0.0357142857142857,0.025000000000000022,1.9253571428571425,0.5193841587831572,0.031441326530611935,0.4,False
T1,Alanyaspor,Total,Handicap Asiático (AH),28,,,,,,,0.0482142857142857,1.850357142857143,0.5404362092260181,,,False
T1,Alanyaspor,Total,Casa marca (>=1),28,28.0,0.75,0.4330127018922193,0.566439747592954,0.8732366505779923,0.03200000000000003,,,,,0.8,False
T1,Alanyaspor,Total,Clean sheet,28,28.0,0.32142857142857145,0.46702488680792936,0.1793304754342074,0.5066149544436882,0.03942857142857148,,,,,0.4,False
T1,Alanyaspor,Total,Ambas marcam (BTTS),28,28.0,0.6071428571428571,0.48838551182776224,0.42408726034906297,0.7643454817241996,0.06714285714285706,,,,,0.6,False
T1,Alanyaspor,Total,Over 1.5 golos,28,28.0,0.75,0.4330127018922193,0.566439747592954,0.8732366505779923,0.006000000000000005,,,,,0.8,False
T1,Alanyaspor,Total,Over 3.5 golos,28,28.0,0.2857142857142857,0.45175395145262565,0.15253815848329966,0.47059635737017497,0.017714285714285682,,,,,0.6,False
T1,Alanyaspor,Total,Cantos total Over 8.5,28,28.0,0.35714285714285715,0.4791574237499549,0.20705611972458876,0.5417002241777278,-0.2268571428571428,,,,,0.4,False
T1,Alanyaspor,Total,Cantos total Over 9.5,28,28.0,0.35714285714285715,0.4791574237499549,0.20705611972458876,0.5417002241777278,-0.13885714285714285,,,,,0.4,False
T1,Alanyaspor,Total,Cantos total Over 10.5,28,28.0,0.35714285714285715,0.4791574237499549,0.20705611972458876,0.5417002241777278,-0.03885714285714287,,,,,0.4,False
T1,Alanyaspor,Total,Cantos equipa Over 4.5,28,28.0,0.4642857142857143,0.4987228587060336,0.2953130373965958,0.6418760485789833,-0.0037142857142857255,,,,,0.4,False
T1,Alanyaspor,Total,Cantos equipa Over 5.5,28,28.0,0.39285714285714285,0.4883855118277623,0.23565451827580033,0.575912739650937,0.034857142857142864,,,,,0.4,False
T1,Alanyaspor,Total,Equipa ganha cantos,28,28.0,0.4642857142857143,0.4987228587060336,0.2953130373965958,0.6418760485789833,0.016285714285714292,,,,,0.4,False
T1,Antalyaspor,Total,Vitória (1X2),28,28.0,0.25,0.4330127018922193,0.12676334942200781,0.43356025240704604,-0.09799999999999998,-0.19499999999999998,4.260714285714285,0.23470243084660522,0.06517857142857131,0.2,False
T1,Antalyaspor,Total,Over 2.5 golos,28,28.0,0.5357142857142857,0.4987228587060336,0.35812395142101666,0.7046869626034041,0.0357142857142857,0.044285714285714275,1.9057142857142855,0.5247376311844079,0.020918367346938638,0.6,False
T1,Antalyaspor,Total,Under 2.5 golos,28,28.0,0.4642857142857143,0.4987228587060336,0.2953130373965958,0.6418760485789833,-0.0357142857142857,-0.1217857142857143,1.853214285714286,0.5396030063596068,-0.13957908163265287,0.4,False
T1,Antalyaspor,Total,Handicap Asiático (AH),28,,,,,,,-0.021071428571428574,1.865357142857143,0.5360903695194332,,,False
T1,Antalyaspor,Total,Casa marca (>=1),28,28.0,0.6428571428571429,0.4791574237499549,0.4582997758222724,0.7929438802754113,-0.07514285714285707,,,,,0.6,False
T1,Antalyaspor,Total,Clean sheet,28,28.0,0.25,0.4330127018922193,0.12676334942200781,0.43356025240704604,-0.03199999999999997,,,,,0.4,False
T1,Antalyaspor,Total,Ambas marcam (BTTS),28,28.0,0.5357142857142857,0.4987228587060336,0.35812395142101666,0.7046869626034041,-0.004285714285714337,,,,,0.4,False
T1,Antalyaspor,Total,Over 1.5 golos,28,28.0,0.6428571428571429,0.4791574237499549,0.4582997758222724,0.7929438802754113,-0.10114285714285709,,,,,0.6,False
T1,Antalyaspor,Total,Over 3.5 golos,28,28.0,0.2857142857142857,0.45175395145262565,0.15253815848329966,0.47059635737017497,0.017714285714285682,,,,,0.4,False
T1,Antalyaspor,Total,Cantos total Over 8.5,28,28.0,0.6071428571428571,0.48838551182776224,0.42408726034906297,0.7643454817241996,0.02314285714285713,,,,,0.6,False
T1,Antalyaspor,Total,Cantos total Over 9.5,28,28.0,0.6071428571428571,0.48838551182776224,0.42408726034906297,0.7643454817241996,0.1111428571428571,,,,,0.6,False
T1,Antalyaspor,Total,Cantos total Over 10.5,28,28.0,0.5,0.5,0.32632846832446344,0.6736715316755366,0.10399999999999998,,,,,0.6,False
T1,Antalyaspor,Total,Cantos equipa Over 4.5,28,28.0,0.35714285714285715,0.4791574237499549,0.20705611972458876,0.5417002241777278,-0.11085714285714288,,,,,0.4,False
T1,Antalyaspor,Total,Cantos equipa Over 5.5,28,28.0,0.17857142857142858,0.38299304624155744,0.07878385829430107,0.35591791548591095,-0.1794285714285714,,,,,0.2,False
T1,Antalyaspor,Total,Equipa ganha cantos,28,28.0,0.25,0.4330127018922193,0.12676334942200781,0.43356025240704604,-0.198,,,,,0.4,False
T1,Besiktas,Total,Vitória (1X2),28,28.0,0.5357142857142857,0.4987228587060336,0.35812395142101666,0.7046869626034041,0.18771428571428572,-0.0882142857142857,1.9796428571428568,0.5051416200613387,0.06052295918367334,0.6,False
T1,Besiktas,Total,Over 2.5 golos,28,28.0,0.5714285714285714,0.4948716593053935,0.390704789856154,0.7349170381926877,0.0714285714285714,-0.08392857142857142,1.6178571428571427,0.6181015452538632,-0.07551020408163278,0.2,True
T1,Besiktas,Total,Under 2.5 golos,28,28.0,0.42857142857142855,0.49487165930539345,0.2650829618073123,0.6092952101438459,-0.07142857142857145,-0.06392857142857142,2.212142857142857,0.45205037132709075,-0.051938775510204205,0.8,False
T1,Besiktas,Total,Handicap Asiático (AH),28,,,,,,,-0.03946428571428568,1.9496428571428572,0.5129144531965562,,,False
T1,Besiktas,Total,Casa marca (>=1),28,28.0,0.8571428571428571,0.34992710611188266,0.6850982695512267,0.9430108706929821,0.13914285714285712,,,,,0.6,True
T1,Besiktas,Total,Clean sheet,28,28.0,0.2857142857142857,0.45175395145262565,0.15253815848329966,0.47059635737017497,0.0037142857142857255,,,,,0.4,False
T1,Besiktas,Total,Ambas marcam (BTTS),28,28.0,0.5714285714285714,0.4948716593053935,0.390704789856154,0.7349170381926877,0.03142857142857136,,,,,0.2,True
T1,Besiktas,Total,Over 1.5 golos,28,28.0,0.8214285714285714,0.38299304624155744,0.644082084514089,0.9212161417056989,0.0774285714285714,,,,,0.4,True
T1,Besiktas,Total,Over 3.5 golos,28,28.0,0.35714285714285715,0.4791574237499549,0.20705611972458876,0.5417002241777278,0.08914285714285713,,,,,0.0,True
T1,Besiktas,Total,Cantos total Over 8.5,28,28.0,0.6428571428571429,0.4791574237499549,0.4582997758222724,0.7929438802754113,0.05885714285714294,,,,,0.6,False
T1,Besiktas,Total,Cantos total Over 9.5,28,28.0,0.5,0.5,0.32632846832446344,0.6736715316755366,0.0040000000000000036,,,,,0.6,False
T1,Besiktas,Total,Cantos total Over 10.5,28,28.0,0.42857142857142855,0.49487165930539345,0.2650829618073123,0.6092952101438459,0.03257142857142853,,,,,0.6,False
T1,Besiktas,Total,Cantos equipa Over 4.5,28,28.0,0.5714285714285714,0.4948716593053935,0.390704789856154,0.7349170381926877,0.10342857142857137,,,,,0.6,False
T1,Besiktas,Total,Cantos equipa Over 5.5,28,28.0,0.39285714285714285,0.4883855118277623,0.23565451827580033,0.575912739650937,0.034857142857142864,,,,,0.4,False
T1,Besiktas,Total,Equipa ganha cantos,28,28.0,0.5714285714285714,0.4948716593053935,0.390704789856154,0.7349170381926877,0.12342857142857139,,,,,0.6,False
T1,Buyuksehyr,Total,Vitória (1X2),28,28.0,0.42857142857142855,0.49487165930539345,0.2650829618073123,0.6092952101438459,0.08057142857142857,-0.12964285714285714,2.5610714285714287,0.3904615813694045,0.09760204081632651,0.4,False
T1,Buyuksehyr,Total,Over 2.5 golos,28,28.0,0.5714285714285714,0.4948716593053935,0.390704789856154,0.7349170381926877,0.0714285714285714,-0.006071428571428584,1.7632142857142856,0.5671460401053271,0.007551020408163245,0.4,True
T1,Buyuksehyr,Total,Under 2.5 golos,28,28.0,0.42857142857142855,0.49487165930539345,0.2650829618073123,0.6092952101438459,-0.07142857142857145,-0.16464285714285715,1.990357142857143,0.5024223936838328,-0.14698979591836747,0.6,False
T1,Buyuksehyr,Total,Handicap Asiático (AH),28,,,,,,,-0.05517857142857146,1.8567857142857143,0.5385651086747452,,,False
T1,Buyuksehyr,Total,Casa marca (>=1),28,28.0,0.7857142857142857,0.4103259033241449,0.6046105292072612,0.8978767829881058,0.06771428571428573,,,,,0.4,True
T1,Buyuksehyr,Total,Clean sheet,28,28.0,0.35714285714285715,0.4791574237499549,0.20705611972458876,0.5417002241777278,0.07514285714285718,,,,,0.6,False
T1,Buyuksehyr,Total,Ambas marcam (BTTS),28,28.0,0.5714285714285714,0.4948716593053935,0.390704789856154,0.7349170381926877,0.03142857142857136,,,,,0.2,True
T1,Buyuksehyr,Total,Over 1.5 golos,28,28.0,0.7857142857142857,0.4103259033241449,0.6046105292072612,0.8978767829881058,0.041714285714285704,,,,,0.6,True
T1,Buyuksehyr,Total,Over 3.5 golos,28,28.0,0.21428571428571427,0.41032590332414487,0.10212321701189421,0.39538947079273873,-0.05371428571428574,,,,,0.0,True
T1,Buyuksehyr,Total,Cantos total Over 8.5,28,28.0,0.6785714285714286,0.4670248868079293,0.4933850455563118,0.8206695245657927,0.09457142857142864,,,,,0.6,False
T1,Buyuksehyr,Total,Cantos total Over 9.5,28,28.0,0.5357142857142857,0.4987228587060336,0.35812395142101666,0.7046869626034041,0.0397142857142857,,,,,0.4,False
T1,Buyuksehyr,Total,Cantos total Over 10.5,28,28.0,0.5,0.5,0.32632846832446344,0.6736715316755366,0.10399999999999998,,,,,0.4,False
T1,Buyuksehyr,Total,Cantos equipa Over 4.5,28,28.0,0.5714285714285714,0.4948716593053935,0.390704789856154,0.7349170381926877,0.10342857142857137,,,,,0.4,True
T1,Buyuksehyr,Total,Cantos equipa Over 5.5,28,28.0,0.32142857142857145,0.46702488680792936,0.1793304754342074,0.5066149544436882,-0.03657142857142853,,,,,0.2,False
T1,Buyuksehyr,Total,Equipa ganha cantos,28,28.0,0.42857142857142855,0.49487165930539345,0.2650829618073123,0.6092952101438459,-0.01942857142857146,,,,,0.2,True
T1,Eyupspor,Total,Vitória (1X2),28,28.0,0.17857142857142858,0.38299304624155744,0.07878385829430107,0.35591791548591095,-0.1694285714285714,-0.34785714285714286,4.579285714285715,0.21837466853844953,-0.18227040816326523,0.0,True
T1,Eyupspor,Total,Over 2.5 golos,28,28.0,0.39285714285714285,0.4883855118277623,0.23565451827580033,0.575912739650937,-0.10714285714285715,-0.315,1.8039285714285713,0.5543456741239359,-0.2913137755102041,0.2,True
T1,Eyupspor,Total,Under 2.5 golos,28,28.0,0.6071428571428571,0.48838551182776224,0.42408726034906297,0.7643454817241996,0.1071428571428571,0.1571428571428571,1.9882142857142857,0.5029638943775822,0.20713010204081628,0.8,False
T1,Eyupspor,Total,Handicap Asiático (AH),28,,,,,,,-0.24267857142857144,1.855,0.5390835579514824,,,False
T1,Eyupspor,Total,Casa marca (>=1),28,28.0,0.4642857142857143,0.4987228587060336,0.2953130373965958,0.6418760485789833,-0.25371428571428567,,,,,0.0,True
T1,Eyupspor,Total,Clean sheet,28,28.0,0.17857142857142858,0.38299304624155744,0.07878385829430107,0.35591791548591095,-0.1034285714285714,,,,,0.2,False
T1,Eyupspor,Total,Ambas marcam (BTTS),28,28.0,0.39285714285714285,0.4883855118277623,0.23565451827580033,0.575912739650937,-0.1471428571428572,,,,,0.0,True
T1,Eyupspor,Total,Over 1.5 golos,28,28.0,0.6071428571428571,0.48838551182776224,0.42408726034906297,0.7643454817241996,-0.1368571428571429,,,,,0.2,True
T1,Eyupspor,Total,Over 3.5 golos,28,28.0,0.14285714285714285,0.3499271061118826,0.056989129307017855,0.3149017304487733,-0.12514285714285717,,,,,0.0,False
T1,Eyupspor,Total,Cantos total Over 8.5,28,28.0,0.4642857142857143,0.4987228587060336,0.2953130373965958,0.6418760485789833,-0.11971428571428566,,,,,0.2,True
T1,Eyupspor,Total,Cantos total Over 9.5,28,28.0,0.35714285714285715,0.4791574237499549,0.20705611972458876,0.5417002241777278,-0.13885714285714285,,,,,0.2,True
T1,Eyupspor,Total,Cantos total Over 10.5,28,28.0,0.35714285714285715,0.4791574237499549,0.20705611972458876,0.5417002241777278,-0.03885714285714287,,,,,0.2,True
T1,Eyupspor,Total,Cantos equipa Over 4.5,28,28.0,0.25,0.4330127018922193,0.12676334942200781,0.43356025240704604,-0.21800000000000003,,,,,0.0,True
T1,Eyupspor,Total,Cantos equipa Over 5.5,28,28.0,0.17857142857142858,0.38299304624155744,0.07878385829430107,0.35591791548591095,-0.1794285714285714,,,,,0.0,True
T1,Eyupspor,Total,Equipa ganha cantos,28,28.0,0.21428571428571427,0.41032590332414487,0.10212321701189421,0.39538947079273873,-0.23371428571428574,,,,,0.0,True
T1,Fenerbahce,Total,Vitória (1X2),28,28.0,0.6428571428571429,0.4791574237499549,0.4582997758222724,0.7929438802754113,0.29485714285714293,-0.047500000000000035,1.5017857142857138,0.6658739595719384,-0.034566326530612534,0.6,False
T1,Fenerbahce,Total,Over 2.5 golos,28,28.0,0.5714285714285714,0.4948716593053935,0.390704789856154,0.7349170381926877,0.0714285714285714,-0.09964285714285714,1.61,0.6211180124223602,-0.07999999999999996,0.6,False
T1,Fenerbahce,Total,Under 2.5 golos,28,28.0,0.42857142857142855,0.49487165930539345,0.2650829618073123,0.6092952101438459,-0.07142857142857145,-0.07607142857142857,2.2482142857142855,0.4447974583002383,-0.03647959183673477,0.4,False
T1,Fenerbahce,Total,Handicap Asiático (AH),28,,,,,,,-0.0657142857142857,1.8596428571428574,0.5377376608411752,,,False
T1,Fenerbahce,Total,Casa marca (>=1),28,28.0,0.8928571428571429,0.3092947870658709,0.7280377463234292,0.9628823079452006,0.17485714285714293,,,,,0.8,False
T1,Fenerbahce,Total,Clean sheet,28,28.0,0.32142857142857145,0.46702488680792936,0.1793304754342074,0.5066149544436882,0.03942857142857148,,,,,0.2,False
T1,Fenerbahce,Total,Ambas marcam (BTTS),28,28.0,0.6428571428571429,0.4791574237499549,0.4582997758222724,0.7929438802754113,0.10285714285714287,,,,,0.6,False
T1,Fenerbahce,Total,Over 1.5 golos,28,28.0,0.8571428571428571,0.34992710611188266,0.6850982695512267,0.9430108706929821,0.1131428571428571,,,,,0.8,False
T1,Fenerbahce,Total,Over 3.5 golos,28,28.0,0.5,0.5,0.32632846832446344,0.6736715316755366,0.23199999999999998,,,,,0.6,False
T1,Fenerbahce,Total,Cantos total Over 8.5,28,28.0,0.7857142857142857,0.4103259033241449,0.6046105292072612,0.8978767829881058,0.20171428571428573,,,,,1.0,False
T1,Fenerbahce,Total,Cantos total Over 9.5,28,28.0,0.6428571428571429,0.4791574237499549,0.4582997758222724,0.7929438802754113,0.1468571428571429,,,,,1.0,False
T1,Fenerbahce,Total,Cantos total Over 10.5,28,28.0,0.5357142857142857,0.4987228587060336,0.35812395142101666,0.7046869626034041,0.13971428571428568,,,,,1.0,False
T1,Fenerbahce,Total,Cantos equipa Over 4.5,28,28.0,0.8571428571428571,0.34992710611188266,0.6850982695512267,0.9430108706929821,0.38914285714285707,,,,,1.0,False
T1,Fenerbahce,Total,Cantos equipa Over 5.5,28,28.0,0.75,0.4330127018922193,0.566439747592954,0.8732366505779923,0.392,,,,,1.0,False
T1,Fenerbahce,Total,Equipa ganha cantos,28,28.0,0.6428571428571429,0.4791574237499549,0.4582997758222724,0.7929438802754113,0.1948571428571429,,,,,1.0,False
T1,Galatasaray,Total,Vitória (1X2),27,27.0,0.7407407407407407,0.43822813208145306,0.5532106959738432,0.8682979157713321,0.3927407407407407,0.016296296296296302,1.465185185185185,0.6825075834175937,0.08532235939643318,0.6,False
T1,Galatasaray,Total,Over 2.5 golos,27,27.0,0.6666666666666666,0.4714045207910317,0.47824419872105484,0.8135694555640666,0.16666666666666663,-0.038888888888888876,1.4588888888888887,0.6854531607006855,-0.027407407407407547,0.6,False
T1,Galatasaray,Total,Under 2.5 golos,27,27.0,0.3333333333333333,0.4714045207910317,0.1864305444359335,0.521755801278945,-0.16666666666666669,-0.16148148148148145,2.628518518518519,0.38044244046780323,-0.12382716049382703,0.4,False
T1,Galatasaray,Total,Handicap Asiático (AH),27,,,,,,,0.23351851851851851,1.962962962962963,0.5094339622641509,,,False
T1,Galatasaray,Total,Casa marca (>=1),27,27.0,0.8888888888888888,0.3142696805273545,0.7194181745602704,0.9614803521050128,0.17088888888888887,,,,,0.8,False
T1,Galatasaray,Total,Clean sheet,27,27.0,0.4074074074074074,0.4913518207933925,0.24514513372857347,0.5927361694463591,0.1254074074074074,,,,,0.4,False
T1,Galatasaray,Total,Ambas marcam (BTTS),27,27.0,0.5185185185185185,0.4996569467863719,0.33985324586210425,0.6925704935029092,-0.021481481481481546,,,,,0.4,False
T1,Galatasaray,Total,Over 1.5 golos,27,27.0,0.8518518518518519,0.3552467795046459,0.6752093665317053,0.9408416814035511,0.10785185185185187,,,,,0.8,False
T1,Galatasaray,Total,Over 3.5 golos,27,27.0,0.4074074074074074,0.4913518207933925,0.24514513372857347,0.5927361694463591,0.13940740740740737,,,,,0.2,True
T1,Galatasaray,Total,Cantos total Over 8.5,27,27.0,0.5555555555555556,0.49690399499995325,0.3731271947957688,0.7241440232992717,-0.028444444444444383,,,,,0.6,False
T1,Galatasaray,Total,Cantos total Over 9.5,27,27.0,0.5185185185185185,0.4996569467863719,0.33985324586210425,0.6925704935029092,0.022518518518518493,,,,,0.6,False
T1,Galatasaray,Total,Cantos total Over 10.5,27,27.0,0.37037037037037035,0.4829038818668629,0.21532287067936856,0.557710953765537,-0.02562962962962967,,,,,0.6,False
T1,Galatasaray,Total,Cantos equipa Over 4.5,27,27.0,0.48148148148148145,0.49965694678637196,0.3074295064970908,0.6601467541378958,0.013481481481481428,,,,,0.4,False
T1,Galatasaray,Total,Cantos equipa Over 5.5,27,27.0,0.4444444444444444,0.49690399499995325,0.27585597670072826,0.6268728052042312,0.08644444444444443,,,,,0.4,False
T1,Galatasaray,Total,Equipa ganha cantos,27,27.0,0.6296296296296297,0.4829038818668629,0.442289046234463,0.7846771293206315,0.18162962962962964,,,,,0.8,False
T1,Gaziantep,Total,Vitória (1X2),28,28.0,0.2857142857142857,0.45175395145262565,0.15253815848329966,0.47059635737017497,-0.06228571428571428,-0.3207142857142857,3.761428571428571,0.2658564375237372,0.0746938775510202,0.2,False
T1,Gaziantep,Total,Over 2.5 golos,28,28.0,0.6428571428571429,0.4791574237499549,0.4582997758222724,0.7929438802754113,0.1428571428571429,0.12107142857142857,1.7471428571428576,0.5723630417007357,0.12316326530612298,0.4,True
T1,Gaziantep,Total,Under 2.5 golos,28,28.0,0.35714285714285715,0.4791574237499549,0.20705611972458876,0.5417002241777278,-0.14285714285714285,-0.26892857142857146,2.0435714285714286,0.4893393918210416,-0.2701530612244898,0.6,False
T1,Gaziantep,Total,Handicap Asiático (AH),28,,,,,,,-0.05571428571428572,1.8610714285714283,0.5373248896564959,,,False
T1,Gaziantep,Total,Casa marca (>=1),28,28.0,0.75,0.4330127018922193,0.566439747592954,0.8732366505779923,0.03200000000000003,,,,,0.8,False
T1,Gaziantep,Total,Clean sheet,28,28.0,0.17857142857142858,0.38299304624155744,0.07878385829430107,0.35591791548591095,-0.1034285714285714,,,,,0.2,False
T1,Gaziantep,Total,Ambas marcam (BTTS),28,28.0,0.6428571428571429,0.4791574237499549,0.4582997758222724,0.7929438802754113,0.10285714285714287,,,,,0.8,False
T1,Gaziantep,Total,Over 1.5 golos,28,28.0,0.8928571428571429,0.3092947870658709,0.7280377463234292,0.9628823079452006,0.1488571428571429,,,,,0.8,False
T1,Gaziantep,Total,Over 3.5 golos,28,28.0,0.32142857142857145,0.46702488680792936,0.1793304754342074,0.5066149544436882,0.053428571428571436,,,,,0.4,False
T1,Gaziantep,Total,Cantos total Over 8.5,28,28.0,0.5357142857142857,0.4987228587060336,0.35812395142101666,0.7046869626034041,-0.048285714285714265,,,,,0.6,False
T1,Gaziantep,Total,Cantos total Over 9.5,28,28.0,0.4642857142857143,0.4987228587060336,0.2953130373965958,0.6418760485789833,-0.031714285714285695,,,,,0.6,False
T1,Gaziantep,Total,Cantos total Over 10.5,28,28.0,0.42857142857142855,0.49487165930539345,0.2650829618073123,0.6092952101438459,0.03257142857142853,,,,,0.6,False
T1,Gaziantep,Total,Cantos equipa Over 4.5,28,28.0,0.4642857142857143,0.4987228587060336,0.2953130373965958,0.6418760485789833,-0.0037142857142857255,,,,,0.6,False
T1,Gaziantep,Total,Cantos equipa Over 5.5,28,28.0,0.42857142857142855,0.49487165930539345,0.2650829618073123,0.6092952101438459,0.07057142857142856,,,,,0.6,False
T1,Gaziantep,Total,Equipa ganha cantos,28,28.0,0.5,0.5,0.32632846832446344,0.6736715316755366,0.05199999999999999,,,,,0.2,True
T1,Genclerbirligi,Total,Vitória (1X2),28,28.0,0.21428571428571427,0.41032590332414487,0.10212321701189421,0.39538947079273873,-0.1337142857142857,-0.17464285714285707,4.458571428571429,0.22428708747196408,-0.0445918367346938,0.0,True
T1,Genclerbirligi,Total,Over 2.5 golos,28,28.0,0.5,0.5,0.32632846832446344,0.6736715316755366,0.0,-0.10035714285714288,1.8771428571428574,0.5327245053272449,-0.061428571428571166,0.0,True
T1,Genclerbirligi,Total,Under 2.5 golos,28,28.0,0.5,0.5,0.32632846832446344,0.6736715316755366,0.0,-0.10821428571428572,1.9039285714285714,0.5252297880322642,-0.048035714285714404,1.0,False
T1,Genclerbirligi,Total,Handicap Asiático (AH),28,,,,,,,-0.11464285714285714,1.8439285714285716,0.5423203563819484,,,False
T1,Genclerbirligi,Total,Casa marca (>=1),28,28.0,0.6071428571428571,0.48838551182776224,0.42408726034906297,0.7643454817241996,-0.11085714285714288,,,,,0.0,True
T1,Genclerbirligi,Total,Clean sheet,28,28.0,0.17857142857142858,0.38299304624155744,0.07878385829430107,0.35591791548591095,-0.1034285714285714,,,,,0.4,False
T1,Genclerbirligi,Total,Ambas marcam (BTTS),28,28.0,0.5357142857142857,0.4987228587060336,0.35812395142101666,0.7046869626034041,-0.004285714285714337,,,,,0.0,True
T1,Genclerbirligi,Total,Over 1.5 golos,28,28.0,0.6428571428571429,0.4791574237499549,0.4582997758222724,0.7929438802754113,-0.10114285714285709,,,,,0.4,True
T1,Genclerbirligi,Total,Over 3.5 golos,28,28.0,0.21428571428571427,0.41032590332414487,0.10212321701189421,0.39538947079273873,-0.05371428571428574,,,,,0.0,True
T1,Genclerbirligi,Total,Cantos total Over 8.5,28,28.0,0.7142857142857143,0.45175395145262565,0.529403642629825,0.8474618415167003,0.13028571428571434,,,,,1.0,False
T1,Genclerbirligi,Total,Cantos total Over 9.5,28,28.0,0.6071428571428571,0.48838551182776224,0.42408726034906297,0.7643454817241996,0.1111428571428571,,,,,0.8,False
T1,Genclerbirligi,Total,Cantos total Over 10.5,28,28.0,0.4642857142857143,0.4987228587060336,0.2953130373965958,0.6418760485789833,0.06828571428571428,,,,,0.6,False
T1,Genclerbirligi,Total,Cantos equipa Over 4.5,28,28.0,0.32142857142857145,0.46702488680792936,0.1793304754342074,0.5066149544436882,-0.14657142857142857,,,,,0.4,False
T1,Genclerbirligi,Total,Cantos equipa Over 5.5,28,28.0,0.32142857142857145,0.46702488680792936,0.1793304754342074,0.5066149544436882,-0.03657142857142853,,,,,0.4,False
T1,Genclerbirligi,Total,Equipa ganha cantos,28,28.0,0.35714285714285715,0.4791574237499549,0.20705611972458876,0.5417002241777278,-0.09085714285714286,,,,,0.2,True
T1,Goztep,Total,Vitória (1X2),27,27.0,0.4444444444444444,0.49690399499995325,0.27585597670072826,0.6268728052042312,0.09644444444444444,-0.0788888888888889,2.6288888888888886,0.3803888419273035,0.1683950617283949,0.2,True
T1,Goztep,Total,Over 2.5 golos,27,27.0,0.37037037037037035,0.4829038818668629,0.21532287067936856,0.557710953765537,-0.12962962962962965,-0.2937037037037038,1.9444444444444444,0.5142857142857143,-0.2798353909465022,0.6,False
T1,Goztep,Total,Under 2.5 golos,27,27.0,0.6296296296296297,0.4829038818668629,0.442289046234463,0.7846771293206315,0.12962962962962965,0.11851851851851852,1.8018518518518518,0.5549845837615622,0.13449931412894367,0.4,True
T1,Goztep,Total,Handicap Asiático (AH),27,,,,,,,-0.03444444444444446,1.8314814814814813,0.5460060667340749,,,False
T1,Goztep,Total,Casa marca (>=1),27,27.0,0.7037037037037037,0.4566232594791834,0.515189666191624,0.8414714668235244,-0.014296296296296251,,,,,0.6,False
T1,Goztep,Total,Clean sheet,27,27.0,0.5555555555555556,0.49690399499995325,0.3731271947957688,0.7241440232992717,0.2735555555555556,,,,,0.4,True
T1,Goztep,Total,Ambas marcam (BTTS),27,27.0,0.37037037037037035,0.4829038818668629,0.21532287067936856,0.557710953765537,-0.16962962962962969,,,,,0.4,False
T1,Goztep,Total,Over 1.5 golos,27,27.0,0.6296296296296297,0.4829038818668629,0.442289046234463,0.7846771293206315,-0.11437037037037034,,,,,0.8,False
T1,Goztep,Total,Over 3.5 golos,27,27.0,0.14814814814814814,0.3552467795046459,0.0591583185964489,0.3247906334682948,-0.11985185185185188,,,,,0.4,False
T1,Goztep,Total,Cantos total Over 8.5,27,27.0,0.7407407407407407,0.43822813208145306,0.5532106959738432,0.8682979157713321,0.15674074074074074,,,,,0.6,False
T1,Goztep,Total,Cantos total Over 9.5,27,27.0,0.5555555555555556,0.49690399499995325,0.3731271947957688,0.7241440232992717,0.059555555555555584,,,,,0.6,False
T1,Goztep,Total,Cantos total Over 10.5,27,27.0,0.4074074074074074,0.4913518207933925,0.24514513372857347,0.5927361694463591,0.011407407407407366,,,,,0.6,False
T1,Goztep,Total,Cantos equipa Over 4.5,27,27.0,0.5555555555555556,0.49690399499995325,0.3731271947957688,0.7241440232992717,0.08755555555555555,,,,,0.8,False
T1,Goztep,Total,Cantos equipa Over 5.5,27,27.0,0.3333333333333333,0.4714045207910317,0.1864305444359335,0.521755801278945,-0.02466666666666667,,,,,0.0,True
T1,Goztep,Total,Equipa ganha cantos,27,27.0,0.48148148148148145,0.49965694678637196,0.3074295064970908,0.6601467541378958,0.033481481481481445,,,,,0.4,False
T1,Karagumruk,Total,Vitória (1X2),28,28.0,0.17857142857142858,0.38299304624155744,0.07878385829430107,0.35591791548591095,-0.1694285714285714,-0.3557142857142857,4.797857142857143,0.20842638082477297,-0.14323979591836733,0.4,False
T1,Karagumruk,Total,Over 2.5 golos,28,28.0,0.4642857142857143,0.4987228587060336,0.2953130373965958,0.6418760485789833,-0.0357142857142857,-0.18964285714285717,1.8,0.5555555555555556,-0.16428571428571426,0.4,False
T1,Karagumruk,Total,Under 2.5 golos,28,28.0,0.5357142857142857,0.4987228587060336,0.35812395142101666,0.7046869626034041,0.0357142857142857,0.012142857142857138,1.9792857142857139,0.5052327679538074,0.06033163265306096,0.6,False
T1,Karagumruk,Total,Handicap Asiático (AH),28,,,,,,,-0.19839285714285712,1.8360714285714288,0.5446411204045905,,,False
T1,Karagumruk,Total,Casa marca (>=1),28,28.0,0.6071428571428571,0.48838551182776224,0.42408726034906297,0.7643454817241996,-0.11085714285714288,,,,,0.8,False
T1,Karagumruk,Total,Clean sheet,28,28.0,0.14285714285714285,0.3499271061118826,0.056989129307017855,0.3149017304487733,-0.13914285714285712,,,,,0.2,False
T1,Karagumruk,Total,Ambas marcam (BTTS),28,28.0,0.5,0.5,0.32632846832446344,0.6736715316755366,-0.040000000000000036,,,,,0.6,False
T1,Karagumruk,Total,Over 1.5 golos,28,28.0,0.8214285714285714,0.38299304624155744,0.644082084514089,0.9212161417056989,0.0774285714285714,,,,,0.8,False
T1,Karagumruk,Total,Over 3.5 golos,28,28.0,0.21428571428571427,0.41032590332414487,0.10212321701189421,0.39538947079273873,-0.05371428571428574,,,,,0.2,False
T1,Karagumruk,Total,Cantos total Over 8.5,28,28.0,0.5357142857142857,0.4987228587060336,0.35812395142101666,0.7046869626034041,-0.048285714285714265,,,,,0.6,False
T1,Karagumruk,Total,Cantos total Over 9.5,28,28.0,0.4642857142857143,0.4987228587060336,0.2953130373965958,0.6418760485789833,-0.031714285714285695,,,,,0.4,False
T1,Karagumruk,Total,Cantos total Over 10.5,28,28.0,0.39285714285714285,0.4883855118277623,0.23565451827580033,0.575912739650937,-0.0031428571428571694,,,,,0.4,False
T1,Karagumruk,Total,Cantos equipa Over 4.5,28,28.0,0.2857142857142857,0.45175395145262565,0.15253815848329966,0.47059635737017497,-0.18228571428571433,,,,,0.2,False
T1,Karagumruk,Total,Cantos equipa Over 5.5,28,28.0,0.17857142857142858,0.38299304624155744,0.07878385829430107,0.35591791548591095,-0.1794285714285714,,,,,0.2,False
T1,Karagumruk,Total,Equipa ganha cantos,28,28.0,0.2857142857142857,0.45175395145262565,0.15253815848329966,0.47059635737017497,-0.1622857142857143,,,,,0.2,False
T1,Kasimpasa,Total,Vitória (1X2),28,28.0,0.21428571428571427,0.41032590332414487,0.10212321701189421,0.39538947079273873,-0.1337142857142857,-0.4446428571428571,3.8210714285714293,0.2617067015608935,-0.18119897959183662,0.4,False
T1,Kasimpasa,Total,Over 2.5 golos,28,28.0,0.42857142857142855,0.49487165930539345,0.2650829618073123,0.6092952101438459,-0.07142857142857145,-0.2732142857142857,1.7892857142857144,0.5588822355289421,-0.23316326530612252,0.4,False
T1,Kasimpasa,Total,Under 2.5 golos,28,28.0,0.5714285714285714,0.4948716593053935,0.390704789856154,0.7349170381926877,0.0714285714285714,0.08499999999999999,1.9896428571428573,0.5026027643152037,0.13693877551020406,0.6,False
T1,Kasimpasa,Total,Handicap Asiático (AH),28,,,,,,,-0.03464285714285711,1.8214285714285714,0.5490196078431373,,,False
T1,Kasimpasa,Total,Casa marca (>=1),28,28.0,0.6428571428571429,0.4791574237499549,0.4582997758222724,0.7929438802754113,-0.07514285714285707,,,,,0.8,False
T1,Kasimpasa,Total,Clean sheet,28,28.0,0.25,0.4330127018922193,0.12676334942200781,0.43356025240704604,-0.03199999999999997,,,,,0.4,False
T1,Kasimpasa,Total,Ambas marcam (BTTS),28,28.0,0.5357142857142857,0.4987228587060336,0.35812395142101666,0.7046869626034041,-0.004285714285714337,,,,,0.4,False
T1,Kasimpasa,Total,Over 1.5 golos,28,28.0,0.7142857142857143,0.45175395145262565,0.529403642629825,0.8474618415167003,-0.029714285714285693,,,,,0.8,False
T1,Kasimpasa,Total,Over 3.5 golos,28,28.0,0.14285714285714285,0.3499271061118826,0.056989129307017855,0.3149017304487733,-0.12514285714285717,,,,,0.0,False
T1,Kasimpasa,Total,Cantos total Over 8.5,28,28.0,0.42857142857142855,0.49487165930539345,0.2650829618073123,0.6092952101438459,-0.15542857142857142,,,,,0.2,True
T1,Kasimpasa,Total,Cantos total Over 9.5,28,28.0,0.35714285714285715,0.4791574237499549,0.20705611972458876,0.5417002241777278,-0.13885714285714285,,,,,0.2,True
T1,Kasimpasa,Total,Cantos total Over 10.5,28,28.0,0.25,0.4330127018922193,0.12676334942200781,0.43356025240704604,-0.14600000000000002,,,,,0.2,False
T1,Kasimpasa,Total,Cantos equipa Over 4.5,28,28.0,0.35714285714285715,0.4791574237499549,0.20705611972458876,0.5417002241777278,-0.11085714285714288,,,,,0.0,True
T1,Kasimpasa,Total,Cantos equipa Over 5.5,28,28.0,0.25,0.4330127018922193,0.12676334942200781,0.43356025240704604,-0.10799999999999998,,,,,0.0,True
T1,Kasimpasa,Total,Equipa ganha cantos,28,28.0,0.4642857142857143,0.4987228587060336,0.2953130373965958,0.6418760485789833,0.016285714285714292,,,,,0.2,True
T1,Kayserispor,Total,Vitória (1X2),28,28.0,0.14285714285714285,0.3499271061118826,0.056989129307017855,0.3149017304487733,-0.20514285714285713,-0.6464285714285715,4.351785714285714,0.22979072630283137,-0.3783163265306123,0.2,False
T1,Kayserispor,Total,Over 2.5 golos,28,28.0,0.4642857142857143,0.4987228587060336,0.2953130373965958,0.6418760485789833,-0.0357142857142857,-0.22535714285714284,1.7400000000000002,0.5747126436781609,-0.19214285714285706,0.4,False
T1,Kayserispor,Total,Under 2.5 golos,28,28.0,0.5357142857142857,0.4987228587060336,0.35812395142101666,0.7046869626034041,0.0357142857142857,0.04357142857142855,2.079285714285714,0.48093438680865686,0.11390306122448979,0.6,False
T1,Kayserispor,Total,Handicap Asiático (AH),28,,,,,,,-0.07410714285714286,1.850357142857143,0.5404362092260181,,,False
T1,Kayserispor,Total,Casa marca (>=1),28,28.0,0.6071428571428571,0.48838551182776224,0.42408726034906297,0.7643454817241996,-0.11085714285714288,,,,,0.6,False
T1,Kayserispor,Total,Clean sheet,28,28.0,0.21428571428571427,0.41032590332414487,0.10212321701189421,0.39538947079273873,-0.0677142857142857,,,,,0.4,False
T1,Kayserispor,Total,Ambas marcam (BTTS),28,28.0,0.5,0.5,0.32632846832446344,0.6736715316755366,-0.040000000000000036,,,,,0.4,False
T1,Kayserispor,Total,Over 1.5 golos,28,28.0,0.75,0.4330127018922193,0.566439747592954,0.8732366505779923,0.006000000000000005,,,,,0.6,True
T1,Kayserispor,Total,Over 3.5 golos,28,28.0,0.32142857142857145,0.46702488680792936,0.1793304754342074,0.5066149544436882,0.053428571428571436,,,,,0.2,False
T1,Kayserispor,Total,Cantos total Over 8.5,28,28.0,0.7857142857142857,0.4103259033241449,0.6046105292072612,0.8978767829881058,0.20171428571428573,,,,,0.8,False
T1,Kayserispor,Total,Cantos total Over 9.5,28,28.0,0.6428571428571429,0.4791574237499549,0.4582997758222724,0.7929438802754113,0.1468571428571429,,,,,0.6,False
T1,Kayserispor,Total,Cantos total Over 10.5,28,28.0,0.35714285714285715,0.4791574237499549,0.20705611972458876,0.5417002241777278,-0.03885714285714287,,,,,0.6,False
T1,Kayserispor,Total,Cantos equipa Over 4.5,28,28.0,0.5,0.5,0.32632846832446344,0.6736715316755366,0.03199999999999997,,,,,0.8,False
T1,Kayserispor,Total,Cantos equipa Over 5.5,28,28.0,0.42857142857142855,0.49487165930539345,0.2650829618073123,0.6092952101438459,0.07057142857142856,,,,,0.8,False
T1,Kayserispor,Total,Equipa ganha cantos,28,28.0,0.4642857142857143,0.4987228587060336,0.2953130373965958,0.6418760485789833,0.016285714285714292,,,,,0.8,False
T1,Kocaelispor,Total,Vitória (1X2),28,28.0,0.32142857142857145,0.46702488680792936,0.1793304754342074,0.5066149544436882,-0.026571428571428524,-0.11714285714285717,3.4214285714285713,0.29227557411273486,0.09974489795918373,0.2,False
T1,Kocaelispor,Total,Over 2.5 golos,28,28.0,0.32142857142857145,0.46702488680792936,0.1793304754342074,0.5066149544436882,-0.17857142857142855,-0.36214285714285716,1.9689285714285716,0.5078904407763468,-0.3671301020408163,0.4,False
T1,Kocaelispor,Total,Under 2.5 golos,28,28.0,0.6785714285714286,0.4670248868079293,0.4933850455563118,0.8206695245657927,0.1785714285714286,0.21535714285714283,1.7967857142857142,0.556549393758696,0.21924744897959192,0.6,False
T1,Kocaelispor,Total,Handicap Asiático (AH),28,,,,,,,-0.15714285714285708,1.8667857142857145,0.5356801224411708,,,False
T1,Kocaelispor,Total,Casa marca (>=1),28,28.0,0.5714285714285714,0.4948716593053935,0.390704789856154,0.7349170381926877,-0.14657142857142857,,,,,0.4,True
T1,Kocaelispor,Total,Clean sheet,28,28.0,0.35714285714285715,0.4791574237499549,0.20705611972458876,0.5417002241777278,0.07514285714285718,,,,,0.4,False
T1,Kocaelispor,Total,Ambas marcam (BTTS),28,28.0,0.35714285714285715,0.4791574237499549,0.20705611972458876,0.5417002241777278,-0.18285714285714288,,,,,0.2,True
T1,Kocaelispor,Total,Over 1.5 golos,28,28.0,0.5714285714285714,0.4948716593053935,0.390704789856154,0.7349170381926877,-0.1725714285714286,,,,,0.4,True
T1,Kocaelispor,Total,Over 3.5 golos,28,28.0,0.14285714285714285,0.3499271061118826,0.056989129307017855,0.3149017304487733,-0.12514285714285717,,,,,0.2,False
T1,Kocaelispor,Total,Cantos total Over 8.5,28,28.0,0.42857142857142855,0.49487165930539345,0.2650829618073123,0.6092952101438459,-0.15542857142857142,,,,,0.4,False
T1,Kocaelispor,Total,Cantos total Over 9.5,28,28.0,0.32142857142857145,0.46702488680792936,0.1793304754342074,0.5066149544436882,-0.17457142857142854,,,,,0.2,False
T1,Kocaelispor,Total,Cantos total Over 10.5,28,28.0,0.21428571428571427,0.41032590332414487,0.10212321701189421,0.39538947079273873,-0.18171428571428574,,,,,0.2,False
T1,Kocaelispor,Total,Cantos equipa Over 4.5,28,28.0,0.42857142857142855,0.49487165930539345,0.2650829618073123,0.6092952101438459,-0.03942857142857148,,,,,0.2,True
T1,Kocaelispor,Total,Cantos equipa Over 5.5,28,28.0,0.32142857142857145,0.46702488680792936,0.1793304754342074,0.5066149544436882,-0.03657142857142853,,,,,0.2,False
T1,Kocaelispor,Total,Equipa ganha cantos,28,28.0,0.5714285714285714,0.4948716593053935,0.390704789856154,0.7349170381926877,0.12342857142857139,,,,,0.2,True
T1,Konyaspor,Total,Vitória (1X2),28,28.0,0.25,0.4330127018922193,0.12676334942200781,0.43356025240704604,-0.09799999999999998,-0.2817857142857142,3.3753571428571427,0.2962649455084118,-0.15616071428571432,0.4,False
T1,Konyaspor,Total,Over 2.5 golos,28,28.0,0.5,0.5,0.32632846832446344,0.6736715316755366,0.0,-0.07714285714285718,1.8353571428571431,0.5448530842576376,-0.08232142857142843,0.4,False
T1,Konyaspor,Total,Under 2.5 golos,28,28.0,0.5,0.5,0.32632846832446344,0.6736715316755366,0.0,-0.043571428571428594,1.934642857142857,0.5168912682296474,-0.032678571428571335,0.6,False
T1,Konyaspor,Total,Handicap Asiático (AH),28,,,,,,,-0.25785714285714284,1.9510714285714286,0.5125388980413692,,,False
T1,Konyaspor,Total,Casa marca (>=1),28,28.0,0.7857142857142857,0.4103259033241449,0.6046105292072612,0.8978767829881058,0.06771428571428573,,,,,0.8,False
T1,Konyaspor,Total,Clean sheet,28,28.0,0.17857142857142858,0.38299304624155744,0.07878385829430107,0.35591791548591095,-0.1034285714285714,,,,,0.2,False
T1,Konyaspor,Total,Ambas marcam (BTTS),28,28.0,0.6785714285714286,0.4670248868079293,0.4933850455563118,0.8206695245657927,0.13857142857142857,,,,,0.6,False
T1,Konyaspor,Total,Over 1.5 golos,28,28.0,0.8928571428571429,0.3092947870658709,0.7280377463234292,0.9628823079452006,0.1488571428571429,,,,,0.8,False
T1,Konyaspor,Total,Over 3.5 golos,28,28.0,0.25,0.4330127018922193,0.12676334942200781,0.43356025240704604,-0.018000000000000016,,,,,0.2,False
T1,Konyaspor,Total,Cantos total Over 8.5,28,28.0,0.5357142857142857,0.4987228587060336,0.35812395142101666,0.7046869626034041,-0.048285714285714265,,,,,0.8,False
T1,Konyaspor,Total,Cantos total Over 9.5,28,28.0,0.5357142857142857,0.4987228587060336,0.35812395142101666,0.7046869626034041,0.0397142857142857,,,,,0.8,False
T1,Konyaspor,Total,Cantos total Over 10.5,28,28.0,0.39285714285714285,0.4883855118277623,0.23565451827580033,0.575912739650937,-0.0031428571428571694,,,,,0.4,False
T1,Konyaspor,Total,Cantos equipa Over 4.5,28,28.0,0.4642857142857143,0.4987228587060336,0.2953130373965958,0.6418760485789833,-0.0037142857142857255,,,,,0.6,False
T1,Konyaspor,Total,Cantos equipa Over 5.5,28,28.0,0.39285714285714285,0.4883855118277623,0.23565451827580033,0.575912739650937,0.034857142857142864,,,,,0.6,False
T1,Konyaspor,Total,Equipa ganha cantos,28,28.0,0.5,0.5,0.32632846832446344,0.6736715316755366,0.05199999999999999,,,,,0.6,False
T1,Rizespor,Total,Vitória (1X2),27,27.0,0.25925925925925924,0.438228132081453,0.13170208422866778,0.44678930402615685,-0.08874074074074073,-0.4688888888888889,3.2111111111111117,0.3114186851211072,-0.1674897119341563,0.6,False
T1,Rizespor,Total,Over 2.5 golos,27,27.0,0.5185185185185185,0.4996569467863719,0.33985324586210425,0.6925704935029092,0.01851851851851849,-0.08333333333333331,1.787777777777778,0.5593536357986326,-0.07300411522633743,0.4,False
T1,Rizespor,Total,Under 2.5 golos,27,27.0,0.48148148148148145,0.49965694678637196,0.3074295064970908,0.6601467541378958,-0.018518518518518545,-0.07037037037037039,1.9822222222222223,0.5044843049327354,-0.045596707818930104,0.6,False
T1,Rizespor,Total,Handicap Asiático (AH),27,,,,,,,-0.09833333333333334,1.8811111111111114,0.531600708800945,,,False
T1,Rizespor,Total,Casa marca (>=1),27,27.0,0.7407407407407407,0.43822813208145306,0.5532106959738432,0.8682979157713321,0.022740740740740728,,,,,0.8,False
T1,Rizespor,Total,Clean sheet,27,27.0,0.2962962962962963,0.4566232594791834,0.15852853317647564,0.48481033380837596,0.014296296296296307,,,,,0.6,False
T1,Rizespor,Total,Ambas marcam (BTTS),27,27.0,0.5185185185185185,0.4996569467863719,0.33985324586210425,0.6925704935029092,-0.021481481481481546,,,,,0.2,True
T1,Rizespor,Total,Over 1.5 golos,27,27.0,0.7037037037037037,0.4566232594791834,0.515189666191624,0.8414714668235244,-0.040296296296296275,,,,,0.6,False
T1,Rizespor,Total,Over 3.5 golos,27,27.0,0.25925925925925924,0.438228132081453,0.13170208422866778,0.44678930402615685,-0.008740740740740771,,,,,0.0,True
T1,Rizespor,Total,Cantos total Over 8.5,27,27.0,0.4074074074074074,0.4913518207933925,0.24514513372857347,0.5927361694463591,-0.17659259259259258,,,,,0.2,True
T1,Rizespor,Total,Cantos total Over 9.5,27,27.0,0.4074074074074074,0.4913518207933925,0.24514513372857347,0.5927361694463591,-0.08859259259259261,,,,,0.2,True
T1,Rizespor,Total,Cantos total Over 10.5,27,27.0,0.2962962962962963,0.4566232594791834,0.15852853317647564,0.48481033380837596,-0.09970370370370374,,,,,0.2,False
T1,Rizespor,Total,Cantos equipa Over 4.5,27,27.0,0.2962962962962963,0.4566232594791834,0.15852853317647564,0.48481033380837596,-0.17170370370370375,,,,,0.2,False
T1,Rizespor,Total,Cantos equipa Over 5.5,27,27.0,0.14814814814814814,0.3552467795046459,0.0591583185964489,0.3247906334682948,-0.20985185185185184,,,,,0.0,False
T1,Rizespor,Total,Equipa ganha cantos,27,27.0,0.25925925925925924,0.438228132081453,0.13170208422866778,0.44678930402615685,-0.18874074074074076,,,,,0.6,False
T1,Samsunspor,Total,Vitória (1X2),27,27.0,0.2962962962962963,0.4566232594791834,0.15852853317647564,0.48481033380837596,-0.051703703703703696,-0.37629629629629624,2.6707407407407406,0.37442795728747746,-0.2086694101508917,0.2,False
T1,Samsunspor,Total,Over 2.5 golos,27,27.0,0.4444444444444444,0.49690399499995325,0.27585597670072826,0.6268728052042312,-0.05555555555555558,-0.15222222222222223,1.9196296296296298,0.5209338221107467,-0.14683127572016463,0.6,False
T1,Samsunspor,Total,Under 2.5 golos,27,27.0,0.5555555555555556,0.49690399499995325,0.3731271947957688,0.7241440232992717,0.05555555555555558,0.0018518518518518452,1.8188888888888892,0.5497861942577885,0.010493827160494185,0.4,True
T1,Samsunspor,Total,Handicap Asiático (AH),27,,,,,,,-0.11222222222222225,1.8688888888888888,0.535077288941736,,,False
T1,Samsunspor,Total,Casa marca (>=1),27,27.0,0.7037037037037037,0.4566232594791834,0.515189666191624,0.8414714668235244,-0.014296296296296251,,,,,0.6,False
T1,Samsunspor,Total,Clean sheet,27,27.0,0.2962962962962963,0.4566232594791834,0.15852853317647564,0.48481033380837596,0.014296296296296307,,,,,0.4,False
T1,Samsunspor,Total,Ambas marcam (BTTS),27,27.0,0.5925925925925926,0.49135182079339257,0.4072638305536409,0.7548548662714264,0.052592592592592524,,,,,0.6,False
T1,Samsunspor,Total,Over 1.5 golos,27,27.0,0.7037037037037037,0.4566232594791834,0.515189666191624,0.8414714668235244,-0.040296296296296275,,,,,0.6,False
T1,Samsunspor,Total,Over 3.5 golos,27,27.0,0.2962962962962963,0.4566232594791834,0.15852853317647564,0.48481033380837596,0.028296296296296264,,,,,0.4,False
T1,Samsunspor,Total,Cantos total Over 8.5,27,27.0,0.6666666666666666,0.4714045207910317,0.47824419872105484,0.8135694555640666,0.08266666666666667,,,,,0.6,False
T1,Samsunspor,Total,Cantos total Over 9.5,27,27.0,0.5555555555555556,0.49690399499995325,0.3731271947957688,0.7241440232992717,0.059555555555555584,,,,,0.6,False
T1,Samsunspor,Total,Cantos total Over 10.5,27,27.0,0.4444444444444444,0.49690399499995325,0.27585597670072826,0.6268728052042312,0.0484444444444444,,,,,0.4,False
T1,Samsunspor,Total,Cantos equipa Over 4.5,27,27.0,0.7407407407407407,0.43822813208145306,0.5532106959738432,0.8682979157713321,0.2727407407407407,,,,,0.8,False
T1,Samsunspor,Total,Cantos equipa Over 5.5,27,27.0,0.6296296296296297,0.4829038818668629,0.442289046234463,0.7846771293206315,0.27162962962962967,,,,,0.8,False
T1,Samsunspor,Total,Equipa ganha cantos,27,27.0,0.6296296296296297,0.4829038818668629,0.442289046234463,0.7846771293206315,0.18162962962962964,,,,,0.4,True
T1,Trabzonspor,Total,Vitória (1X2),28,28.0,0.6785714285714286,0.4670248868079293,0.4933850455563118,0.8206695245657927,0.3305714285714286,0.3767857142857142,2.3628571428571425,0.4232164449818622,0.6033673469387753,1.0,False
T1,Trabzonspor,Total,Over 2.5 golos,28,28.0,0.5714285714285714,0.4948716593053935,0.390704789856154,0.7349170381926877,0.0714285714285714,0.0007142857142856991,1.73,0.5780346820809249,-0.011428571428571566,0.6,False
T1,Trabzonspor,Total,Under 2.5 golos,28,28.0,0.42857142857142855,0.49487165930539345,0.2650829618073123,0.6092952101438459,-0.07142857142857145,-0.10714285714285711,2.039285714285714,0.49036777583187396,-0.12602040816326543,0.4,False
T1,Trabzonspor,Total,Handicap Asiático (AH),28,,,,,,,0.31,1.8575000000000002,0.53835800807537,,,False
T1,Trabzonspor,Total,Casa marca (>=1),28,28.0,0.9285714285714286,0.25753937681885636,0.7735426157408215,0.9801883525522292,0.21057142857142863,,,,,1.0,False
T1,Trabzonspor,Total,Clean sheet,28,28.0,0.32142857142857145,0.46702488680792936,0.1793304754342074,0.5066149544436882,0.03942857142857148,,,,,0.4,False
T1,Trabzonspor,Total,Ambas marcam (BTTS),28,28.0,0.6428571428571429,0.4791574237499549,0.4582997758222724,0.7929438802754113,0.10285714285714287,,,,,0.6,False
T1,Trabzonspor,Total,Over 1.5 golos,28,28.0,0.75,0.4330127018922193,0.566439747592954,0.8732366505779923,0.006000000000000005,,,,,0.6,True
T1,Trabzonspor,Total,Over 3.5 golos,28,28.0,0.32142857142857145,0.46702488680792936,0.1793304754342074,0.5066149544436882,0.053428571428571436,,,,,0.4,False
T1,Trabzonspor,Total,Cantos total Over 8.5,28,28.0,0.6428571428571429,0.4791574237499549,0.4582997758222724,0.7929438802754113,0.05885714285714294,,,,,0.8,False
T1,Trabzonspor,Total,Cantos total Over 9.5,28,28.0,0.5,0.5,0.32632846832446344,0.6736715316755366,0.0040000000000000036,,,,,0.6,False
T1,Trabzonspor,Total,Cantos total Over 10.5,28,28.0,0.42857142857142855,0.49487165930539345,0.2650829618073123,0.6092952101438459,0.03257142857142853,,,,,0.6,False
T1,Trabzonspor,Total,Cantos equipa Over 4.5,28,28.0,0.4642857142857143,0.4987228587060336,0.2953130373965958,0.6418760485789833,-0.0037142857142857255,,,,,0.8,False
T1,Trabzonspor,Total,Cantos equipa Over 5.5,28,28.0,0.35714285714285715,0.4791574237499549,0.20705611972458876,0.5417002241777278,-0.0008571428571428341,,,,,0.4,False
T1,Trabzonspor,Total,Equipa ganha cantos,28,28.0,0.35714285714285715,0.4791574237499549,0.20705611972458876,0.5417002241777278,-0.09085714285714286,,,,,0.8,False
