league,team,scope,market,jogos,n_eventos,hit_rate,hit_std,wilson_lo,wilson_hi,edge_vs_liga,roi_unid_por_aposta,odds_avg,prob_impl,value_estimado,form_recent_5,alerta_tendencia_inversa
E1,Birmingham,Fora,Vitória (1X2),21,21.0,0.23809523809523808,0.4259177099999599,0.10627856389112264,0.4509158197234593,-0.12898042652643882,-0.4723809523809524,2.7314285714285718,0.3661087866108786,-0.34965986394557813,0.2,False
E1,Birmingham,Fora,Over 2.5 golos,21,21.0,0.47619047619047616,0.4994327848429293,0.28343712296762946,0.6763078209973326,-0.02483201869704943,-0.06285714285714283,2.035238095238095,0.49134300421151156,-0.030839002267573967,0.6,False
E1,Birmingham,Fora,Under 2.5 golos,21,21.0,0.5238095238095238,0.4994327848429293,0.3236921790026675,0.7165628770323705,0.024832018697049374,-0.10904761904761905,1.7480952380952384,0.5720512122037591,-0.084331065759637,0.4,False
E1,Birmingham,Fora,Handicap Asiático (AH),21,,,,,,,-0.4228571428571428,1.8533333333333335,0.539568345323741,,,False
E1,Birmingham,Fora,Casa marca (>=1),21,21.0,0.5714285714285714,0.4948716593053935,0.3654621629703245,0.7553030051347894,-0.18010517090271694,,,,,0.4,True
E1,Birmingham,Fora,Clean sheet,21,21.0,0.14285714285714285,0.3499271061118826,0.049809217982134925,0.34636494149229496,-0.10560911481156882,,,,,0.0,False
E1,Birmingham,Fora,Ambas marcam (BTTS),21,21.0,0.42857142857142855,0.49487165930539345,0.24469699486521046,0.6345378370296754,-0.13584574934268184,,,,,0.4,False
E1,Birmingham,Fora,Over 1.5 golos,21,21.0,0.7619047619047619,0.42591770999996,0.5490841802765406,0.8937214361088773,0.005258545135845671,,,,,0.6,True
E1,Birmingham,Fora,Over 3.5 golos,21,21.0,0.047619047619047616,0.21295885499997996,0.008455769471923294,0.22669816586235464,-0.19573473561203622,,,,,0.0,False
E1,Birmingham,Fora,Cantos total Over 8.5,21,21.0,0.47619047619047616,0.4994327848429293,0.28343712296762946,0.6763078209973326,-0.20479111890154833,,,,,0.6,False
E1,Birmingham,Fora,Cantos total Over 9.5,21,21.0,0.42857142857142855,0.49487165930539345,0.24469699486521046,0.6345378370296754,-0.12357581069237517,,,,,0.6,False
E1,Birmingham,Fora,Cantos total Over 10.5,21,21.0,0.2857142857142857,0.45175395145262565,0.138136757456282,0.49956773822837586,-0.1600934852468595,,,,,0.4,False
E1,Birmingham,Fora,Cantos equipa Over 4.5,21,21.0,0.47619047619047616,0.4994327848429293,0.28343712296762946,0.6763078209973326,-0.058574349985392904,,,,,0.4,False
E1,Birmingham,Fora,Cantos equipa Over 5.5,21,21.0,0.19047619047619047,0.392676726249301,0.07667440615177303,0.40000986539273287,-0.20011685655857436,,,,,0.0,True
E1,Birmingham,Fora,Equipa ganha cantos,21,21.0,0.3333333333333333,0.4714045207910317,0.17194536432683688,0.546269243427897,-0.11963190184049083,,,,,0.0,True
E1,Birmingham,Casa,Vitória (1X2),20,20.0,0.45,0.49749371855331,0.25819502085709295,0.6579179916924003,0.08292433537832311,-0.1745,1.9020000000000004,0.5257623554153522,-0.1440999999999999,0.2,True
E1,Birmingham,Casa,Over 2.5 golos,20,20.0,0.45,0.49749371855331,0.25819502085709295,0.6579179916924003,-0.05102249488752558,-0.13099999999999998,1.9785,0.5054334091483447,-0.10967499999999997,0.2,True
E1,Birmingham,Casa,Under 2.5 golos,20,20.0,0.55,0.49749371855331,0.34208200830759966,0.741804979142907,0.05102249488752558,-0.03500000000000003,1.7889999999999997,0.558971492453885,-0.01605000000000023,0.8,False
E1,Birmingham,Casa,Handicap Asiático (AH),20,,,,,,,-0.16874999999999996,1.8664999999999998,0.5357621216180016,,,False
E1,Birmingham,Casa,Casa marca (>=1),20,20.0,0.9,0.3,0.6989617935882066,0.9721341060158467,0.1484662576687117,,,,,0.6,True
E1,Birmingham,Casa,Clean sheet,20,20.0,0.3,0.458257569495584,0.14547527396899385,0.5189767762289793,0.051533742331288324,,,,,0.4,False
E1,Birmingham,Casa,Ambas marcam (BTTS),20,20.0,0.65,0.47696960070847283,0.43285051021946475,0.8188104521320554,0.08558282208588963,,,,,0.4,True
E1,Birmingham,Casa,Over 1.5 golos,20,20.0,0.75,0.4330127018922193,0.5312949900419365,0.888139947210597,-0.006646216768916191,,,,,0.4,True
E1,Birmingham,Casa,Over 3.5 golos,20,20.0,0.35,0.47696960070847283,0.1811895478679446,0.5671494897805353,0.10664621676891614,,,,,0.2,False
E1,Birmingham,Casa,Cantos total Over 8.5,20,20.0,0.65,0.47696960070847283,0.43285051021946475,0.8188104521320554,-0.030981595092024472,,,,,0.6,False
E1,Birmingham,Casa,Cantos total Over 9.5,20,20.0,0.6,0.4898979485566356,0.38657794231520604,0.7811960325858073,0.047852760736196265,,,,,0.6,False
E1,Birmingham,Casa,Cantos total Over 10.5,20,20.0,0.6,0.4898979485566356,0.38657794231520604,0.7811960325858073,0.15419222903885477,,,,,0.6,False
E1,Birmingham,Casa,Cantos equipa Over 4.5,20,20.0,0.7,0.45825756949558405,0.4810232237710205,0.8545247260310062,0.1652351738241309,,,,,1.0,False
E1,Birmingham,Casa,Cantos equipa Over 5.5,20,20.0,0.7,0.45825756949558405,0.4810232237710205,0.8545247260310062,0.3094069529652351,,,,,1.0,False
E1,Birmingham,Casa,Equipa ganha cantos,20,20.0,0.6,0.4898979485566356,0.38657794231520604,0.7811960325858073,0.14703476482617583,,,,,0.8,False
E1,Blackburn,Fora,Vitória (1X2),20,20.0,0.4,0.4898979485566356,0.21880396741419272,0.613422057684794,0.03292433537832312,0.49450000000000005,3.751,0.2665955745134631,0.5004,0.6,False
E1,Blackburn,Fora,Over 2.5 golos,20,20.0,0.45,0.49749371855331,0.25819502085709295,0.6579179916924003,-0.05102249488752558,-0.02350000000000002,2.0869999999999997,0.47915668423574515,-0.06085000000000007,0.6,False
E1,Blackburn,Fora,Under 2.5 golos,20,20.0,0.55,0.49749371855331,0.34208200830759966,0.741804979142907,0.05102249488752558,-0.028500000000000004,1.7130000000000003,0.5837711617046117,-0.057849999999999846,0.4,True
E1,Blackburn,Fora,Handicap Asiático (AH),20,,,,,,,-0.02849999999999999,1.9885000000000002,0.5028916268544128,,,False
E1,Blackburn,Fora,Casa marca (>=1),20,20.0,0.6,0.4898979485566356,0.38657794231520604,0.7811960325858073,-0.15153374233128836,,,,,0.8,False
E1,Blackburn,Fora,Clean sheet,20,20.0,0.35,0.47696960070847283,0.1811895478679446,0.5671494897805353,0.10153374233128831,,,,,0.2,False
E1,Blackburn,Fora,Ambas marcam (BTTS),20,20.0,0.35,0.47696960070847283,0.1811895478679446,0.5671494897805353,-0.2144171779141104,,,,,0.6,False
E1,Blackburn,Fora,Over 1.5 golos,20,20.0,0.65,0.47696960070847283,0.43285051021946475,0.8188104521320554,-0.10664621676891617,,,,,0.6,False
E1,Blackburn,Fora,Over 3.5 golos,20,20.0,0.15,0.3570714214271425,0.05236779195949582,0.36042329588695743,-0.09335378323108384,,,,,0.4,False
E1,Blackburn,Fora,Cantos total Over 8.5,20,20.0,0.75,0.4330127018922193,0.5312949900419365,0.888139947210597,0.0690184049079755,,,,,0.8,False
E1,Blackburn,Fora,Cantos total Over 9.5,20,20.0,0.5,0.5,0.2992949144298199,0.70070508557018,-0.05214723926380371,,,,,0.6,False
E1,Blackburn,Fora,Cantos total Over 10.5,20,20.0,0.35,0.47696960070847283,0.1811895478679446,0.5671494897805353,-0.09580777096114523,,,,,0.4,False
E1,Blackburn,Fora,Cantos equipa Over 4.5,20,20.0,0.5,0.5,0.2992949144298199,0.70070508557018,-0.03476482617586907,,,,,0.4,False
E1,Blackburn,Fora,Cantos equipa Over 5.5,20,20.0,0.5,0.5,0.2992949144298199,0.70070508557018,0.10940695296523517,,,,,0.4,False
E1,Blackburn,Fora,Equipa ganha cantos,20,20.0,0.35,0.47696960070847283,0.1811895478679446,0.5671494897805353,-0.10296523517382417,,,,,0.4,False
E1,Blackburn,Casa,Vitória (1X2),21,21.0,0.19047619047619047,0.392676726249301,0.07667440615177303,0.40000986539273287,-0.17659947414548643,-0.5976190476190476,2.47047619047619,0.40478026214340795,-0.5294331065759639,0.2,False
E1,Blackburn,Casa,Over 2.5 golos,21,21.0,0.3333333333333333,0.4714045207910317,0.17194536432683688,0.546269243427897,-0.16768916155419228,-0.2757142857142857,2.094285714285714,0.4774897680763985,-0.3019047619047621,0.2,False
E1,Blackburn,Casa,Under 2.5 golos,21,21.0,0.6666666666666666,0.4714045207910317,0.45373075657210293,0.828054635673163,0.16768916155419217,0.15571428571428572,1.7047619047619047,0.5865921787709497,0.13650793650793647,0.8,False
E1,Blackburn,Casa,Handicap Asiático (AH),21,,,,,,,-0.34333333333333327,1.8952380952380958,0.5276381909547737,,,False
E1,Blackburn,Casa,Casa marca (>=1),21,21.0,0.7142857142857143,0.45175395145262565,0.5004322617716241,0.8618632425437179,-0.03724802804557403,,,,,0.6,False
E1,Blackburn,Casa,Clean sheet,21,21.0,0.23809523809523808,0.4259177099999599,0.10627856389112264,0.4509158197234593,-0.010371019573473583,,,,,0.6,False
E1,Blackburn,Casa,Ambas marcam (BTTS),21,21.0,0.5714285714285714,0.4948716593053935,0.3654621629703245,0.7553030051347894,0.007011393514461006,,,,,0.4,True
E1,Blackburn,Casa,Over 1.5 golos,21,21.0,0.7142857142857143,0.45175395145262565,0.5004322617716241,0.8618632425437179,-0.04236050248320189,,,,,0.4,True
E1,Blackburn,Casa,Over 3.5 golos,21,21.0,0.09523809523809523,0.2935435239509036,0.026518208796947225,0.2891458386074067,-0.1481156879929886,,,,,0.0,False
E1,Blackburn,Casa,Cantos total Over 8.5,21,21.0,0.8095238095238095,0.392676726249301,0.599990134607267,0.923325593848227,0.12854221443178504,,,,,0.6,True
E1,Blackburn,Casa,Cantos total Over 9.5,21,21.0,0.7142857142857143,0.45175395145262565,0.5004322617716241,0.8618632425437179,0.1621384750219106,,,,,0.4,True
E1,Blackburn,Casa,Cantos total Over 10.5,21,21.0,0.47619047619047616,0.4994327848429293,0.28343712296762946,0.6763078209973326,0.030382705229330953,,,,,0.2,True
E1,Blackburn,Casa,Cantos equipa Over 4.5,21,21.0,0.6190476190476191,0.4856209060564557,0.40878295815501514,0.7924923220201749,0.08428279287175,,,,,0.4,True
E1,Blackburn,Casa,Cantos equipa Over 5.5,21,21.0,0.5238095238095238,0.4994327848429293,0.3236921790026675,0.7165628770323705,0.133216476774759,,,,,0.2,True
E1,Blackburn,Casa,Equipa ganha cantos,21,21.0,0.5714285714285714,0.4948716593053935,0.3654621629703245,0.7553030051347894,0.11846333625474725,,,,,0.6,False
E1,Bristol City,Fora,Vitória (1X2),20,20.0,0.4,0.4898979485566356,0.21880396741419272,0.613422057684794,0.03292433537832312,0.2,3.2979999999999996,0.3032140691328078,0.31919999999999993,0.4,False
E1,Bristol City,Fora,Over 2.5 golos,20,20.0,0.4,0.4898979485566356,0.21880396741419272,0.613422057684794,-0.10102249488752557,-0.20099999999999998,1.9609999999999999,0.5099439061703213,-0.2155999999999999,0.4,False
E1,Bristol City,Fora,Under 2.5 golos,20,20.0,0.6,0.4898979485566356,0.38657794231520604,0.7811960325858073,0.10102249488752552,0.10249999999999997,1.8114999999999999,0.5520287054926857,0.08689999999999976,0.6,False
E1,Bristol City,Fora,Handicap Asiático (AH),20,,,,,,,0.16275000000000003,2.004,0.499001996007984,,,False
E1,Bristol City,Fora,Casa marca (>=1),20,20.0,0.65,0.47696960070847283,0.43285051021946475,0.8188104521320554,-0.10153374233128831,,,,,0.6,False
E1,Bristol City,Fora,Clean sheet,20,20.0,0.25,0.4330127018922193,0.11186005278940306,0.4687050099580635,0.0015337423312883347,,,,,0.0,True
E1,Bristol City,Fora,Ambas marcam (BTTS),20,20.0,0.5,0.5,0.2992949144298199,0.70070508557018,-0.06441717791411039,,,,,0.6,False
E1,Bristol City,Fora,Over 1.5 golos,20,20.0,0.7,0.45825756949558405,0.4810232237710205,0.8545247260310062,-0.056646216768916235,,,,,0.8,False
E1,Bristol City,Fora,Over 3.5 golos,20,20.0,0.15,0.3570714214271425,0.05236779195949582,0.36042329588695743,-0.09335378323108384,,,,,0.0,True
E1,Bristol City,Fora,Cantos total Over 8.5,20,20.0,0.75,0.4330127018922193,0.5312949900419365,0.888139947210597,0.0690184049079755,,,,,0.8,False
E1,Bristol City,Fora,Cantos total Over 9.5,20,20.0,0.6,0.4898979485566356,0.38657794231520604,0.7811960325858073,0.047852760736196265,,,,,0.8,False
E1,Bristol City,Fora,Cantos total Over 10.5,20,20.0,0.45,0.49749371855331,0.25819502085709295,0.6579179916924003,0.0041922290388548,,,,,0.4,False
E1,Bristol City,Fora,Cantos equipa Over 4.5,20,20.0,0.45,0.49749371855331,0.25819502085709295,0.6579179916924003,-0.08476482617586906,,,,,0.4,False
E1,Bristol City,Fora,Cantos equipa Over 5.5,20,20.0,0.25,0.4330127018922193,0.11186005278940306,0.4687050099580635,-0.14059304703476483,,,,,0.2,False
E1,Bristol City,Fora,Equipa ganha cantos,20,20.0,0.5,0.5,0.2992949144298199,0.70070508557018,0.04703476482617586,,,,,0.4,False
E1,Bristol City,Casa,Vitória (1X2),21,21.0,0.38095238095238093,0.4856209060564557,0.20750767797982508,0.5912170418449848,0.013876716330704031,-0.17904761904761907,2.2104761904761907,0.4523912106850495,-0.15791383219954647,0.2,True
E1,Bristol City,Casa,Over 2.5 golos,21,21.0,0.47619047619047616,0.4994327848429293,0.28343712296762946,0.6763078209973326,-0.02483201869704943,-0.07714285714285715,1.9223809523809523,0.5201882586078772,-0.08458049886621333,0.4,False
E1,Bristol City,Casa,Under 2.5 golos,21,21.0,0.5238095238095238,0.4994327848429293,0.3236921790026675,0.7165628770323705,0.024832018697049374,-0.022857142857142878,1.8447619047619048,0.5420753742901394,-0.033696145124716526,0.6,False
E1,Bristol City,Casa,Handicap Asiático (AH),21,,,,,,,-0.20380952380952377,1.855714285714286,0.5388760585065434,,,False
E1,Bristol City,Casa,Casa marca (>=1),21,21.0,0.6666666666666666,0.4714045207910317,0.45373075657210293,0.828054635673163,-0.0848670756646217,,,,,0.6,False
E1,Bristol City,Casa,Clean sheet,21,21.0,0.3333333333333333,0.4714045207910317,0.17194536432683688,0.546269243427897,0.08486707566462165,,,,,0.2,False
E1,Bristol City,Casa,Ambas marcam (BTTS),21,21.0,0.38095238095238093,0.4856209060564557,0.20750767797982508,0.5912170418449848,-0.18346479696172946,,,,,0.4,False
E1,Bristol City,Casa,Over 1.5 golos,21,21.0,0.7142857142857143,0.45175395145262565,0.5004322617716241,0.8618632425437179,-0.04236050248320189,,,,,0.6,False
E1,Bristol City,Casa,Over 3.5 golos,21,21.0,0.3333333333333333,0.4714045207910317,0.17194536432683688,0.546269243427897,0.08997955010224948,,,,,0.2,False
E1,Bristol City,Casa,Cantos total Over 8.5,21,21.0,0.6190476190476191,0.4856209060564557,0.40878295815501514,0.7924923220201749,-0.061933976044405425,,,,,0.4,True
E1,Bristol City,Casa,Cantos total Over 9.5,21,21.0,0.38095238095238093,0.4856209060564557,0.20750767797982508,0.5912170418449848,-0.17119485831142278,,,,,0.2,True
E1,Bristol City,Casa,Cantos total Over 10.5,21,21.0,0.3333333333333333,0.4714045207910317,0.17194536432683688,0.546269243427897,-0.1124744376278119,,,,,0.2,False
E1,Bristol City,Casa,Cantos equipa Over 4.5,21,21.0,0.47619047619047616,0.4994327848429293,0.28343712296762946,0.6763078209973326,-0.058574349985392904,,,,,0.4,False
E1,Bristol City,Casa,Cantos equipa Over 5.5,21,21.0,0.38095238095238093,0.4856209060564557,0.20750767797982508,0.5912170418449848,-0.009640666082383897,,,,,0.2,True
E1,Bristol City,Casa,Equipa ganha cantos,21,21.0,0.5714285714285714,0.4948716593053935,0.3654621629703245,0.7553030051347894,0.11846333625474725,,,,,0.6,False
E1,Charlton,Fora,Vitória (1X2),21,21.0,0.19047619047619047,0.392676726249301,0.07667440615177303,0.40000986539273287,-0.17659947414548643,0.017142857142857158,4.255714285714286,0.2349781805975159,-0.18938775510204076,0.2,False
E1,Charlton,Fora,Over 2.5 golos,21,21.0,0.3333333333333333,0.4714045207910317,0.17194536432683688,0.546269243427897,-0.16768916155419228,-0.30380952380952386,2.0819047619047617,0.4803293687099726,-0.3060317460317462,0.0,True
E1,Charlton,Fora,Under 2.5 golos,21,21.0,0.6666666666666666,0.4714045207910317,0.45373075657210293,0.828054635673163,0.16768916155419217,0.150952380952381,1.721904761904762,0.5807522123893805,0.14793650793650803,1.0,False
E1,Charlton,Fora,Handicap Asiático (AH),21,,,,,,,0.058333333333333334,1.9904761904761903,0.5023923444976077,,,False
E1,Charlton,Fora,Casa marca (>=1),21,21.0,0.7142857142857143,0.45175395145262565,0.5004322617716241,0.8618632425437179,-0.03724802804557403,,,,,1.0,False
E1,Charlton,Fora,Clean sheet,21,21.0,0.23809523809523808,0.4259177099999599,0.10627856389112264,0.4509158197234593,-0.010371019573473583,,,,,0.2,False
E1,Charlton,Fora,Ambas marcam (BTTS),21,21.0,0.5238095238095238,0.4994327848429293,0.3236921790026675,0.7165628770323705,-0.040607654104586555,,,,,0.8,False
E1,Charlton,Fora,Over 1.5 golos,21,21.0,0.7619047619047619,0.42591770999996,0.5490841802765406,0.8937214361088773,0.005258545135845671,,,,,0.8,False
E1,Charlton,Fora,Over 3.5 golos,21,21.0,0.19047619047619047,0.392676726249301,0.07667440615177303,0.40000986539273287,-0.05287759275489337,,,,,0.0,True
E1,Charlton,Fora,Cantos total Over 8.5,21,21.0,0.5714285714285714,0.4948716593053935,0.3654621629703245,0.7553030051347894,-0.1095530236634531,,,,,0.8,False
E1,Charlton,Fora,Cantos total Over 9.5,21,21.0,0.42857142857142855,0.49487165930539345,0.24469699486521046,0.6345378370296754,-0.12357581069237517,,,,,0.6,False
E1,Charlton,Fora,Cantos total Over 10.5,21,21.0,0.3333333333333333,0.4714045207910317,0.17194536432683688,0.546269243427897,-0.1124744376278119,,,,,0.6,False
E1,Charlton,Fora,Cantos equipa Over 4.5,21,21.0,0.23809523809523808,0.4259177099999599,0.10627856389112264,0.4509158197234593,-0.296669588080631,,,,,0.2,False
E1,Charlton,Fora,Cantos equipa Over 5.5,21,21.0,0.19047619047619047,0.392676726249301,0.07667440615177303,0.40000986539273287,-0.20011685655857436,,,,,0.2,False
E1,Charlton,Fora,Equipa ganha cantos,21,21.0,0.3333333333333333,0.4714045207910317,0.17194536432683688,0.546269243427897,-0.11963190184049083,,,,,0.2,False
E1,Charlton,Casa,Vitória (1X2),20,20.0,0.4,0.4898979485566356,0.21880396741419272,0.613422057684794,0.03292433537832312,0.027500000000000035,2.7520000000000002,0.3633720930232558,0.10080000000000022,0.2,True
E1,Charlton,Casa,Over 2.5 golos,20,20.0,0.35,0.47696960070847283,0.1811895478679446,0.5671494897805353,-0.15102249488752562,-0.22949999999999998,2.1605,0.46285582041194173,-0.24382500000000018,0.4,False
E1,Charlton,Casa,Under 2.5 golos,20,20.0,0.65,0.47696960070847283,0.43285051021946475,0.8188104521320554,0.15102249488752556,0.0875,1.6595,0.6025911419102139,0.07867500000000005,0.6,False
E1,Charlton,Casa,Handicap Asiático (AH),20,,,,,,,-0.08099999999999999,1.8790000000000002,0.5321979776476848,,,False
E1,Charlton,Casa,Casa marca (>=1),20,20.0,0.8,0.39999999999999997,0.5839782779742402,0.9193436467288001,0.04846625766871171,,,,,0.6,True
E1,Charlton,Casa,Clean sheet,20,20.0,0.4,0.4898979485566356,0.21880396741419272,0.613422057684794,0.15153374233128836,,,,,0.2,True
E1,Charlton,Casa,Ambas marcam (BTTS),20,20.0,0.45,0.49749371855331,0.25819502085709295,0.6579179916924003,-0.11441717791411038,,,,,0.4,False
E1,Charlton,Casa,Over 1.5 golos,20,20.0,0.5,0.5,0.2992949144298199,0.70070508557018,-0.2566462167689162,,,,,0.4,False
E1,Charlton,Casa,Over 3.5 golos,20,20.0,0.1,0.30000000000000004,0.027865893984153196,0.30103820641179335,-0.14335378323108383,,,,,0.2,False
E1,Charlton,Casa,Cantos total Over 8.5,20,20.0,0.5,0.5,0.2992949144298199,0.70070508557018,-0.1809815950920245,,,,,0.4,False
E1,Charlton,Casa,Cantos total Over 9.5,20,20.0,0.5,0.5,0.2992949144298199,0.70070508557018,-0.05214723926380371,,,,,0.4,False
E1,Charlton,Casa,Cantos total Over 10.5,20,20.0,0.4,0.4898979485566356,0.21880396741419272,0.613422057684794,-0.04580777096114519,,,,,0.2,True
E1,Charlton,Casa,Cantos equipa Over 4.5,20,20.0,0.45,0.49749371855331,0.25819502085709295,0.6579179916924003,-0.08476482617586906,,,,,0.4,False
E1,Charlton,Casa,Cantos equipa Over 5.5,20,20.0,0.35,0.47696960070847283,0.1811895478679446,0.5671494897805353,-0.04059304703476485,,,,,0.4,False
E1,Charlton,Casa,Equipa ganha cantos,20,20.0,0.55,0.49749371855331,0.34208200830759966,0.741804979142907,0.0970347648261759,,,,,0.6,False
E1,Coventry,Fora,Vitória (1X2),21,21.0,0.47619047619047616,0.4994327848429293,0.28343712296762946,0.6763078209973326,0.10911481156879926,0.043809523809523826,2.2357142857142853,0.4472843450479234,0.0646258503401358,0.8,False
E1,Coventry,Fora,Over 2.5 golos,21,21.0,0.6190476190476191,0.4856209060564557,0.40878295815501514,0.7924923220201749,0.11802512416009348,0.13190476190476189,1.8004761904761906,0.5554086220576567,0.11458049886621313,0.4,True
E1,Coventry,Fora,Under 2.5 golos,21,21.0,0.38095238095238093,0.4856209060564557,0.20750767797982508,0.5912170418449848,-0.11802512416009353,-0.23142857142857146,1.9723809523809521,0.5070014485755674,-0.2486167800453516,0.6,False
E1,Coventry,Fora,Handicap Asiático (AH),21,,,,,,,-0.009999999999999998,1.8961904761904758,0.5273731793068811,,,False
E1,Coventry,Fora,Casa marca (>=1),21,21.0,0.8571428571428571,0.34992710611188266,0.6536350585077049,0.950190782017865,0.10560911481156876,,,,,0.8,False
E1,Coventry,Fora,Clean sheet,21,21.0,0.38095238095238093,0.4856209060564557,0.20750767797982508,0.5912170418449848,0.13248612328366927,,,,,0.8,False
E1,Coventry,Fora,Ambas marcam (BTTS),21,21.0,0.5714285714285714,0.4948716593053935,0.3654621629703245,0.7553030051347894,0.007011393514461006,,,,,0.2,True
E1,Coventry,Fora,Over 1.5 golos,21,21.0,0.8571428571428571,0.34992710611188266,0.6536350585077049,0.950190782017865,0.1004966403739409,,,,,0.8,False
E1,Coventry,Fora,Over 3.5 golos,21,21.0,0.3333333333333333,0.4714045207910317,0.17194536432683688,0.546269243427897,0.08997955010224948,,,,,0.0,True
E1,Coventry,Fora,Cantos total Over 8.5,21,21.0,0.7142857142857143,0.45175395145262565,0.5004322617716241,0.8618632425437179,0.03330411919368981,,,,,0.6,False
E1,Coventry,Fora,Cantos total Over 9.5,21,21.0,0.5238095238095238,0.4994327848429293,0.3236921790026675,0.7165628770323705,-0.028337715454279877,,,,,0.4,False
E1,Coventry,Fora,Cantos total Over 10.5,21,21.0,0.42857142857142855,0.49487165930539345,0.24469699486521046,0.6345378370296754,-0.017236342389716663,,,,,0.2,True
E1,Coventry,Fora,Cantos equipa Over 4.5,21,21.0,0.5714285714285714,0.4948716593053935,0.3654621629703245,0.7553030051347894,0.03666374525270233,,,,,0.2,True
E1,Coventry,Fora,Cantos equipa Over 5.5,21,21.0,0.3333333333333333,0.4714045207910317,0.17194536432683688,0.546269243427897,-0.057259713701431514,,,,,0.2,False
E1,Coventry,Fora,Equipa ganha cantos,21,21.0,0.42857142857142855,0.49487165930539345,0.24469699486521046,0.6345378370296754,-0.024393806602395596,,,,,0.4,False
E1,Coventry,Casa,Vitória (1X2),20,20.0,0.75,0.4330127018922193,0.5312949900419365,0.888139947210597,0.3829243353783231,0.24050000000000002,1.691,0.5913660555884092,0.2682500000000001,0.8,False
E1,Coventry,Casa,Over 2.5 golos,20,20.0,0.65,0.47696960070847283,0.43285051021946475,0.8188104521320554,0.14897750511247443,0.11699999999999999,1.7185000000000001,0.5819028222286877,0.11702500000000016,1.0,False
E1,Coventry,Casa,Under 2.5 golos,20,20.0,0.35,0.47696960070847283,0.1811895478679446,0.5671494897805353,-0.14897750511247448,-0.27599999999999997,2.0775,0.4813477737665463,-0.272875,0.0,True
E1,Coventry,Casa,Handicap Asiático (AH),20,,,,,,,0.19249999999999998,1.8844999999999998,0.5306447333510216,,,False
E1,Coventry,Casa,Casa marca (>=1),20,20.0,0.85,0.3570714214271425,0.6395767041130426,0.9476322080405041,0.09846625766871164,,,,,1.0,False
E1,Coventry,Casa,Clean sheet,20,20.0,0.35,0.47696960070847283,0.1811895478679446,0.5671494897805353,0.10153374233128831,,,,,0.2,False
E1,Coventry,Casa,Ambas marcam (BTTS),20,20.0,0.6,0.4898979485566356,0.38657794231520604,0.7811960325858073,0.03558282208588959,,,,,0.8,False
E1,Coventry,Casa,Over 1.5 golos,20,20.0,0.8,0.39999999999999997,0.5839782779742402,0.9193436467288001,0.04335378323108385,,,,,1.0,False
E1,Coventry,Casa,Over 3.5 golos,20,20.0,0.35,0.47696960070847283,0.1811895478679446,0.5671494897805353,0.10664621676891614,,,,,0.4,False
E1,Coventry,Casa,Cantos total Over 8.5,20,20.0,0.7,0.45825756949558405,0.4810232237710205,0.8545247260310062,0.01901840490797546,,,,,0.4,True
E1,Coventry,Casa,Cantos total Over 9.5,20,20.0,0.4,0.4898979485566356,0.21880396741419272,0.613422057684794,-0.1521472392638037,,,,,0.2,True
E1,Coventry,Casa,Cantos total Over 10.5,20,20.0,0.3,0.458257569495584,0.14547527396899385,0.5189767762289793,-0.14580777096114522,,,,,0.2,False
E1,Coventry,Casa,Cantos equipa Over 4.5,20,20.0,0.7,0.45825756949558405,0.4810232237710205,0.8545247260310062,0.1652351738241309,,,,,0.8,False
E1,Coventry,Casa,Cantos equipa Over 5.5,20,20.0,0.6,0.4898979485566356,0.38657794231520604,0.7811960325858073,0.20940695296523515,,,,,0.8,False
E1,Coventry,Casa,Equipa ganha cantos,20,20.0,0.7,0.45825756949558405,0.4810232237710205,0.8545247260310062,0.2470347648261758,,,,,1.0,False
E1,Derby,Fora,Vitória (1X2),20,20.0,0.45,0.49749371855331,0.25819502085709295,0.6579179916924003,0.08292433537832311,0.604,3.803,0.2629503023928478,0.7113499999999999,0.2,True
E1,Derby,Fora,Over 2.5 golos,20,20.0,0.6,0.4898979485566356,0.38657794231520604,0.7811960325858073,0.09897750511247438,0.292,2.1830000000000003,0.4580852038479157,0.3098000000000001,0.4,True
E1,Derby,Fora,Under 2.5 golos,20,20.0,0.4,0.4898979485566356,0.21880396741419272,0.613422057684794,-0.09897750511247444,-0.3515,1.6555,0.6040471156750227,-0.3378,0.6,False
E1,Derby,Fora,Handicap Asiático (AH),20,,,,,,,0.18775000000000003,1.9895000000000003,0.5026388539834129,,,False
E1,Derby,Fora,Casa marca (>=1),20,20.0,0.85,0.3570714214271425,0.6395767041130426,0.9476322080405041,0.09846625766871164,,,,,0.6,True
E1,Derby,Fora,Clean sheet,20,20.0,0.25,0.4330127018922193,0.11186005278940306,0.4687050099580635,0.0015337423312883347,,,,,0.2,False
E1,Derby,Fora,Ambas marcam (BTTS),20,20.0,0.6,0.4898979485566356,0.38657794231520604,0.7811960325858073,0.03558282208588959,,,,,0.4,True
E1,Derby,Fora,Over 1.5 golos,20,20.0,0.75,0.4330127018922193,0.5312949900419365,0.888139947210597,-0.006646216768916191,,,,,0.6,True
E1,Derby,Fora,Over 3.5 golos,20,20.0,0.3,0.458257569495584,0.14547527396899385,0.5189767762289793,0.05664621676891615,,,,,0.4,False
E1,Derby,Fora,Cantos total Over 8.5,20,20.0,0.55,0.49749371855331,0.34208200830759966,0.741804979142907,-0.13098159509202445,,,,,0.4,True
E1,Derby,Fora,Cantos total Over 9.5,20,20.0,0.5,0.5,0.2992949144298199,0.70070508557018,-0.05214723926380371,,,,,0.4,False
E1,Derby,Fora,Cantos total Over 10.5,20,20.0,0.4,0.4898979485566356,0.21880396741419272,0.613422057684794,-0.04580777096114519,,,,,0.2,True
E1,Derby,Fora,Cantos equipa Over 4.5,20,20.0,0.2,0.4,0.08065635327119998,0.4160217220257599,-0.33476482617586906,,,,,0.0,True
E1,Derby,Fora,Cantos equipa Over 5.5,20,20.0,0.15,0.3570714214271425,0.05236779195949582,0.36042329588695743,-0.24059304703476483,,,,,0.0,True
E1,Derby,Fora,Equipa ganha cantos,20,20.0,0.2,0.4,0.08065635327119998,0.4160217220257599,-0.25296523517382413,,,,,0.0,True
E1,Derby,Casa,Vitória (1X2),21,21.0,0.42857142857142855,0.49487165930539345,0.24469699486521046,0.6345378370296754,0.06149576394975165,-0.024761904761904752,2.527619047619047,0.3956292388847024,0.08326530612244865,1.0,False
E1,Derby,Casa,Over 2.5 golos,21,21.0,0.38095238095238093,0.4856209060564557,0.20750767797982508,0.5912170418449848,-0.12007011393514466,-0.1928571428571429,2.1899999999999995,0.45662100456621013,-0.16571428571428592,0.4,False
E1,Derby,Casa,Under 2.5 golos,21,21.0,0.6190476190476191,0.4856209060564557,0.40878295815501514,0.7924923220201749,0.1200701139351446,0.007619047619047636,1.6561904761904762,0.6037952846463485,0.025260770975056746,0.6,False
E1,Derby,Casa,Handicap Asiático (AH),21,,,,,,,-0.04380952380952385,1.8533333333333337,0.5395683453237409,,,False
E1,Derby,Casa,Casa marca (>=1),21,21.0,0.9523809523809523,0.21295885499998007,0.7733018341376451,0.9915442305280766,0.200847210049664,,,,,1.0,False
E1,Derby,Casa,Clean sheet,21,21.0,0.2857142857142857,0.45175395145262565,0.138136757456282,0.49956773822837586,0.03724802804557403,,,,,0.6,False
E1,Derby,Casa,Ambas marcam (BTTS),21,21.0,0.6666666666666666,0.4714045207910317,0.45373075657210293,0.828054635673163,0.10224948875255624,,,,,0.4,True
E1,Derby,Casa,Over 1.5 golos,21,21.0,0.7619047619047619,0.42591770999996,0.5490841802765406,0.8937214361088773,0.005258545135845671,,,,,0.8,False
E1,Derby,Casa,Over 3.5 golos,21,21.0,0.19047619047619047,0.392676726249301,0.07667440615177303,0.40000986539273287,-0.05287759275489337,,,,,0.2,False
E1,Derby,Casa,Cantos total Over 8.5,21,21.0,0.5238095238095238,0.4994327848429293,0.3236921790026675,0.7165628770323705,-0.15717207128250066,,,,,0.0,True
E1,Derby,Casa,Cantos total Over 9.5,21,21.0,0.42857142857142855,0.49487165930539345,0.24469699486521046,0.6345378370296754,-0.12357581069237517,,,,,0.0,True
E1,Derby,Casa,Cantos total Over 10.5,21,21.0,0.3333333333333333,0.4714045207910317,0.17194536432683688,0.546269243427897,-0.1124744376278119,,,,,0.0,True
E1,Derby,Casa,Cantos equipa Over 4.5,21,21.0,0.6666666666666666,0.4714045207910317,0.45373075657210293,0.828054635673163,0.13190184049079756,,,,,0.8,False
E1,Derby,Casa,Cantos equipa Over 5.5,21,21.0,0.47619047619047616,0.4994327848429293,0.28343712296762946,0.6763078209973326,0.08559742915571134,,,,,0.6,False
E1,Derby,Casa,Equipa ganha cantos,21,21.0,0.6190476190476191,0.4856209060564557,0.40878295815501514,0.7924923220201749,0.16608238387379493,,,,,0.8,False
E1,Hull,Fora,Vitória (1X2),20,20.0,0.5,0.5,0.2992949144298199,0.70070508557018,0.1329243353783231,0.9530000000000001,3.8264999999999993,0.2613354240167255,0.9132499999999999,0.4,False
E1,Hull,Fora,Over 2.5 golos,20,20.0,0.65,0.47696960070847283,0.43285051021946475,0.8188104521320554,0.14897750511247443,0.23999999999999994,1.8849999999999998,0.5305039787798409,0.22524999999999995,0.4,True
E1,Hull,Fora,Under 2.5 golos,20,20.0,0.35,0.47696960070847283,0.1811895478679446,0.5671494897805353,-0.14897750511247448,-0.32449999999999996,1.8790000000000002,0.5321979776476848,-0.34234999999999993,0.6,False
E1,Hull,Fora,Handicap Asiático (AH),20,,,,,,,0.355,2.0324999999999998,0.49200492004920054,,,False
E1,Hull,Fora,Casa marca (>=1),20,20.0,0.85,0.3570714214271425,0.6395767041130426,0.9476322080405041,0.09846625766871164,,,,,0.6,True
E1,Hull,Fora,Clean sheet,20,20.0,0.3,0.458257569495584,0.14547527396899385,0.5189767762289793,0.051533742331288324,,,,,0.2,False
E1,Hull,Fora,Ambas marcam (BTTS),20,20.0,0.6,0.4898979485566356,0.38657794231520604,0.7811960325858073,0.03558282208588959,,,,,0.4,True
E1,Hull,Fora,Over 1.5 golos,20,20.0,0.75,0.4330127018922193,0.5312949900419365,0.888139947210597,-0.006646216768916191,,,,,0.6,True
E1,Hull,Fora,Over 3.5 golos,20,20.0,0.3,0.458257569495584,0.14547527396899385,0.5189767762289793,0.05664621676891615,,,,,0.0,True
E1,Hull,Fora,Cantos total Over 8.5,20,20.0,0.8,0.39999999999999997,0.5839782779742402,0.9193436467288001,0.11901840490797555,,,,,0.8,False
E1,Hull,Fora,Cantos total Over 9.5,20,20.0,0.8,0.39999999999999997,0.5839782779742402,0.9193436467288001,0.24785276073619633,,,,,0.8,False
E1,Hull,Fora,Cantos total Over 10.5,20,20.0,0.6,0.4898979485566356,0.38657794231520604,0.7811960325858073,0.15419222903885477,,,,,0.6,False
E1,Hull,Fora,Cantos equipa Over 4.5,20,20.0,0.4,0.4898979485566356,0.21880396741419272,0.613422057684794,-0.13476482617586905,,,,,0.2,True
E1,Hull,Fora,Cantos equipa Over 5.5,20,20.0,0.2,0.4,0.08065635327119998,0.4160217220257599,-0.19059304703476482,,,,,0.0,True
E1,Hull,Fora,Equipa ganha cantos,20,20.0,0.1,0.30000000000000004,0.027865893984153196,0.30103820641179335,-0.35296523517382417,,,,,0.2,False
E1,Hull,Casa,Vitória (1X2),21,21.0,0.47619047619047616,0.4994327848429293,0.28343712296762946,0.6763078209973326,0.10911481156879926,0.15523809523809523,2.6076190476190475,0.38349159970781593,0.24172335600907013,0.4,False
E1,Hull,Casa,Over 2.5 golos,21,21.0,0.6190476190476191,0.4856209060564557,0.40878295815501514,0.7924923220201749,0.11802512416009348,0.20238095238095238,1.9180952380952379,0.5213505461767627,0.18739229024943316,0.8,False
E1,Hull,Casa,Under 2.5 golos,21,21.0,0.38095238095238093,0.4856209060564557,0.20750767797982508,0.5912170418449848,-0.11802512416009353,-0.2857142857142857,1.8538095238095238,0.5394297456974056,-0.2937868480725625,0.2,True
E1,Hull,Casa,Handicap Asiático (AH),21,,,,,,,0.09047619047619045,1.89,0.5291005291005292,,,False
E1,Hull,Casa,Casa marca (>=1),21,21.0,0.7619047619047619,0.42591770999996,0.5490841802765406,0.8937214361088773,0.010371019573473528,,,,,0.8,False
E1,Hull,Casa,Clean sheet,21,21.0,0.23809523809523808,0.4259177099999599,0.10627856389112264,0.4509158197234593,-0.010371019573473583,,,,,0.2,False
E1,Hull,Casa,Ambas marcam (BTTS),21,21.0,0.6190476190476191,0.4856209060564557,0.40878295815501514,0.7924923220201749,0.05463044113350868,,,,,0.8,False
E1,Hull,Casa,Over 1.5 golos,21,21.0,0.7619047619047619,0.42591770999996,0.5490841802765406,0.8937214361088773,0.005258545135845671,,,,,0.8,False
E1,Hull,Casa,Over 3.5 golos,21,21.0,0.47619047619047616,0.4994327848429293,0.28343712296762946,0.6763078209973326,0.23283669295939233,,,,,0.8,False
E1,Hull,Casa,Cantos total Over 8.5,21,21.0,0.5238095238095238,0.4994327848429293,0.3236921790026675,0.7165628770323705,-0.15717207128250066,,,,,0.4,False
E1,Hull,Casa,Cantos total Over 9.5,21,21.0,0.47619047619047616,0.4994327848429293,0.28343712296762946,0.6763078209973326,-0.07595676307332755,,,,,0.4,False
E1,Hull,Casa,Cantos total Over 10.5,21,21.0,0.3333333333333333,0.4714045207910317,0.17194536432683688,0.546269243427897,-0.1124744376278119,,,,,0.2,False
E1,Hull,Casa,Cantos equipa Over 4.5,21,21.0,0.5714285714285714,0.4948716593053935,0.3654621629703245,0.7553030051347894,0.03666374525270233,,,,,0.6,False
E1,Hull,Casa,Cantos equipa Over 5.5,21,21.0,0.42857142857142855,0.49487165930539345,0.24469699486521046,0.6345378370296754,0.03797838153666372,,,,,0.4,False
E1,Hull,Casa,Equipa ganha cantos,21,21.0,0.47619047619047616,0.4994327848429293,0.28343712296762946,0.6763078209973326,0.02322524101665202,,,,,0.6,False
E1,Ipswich,Fora,Vitória (1X2),18,18.0,0.3888888888888889,0.48749802152178456,0.2030499192693116,0.6138133141934383,0.021813224267211995,-0.20888888888888887,2.1222222222222222,0.4712041884816754,-0.17469135802469138,0.6,False
E1,Ipswich,Fora,Over 2.5 golos,18,18.0,0.5,0.5,0.2903070395897999,0.7096929604102001,-0.0010224948875255935,-0.011666666666666627,1.9549999999999998,0.5115089514066496,-0.022500000000000075,0.6,False
E1,Ipswich,Fora,Under 2.5 golos,18,18.0,0.5,0.5,0.2903070395897999,0.7096929604102001,0.001022494887525538,-0.07444444444444448,1.8172222222222223,0.5502904310608376,-0.09138888888888885,0.4,False
E1,Ipswich,Fora,Handicap Asiático (AH),18,,,,,,,-0.16750000000000004,2.0416666666666665,0.489795918367347,,,False
E1,Ipswich,Fora,Casa marca (>=1),18,18.0,0.8888888888888888,0.3142696805273545,0.6719975513339578,0.9689811315464172,0.1373551465576005,,,,,1.0,False
E1,Ipswich,Fora,Clean sheet,18,18.0,0.2777777777777778,0.4479032082388083,0.12499569146355476,0.5087307754619452,0.029311520109066125,,,,,0.4,False
E1,Ipswich,Fora,Ambas marcam (BTTS),18,18.0,0.6666666666666666,0.4714045207910317,0.4374906934425036,0.8372144563633714,0.10224948875255624,,,,,0.6,False
E1,Ipswich,Fora,Over 1.5 golos,18,18.0,0.8888888888888888,0.3142696805273545,0.6719975513339578,0.9689811315464172,0.13224267211997265,,,,,1.0,False
E1,Ipswich,Fora,Over 3.5 golos,18,18.0,0.3333333333333333,0.4714045207910317,0.16278554363662856,0.5625093065574964,0.08997955010224948,,,,,0.4,False
E1,Ipswich,Fora,Cantos total Over 8.5,18,18.0,0.6666666666666666,0.4714045207910317,0.4374906934425036,0.8372144563633714,-0.014314928425357865,,,,,0.4,True
E1,Ipswich,Fora,Cantos total Over 9.5,18,18.0,0.2777777777777778,0.4479032082388083,0.12499569146355476,0.5087307754619452,-0.2743694614860259,,,,,0.4,False
E1,Ipswich,Fora,Cantos total Over 10.5,18,18.0,0.2222222222222222,0.41573970964154905,0.09000781913382,0.4521502645230549,-0.223585548738923,,,,,0.2,False
E1,Ipswich,Fora,Cantos equipa Over 4.5,18,18.0,0.6111111111111112,0.48749802152178456,0.3861866858065617,0.7969500807306884,0.07634628493524209,,,,,0.4,True
E1,Ipswich,Fora,Cantos equipa Over 5.5,18,18.0,0.4444444444444444,0.49690399499995325,0.24559231101389123,0.6628393057174836,0.05385139740967959,,,,,0.4,False
E1,Ipswich,Fora,Equipa ganha cantos,18,18.0,0.7222222222222222,0.4479032082388083,0.49126922453805477,0.8750043085364453,0.26925698704839807,,,,,0.6,False
E1,Ipswich,Casa,Vitória (1X2),21,21.0,0.6190476190476191,0.4856209060564557,0.40878295815501514,0.7924923220201749,0.25197195442594217,-0.0028571428571428385,1.6157142857142857,0.618921308576481,0.0002040816326531747,0.6,False
E1,Ipswich,Casa,Over 2.5 golos,21,21.0,0.5238095238095238,0.4994327848429293,0.3236921790026675,0.7165628770323705,0.022787028921998242,-0.05285714285714286,1.8161904761904761,0.5506030414263241,-0.04866213151927434,0.4,False
E1,Ipswich,Casa,Under 2.5 golos,21,21.0,0.47619047619047616,0.4994327848429293,0.28343712296762946,0.6763078209973326,-0.022787028921998298,-0.07904761904761909,1.9523809523809523,0.5121951219512195,-0.07029478458049898,0.6,False
E1,Ipswich,Casa,Handicap Asiático (AH),21,,,,,,,-0.056904761904761916,1.850952380952381,0.5402624131721122,,,False
E1,Ipswich,Casa,Casa marca (>=1),21,21.0,0.9047619047619048,0.2935435239509036,0.7108541613925933,0.9734817912030528,0.15322816243061643,,,,,1.0,False
E1,Ipswich,Casa,Clean sheet,21,21.0,0.42857142857142855,0.49487165930539345,0.24469699486521046,0.6345378370296754,0.18010517090271688,,,,,0.4,False
E1,Ipswich,Casa,Ambas marcam (BTTS),21,21.0,0.5238095238095238,0.4994327848429293,0.3236921790026675,0.7165628770323705,-0.040607654104586555,,,,,0.6,False
E1,Ipswich,Casa,Over 1.5 golos,21,21.0,0.8095238095238095,0.392676726249301,0.599990134607267,0.923325593848227,0.05287759275489334,,,,,0.8,False
E1,Ipswich,Casa,Over 3.5 golos,21,21.0,0.19047619047619047,0.392676726249301,0.07667440615177303,0.40000986539273287,-0.05287759275489337,,,,,0.0,True
E1,Ipswich,Casa,Cantos total Over 8.5,21,21.0,0.6666666666666666,0.4714045207910317,0.45373075657210293,0.828054635673163,-0.014314928425357865,,,,,0.8,False
E1,Ipswich,Casa,Cantos total Over 9.5,21,21.0,0.47619047619047616,0.4994327848429293,0.28343712296762946,0.6763078209973326,-0.07595676307332755,,,,,0.8,False
E1,Ipswich,Casa,Cantos total Over 10.5,21,21.0,0.38095238095238093,0.4856209060564557,0.20750767797982508,0.5912170418449848,-0.06485539000876428,,,,,0.4,False
E1,Ipswich,Casa,Cantos equipa Over 4.5,21,21.0,0.6666666666666666,0.4714045207910317,0.45373075657210293,0.828054635673163,0.13190184049079756,,,,,0.8,False
E1,Ipswich,Casa,Cantos equipa Over 5.5,21,21.0,0.5238095238095238,0.4994327848429293,0.3236921790026675,0.7165628770323705,0.133216476774759,,,,,0.8,False
E1,Ipswich,Casa,Equipa ganha cantos,21,21.0,0.6666666666666666,0.4714045207910317,0.45373075657210293,0.828054635673163,0.2137014314928425,,,,,1.0,False
E1,Leicester,Fora,Vitória (1X2),21,21.0,0.19047619047619047,0.392676726249301,0.07667440615177303,0.40000986539273287,-0.17659947414548643,-0.5271428571428571,3.288095238095238,0.30412744388124546,-0.3736961451247166,0.0,True
E1,Leicester,Fora,Over 2.5 golos,21,21.0,0.6190476190476191,0.4856209060564557,0.40878295815501514,0.7924923220201749,0.11802512416009348,0.19047619047619047,1.9109523809523803,0.5232992773486171,0.18297052154194993,0.2,True
E1,Leicester,Fora,Under 2.5 golos,21,21.0,0.38095238095238093,0.4856209060564557,0.20750767797982508,0.5912170418449848,-0.11802512416009353,-0.2828571428571429,1.862380952380952,0.5369470723600104,-0.2905215419501136,0.8,False
E1,Leicester,Fora,Handicap Asiático (AH),21,,,,,,,-0.06261904761904764,1.8538095238095238,0.5394297456974056,,,False
E1,Leicester,Fora,Casa marca (>=1),21,21.0,0.8571428571428571,0.34992710611188266,0.6536350585077049,0.950190782017865,0.10560911481156876,,,,,0.8,False
E1,Leicester,Fora,Clean sheet,21,21.0,0.09523809523809523,0.2935435239509036,0.026518208796947225,0.2891458386074067,-0.15322816243061643,,,,,0.2,False
E1,Leicester,Fora,Ambas marcam (BTTS),21,21.0,0.8095238095238095,0.392676726249301,0.599990134607267,0.923325593848227,0.24510663160969914,,,,,0.8,False
E1,Leicester,Fora,Over 1.5 golos,21,21.0,0.8571428571428571,0.34992710611188266,0.6536350585077049,0.950190782017865,0.1004966403739409,,,,,0.8,False
E1,Leicester,Fora,Over 3.5 golos,21,21.0,0.3333333333333333,0.4714045207910317,0.17194536432683688,0.546269243427897,0.08997955010224948,,,,,0.2,False
E1,Leicester,Fora,Cantos total Over 8.5,21,21.0,0.6666666666666666,0.4714045207910317,0.45373075657210293,0.828054635673163,-0.014314928425357865,,,,,1.0,False
E1,Leicester,Fora,Cantos total Over 9.5,21,21.0,0.5714285714285714,0.4948716593053935,0.3654621629703245,0.7553030051347894,0.019281332164767684,,,,,1.0,False
E1,Leicester,Fora,Cantos total Over 10.5,21,21.0,0.47619047619047616,0.4994327848429293,0.28343712296762946,0.6763078209973326,0.030382705229330953,,,,,1.0,False
E1,Leicester,Fora,Cantos equipa Over 4.5,21,21.0,0.23809523809523808,0.4259177099999599,0.10627856389112264,0.4509158197234593,-0.296669588080631,,,,,0.4,False
E1,Leicester,Fora,Cantos equipa Over 5.5,21,21.0,0.14285714285714285,0.3499271061118826,0.049809217982134925,0.34636494149229496,-0.24773590417762198,,,,,0.2,False
E1,Leicester,Fora,Equipa ganha cantos,21,21.0,0.23809523809523808,0.4259177099999599,0.10627856389112264,0.4509158197234593,-0.21486999707858606,,,,,0.2,False
E1,Leicester,Casa,Vitória (1X2),20,20.0,0.35,0.47696960070847283,0.1811895478679446,0.5671494897805353,-0.017075664621676923,-0.2085,2.1679999999999997,0.46125461254612554,-0.2412000000000002,0.2,False
E1,Leicester,Casa,Over 2.5 golos,20,20.0,0.55,0.49749371855331,0.34208200830759966,0.741804979142907,0.04897750511247445,0.03449999999999999,1.8935000000000002,0.5281225244256667,0.04142500000000027,0.6,False
E1,Leicester,Casa,Under 2.5 golos,20,20.0,0.45,0.49749371855331,0.25819502085709295,0.6579179916924003,-0.04897750511247445,-0.16500000000000004,1.8745,0.5334755934915978,-0.15647500000000003,0.4,False
E1,Leicester,Casa,Handicap Asiático (AH),20,,,,,,,-0.3370000000000001,1.8889999999999998,0.5293806246691372,,,False
E1,Leicester,Casa,Casa marca (>=1),20,20.0,0.8,0.39999999999999997,0.5839782779742402,0.9193436467288001,0.04846625766871171,,,,,0.8,False
E1,Leicester,Casa,Clean sheet,20,20.0,0.15,0.3570714214271425,0.05236779195949582,0.36042329588695743,-0.09846625766871167,,,,,0.2,False
E1,Leicester,Casa,Ambas marcam (BTTS),20,20.0,0.7,0.45825756949558405,0.4810232237710205,0.8545247260310062,0.13558282208588956,,,,,0.6,False
E1,Leicester,Casa,Over 1.5 golos,20,20.0,0.95,0.21794494717703378,0.7638641064874331,0.9911187805671267,0.19335378323108376,,,,,1.0,False
E1,Leicester,Casa,Over 3.5 golos,20,20.0,0.25,0.4330127018922193,0.11186005278940306,0.4687050099580635,0.006646216768916163,,,,,0.6,False
E1,Leicester,Casa,Cantos total Over 8.5,20,20.0,0.75,0.4330127018922193,0.5312949900419365,0.888139947210597,0.0690184049079755,,,,,1.0,False
E1,Leicester,Casa,Cantos total Over 9.5,20,20.0,0.6,0.4898979485566356,0.38657794231520604,0.7811960325858073,0.047852760736196265,,,,,0.6,False
E1,Leicester,Casa,Cantos total Over 10.5,20,20.0,0.55,0.49749371855331,0.34208200830759966,0.741804979142907,0.10419222903885483,,,,,0.6,False
E1,Leicester,Casa,Cantos equipa Over 4.5,20,20.0,0.6,0.4898979485566356,0.38657794231520604,0.7811960325858073,0.06523517382413091,,,,,0.6,False
E1,Leicester,Casa,Cantos equipa Over 5.5,20,20.0,0.5,0.5,0.2992949144298199,0.70070508557018,0.10940695296523517,,,,,0.4,False
E1,Leicester,Casa,Equipa ganha cantos,20,20.0,0.45,0.49749371855331,0.25819502085709295,0.6579179916924003,-0.0029652351738241323,,,,,0.2,True
E1,Middlesbrough,Fora,Vitória (1X2),21,21.0,0.47619047619047616,0.4994327848429293,0.28343712296762946,0.6763078209973326,0.10911481156879926,0.21285714285714286,2.493333333333333,0.4010695187165776,0.18730158730158708,0.4,False
E1,Middlesbrough,Fora,Over 2.5 golos,21,21.0,0.6190476190476191,0.4856209060564557,0.40878295815501514,0.7924923220201749,0.11802512416009348,0.18904761904761905,1.9247619047619045,0.5195447798119743,0.19151927437641714,0.8,False
E1,Middlesbrough,Fora,Under 2.5 golos,21,21.0,0.38095238095238093,0.4856209060564557,0.20750767797982508,0.5912170418449848,-0.11802512416009353,-0.3038095238095238,1.8376190476190477,0.5441824306815237,-0.2999546485260771,0.2,True
E1,Middlesbrough,Fora,Handicap Asiático (AH),21,,,,,,,0.039999999999999994,1.8771428571428577,0.5327245053272449,,,False
E1,Middlesbrough,Fora,Casa marca (>=1),21,21.0,0.7619047619047619,0.42591770999996,0.5490841802765406,0.8937214361088773,0.010371019573473528,,,,,0.8,False
E1,Middlesbrough,Fora,Clean sheet,21,21.0,0.19047619047619047,0.392676726249301,0.07667440615177303,0.40000986539273287,-0.0579900671925212,,,,,0.4,False
E1,Middlesbrough,Fora,Ambas marcam (BTTS),21,21.0,0.6190476190476191,0.4856209060564557,0.40878295815501514,0.7924923220201749,0.05463044113350868,,,,,0.6,False
E1,Middlesbrough,Fora,Over 1.5 golos,21,21.0,0.8095238095238095,0.392676726249301,0.599990134607267,0.923325593848227,0.05287759275489334,,,,,0.8,False
E1,Middlesbrough,Fora,Over 3.5 golos,21,21.0,0.3333333333333333,0.4714045207910317,0.17194536432683688,0.546269243427897,0.08997955010224948,,,,,0.8,False
E1,Middlesbrough,Fora,Cantos total Over 8.5,21,21.0,0.6666666666666666,0.4714045207910317,0.45373075657210293,0.828054635673163,-0.014314928425357865,,,,,0.6,False
E1,Middlesbrough,Fora,Cantos total Over 9.5,21,21.0,0.47619047619047616,0.4994327848429293,0.28343712296762946,0.6763078209973326,-0.07595676307332755,,,,,0.6,False
E1,Middlesbrough,Fora,Cantos total Over 10.5,21,21.0,0.38095238095238093,0.4856209060564557,0.20750767797982508,0.5912170418449848,-0.06485539000876428,,,,,0.6,False
E1,Middlesbrough,Fora,Cantos equipa Over 4.5,21,21.0,0.6666666666666666,0.4714045207910317,0.45373075657210293,0.828054635673163,0.13190184049079756,,,,,0.6,False
E1,Middlesbrough,Fora,Cantos equipa Over 5.5,21,21.0,0.5238095238095238,0.4994327848429293,0.3236921790026675,0.7165628770323705,0.133216476774759,,,,,0.6,False
E1,Middlesbrough,Fora,Equipa ganha cantos,21,21.0,0.5714285714285714,0.4948716593053935,0.3654621629703245,0.7553030051347894,0.11846333625474725,,,,,0.6,False
E1,Middlesbrough,Casa,Vitória (1X2),20,20.0,0.5,0.5,0.2992949144298199,0.70070508557018,0.1329243353783231,0.04299999999999997,1.905,0.5249343832020997,-0.04749999999999999,0.0,True
E1,Middlesbrough,Casa,Over 2.5 golos,20,20.0,0.45,0.49749371855331,0.25819502085709295,0.6579179916924003,-0.05102249488752558,-0.1315,1.8599999999999999,0.5376344086021506,-0.16300000000000014,0.2,True
E1,Middlesbrough,Casa,Under 2.5 golos,20,20.0,0.55,0.49749371855331,0.34208200830759966,0.741804979142907,0.05102249488752558,0.083,1.9149999999999998,0.5221932114882507,0.05325000000000002,0.8,False
E1,Middlesbrough,Casa,Handicap Asiático (AH),20,,,,,,,-0.09849999999999999,1.8865000000000003,0.5300821627352239,,,False
E1,Middlesbrough,Casa,Casa marca (>=1),20,20.0,0.75,0.4330127018922193,0.5312949900419365,0.888139947210597,-0.0015337423312883347,,,,,0.6,True
E1,Middlesbrough,Casa,Clean sheet,20,20.0,0.4,0.4898979485566356,0.21880396741419272,0.613422057684794,0.15153374233128836,,,,,0.2,True
E1,Middlesbrough,Casa,Ambas marcam (BTTS),20,20.0,0.5,0.5,0.2992949144298199,0.70070508557018,-0.06441717791411039,,,,,0.6,False
E1,Middlesbrough,Casa,Over 1.5 golos,20,20.0,0.6,0.4898979485566356,0.38657794231520604,0.7811960325858073,-0.1566462167689162,,,,,0.6,False
E1,Middlesbrough,Casa,Over 3.5 golos,20,20.0,0.2,0.4,0.08065635327119998,0.4160217220257599,-0.043353783231083826,,,,,0.0,True
E1,Middlesbrough,Casa,Cantos total Over 8.5,20,20.0,0.75,0.4330127018922193,0.5312949900419365,0.888139947210597,0.0690184049079755,,,,,1.0,False
E1,Middlesbrough,Casa,Cantos total Over 9.5,20,20.0,0.7,0.45825756949558405,0.4810232237710205,0.8545247260310062,0.14785276073619624,,,,,1.0,False
E1,Middlesbrough,Casa,Cantos total Over 10.5,20,20.0,0.7,0.45825756949558405,0.4810232237710205,0.8545247260310062,0.25419222903885474,,,,,1.0,False
E1,Middlesbrough,Casa,Cantos equipa Over 4.5,20,20.0,0.75,0.4330127018922193,0.5312949900419365,0.888139947210597,0.21523517382413093,,,,,1.0,False
E1,Middlesbrough,Casa,Cantos equipa Over 5.5,20,20.0,0.6,0.4898979485566356,0.38657794231520604,0.7811960325858073,0.20940695296523515,,,,,1.0,False
E1,Middlesbrough,Casa,Equipa ganha cantos,20,20.0,0.6,0.4898979485566356,0.38657794231520604,0.7811960325858073,0.14703476482617583,,,,,1.0,False
E1,Millwall,Fora,Vitória (1X2),20,20.0,0.5,0.5,0.2992949144298199,0.70070508557018,0.1329243353783231,0.5255000000000001,3.313,0.30184123151222453,0.6565000000000003,0.8,False
E1,Millwall,Fora,Over 2.5 golos,20,20.0,0.45,0.49749371855331,0.25819502085709295,0.6579179916924003,-0.05102249488752558,-0.08199999999999995,2.0795,0.480884828083674,-0.06422500000000009,0.6,False
E1,Millwall,Fora,Under 2.5 golos,20,20.0,0.55,0.49749371855331,0.34208200830759966,0.741804979142907,0.05102249488752558,-0.061500000000000034,1.7310000000000003,0.5777007510109762,-0.047949999999999715,0.4,True
E1,Millwall,Fora,Handicap Asiático (AH),20,,,,,,,0.33875,1.8599999999999999,0.5376344086021506,,,False
E1,Millwall,Fora,Casa marca (>=1),20,20.0,0.85,0.3570714214271425,0.6395767041130426,0.9476322080405041,0.09846625766871164,,,,,1.0,False
E1,Millwall,Fora,Clean sheet,20,20.0,0.3,0.458257569495584,0.14547527396899385,0.5189767762289793,0.051533742331288324,,,,,0.2,False
E1,Millwall,Fora,Ambas marcam (BTTS),20,20.0,0.6,0.4898979485566356,0.38657794231520604,0.7811960325858073,0.03558282208588959,,,,,0.8,False
E1,Millwall,Fora,Over 1.5 golos,20,20.0,0.85,0.3570714214271425,0.6395767041130426,0.9476322080405041,0.09335378323108379,,,,,1.0,False
E1,Millwall,Fora,Over 3.5 golos,20,20.0,0.2,0.4,0.08065635327119998,0.4160217220257599,-0.043353783231083826,,,,,0.2,False
E1,Millwall,Fora,Cantos total Over 8.5,20,20.0,0.65,0.47696960070847283,0.43285051021946475,0.8188104521320554,-0.030981595092024472,,,,,0.6,False
E1,Millwall,Fora,Cantos total Over 9.5,20,20.0,0.5,0.5,0.2992949144298199,0.70070508557018,-0.05214723926380371,,,,,0.6,False
E1,Millwall,Fora,Cantos total Over 10.5,20,20.0,0.45,0.49749371855331,0.25819502085709295,0.6579179916924003,0.0041922290388548,,,,,0.6,False
E1,Millwall,Fora,Cantos equipa Over 4.5,20,20.0,0.5,0.5,0.2992949144298199,0.70070508557018,-0.03476482617586907,,,,,0.8,False
E1,Millwall,Fora,Cantos equipa Over 5.5,20,20.0,0.45,0.49749371855331,0.25819502085709295,0.6579179916924003,0.05940695296523518,,,,,0.8,False
E1,Millwall,Fora,Equipa ganha cantos,20,20.0,0.35,0.47696960070847283,0.1811895478679446,0.5671494897805353,-0.10296523517382417,,,,,0.4,False
E1,Millwall,Casa,Vitória (1X2),21,21.0,0.5238095238095238,0.4994327848429293,0.3236921790026675,0.7165628770323705,0.15673385918784694,0.21380952380952387,2.316666666666667,0.4316546762589928,0.21349206349206362,0.4,False
E1,Millwall,Casa,Over 2.5 golos,21,21.0,0.5714285714285714,0.4948716593053935,0.3654621629703245,0.7553030051347894,0.0704060765410458,0.17333333333333328,2.0757142857142856,0.48176187198898834,0.18612244897959163,0.8,False
E1,Millwall,Casa,Under 2.5 golos,21,21.0,0.42857142857142855,0.49487165930539345,0.24469699486521046,0.6345378370296754,-0.07040607654104591,-0.2742857142857143,1.7133333333333332,0.5836575875486382,-0.2657142857142858,0.2,True
E1,Millwall,Casa,Handicap Asiático (AH),21,,,,,,,0.12714285714285714,1.8671428571428572,0.5355776587605202,,,False
E1,Millwall,Casa,Casa marca (>=1),21,21.0,0.8095238095238095,0.392676726249301,0.599990134607267,0.923325593848227,0.0579900671925212,,,,,1.0,False
E1,Millwall,Casa,Clean sheet,21,21.0,0.42857142857142855,0.49487165930539345,0.24469699486521046,0.6345378370296754,0.18010517090271688,,,,,0.4,False
E1,Millwall,Casa,Ambas marcam (BTTS),21,21.0,0.42857142857142855,0.49487165930539345,0.24469699486521046,0.6345378370296754,-0.13584574934268184,,,,,0.6,False
E1,Millwall,Casa,Over 1.5 golos,21,21.0,0.7619047619047619,0.42591770999996,0.5490841802765406,0.8937214361088773,0.005258545135845671,,,,,0.8,False
E1,Millwall,Casa,Over 3.5 golos,21,21.0,0.23809523809523808,0.4259177099999599,0.10627856389112264,0.4509158197234593,-0.005258545135845755,,,,,0.2,False
E1,Millwall,Casa,Cantos total Over 8.5,21,21.0,0.6666666666666666,0.4714045207910317,0.45373075657210293,0.828054635673163,-0.014314928425357865,,,,,0.6,False
E1,Millwall,Casa,Cantos total Over 9.5,21,21.0,0.5238095238095238,0.4994327848429293,0.3236921790026675,0.7165628770323705,-0.028337715454279877,,,,,0.6,False
E1,Millwall,Casa,Cantos total Over 10.5,21,21.0,0.47619047619047616,0.4994327848429293,0.28343712296762946,0.6763078209973326,0.030382705229330953,,,,,0.4,False
E1,Millwall,Casa,Cantos equipa Over 4.5,21,21.0,0.7142857142857143,0.45175395145262565,0.5004322617716241,0.8618632425437179,0.17952088810984523,,,,,0.8,False
E1,Millwall,Casa,Cantos equipa Over 5.5,21,21.0,0.5714285714285714,0.4948716593053935,0.3654621629703245,0.7553030051347894,0.18083552439380657,,,,,0.8,False
E1,Millwall,Casa,Equipa ganha cantos,21,21.0,0.6190476190476191,0.4856209060564557,0.40878295815501514,0.7924923220201749,0.16608238387379493,,,,,0.8,False
E1,Norwich,Fora,Vitória (1X2),21,21.0,0.42857142857142855,0.49487165930539345,0.24469699486521046,0.6345378370296754,0.06149576394975165,0.25761904761904764,3.4785714285714286,0.2874743326488706,0.49081632653061225,0.8,False
E1,Norwich,Fora,Over 2.5 golos,21,21.0,0.47619047619047616,0.4994327848429293,0.28343712296762946,0.6763078209973326,-0.02483201869704943,-0.10095238095238092,1.8614285714285712,0.5372217958557176,-0.11360544217687085,0.4,False
E1,Norwich,Fora,Under 2.5 golos,21,21.0,0.5238095238095238,0.4994327848429293,0.3236921790026675,0.7165628770323705,0.024832018697049374,0.012857142857142869,1.9042857142857144,0.5251312828207052,-0.0025170068027210446,0.6,False
E1,Norwich,Fora,Handicap Asiático (AH),21,,,,,,,0.18976190476190474,1.877619047619048,0.5325893989348212,,,False
E1,Norwich,Fora,Casa marca (>=1),21,21.0,0.8571428571428571,0.34992710611188266,0.6536350585077049,0.950190782017865,0.10560911481156876,,,,,0.8,False
E1,Norwich,Fora,Clean sheet,21,21.0,0.23809523809523808,0.4259177099999599,0.10627856389112264,0.4509158197234593,-0.010371019573473583,,,,,0.6,False
E1,Norwich,Fora,Ambas marcam (BTTS),21,21.0,0.6190476190476191,0.4856209060564557,0.40878295815501514,0.7924923220201749,0.05463044113350868,,,,,0.2,True
E1,Norwich,Fora,Over 1.5 golos,21,21.0,0.8095238095238095,0.392676726249301,0.599990134607267,0.923325593848227,0.05287759275489334,,,,,0.6,True
E1,Norwich,Fora,Over 3.5 golos,21,21.0,0.19047619047619047,0.392676726249301,0.07667440615177303,0.40000986539273287,-0.05287759275489337,,,,,0.0,True
E1,Norwich,Fora,Cantos total Over 8.5,21,21.0,0.6666666666666666,0.4714045207910317,0.45373075657210293,0.828054635673163,-0.014314928425357865,,,,,0.6,False
E1,Norwich,Fora,Cantos total Over 9.5,21,21.0,0.6190476190476191,0.4856209060564557,0.40878295815501514,0.7924923220201749,0.06690037978381536,,,,,0.6,False
E1,Norwich,Fora,Cantos total Over 10.5,21,21.0,0.5714285714285714,0.4948716593053935,0.3654621629703245,0.7553030051347894,0.12562080046742619,,,,,0.6,False
E1,Norwich,Fora,Cantos equipa Over 4.5,21,21.0,0.47619047619047616,0.4994327848429293,0.28343712296762946,0.6763078209973326,-0.058574349985392904,,,,,0.8,False
E1,Norwich,Fora,Cantos equipa Over 5.5,21,21.0,0.3333333333333333,0.4714045207910317,0.17194536432683688,0.546269243427897,-0.057259713701431514,,,,,0.6,False
E1,Norwich,Fora,Equipa ganha cantos,21,21.0,0.42857142857142855,0.49487165930539345,0.24469699486521046,0.6345378370296754,-0.024393806602395596,,,,,0.8,False
E1,Norwich,Casa,Vitória (1X2),20,20.0,0.4,0.4898979485566356,0.21880396741419272,0.613422057684794,0.03292433537832312,-0.1025,2.2735,0.43985045084671215,-0.09060000000000001,0.6,False
E1,Norwich,Casa,Over 2.5 golos,20,20.0,0.45,0.49749371855331,0.25819502085709295,0.6579179916924003,-0.05102249488752558,-0.188,1.8135,0.5514199062586159,-0.183925,0.4,False
E1,Norwich,Casa,Under 2.5 golos,20,20.0,0.55,0.49749371855331,0.34208200830759966,0.741804979142907,0.05102249488752558,0.07999999999999999,1.9645,0.5090353779587682,0.08047500000000007,0.6,False
E1,Norwich,Casa,Handicap Asiático (AH),20,,,,,,,-0.30649999999999994,1.8550000000000004,0.5390835579514823,,,False
E1,Norwich,Casa,Casa marca (>=1),20,20.0,0.75,0.4330127018922193,0.5312949900419365,0.888139947210597,-0.0015337423312883347,,,,,1.0,False
E1,Norwich,Casa,Clean sheet,20,20.0,0.2,0.4,0.08065635327119998,0.4160217220257599,-0.048466257668711654,,,,,0.4,False
E1,Norwich,Casa,Ambas marcam (BTTS),20,20.0,0.55,0.49749371855331,0.34208200830759966,0.741804979142907,-0.014417177914110346,,,,,0.6,False
E1,Norwich,Casa,Over 1.5 golos,20,20.0,0.8,0.39999999999999997,0.5839782779742402,0.9193436467288001,0.04335378323108385,,,,,1.0,False
E1,Norwich,Casa,Over 3.5 golos,20,20.0,0.1,0.30000000000000004,0.027865893984153196,0.30103820641179335,-0.14335378323108383,,,,,0.0,False
E1,Norwich,Casa,Cantos total Over 8.5,20,20.0,0.7,0.45825756949558405,0.4810232237710205,0.8545247260310062,0.01901840490797546,,,,,0.6,False
E1,Norwich,Casa,Cantos total Over 9.5,20,20.0,0.6,0.4898979485566356,0.38657794231520604,0.7811960325858073,0.047852760736196265,,,,,0.6,False
E1,Norwich,Casa,Cantos total Over 10.5,20,20.0,0.55,0.49749371855331,0.34208200830759966,0.741804979142907,0.10419222903885483,,,,,0.6,False
E1,Norwich,Casa,Cantos equipa Over 4.5,20,20.0,0.7,0.45825756949558405,0.4810232237710205,0.8545247260310062,0.1652351738241309,,,,,0.8,False
E1,Norwich,Casa,Cantos equipa Over 5.5,20,20.0,0.45,0.49749371855331,0.25819502085709295,0.6579179916924003,0.05940695296523518,,,,,0.4,False
E1,Norwich,Casa,Equipa ganha cantos,20,20.0,0.65,0.47696960070847283,0.43285051021946475,0.8188104521320554,0.19703476482617588,,,,,0.6,False
E1,Oxford,Fora,Vitória (1X2),21,21.0,0.19047619047619047,0.392676726249301,0.07667440615177303,0.40000986539273287,-0.17659947414548643,-0.25761904761904764,4.9976190476190485,0.2000952834683182,-0.048072562358276505,0.2,False
E1,Oxford,Fora,Over 2.5 golos,21,21.0,0.5238095238095238,0.4994327848429293,0.3236921790026675,0.7165628770323705,0.022787028921998242,0.0576190476190476,1.9647619047619047,0.5089675230247213,0.029160997732426308,0.6,False
E1,Oxford,Fora,Under 2.5 golos,21,21.0,0.47619047619047616,0.4994327848429293,0.28343712296762946,0.6763078209973326,-0.022787028921998298,-0.10809523809523809,1.8199999999999998,0.5494505494505495,-0.13333333333333341,0.4,False
E1,Oxford,Fora,Handicap Asiático (AH),21,,,,,,,0.049523809523809505,1.8671428571428568,0.5355776587605204,,,False
E1,Oxford,Fora,Casa marca (>=1),21,21.0,0.6190476190476191,0.4856209060564557,0.40878295815501514,0.7924923220201749,-0.13248612328366927,,,,,0.6,False
E1,Oxford,Fora,Clean sheet,21,21.0,0.14285714285714285,0.3499271061118826,0.049809217982134925,0.34636494149229496,-0.10560911481156882,,,,,0.2,False
E1,Oxford,Fora,Ambas marcam (BTTS),21,21.0,0.6190476190476191,0.4856209060564557,0.40878295815501514,0.7924923220201749,0.05463044113350868,,,,,0.6,False
E1,Oxford,Fora,Over 1.5 golos,21,21.0,0.7142857142857143,0.45175395145262565,0.5004322617716241,0.8618632425437179,-0.04236050248320189,,,,,0.8,False
E1,Oxford,Fora,Over 3.5 golos,21,21.0,0.23809523809523808,0.4259177099999599,0.10627856389112264,0.4509158197234593,-0.005258545135845755,,,,,0.4,False
E1,Oxford,Fora,Cantos total Over 8.5,21,21.0,0.9523809523809523,0.21295885499998007,0.7733018341376451,0.9915442305280766,0.27139935728892783,,,,,1.0,False
E1,Oxford,Fora,Cantos total Over 9.5,21,21.0,0.9047619047619048,0.2935435239509036,0.7108541613925933,0.9734817912030528,0.35261466549810105,,,,,1.0,False
E1,Oxford,Fora,Cantos total Over 10.5,21,21.0,0.7619047619047619,0.42591770999996,0.5490841802765406,0.8937214361088773,0.31609699094361665,,,,,0.8,False
E1,Oxford,Fora,Cantos equipa Over 4.5,21,21.0,0.3333333333333333,0.4714045207910317,0.17194536432683688,0.546269243427897,-0.20143149284253575,,,,,0.8,False
E1,Oxford,Fora,Cantos equipa Over 5.5,21,21.0,0.09523809523809523,0.2935435239509036,0.026518208796947225,0.2891458386074067,-0.2953549517966696,,,,,0.2,False
E1,Oxford,Fora,Equipa ganha cantos,21,21.0,0.047619047619047616,0.21295885499997996,0.008455769471923294,0.22669816586235464,-0.4053461875547765,,,,,0.0,False
E1,Oxford,Casa,Vitória (1X2),20,20.0,0.25,0.4330127018922193,0.11186005278940306,0.4687050099580635,-0.1170756646216769,-0.11949999999999997,3.181,0.31436655139893116,-0.20475,0.4,False
E1,Oxford,Casa,Over 2.5 golos,20,20.0,0.45,0.49749371855331,0.25819502085709295,0.6579179916924003,-0.05102249488752558,-0.08149999999999999,2.084,0.4798464491362764,-0.06219999999999992,0.4,False
E1,Oxford,Casa,Under 2.5 golos,20,20.0,0.55,0.49749371855331,0.34208200830759966,0.741804979142907,0.05102249488752558,-0.07399999999999998,1.7120000000000002,0.5841121495327102,-0.058399999999999785,0.6,False
E1,Oxford,Casa,Handicap Asiático (AH),20,,,,,,,0.0012499999999999844,1.866,0.5359056806002144,,,False
E1,Oxford,Casa,Casa marca (>=1),20,20.0,0.6,0.4898979485566356,0.38657794231520604,0.7811960325858073,-0.15153374233128836,,,,,0.8,False
E1,Oxford,Casa,Clean sheet,20,20.0,0.2,0.4,0.08065635327119998,0.4160217220257599,-0.048466257668711654,,,,,0.2,False
E1,Oxford,Casa,Ambas marcam (BTTS),20,20.0,0.5,0.5,0.2992949144298199,0.70070508557018,-0.06441717791411039,,,,,0.6,False
E1,Oxford,Casa,Over 1.5 golos,20,20.0,0.65,0.47696960070847283,0.43285051021946475,0.8188104521320554,-0.10664621676891617,,,,,0.8,False
E1,Oxford,Casa,Over 3.5 golos,20,20.0,0.15,0.3570714214271425,0.05236779195949582,0.36042329588695743,-0.09335378323108384,,,,,0.0,True
E1,Oxford,Casa,Cantos total Over 8.5,20,20.0,0.6,0.4898979485566356,0.38657794231520604,0.7811960325858073,-0.08098159509202452,,,,,0.6,False
E1,Oxford,Casa,Cantos total Over 9.5,20,20.0,0.45,0.49749371855331,0.25819502085709295,0.6579179916924003,-0.1021472392638037,,,,,0.4,False
E1,Oxford,Casa,Cantos total Over 10.5,20,20.0,0.4,0.4898979485566356,0.21880396741419272,0.613422057684794,-0.04580777096114519,,,,,0.2,True
E1,Oxford,Casa,Cantos equipa Over 4.5,20,20.0,0.4,0.4898979485566356,0.21880396741419272,0.613422057684794,-0.13476482617586905,,,,,0.4,False
E1,Oxford,Casa,Cantos equipa Over 5.5,20,20.0,0.25,0.4330127018922193,0.11186005278940306,0.4687050099580635,-0.14059304703476483,,,,,0.2,False
E1,Oxford,Casa,Equipa ganha cantos,20,20.0,0.2,0.4,0.08065635327119998,0.4160217220257599,-0.25296523517382413,,,,,0.2,False
E1,Portsmouth,Fora,Vitória (1X2),20,20.0,0.2,0.4,0.08065635327119998,0.4160217220257599,-0.1670756646216769,-0.39699999999999996,3.8585000000000003,0.25916807049371515,-0.22829999999999995,0.2,False
E1,Portsmouth,Fora,Over 2.5 golos,20,20.0,0.45,0.49749371855331,0.25819502085709295,0.6579179916924003,-0.05102249488752558,-0.10349999999999997,2.0294999999999996,0.4927322000492733,-0.08672500000000016,0.6,False
E1,Portsmouth,Fora,Under 2.5 golos,20,20.0,0.55,0.49749371855331,0.34208200830759966,0.741804979142907,0.05102249488752558,-0.04899999999999995,1.7535,0.570287995437696,-0.03557499999999991,0.4,True
E1,Portsmouth,Fora,Handicap Asiático (AH),20,,,,,,,0.019500000000000007,1.8670000000000002,0.5356186395286555,,,False
E1,Portsmouth,Fora,Casa marca (>=1),20,20.0,0.7,0.45825756949558405,0.4810232237710205,0.8545247260310062,-0.05153374233128838,,,,,1.0,False
E1,Portsmouth,Fora,Clean sheet,20,20.0,0.15,0.3570714214271425,0.05236779195949582,0.36042329588695743,-0.09846625766871167,,,,,0.0,True
E1,Portsmouth,Fora,Ambas marcam (BTTS),20,20.0,0.6,0.4898979485566356,0.38657794231520604,0.7811960325858073,0.03558282208588959,,,,,1.0,False
E1,Portsmouth,Fora,Over 1.5 golos,20,20.0,0.75,0.4330127018922193,0.5312949900419365,0.888139947210597,-0.006646216768916191,,,,,1.0,False
E1,Portsmouth,Fora,Over 3.5 golos,20,20.0,0.3,0.458257569495584,0.14547527396899385,0.5189767762289793,0.05664621676891615,,,,,0.4,False
E1,Portsmouth,Fora,Cantos total Over 8.5,20,20.0,0.85,0.3570714214271425,0.6395767041130426,0.9476322080405041,0.16901840490797548,,,,,1.0,False
E1,Portsmouth,Fora,Cantos total Over 9.5,20,20.0,0.7,0.45825756949558405,0.4810232237710205,0.8545247260310062,0.14785276073619624,,,,,0.8,False
E1,Portsmouth,Fora,Cantos total Over 10.5,20,20.0,0.5,0.5,0.2992949144298199,0.70070508557018,0.05419222903885479,,,,,0.4,False
E1,Portsmouth,Fora,Cantos equipa Over 4.5,20,20.0,0.55,0.49749371855331,0.34208200830759966,0.741804979142907,0.015235173824130976,,,,,0.8,False
E1,Portsmouth,Fora,Cantos equipa Over 5.5,20,20.0,0.35,0.47696960070847283,0.1811895478679446,0.5671494897805353,-0.04059304703476485,,,,,0.6,False
E1,Portsmouth,Fora,Equipa ganha cantos,20,20.0,0.35,0.47696960070847283,0.1811895478679446,0.5671494897805353,-0.10296523517382417,,,,,0.8,False
E1,Portsmouth,Casa,Vitória (1X2),20,20.0,0.3,0.458257569495584,0.14547527396899385,0.5189767762289793,-0.06707566462167691,-0.20349999999999996,2.577,0.38804811796662786,-0.2269,0.0,True
E1,Portsmouth,Casa,Over 2.5 golos,20,20.0,0.45,0.49749371855331,0.25819502085709295,0.6579179916924003,-0.05102249488752558,-0.04850000000000001,2.0425,0.48959608323133413,-0.08087499999999992,0.4,False
E1,Portsmouth,Casa,Under 2.5 golos,20,20.0,0.55,0.49749371855331,0.34208200830759966,0.741804979142907,0.05102249488752558,-0.022,1.7429999999999999,0.5737234652897304,-0.04135,0.6,False
E1,Portsmouth,Casa,Handicap Asiático (AH),20,,,,,,,-0.22749999999999998,1.8415000000000004,0.5430355688297582,,,False
E1,Portsmouth,Casa,Casa marca (>=1),20,20.0,0.65,0.47696960070847283,0.43285051021946475,0.8188104521320554,-0.10153374233128831,,,,,0.4,True
E1,Portsmouth,Casa,Clean sheet,20,20.0,0.2,0.4,0.08065635327119998,0.4160217220257599,-0.048466257668711654,,,,,0.0,True
E1,Portsmouth,Casa,Ambas marcam (BTTS),20,20.0,0.5,0.5,0.2992949144298199,0.70070508557018,-0.06441717791411039,,,,,0.4,False
E1,Portsmouth,Casa,Over 1.5 golos,20,20.0,0.6,0.4898979485566356,0.38657794231520604,0.7811960325858073,-0.1566462167689162,,,,,0.4,True
E1,Portsmouth,Casa,Over 3.5 golos,20,20.0,0.15,0.3570714214271425,0.05236779195949582,0.36042329588695743,-0.09335378323108384,,,,,0.2,False
E1,Portsmouth,Casa,Cantos total Over 8.5,20,20.0,0.65,0.47696960070847283,0.43285051021946475,0.8188104521320554,-0.030981595092024472,,,,,0.8,False
E1,Portsmouth,Casa,Cantos total Over 9.5,20,20.0,0.6,0.4898979485566356,0.38657794231520604,0.7811960325858073,0.047852760736196265,,,,,0.8,False
E1,Portsmouth,Casa,Cantos total Over 10.5,20,20.0,0.5,0.5,0.2992949144298199,0.70070508557018,0.05419222903885479,,,,,0.8,False
E1,Portsmouth,Casa,Cantos equipa Over 4.5,20,20.0,0.7,0.45825756949558405,0.4810232237710205,0.8545247260310062,0.1652351738241309,,,,,1.0,False
E1,Portsmouth,Casa,Cantos equipa Over 5.5,20,20.0,0.65,0.47696960070847283,0.43285051021946475,0.8188104521320554,0.2594069529652352,,,,,1.0,False
E1,Portsmouth,Casa,Equipa ganha cantos,20,20.0,0.7,0.45825756949558405,0.4810232237710205,0.8545247260310062,0.2470347648261758,,,,,1.0,False
E1,Preston,Fora,Vitória (1X2),20,20.0,0.25,0.4330127018922193,0.11186005278940306,0.4687050099580635,-0.1170756646216769,-0.15100000000000002,4.179499999999999,0.23926306974518488,0.044874999999999776,0.0,True
E1,Preston,Fora,Over 2.5 golos,20,20.0,0.4,0.4898979485566356,0.21880396741419272,0.613422057684794,-0.10102249488752557,-0.209,2.0415,0.48983590497183443,-0.1834,0.4,False
E1,Preston,Fora,Under 2.5 golos,20,20.0,0.6,0.4898979485566356,0.38657794231520604,0.7811960325858073,0.10102249488752552,0.035999999999999976,1.7639999999999998,0.5668934240362813,0.058399999999999785,0.6,False
E1,Preston,Fora,Handicap Asiático (AH),20,,,,,,,0.24374999999999997,1.9985,0.5003752814610959,,,False
E1,Preston,Fora,Casa marca (>=1),20,20.0,0.7,0.45825756949558405,0.4810232237710205,0.8545247260310062,-0.05153374233128838,,,,,0.4,True
E1,Preston,Fora,Clean sheet,20,20.0,0.2,0.4,0.08065635327119998,0.4160217220257599,-0.048466257668711654,,,,,0.0,True
E1,Preston,Fora,Ambas marcam (BTTS),20,20.0,0.55,0.49749371855331,0.34208200830759966,0.741804979142907,-0.014417177914110346,,,,,0.4,True
E1,Preston,Fora,Over 1.5 golos,20,20.0,0.8,0.39999999999999997,0.5839782779742402,0.9193436467288001,0.04335378323108385,,,,,0.8,False
E1,Preston,Fora,Over 3.5 golos,20,20.0,0.2,0.4,0.08065635327119998,0.4160217220257599,-0.043353783231083826,,,,,0.2,False
E1,Preston,Fora,Cantos total Over 8.5,20,20.0,0.65,0.47696960070847283,0.43285051021946475,0.8188104521320554,-0.030981595092024472,,,,,0.6,False
E1,Preston,Fora,Cantos total Over 9.5,20,20.0,0.45,0.49749371855331,0.25819502085709295,0.6579179916924003,-0.1021472392638037,,,,,0.2,True
E1,Preston,Fora,Cantos total Over 10.5,20,20.0,0.35,0.47696960070847283,0.1811895478679446,0.5671494897805353,-0.09580777096114523,,,,,0.2,False
E1,Preston,Fora,Cantos equipa Over 4.5,20,20.0,0.15,0.3570714214271425,0.05236779195949582,0.36042329588695743,-0.38476482617586905,,,,,0.2,False
E1,Preston,Fora,Cantos equipa Over 5.5,20,20.0,0.15,0.3570714214271425,0.05236779195949582,0.36042329588695743,-0.24059304703476483,,,,,0.2,False
E1,Preston,Fora,Equipa ganha cantos,20,20.0,0.1,0.30000000000000004,0.027865893984153196,0.30103820641179335,-0.35296523517382417,,,,,0.2,False
E1,Preston,Casa,Vitória (1X2),21,21.0,0.38095238095238093,0.4856209060564557,0.20750767797982508,0.5912170418449848,0.013876716330704031,-0.0023809523809523512,2.6414285714285715,0.3785830178474851,0.006258503401360471,0.2,True
E1,Preston,Casa,Over 2.5 golos,21,21.0,0.47619047619047616,0.4994327848429293,0.28343712296762946,0.6763078209973326,-0.02483201869704943,0.0047619047619047875,2.106190476190476,0.4747908659281031,0.0029478458049885248,0.6,False
E1,Preston,Casa,Under 2.5 golos,21,21.0,0.5238095238095238,0.4994327848429293,0.3236921790026675,0.7165628770323705,0.024832018697049374,-0.10714285714285714,1.7000000000000002,0.588235294117647,-0.10952380952380936,0.4,False
E1,Preston,Casa,Handicap Asiático (AH),21,,,,,,,0.04666666666666669,1.8800000000000001,0.5319148936170213,,,False
E1,Preston,Casa,Casa marca (>=1),21,21.0,0.7619047619047619,0.42591770999996,0.5490841802765406,0.8937214361088773,0.010371019573473528,,,,,0.8,False
E1,Preston,Casa,Clean sheet,21,21.0,0.23809523809523808,0.4259177099999599,0.10627856389112264,0.4509158197234593,-0.010371019573473583,,,,,0.0,True
E1,Preston,Casa,Ambas marcam (BTTS),21,21.0,0.5714285714285714,0.4948716593053935,0.3654621629703245,0.7553030051347894,0.007011393514461006,,,,,0.8,False
E1,Preston,Casa,Over 1.5 golos,21,21.0,0.7619047619047619,0.42591770999996,0.5490841802765406,0.8937214361088773,0.005258545135845671,,,,,1.0,False
E1,Preston,Casa,Over 3.5 golos,21,21.0,0.23809523809523808,0.4259177099999599,0.10627856389112264,0.4509158197234593,-0.005258545135845755,,,,,0.6,False
E1,Preston,Casa,Cantos total Over 8.5,21,21.0,0.7142857142857143,0.45175395145262565,0.5004322617716241,0.8618632425437179,0.03330411919368981,,,,,0.6,False
E1,Preston,Casa,Cantos total Over 9.5,21,21.0,0.6666666666666666,0.4714045207910317,0.45373075657210293,0.828054635673163,0.11451942740286292,,,,,0.6,False
E1,Preston,Casa,Cantos total Over 10.5,21,21.0,0.5238095238095238,0.4994327848429293,0.3236921790026675,0.7165628770323705,0.07800175284837862,,,,,0.6,False
E1,Preston,Casa,Cantos equipa Over 4.5,21,21.0,0.38095238095238093,0.4856209060564557,0.20750767797982508,0.5912170418449848,-0.15381244522348814,,,,,0.6,False
E1,Preston,Casa,Cantos equipa Over 5.5,21,21.0,0.3333333333333333,0.4714045207910317,0.17194536432683688,0.546269243427897,-0.057259713701431514,,,,,0.6,False
E1,Preston,Casa,Equipa ganha cantos,21,21.0,0.2857142857142857,0.45175395145262565,0.138136757456282,0.49956773822837586,-0.16725094945953844,,,,,0.4,False
E1,QPR,Fora,Vitória (1X2),21,21.0,0.2857142857142857,0.45175395145262565,0.138136757456282,0.49956773822837586,-0.0813613789073912,0.030000000000000016,3.491428571428572,0.28641571194762677,-0.002448979591836542,0.4,False
E1,QPR,Fora,Over 2.5 golos,21,21.0,0.47619047619047616,0.4994327848429293,0.28343712296762946,0.6763078209973326,-0.02483201869704943,-0.09523809523809527,1.9747619047619047,0.5063901615625753,-0.05963718820861674,0.6,False
E1,QPR,Fora,Under 2.5 golos,21,21.0,0.5238095238095238,0.4994327848429293,0.3236921790026675,0.7165628770323705,0.024832018697049374,-0.0919047619047619,1.7904761904761906,0.5585106382978723,-0.06213151927437632,0.4,False
E1,QPR,Fora,Handicap Asiático (AH),21,,,,,,,-0.061666666666666696,2.0166666666666666,0.49586776859504134,,,False
E1,QPR,Fora,Casa marca (>=1),21,21.0,0.6666666666666666,0.4714045207910317,0.45373075657210293,0.828054635673163,-0.0848670756646217,,,,,0.6,False
E1,QPR,Fora,Clean sheet,21,21.0,0.2857142857142857,0.45175395145262565,0.138136757456282,0.49956773822837586,0.03724802804557403,,,,,0.0,True
E1,QPR,Fora,Ambas marcam (BTTS),21,21.0,0.5714285714285714,0.4948716593053935,0.3654621629703245,0.7553030051347894,0.007011393514461006,,,,,0.6,False
E1,QPR,Fora,Over 1.5 golos,21,21.0,0.6190476190476191,0.4856209060564557,0.40878295815501514,0.7924923220201749,-0.13759859772129712,,,,,0.8,False
E1,QPR,Fora,Over 3.5 golos,21,21.0,0.3333333333333333,0.4714045207910317,0.17194536432683688,0.546269243427897,0.08997955010224948,,,,,0.6,False
E1,QPR,Fora,Cantos total Over 8.5,21,21.0,0.6666666666666666,0.4714045207910317,0.45373075657210293,0.828054635673163,-0.014314928425357865,,,,,0.6,False
E1,QPR,Fora,Cantos total Over 9.5,21,21.0,0.5238095238095238,0.4994327848429293,0.3236921790026675,0.7165628770323705,-0.028337715454279877,,,,,0.4,False
E1,QPR,Fora,Cantos total Over 10.5,21,21.0,0.47619047619047616,0.4994327848429293,0.28343712296762946,0.6763078209973326,0.030382705229330953,,,,,0.4,False
E1,QPR,Fora,Cantos equipa Over 4.5,21,21.0,0.3333333333333333,0.4714045207910317,0.17194536432683688,0.546269243427897,-0.20143149284253575,,,,,0.4,False
E1,QPR,Fora,Cantos equipa Over 5.5,21,21.0,0.23809523809523808,0.4259177099999599,0.10627856389112264,0.4509158197234593,-0.15249780893952675,,,,,0.4,False
E1,QPR,Fora,Equipa ganha cantos,21,21.0,0.19047619047619047,0.392676726249301,0.07667440615177303,0.40000986539273287,-0.2624890446976337,,,,,0.4,False
E1,QPR,Casa,Vitória (1X2),20,20.0,0.5,0.5,0.2992949144298199,0.70070508557018,0.1329243353783231,0.25700000000000006,2.5835,0.3870718018192375,0.29174999999999995,0.4,False
E1,QPR,Casa,Over 2.5 golos,20,20.0,0.8,0.39999999999999997,0.5839782779742402,0.9193436467288001,0.29897750511247445,0.5890000000000001,1.9940000000000002,0.5015045135406219,0.5952000000000002,0.8,False
E1,QPR,Casa,Under 2.5 golos,20,20.0,0.2,0.4,0.08065635327119998,0.4160217220257599,-0.29897750511247445,-0.6485000000000001,1.7815,0.5613247263541958,-0.6436999999999999,0.2,False
E1,QPR,Casa,Handicap Asiático (AH),20,,,,,,,0.015499999999999958,1.8895000000000004,0.5292405398253505,,,False
E1,QPR,Casa,Casa marca (>=1),20,20.0,0.85,0.3570714214271425,0.6395767041130426,0.9476322080405041,0.09846625766871164,,,,,0.6,True
E1,QPR,Casa,Clean sheet,20,20.0,0.15,0.3570714214271425,0.05236779195949582,0.36042329588695743,-0.09846625766871167,,,,,0.0,True
E1,QPR,Casa,Ambas marcam (BTTS),20,20.0,0.75,0.4330127018922193,0.5312949900419365,0.888139947210597,0.1855828220858896,,,,,0.6,True
E1,QPR,Casa,Over 1.5 golos,20,20.0,0.9,0.3,0.6989617935882066,0.9721341060158467,0.14335378323108383,,,,,1.0,False
E1,QPR,Casa,Over 3.5 golos,20,20.0,0.45,0.49749371855331,0.25819502085709295,0.6579179916924003,0.20664621676891617,,,,,0.6,False
E1,QPR,Casa,Cantos total Over 8.5,20,20.0,0.7,0.45825756949558405,0.4810232237710205,0.8545247260310062,0.01901840490797546,,,,,0.8,False
E1,QPR,Casa,Cantos total Over 9.5,20,20.0,0.5,0.5,0.2992949144298199,0.70070508557018,-0.05214723926380371,,,,,0.6,False
E1,QPR,Casa,Cantos total Over 10.5,20,20.0,0.25,0.4330127018922193,0.11186005278940306,0.4687050099580635,-0.1958077709611452,,,,,0.4,False
E1,QPR,Casa,Cantos equipa Over 4.5,20,20.0,0.6,0.4898979485566356,0.38657794231520604,0.7811960325858073,0.06523517382413091,,,,,0.4,True
E1,QPR,Casa,Cantos equipa Over 5.5,20,20.0,0.45,0.49749371855331,0.25819502085709295,0.6579179916924003,0.05940695296523518,,,,,0.4,False
E1,QPR,Casa,Equipa ganha cantos,20,20.0,0.65,0.47696960070847283,0.43285051021946475,0.8188104521320554,0.19703476482617588,,,,,0.4,True
E1,Sheffield United,Fora,Vitória (1X2),21,21.0,0.3333333333333333,0.4714045207910317,0.17194536432683688,0.546269243427897,-0.033742331288343586,-0.17285714285714285,2.809047619047619,0.35599254110866246,-0.06365079365079362,0.4,False
E1,Sheffield United,Fora,Over 2.5 golos,21,21.0,0.42857142857142855,0.49487165930539345,0.24469699486521046,0.6345378370296754,-0.07245106631609705,-0.16285714285714287,1.9166666666666667,0.5217391304347826,-0.1785714285714286,0.2,True
E1,Sheffield United,Fora,Under 2.5 golos,21,21.0,0.5714285714285714,0.4948716593053935,0.3654621629703245,0.7553030051347894,0.07245106631609693,0.06666666666666668,1.8504761904761904,0.5404014410705096,0.057414965986394284,0.8,False
E1,Sheffield United,Fora,Handicap Asiático (AH),21,,,,,,,-0.1411904761904762,1.9952380952380953,0.5011933174224343,,,False
E1,Sheffield United,Fora,Casa marca (>=1),21,21.0,0.6190476190476191,0.4856209060564557,0.40878295815501514,0.7924923220201749,-0.13248612328366927,,,,,0.8,False
E1,Sheffield United,Fora,Clean sheet,21,21.0,0.19047619047619047,0.392676726249301,0.07667440615177303,0.40000986539273287,-0.0579900671925212,,,,,0.4,False
E1,Sheffield United,Fora,Ambas marcam (BTTS),21,21.0,0.42857142857142855,0.49487165930539345,0.24469699486521046,0.6345378370296754,-0.13584574934268184,,,,,0.4,False
E1,Sheffield United,Fora,Over 1.5 golos,21,21.0,0.6190476190476191,0.4856209060564557,0.40878295815501514,0.7924923220201749,-0.13759859772129712,,,,,0.6,False
E1,Sheffield United,Fora,Over 3.5 golos,21,21.0,0.2857142857142857,0.45175395145262565,0.138136757456282,0.49956773822837586,0.04236050248320186,,,,,0.0,True
E1,Sheffield United,Fora,Cantos total Over 8.5,21,21.0,0.7142857142857143,0.45175395145262565,0.5004322617716241,0.8618632425437179,0.03330411919368981,,,,,0.6,False
E1,Sheffield United,Fora,Cantos total Over 9.5,21,21.0,0.7142857142857143,0.45175395145262565,0.5004322617716241,0.8618632425437179,0.1621384750219106,,,,,0.6,False
E1,Sheffield United,Fora,Cantos total Over 10.5,21,21.0,0.6666666666666666,0.4714045207910317,0.45373075657210293,0.828054635673163,0.22085889570552142,,,,,0.6,False
E1,Sheffield United,Fora,Cantos equipa Over 4.5,21,21.0,0.6666666666666666,0.4714045207910317,0.45373075657210293,0.828054635673163,0.13190184049079756,,,,,0.2,True
E1,Sheffield United,Fora,Cantos equipa Over 5.5,21,21.0,0.42857142857142855,0.49487165930539345,0.24469699486521046,0.6345378370296754,0.03797838153666372,,,,,0.0,True
E1,Sheffield United,Fora,Equipa ganha cantos,21,21.0,0.5714285714285714,0.4948716593053935,0.3654621629703245,0.7553030051347894,0.11846333625474725,,,,,0.2,True
E1,Sheffield United,Casa,Vitória (1X2),20,20.0,0.4,0.4898979485566356,0.21880396741419272,0.613422057684794,0.03292433537832312,-0.23350000000000004,1.9509999999999998,0.5125576627370579,-0.21960000000000002,0.2,True
E1,Sheffield United,Casa,Over 2.5 golos,20,20.0,0.7,0.45825756949558405,0.4810232237710205,0.8545247260310062,0.19897750511247436,0.286,1.8735,0.5337603416066187,0.3114499999999998,0.8,False
E1,Sheffield United,Casa,Under 2.5 golos,20,20.0,0.3,0.458257569495584,0.14547527396899385,0.5189767762289793,-0.19897750511247447,-0.454,1.9125,0.5228758169934641,-0.42625,0.2,False
E1,Sheffield United,Casa,Handicap Asiático (AH),20,,,,,,,-0.3415,1.8984999999999999,0.5267316302343956,,,False
E1,Sheffield United,Casa,Casa marca (>=1),20,20.0,0.85,0.3570714214271425,0.6395767041130426,0.9476322080405041,0.09846625766871164,,,,,1.0,False
E1,Sheffield United,Casa,Clean sheet,20,20.0,0.25,0.4330127018922193,0.11186005278940306,0.4687050099580635,0.0015337423312883347,,,,,0.0,True
E1,Sheffield United,Casa,Ambas marcam (BTTS),20,20.0,0.65,0.47696960070847283,0.43285051021946475,0.8188104521320554,0.08558282208588963,,,,,1.0,False
E1,Sheffield United,Casa,Over 1.5 golos,20,20.0,0.8,0.39999999999999997,0.5839782779742402,0.9193436467288001,0.04335378323108385,,,,,1.0,False
E1,Sheffield United,Casa,Over 3.5 golos,20,20.0,0.35,0.47696960070847283,0.1811895478679446,0.5671494897805353,0.10664621676891614,,,,,0.2,False
E1,Sheffield United,Casa,Cantos total Over 8.5,20,20.0,0.8,0.39999999999999997,0.5839782779742402,0.9193436467288001,0.11901840490797555,,,,,0.6,True
E1,Sheffield United,Casa,Cantos total Over 9.5,20,20.0,0.65,0.47696960070847283,0.43285051021946475,0.8188104521320554,0.09785276073619631,,,,,0.6,False
E1,Sheffield United,Casa,Cantos total Over 10.5,20,20.0,0.5,0.5,0.2992949144298199,0.70070508557018,0.05419222903885479,,,,,0.4,False
E1,Sheffield United,Casa,Cantos equipa Over 4.5,20,20.0,0.8,0.39999999999999997,0.5839782779742402,0.9193436467288001,0.265235173824131,,,,,0.6,True
E1,Sheffield United,Casa,Cantos equipa Over 5.5,20,20.0,0.75,0.4330127018922193,0.5312949900419365,0.888139947210597,0.35940695296523517,,,,,0.4,True
E1,Sheffield United,Casa,Equipa ganha cantos,20,20.0,0.75,0.4330127018922193,0.5312949900419365,0.888139947210597,0.29703476482617586,,,,,0.6,True
E1,Sheffield Weds,Fora,Vitória (1X2),20,20.0,0.05,0.21794494717703367,0.008881219432873143,0.23613589351256678,-0.3170756646216769,-0.713,8.999500000000001,0.11111728429357184,-0.5500249999999999,0.0,False
E1,Sheffield Weds,Fora,Over 2.5 golos,20,20.0,0.6,0.4898979485566356,0.38657794231520604,0.7811960325858073,0.09897750511247438,0.019999999999999983,1.7075,0.5856515373352855,0.024499999999999966,0.6,False
E1,Sheffield Weds,Fora,Under 2.5 golos,20,20.0,0.4,0.4898979485566356,0.21880396741419272,0.613422057684794,-0.09897750511247444,-0.16,2.1254999999999997,0.47047753469771825,-0.14980000000000004,0.4,False
E1,Sheffield Weds,Fora,Handicap Asiático (AH),20,,,,,,,-0.0455,1.891,0.5288207297726071,,,False
E1,Sheffield Weds,Fora,Casa marca (>=1),20,20.0,0.55,0.49749371855331,0.34208200830759966,0.741804979142907,-0.2015337423312883,,,,,0.6,False
E1,Sheffield Weds,Fora,Clean sheet,20,20.0,0.1,0.30000000000000004,0.027865893984153196,0.30103820641179335,-0.14846625766871166,,,,,0.0,False
E1,Sheffield Weds,Fora,Ambas marcam (BTTS),20,20.0,0.5,0.5,0.2992949144298199,0.70070508557018,-0.06441717791411039,,,,,0.6,False
E1,Sheffield Weds,Fora,Over 1.5 golos,20,20.0,0.85,0.3570714214271425,0.6395767041130426,0.9476322080405041,0.09335378323108379,,,,,1.0,False
E1,Sheffield Weds,Fora,Over 3.5 golos,20,20.0,0.3,0.458257569495584,0.14547527396899385,0.5189767762289793,0.05664621676891615,,,,,0.2,False
E1,Sheffield Weds,Fora,Cantos total Over 8.5,20,20.0,0.65,0.47696960070847283,0.43285051021946475,0.8188104521320554,-0.030981595092024472,,,,,0.2,True
E1,Sheffield Weds,Fora,Cantos total Over 9.5,20,20.0,0.55,0.49749371855331,0.34208200830759966,0.741804979142907,-0.0021472392638036686,,,,,0.0,True
E1,Sheffield Weds,Fora,Cantos total Over 10.5,20,20.0,0.45,0.49749371855331,0.25819502085709295,0.6579179916924003,0.0041922290388548,,,,,0.0,True
E1,Sheffield Weds,Fora,Cantos equipa Over 4.5,20,20.0,0.35,0.47696960070847283,0.1811895478679446,0.5671494897805353,-0.1847648261758691,,,,,0.2,False
E1,Sheffield Weds,Fora,Cantos equipa Over 5.5,20,20.0,0.2,0.4,0.08065635327119998,0.4160217220257599,-0.19059304703476482,,,,,0.2,False
E1,Sheffield Weds,Fora,Equipa ganha cantos,20,20.0,0.3,0.458257569495584,0.14547527396899385,0.5189767762289793,-0.15296523517382415,,,,,0.4,False
E1,Sheffield Weds,Casa,Vitória (1X2),21,21.0,0.0,0.0,0.0,0.15464382326420195,-0.3670756646216769,-1.0,5.14904761904762,0.19421067233885136,-1.0,0.0,False
E1,Sheffield Weds,Casa,Over 2.5 golos,21,21.0,0.47619047619047616,0.4994327848429293,0.28343712296762946,0.6763078209973326,-0.02483201869704943,-0.10428571428571426,1.8795238095238094,0.532049657968077,-0.10498866213151936,0.4,False
E1,Sheffield Weds,Casa,Under 2.5 golos,21,21.0,0.5238095238095238,0.4994327848429293,0.3236921790026675,0.7165628770323705,0.024832018697049374,-0.0085714285714286,1.897619047619048,0.5269761606022584,-0.006009070294784369,0.6,False
E1,Sheffield Weds,Casa,Handicap Asiático (AH),21,,,,,,,-0.36404761904761895,1.8690476190476186,0.5350318471337581,,,False
E1,Sheffield Weds,Casa,Casa marca (>=1),21,21.0,0.42857142857142855,0.49487165930539345,0.24469699486521046,0.6345378370296754,-0.3229623137598598,,,,,0.8,False
E1,Sheffield Weds,Casa,Clean sheet,21,21.0,0.047619047619047616,0.21295885499997996,0.008455769471923294,0.22669816586235464,-0.20084721004966405,,,,,0.0,False
E1,Sheffield Weds,Casa,Ambas marcam (BTTS),21,21.0,0.42857142857142855,0.49487165930539345,0.24469699486521046,0.6345378370296754,-0.13584574934268184,,,,,0.8,False
E1,Sheffield Weds,Casa,Over 1.5 golos,21,21.0,0.8095238095238095,0.392676726249301,0.599990134607267,0.923325593848227,0.05287759275489334,,,,,1.0,False
E1,Sheffield Weds,Casa,Over 3.5 golos,21,21.0,0.19047619047619047,0.392676726249301,0.07667440615177303,0.40000986539273287,-0.05287759275489337,,,,,0.2,False
E1,Sheffield Weds,Casa,Cantos total Over 8.5,21,21.0,0.7619047619047619,0.42591770999996,0.5490841802765406,0.8937214361088773,0.08092316681273737,,,,,0.8,False
E1,Sheffield Weds,Casa,Cantos total Over 9.5,21,21.0,0.6190476190476191,0.4856209060564557,0.40878295815501514,0.7924923220201749,0.06690037978381536,,,,,0.8,False
E1,Sheffield Weds,Casa,Cantos total Over 10.5,21,21.0,0.5714285714285714,0.4948716593053935,0.3654621629703245,0.7553030051347894,0.12562080046742619,,,,,0.6,False
E1,Sheffield Weds,Casa,Cantos equipa Over 4.5,21,21.0,0.42857142857142855,0.49487165930539345,0.24469699486521046,0.6345378370296754,-0.10619339760444052,,,,,0.4,False
E1,Sheffield Weds,Casa,Cantos equipa Over 5.5,21,21.0,0.2857142857142857,0.45175395145262565,0.138136757456282,0.49956773822837586,-0.10487876132047913,,,,,0.0,True
E1,Sheffield Weds,Casa,Equipa ganha cantos,21,21.0,0.3333333333333333,0.4714045207910317,0.17194536432683688,0.546269243427897,-0.11963190184049083,,,,,0.0,True
E1,Southampton,Fora,Vitória (1X2),20,20.0,0.35,0.47696960070847283,0.1811895478679446,0.5671494897805353,-0.017075664621676923,-0.09700000000000002,2.5010000000000003,0.3998400639744102,-0.12464999999999993,0.8,False
E1,Southampton,Fora,Over 2.5 golos,20,20.0,0.7,0.45825756949558405,0.4810232237710205,0.8545247260310062,0.19897750511247436,0.26600000000000007,1.839,0.5437737901033171,0.2872999999999999,0.6,False
E1,Southampton,Fora,Under 2.5 golos,20,20.0,0.3,0.458257569495584,0.14547527396899385,0.5189767762289793,-0.19897750511247447,-0.44700000000000006,1.9364999999999999,0.5163955589981927,-0.41905000000000003,0.4,False
E1,Southampton,Fora,Handicap Asiático (AH),20,,,,,,,-0.08500000000000005,1.9774999999999998,0.5056890012642226,,,False
E1,Southampton,Fora,Casa marca (>=1),20,20.0,0.95,0.21794494717703378,0.7638641064874331,0.9911187805671267,0.19846625766871162,,,,,1.0,False
E1,Southampton,Fora,Clean sheet,20,20.0,0.05,0.21794494717703367,0.008881219432873143,0.23613589351256678,-0.19846625766871168,,,,,0.2,False
E1,Southampton,Fora,Ambas marcam (BTTS),20,20.0,0.9,0.3,0.6989617935882066,0.9721341060158467,0.33558282208588963,,,,,0.8,False
E1,Southampton,Fora,Over 1.5 golos,20,20.0,1.0,0.0,0.8388698745050667,0.9999999999999998,0.2433537832310838,,,,,1.0,False
E1,Southampton,Fora,Over 3.5 golos,20,20.0,0.4,0.4898979485566356,0.21880396741419272,0.613422057684794,0.15664621676891619,,,,,0.4,False
E1,Southampton,Fora,Cantos total Over 8.5,20,20.0,0.65,0.47696960070847283,0.43285051021946475,0.8188104521320554,-0.030981595092024472,,,,,0.8,False
E1,Southampton,Fora,Cantos total Over 9.5,20,20.0,0.45,0.49749371855331,0.25819502085709295,0.6579179916924003,-0.1021472392638037,,,,,0.6,False
E1,Southampton,Fora,Cantos total Over 10.5,20,20.0,0.45,0.49749371855331,0.25819502085709295,0.6579179916924003,0.0041922290388548,,,,,0.6,False
E1,Southampton,Fora,Cantos equipa Over 4.5,20,20.0,0.75,0.4330127018922193,0.5312949900419365,0.888139947210597,0.21523517382413093,,,,,0.8,False
E1,Southampton,Fora,Cantos equipa Over 5.5,20,20.0,0.25,0.4330127018922193,0.11186005278940306,0.4687050099580635,-0.14059304703476483,,,,,0.4,False
E1,Southampton,Fora,Equipa ganha cantos,20,20.0,0.6,0.4898979485566356,0.38657794231520604,0.7811960325858073,0.14703476482617583,,,,,0.6,False
E1,Southampton,Casa,Vitória (1X2),19,19.0,0.5263157894736842,0.49930699897395464,0.31707482511825114,0.7267049451255145,0.15924012485200728,-0.022631578947368454,1.863684210526316,0.5365715899463428,-0.01911357340720221,0.8,False
E1,Southampton,Casa,Over 2.5 golos,19,19.0,0.42105263157894735,0.49372797471825575,0.2314162039203038,0.637244485348399,-0.07996986330857825,-0.2536842105263158,1.763157894736842,0.5671641791044776,-0.25761772853185594,0.2,True
E1,Southampton,Casa,Under 2.5 golos,19,19.0,0.5789473684210527,0.49372797471825575,0.3627555146516011,0.7685837960796963,0.07996986330857819,0.16736842105263153,2.0100000000000002,0.49751243781094523,0.16368421052631588,0.8,False
E1,Southampton,Casa,Handicap Asiático (AH),19,,,,,,,0.05315789473684209,1.8963157894736842,0.527338329170136,,,False
E1,Southampton,Casa,Casa marca (>=1),19,19.0,0.7894736842105263,0.40768245749551757,0.5666528575973391,0.9149246150840842,0.03793994187923799,,,,,1.0,False
E1,Southampton,Casa,Clean sheet,19,19.0,0.47368421052631576,0.49930699897395464,0.2732950548744854,0.6829251748817489,0.2252179528576041,,,,,0.8,False
E1,Southampton,Casa,Ambas marcam (BTTS),19,19.0,0.47368421052631576,0.49930699897395464,0.2732950548744854,0.6829251748817489,-0.09073296738779463,,,,,0.2,True
E1,Southampton,Casa,Over 1.5 golos,19,19.0,0.6842105263157895,0.464829519280413,0.4601001017506463,0.846358289955714,-0.0724356904531267,,,,,0.6,False
E1,Southampton,Casa,Over 3.5 golos,19,19.0,0.21052631578947367,0.40768245749551757,0.08507538491591575,0.43334714240266087,-0.032827467441610164,,,,,0.2,False
E1,Southampton,Casa,Cantos total Over 8.5,19,19.0,0.8947368421052632,0.3068922049918579,0.6860544950515831,0.9706420586049034,0.21375524701323867,,,,,0.8,False
E1,Southampton,Casa,Cantos total Over 9.5,19,19.0,0.7368421052631579,0.44034738238635557,0.5120803155892935,0.8819376166045982,0.18469486599935414,,,,,0.8,False
E1,Southampton,Casa,Cantos total Over 10.5,19,19.0,0.5263157894736842,0.49930699897395464,0.31707482511825114,0.7267049451255145,0.08050801851253897,,,,,0.6,False
E1,Southampton,Casa,Cantos equipa Over 4.5,19,19.0,0.8421052631578947,0.3646422752776584,0.6243407235682331,0.9447962896007217,0.3073404369820256,,,,,0.8,False
E1,Southampton,Casa,Cantos equipa Over 5.5,19,19.0,0.6842105263157895,0.464829519280413,0.4601001017506463,0.846358289955714,0.29361747928102466,,,,,0.4,True
E1,Southampton,Casa,Equipa ganha cantos,19,19.0,0.631578947368421,0.48237638894272,0.41039157498156714,0.8085072762372616,0.17861371219459687,,,,,0.6,False
E1,Stoke,Fora,Vitória (1X2),21,21.0,0.2857142857142857,0.45175395145262565,0.138136757456282,0.49956773822837586,-0.0813613789073912,-0.1638095238095238,3.439047619047619,0.29077817779008586,-0.017414965986394693,0.0,True
E1,Stoke,Fora,Over 2.5 golos,21,21.0,0.3333333333333333,0.4714045207910317,0.17194536432683688,0.546269243427897,-0.16768916155419228,-0.35285714285714287,2.0147619047619045,0.49633656346017496,-0.3284126984126985,0.4,False
E1,Stoke,Fora,Under 2.5 golos,21,21.0,0.6666666666666666,0.4714045207910317,0.45373075657210293,0.828054635673163,0.16768916155419217,0.1561904761904762,1.7652380952380955,0.5664958187213379,0.176825396825397,0.6,False
E1,Stoke,Fora,Handicap Asiático (AH),21,,,,,,,-0.10261904761904764,1.8823809523809525,0.5312420946116873,,,False
E1,Stoke,Fora,Casa marca (>=1),21,21.0,0.5238095238095238,0.4994327848429293,0.3236921790026675,0.7165628770323705,-0.2277242185217645,,,,,0.4,False
E1,Stoke,Fora,Clean sheet,21,21.0,0.3333333333333333,0.4714045207910317,0.17194536432683688,0.546269243427897,0.08486707566462165,,,,,0.0,True
E1,Stoke,Fora,Ambas marcam (BTTS),21,21.0,0.2857142857142857,0.45175395145262565,0.138136757456282,0.49956773822837586,-0.2787028921998247,,,,,0.4,False
E1,Stoke,Fora,Over 1.5 golos,21,21.0,0.6190476190476191,0.4856209060564557,0.40878295815501514,0.7924923220201749,-0.13759859772129712,,,,,0.8,False
E1,Stoke,Fora,Over 3.5 golos,21,21.0,0.09523809523809523,0.2935435239509036,0.026518208796947225,0.2891458386074067,-0.1481156879929886,,,,,0.2,False
E1,Stoke,Fora,Cantos total Over 8.5,21,21.0,0.6666666666666666,0.4714045207910317,0.45373075657210293,0.828054635673163,-0.014314928425357865,,,,,0.6,False
E1,Stoke,Fora,Cantos total Over 9.5,21,21.0,0.6190476190476191,0.4856209060564557,0.40878295815501514,0.7924923220201749,0.06690037978381536,,,,,0.6,False
E1,Stoke,Fora,Cantos total Over 10.5,21,21.0,0.5238095238095238,0.4994327848429293,0.3236921790026675,0.7165628770323705,0.07800175284837862,,,,,0.6,False
E1,Stoke,Fora,Cantos equipa Over 4.5,21,21.0,0.6190476190476191,0.4856209060564557,0.40878295815501514,0.7924923220201749,0.08428279287175,,,,,0.6,False
E1,Stoke,Fora,Cantos equipa Over 5.5,21,21.0,0.47619047619047616,0.4994327848429293,0.28343712296762946,0.6763078209973326,0.08559742915571134,,,,,0.2,True
E1,Stoke,Fora,Equipa ganha cantos,21,21.0,0.2857142857142857,0.45175395145262565,0.138136757456282,0.49956773822837586,-0.16725094945953844,,,,,0.2,False
E1,Stoke,Casa,Vitória (1X2),20,20.0,0.45,0.49749371855331,0.25819502085709295,0.6579179916924003,0.08292433537832311,-0.04900000000000002,2.394,0.4177109440267335,0.07730000000000015,0.6,False
E1,Stoke,Casa,Over 2.5 golos,20,20.0,0.55,0.49749371855331,0.34208200830759966,0.741804979142907,0.04897750511247445,0.13349999999999998,2.0189999999999997,0.49529470034670636,0.11044999999999994,0.8,False
E1,Stoke,Casa,Under 2.5 golos,20,20.0,0.45,0.49749371855331,0.25819502085709295,0.6579179916924003,-0.04897750511247445,-0.1895,1.7605,0.5680204487361545,-0.20777500000000004,0.2,True
E1,Stoke,Casa,Handicap Asiático (AH),20,,,,,,,0.01449999999999999,1.8730000000000004,0.5339028296849972,,,False
E1,Stoke,Casa,Casa marca (>=1),20,20.0,0.75,0.4330127018922193,0.5312949900419365,0.888139947210597,-0.0015337423312883347,,,,,1.0,False
E1,Stoke,Casa,Clean sheet,20,20.0,0.3,0.458257569495584,0.14547527396899385,0.5189767762289793,0.051533742331288324,,,,,0.2,False
E1,Stoke,Casa,Ambas marcam (BTTS),20,20.0,0.55,0.49749371855331,0.34208200830759966,0.741804979142907,-0.014417177914110346,,,,,0.8,False
E1,Stoke,Casa,Over 1.5 golos,20,20.0,0.7,0.45825756949558405,0.4810232237710205,0.8545247260310062,-0.056646216768916235,,,,,1.0,False
E1,Stoke,Casa,Over 3.5 golos,20,20.0,0.25,0.4330127018922193,0.11186005278940306,0.4687050099580635,0.006646216768916163,,,,,0.6,False
E1,Stoke,Casa,Cantos total Over 8.5,20,20.0,0.8,0.39999999999999997,0.5839782779742402,0.9193436467288001,0.11901840490797555,,,,,1.0,False
E1,Stoke,Casa,Cantos total Over 9.5,20,20.0,0.6,0.4898979485566356,0.38657794231520604,0.7811960325858073,0.047852760736196265,,,,,0.8,False
E1,Stoke,Casa,Cantos total Over 10.5,20,20.0,0.45,0.49749371855331,0.25819502085709295,0.6579179916924003,0.0041922290388548,,,,,0.8,False
E1,Stoke,Casa,Cantos equipa Over 4.5,20,20.0,0.85,0.3570714214271425,0.6395767041130426,0.9476322080405041,0.3152351738241309,,,,,1.0,False
E1,Stoke,Casa,Cantos equipa Over 5.5,20,20.0,0.6,0.4898979485566356,0.38657794231520604,0.7811960325858073,0.20940695296523515,,,,,0.8,False
E1,Stoke,Casa,Equipa ganha cantos,20,20.0,0.6,0.4898979485566356,0.38657794231520604,0.7811960325858073,0.14703476482617583,,,,,0.6,False
E1,Swansea,Fora,Vitória (1X2),20,20.0,0.25,0.4330127018922193,0.11186005278940306,0.4687050099580635,-0.1170756646216769,-0.2805,3.657,0.27344818156959255,-0.08574999999999999,0.2,False
E1,Swansea,Fora,Over 2.5 golos,20,20.0,0.5,0.5,0.2992949144298199,0.70070508557018,-0.0010224948875255935,0.04350000000000004,2.074,0.4821600771456124,0.03699999999999992,0.6,False
E1,Swansea,Fora,Under 2.5 golos,20,20.0,0.5,0.5,0.2992949144298199,0.70070508557018,0.001022494887525538,-0.1345,1.7200000000000002,0.5813953488372092,-0.1399999999999999,0.4,False
E1,Swansea,Fora,Handicap Asiático (AH),20,,,,,,,-0.21950000000000003,1.8790000000000002,0.5321979776476848,,,False
E1,Swansea,Fora,Casa marca (>=1),20,20.0,0.6,0.4898979485566356,0.38657794231520604,0.7811960325858073,-0.15153374233128836,,,,,0.4,True
E1,Swansea,Fora,Clean sheet,20,20.0,0.2,0.4,0.08065635327119998,0.4160217220257599,-0.048466257668711654,,,,,0.0,True
E1,Swansea,Fora,Ambas marcam (BTTS),20,20.0,0.45,0.49749371855331,0.25819502085709295,0.6579179916924003,-0.11441717791411038,,,,,0.4,False
E1,Swansea,Fora,Over 1.5 golos,20,20.0,0.75,0.4330127018922193,0.5312949900419365,0.888139947210597,-0.006646216768916191,,,,,1.0,False
E1,Swansea,Fora,Over 3.5 golos,20,20.0,0.1,0.30000000000000004,0.027865893984153196,0.30103820641179335,-0.14335378323108383,,,,,0.2,False
E1,Swansea,Fora,Cantos total Over 8.5,20,20.0,0.65,0.47696960070847283,0.43285051021946475,0.8188104521320554,-0.030981595092024472,,,,,0.2,True
E1,Swansea,Fora,Cantos total Over 9.5,20,20.0,0.5,0.5,0.2992949144298199,0.70070508557018,-0.05214723926380371,,,,,0.2,True
E1,Swansea,Fora,Cantos total Over 10.5,20,20.0,0.35,0.47696960070847283,0.1811895478679446,0.5671494897805353,-0.09580777096114523,,,,,0.0,True
E1,Swansea,Fora,Cantos equipa Over 4.5,20,20.0,0.45,0.49749371855331,0.25819502085709295,0.6579179916924003,-0.08476482617586906,,,,,0.2,True
E1,Swansea,Fora,Cantos equipa Over 5.5,20,20.0,0.35,0.47696960070847283,0.1811895478679446,0.5671494897805353,-0.04059304703476485,,,,,0.0,True
E1,Swansea,Fora,Equipa ganha cantos,20,20.0,0.4,0.4898979485566356,0.21880396741419272,0.613422057684794,-0.05296523517382412,,,,,0.0,True
E1,Swansea,Casa,Vitória (1X2),21,21.0,0.47619047619047616,0.4994327848429293,0.28343712296762946,0.6763078209973326,0.10911481156879926,0.03333333333333334,2.3604761904761906,0.42364333266088355,0.12403628117913845,0.4,False
E1,Swansea,Casa,Over 2.5 golos,21,21.0,0.47619047619047616,0.4994327848429293,0.28343712296762946,0.6763078209973326,-0.02483201869704943,-0.042857142857142844,2.0628571428571427,0.4847645429362881,-0.017687074829932148,0.4,False
E1,Swansea,Casa,Under 2.5 golos,21,21.0,0.5238095238095238,0.4994327848429293,0.3236921790026675,0.7165628770323705,0.024832018697049374,-0.1161904761904762,1.7304761904761903,0.5778756191524491,-0.0935600907029478,0.6,False
E1,Swansea,Casa,Handicap Asiático (AH),21,,,,,,,0.07428571428571429,1.8866666666666665,0.530035335689046,,,False
E1,Swansea,Casa,Casa marca (>=1),21,21.0,0.9047619047619048,0.2935435239509036,0.7108541613925933,0.9734817912030528,0.15322816243061643,,,,,0.8,False
E1,Swansea,Casa,Clean sheet,21,21.0,0.3333333333333333,0.4714045207910317,0.17194536432683688,0.546269243427897,0.08486707566462165,,,,,0.4,False
E1,Swansea,Casa,Ambas marcam (BTTS),21,21.0,0.5714285714285714,0.4948716593053935,0.3654621629703245,0.7553030051347894,0.007011393514461006,,,,,0.4,True
E1,Swansea,Casa,Over 1.5 golos,21,21.0,0.7619047619047619,0.42591770999996,0.5490841802765406,0.8937214361088773,0.005258545135845671,,,,,0.8,False
E1,Swansea,Casa,Over 3.5 golos,21,21.0,0.2857142857142857,0.45175395145262565,0.138136757456282,0.49956773822837586,0.04236050248320186,,,,,0.2,False
E1,Swansea,Casa,Cantos total Over 8.5,21,21.0,0.7142857142857143,0.45175395145262565,0.5004322617716241,0.8618632425437179,0.03330411919368981,,,,,0.8,False
E1,Swansea,Casa,Cantos total Over 9.5,21,21.0,0.47619047619047616,0.4994327848429293,0.28343712296762946,0.6763078209973326,-0.07595676307332755,,,,,0.6,False
E1,Swansea,Casa,Cantos total Over 10.5,21,21.0,0.3333333333333333,0.4714045207910317,0.17194536432683688,0.546269243427897,-0.1124744376278119,,,,,0.6,False
E1,Swansea,Casa,Cantos equipa Over 4.5,21,21.0,0.47619047619047616,0.4994327848429293,0.28343712296762946,0.6763078209973326,-0.058574349985392904,,,,,0.2,True
E1,Swansea,Casa,Cantos equipa Over 5.5,21,21.0,0.2857142857142857,0.45175395145262565,0.138136757456282,0.49956773822837586,-0.10487876132047913,,,,,0.2,False
E1,Swansea,Casa,Equipa ganha cantos,21,21.0,0.42857142857142855,0.49487165930539345,0.24469699486521046,0.6345378370296754,-0.024393806602395596,,,,,0.2,True
E1,Watford,Fora,Vitória (1X2),20,20.0,0.2,0.4,0.08065635327119998,0.4160217220257599,-0.1670756646216769,-0.4295,3.285,0.30441400304414,-0.34299999999999997,0.2,False
E1,Watford,Fora,Over 2.5 golos,20,20.0,0.5,0.5,0.2992949144298199,0.70070508557018,-0.0010224948875255935,-0.005500000000000016,1.9860000000000002,0.5035246727089627,-0.007000000000000006,0.8,False
E1,Watford,Fora,Under 2.5 golos,20,20.0,0.5,0.5,0.2992949144298199,0.70070508557018,0.001022494887525538,-0.10350000000000001,1.7900000000000003,0.5586592178770949,-0.10499999999999998,0.2,True
E1,Watford,Fora,Handicap Asiático (AH),20,,,,,,,-0.15950000000000003,1.905,0.5249343832020997,,,False
E1,Watford,Fora,Casa marca (>=1),20,20.0,0.75,0.4330127018922193,0.5312949900419365,0.888139947210597,-0.0015337423312883347,,,,,1.0,False
E1,Watford,Fora,Clean sheet,20,20.0,0.1,0.30000000000000004,0.027865893984153196,0.30103820641179335,-0.14846625766871166,,,,,0.0,False
E1,Watford,Fora,Ambas marcam (BTTS),20,20.0,0.7,0.45825756949558405,0.4810232237710205,0.8545247260310062,0.13558282208588956,,,,,1.0,False
E1,Watford,Fora,Over 1.5 golos,20,20.0,0.7,0.45825756949558405,0.4810232237710205,0.8545247260310062,-0.056646216768916235,,,,,1.0,False
E1,Watford,Fora,Over 3.5 golos,20,20.0,0.3,0.458257569495584,0.14547527396899385,0.5189767762289793,0.05664621676891615,,,,,0.4,False
E1,Watford,Fora,Cantos total Over 8.5,20,20.0,0.7,0.45825756949558405,0.4810232237710205,0.8545247260310062,0.01901840490797546,,,,,0.6,False
E1,Watford,Fora,Cantos total Over 9.5,20,20.0,0.65,0.47696960070847283,0.43285051021946475,0.8188104521320554,0.09785276073619631,,,,,0.6,False
E1,Watford,Fora,Cantos total Over 10.5,20,20.0,0.55,0.49749371855331,0.34208200830759966,0.741804979142907,0.10419222903885483,,,,,0.4,True
E1,Watford,Fora,Cantos equipa Over 4.5,20,20.0,0.5,0.5,0.2992949144298199,0.70070508557018,-0.03476482617586907,,,,,0.6,False
E1,Watford,Fora,Cantos equipa Over 5.5,20,20.0,0.35,0.47696960070847283,0.1811895478679446,0.5671494897805353,-0.04059304703476485,,,,,0.4,False
E1,Watford,Fora,Equipa ganha cantos,20,20.0,0.35,0.47696960070847283,0.1811895478679446,0.5671494897805353,-0.10296523517382417,,,,,0.4,False
E1,Watford,Casa,Vitória (1X2),21,21.0,0.47619047619047616,0.4994327848429293,0.28343712296762946,0.6763078209973326,0.10911481156879926,0.07952380952380954,2.204761904761905,0.4535637149028077,0.049886621315192725,0.4,False
E1,Watford,Casa,Over 2.5 golos,21,21.0,0.42857142857142855,0.49487165930539345,0.24469699486521046,0.6345378370296754,-0.07245106631609705,-0.1423809523809524,1.9957142857142856,0.5010737294201861,-0.14469387755102048,0.2,True
E1,Watford,Casa,Under 2.5 golos,21,21.0,0.5714285714285714,0.4948716593053935,0.3654621629703245,0.7553030051347894,0.07245106631609693,0.019999999999999987,1.7776190476190474,0.5625502276989017,0.01578231292516996,0.8,False
E1,Watford,Casa,Handicap Asiático (AH),21,,,,,,,-0.012380952380952392,1.8742857142857143,0.5335365853658537,,,False
E1,Watford,Casa,Casa marca (>=1),21,21.0,0.7619047619047619,0.42591770999996,0.5490841802765406,0.8937214361088773,0.010371019573473528,,,,,0.6,True
E1,Watford,Casa,Clean sheet,21,21.0,0.23809523809523808,0.4259177099999599,0.10627856389112264,0.4509158197234593,-0.010371019573473583,,,,,0.4,False
E1,Watford,Casa,Ambas marcam (BTTS),21,21.0,0.5714285714285714,0.4948716593053935,0.3654621629703245,0.7553030051347894,0.007011393514461006,,,,,0.4,True
E1,Watford,Casa,Over 1.5 golos,21,21.0,0.8571428571428571,0.34992710611188266,0.6536350585077049,0.950190782017865,0.1004966403739409,,,,,0.8,False
E1,Watford,Casa,Over 3.5 golos,21,21.0,0.14285714285714285,0.3499271061118826,0.049809217982134925,0.34636494149229496,-0.10049664037394099,,,,,0.2,False
E1,Watford,Casa,Cantos total Over 8.5,21,21.0,0.6666666666666666,0.4714045207910317,0.45373075657210293,0.828054635673163,-0.014314928425357865,,,,,0.6,False
E1,Watford,Casa,Cantos total Over 9.5,21,21.0,0.5238095238095238,0.4994327848429293,0.3236921790026675,0.7165628770323705,-0.028337715454279877,,,,,0.4,False
E1,Watford,Casa,Cantos total Over 10.5,21,21.0,0.47619047619047616,0.4994327848429293,0.28343712296762946,0.6763078209973326,0.030382705229330953,,,,,0.4,False
E1,Watford,Casa,Cantos equipa Over 4.5,21,21.0,0.5714285714285714,0.4948716593053935,0.3654621629703245,0.7553030051347894,0.03666374525270233,,,,,0.4,True
E1,Watford,Casa,Cantos equipa Over 5.5,21,21.0,0.47619047619047616,0.4994327848429293,0.28343712296762946,0.6763078209973326,0.08559742915571134,,,,,0.4,False
E1,Watford,Casa,Equipa ganha cantos,21,21.0,0.42857142857142855,0.49487165930539345,0.24469699486521046,0.6345378370296754,-0.024393806602395596,,,,,0.4,False
E1,West Brom,Fora,Vitória (1X2),21,21.0,0.19047619047619047,0.392676726249301,0.07667440615177303,0.40000986539273287,-0.17659947414548643,-0.4947619047619047,3.107619047619048,0.3217897640208397,-0.4080725623582766,0.2,False
E1,West Brom,Fora,Over 2.5 golos,21,21.0,0.47619047619047616,0.4994327848429293,0.28343712296762946,0.6763078209973326,-0.02483201869704943,-0.004761904761904766,2.087619047619047,0.4790145985401461,-0.005895691609977605,0.2,True
E1,West Brom,Fora,Under 2.5 golos,21,21.0,0.5238095238095238,0.4994327848429293,0.3236921790026675,0.7165628770323705,0.024832018697049374,-0.10095238095238092,1.7171428571428573,0.5823627287853577,-0.10054421768707467,0.8,False
E1,West Brom,Fora,Handicap Asiático (AH),21,,,,,,,-0.34523809523809523,1.8966666666666665,0.5272407732864676,,,False
E1,West Brom,Fora,Casa marca (>=1),21,21.0,0.6190476190476191,0.4856209060564557,0.40878295815501514,0.7924923220201749,-0.13248612328366927,,,,,0.6,False
E1,West Brom,Fora,Clean sheet,21,21.0,0.23809523809523808,0.4259177099999599,0.10627856389112264,0.4509158197234593,-0.010371019573473583,,,,,0.6,False
E1,West Brom,Fora,Ambas marcam (BTTS),21,21.0,0.47619047619047616,0.4994327848429293,0.28343712296762946,0.6763078209973326,-0.08822670172363423,,,,,0.4,False
E1,West Brom,Fora,Over 1.5 golos,21,21.0,0.5714285714285714,0.4948716593053935,0.3654621629703245,0.7553030051347894,-0.1852176453403448,,,,,0.4,True
E1,West Brom,Fora,Over 3.5 golos,21,21.0,0.19047619047619047,0.392676726249301,0.07667440615177303,0.40000986539273287,-0.05287759275489337,,,,,0.0,True
E1,West Brom,Fora,Cantos total Over 8.5,21,21.0,0.6190476190476191,0.4856209060564557,0.40878295815501514,0.7924923220201749,-0.061933976044405425,,,,,0.8,False
E1,West Brom,Fora,Cantos total Over 9.5,21,21.0,0.3333333333333333,0.4714045207910317,0.17194536432683688,0.546269243427897,-0.2188139059304704,,,,,0.6,False
E1,West Brom,Fora,Cantos total Over 10.5,21,21.0,0.23809523809523808,0.4259177099999599,0.10627856389112264,0.4509158197234593,-0.20771253286590713,,,,,0.6,False
E1,West Brom,Fora,Cantos equipa Over 4.5,21,21.0,0.47619047619047616,0.4994327848429293,0.28343712296762946,0.6763078209973326,-0.058574349985392904,,,,,0.4,False
E1,West Brom,Fora,Cantos equipa Over 5.5,21,21.0,0.19047619047619047,0.392676726249301,0.07667440615177303,0.40000986539273287,-0.20011685655857436,,,,,0.4,False
E1,West Brom,Fora,Equipa ganha cantos,21,21.0,0.42857142857142855,0.49487165930539345,0.24469699486521046,0.6345378370296754,-0.024393806602395596,,,,,0.4,False
E1,West Brom,Casa,Vitória (1X2),20,20.0,0.35,0.47696960070847283,0.1811895478679446,0.5671494897805353,-0.017075664621676923,-0.3095,2.144,0.46641791044776115,-0.24959999999999993,0.2,False
E1,West Brom,Casa,Over 2.5 golos,20,20.0,0.45,0.49749371855331,0.25819502085709295,0.6579179916924003,-0.05102249488752558,-0.08149999999999998,2.0700000000000003,0.48309178743961345,-0.06849999999999978,0.4,False
E1,West Brom,Casa,Under 2.5 golos,20,20.0,0.55,0.49749371855331,0.34208200830759966,0.741804979142907,0.05102249488752558,-0.05899999999999998,1.7200000000000002,0.5813953488372092,-0.053999999999999826,0.6,False
E1,West Brom,Casa,Handicap Asiático (AH),20,,,,,,,-0.19125,1.8880000000000003,0.5296610169491525,,,False
E1,West Brom,Casa,Casa marca (>=1),20,20.0,0.75,0.4330127018922193,0.5312949900419365,0.888139947210597,-0.0015337423312883347,,,,,0.8,False
E1,West Brom,Casa,Clean sheet,20,20.0,0.25,0.4330127018922193,0.11186005278940306,0.4687050099580635,0.0015337423312883347,,,,,0.2,False
E1,West Brom,Casa,Ambas marcam (BTTS),20,20.0,0.6,0.4898979485566356,0.38657794231520604,0.7811960325858073,0.03558282208588959,,,,,0.6,False
E1,West Brom,Casa,Over 1.5 golos,20,20.0,0.8,0.39999999999999997,0.5839782779742402,0.9193436467288001,0.04335378323108385,,,,,1.0,False
E1,West Brom,Casa,Over 3.5 golos,20,20.0,0.2,0.4,0.08065635327119998,0.4160217220257599,-0.043353783231083826,,,,,0.2,False
E1,West Brom,Casa,Cantos total Over 8.5,20,20.0,0.55,0.49749371855331,0.34208200830759966,0.741804979142907,-0.13098159509202445,,,,,0.4,True
E1,West Brom,Casa,Cantos total Over 9.5,20,20.0,0.55,0.49749371855331,0.34208200830759966,0.741804979142907,-0.0021472392638036686,,,,,0.4,True
E1,West Brom,Casa,Cantos total Over 10.5,20,20.0,0.45,0.49749371855331,0.25819502085709295,0.6579179916924003,0.0041922290388548,,,,,0.2,True
E1,West Brom,Casa,Cantos equipa Over 4.5,20,20.0,0.6,0.4898979485566356,0.38657794231520604,0.7811960325858073,0.06523517382413091,,,,,0.6,False
E1,West Brom,Casa,Cantos equipa Over 5.5,20,20.0,0.55,0.49749371855331,0.34208200830759966,0.741804979142907,0.15940695296523522,,,,,0.4,True
E1,West Brom,Casa,Equipa ganha cantos,20,20.0,0.7,0.45825756949558405,0.4810232237710205,0.8545247260310062,0.2470347648261758,,,,,0.8,False
E1,Wrexham,Fora,Vitória (1X2),20,20.0,0.4,0.4898979485566356,0.21880396741419272,0.613422057684794,0.03292433537832312,0.252,3.5420000000000003,0.282326369282891,0.41680000000000006,0.4,False
E1,Wrexham,Fora,Over 2.5 golos,20,20.0,0.45,0.49749371855331,0.25819502085709295,0.6579179916924003,-0.05102249488752558,-0.11449999999999996,1.9735,0.5067139599695971,-0.11192499999999994,0.8,False
E1,Wrexham,Fora,Under 2.5 golos,20,20.0,0.55,0.49749371855331,0.34208200830759966,0.741804979142907,0.05102249488752558,-0.016000000000000014,1.7965000000000004,0.5566379070414694,-0.011924999999999741,0.2,True
E1,Wrexham,Fora,Handicap Asiático (AH),20,,,,,,,0.24225,1.8655000000000004,0.5360493165371213,,,False
E1,Wrexham,Fora,Casa marca (>=1),20,20.0,0.8,0.39999999999999997,0.5839782779742402,0.9193436467288001,0.04846625766871171,,,,,1.0,False
E1,Wrexham,Fora,Clean sheet,20,20.0,0.3,0.458257569495584,0.14547527396899385,0.5189767762289793,0.051533742331288324,,,,,0.2,False
E1,Wrexham,Fora,Ambas marcam (BTTS),20,20.0,0.6,0.4898979485566356,0.38657794231520604,0.7811960325858073,0.03558282208588959,,,,,0.8,False
E1,Wrexham,Fora,Over 1.5 golos,20,20.0,0.75,0.4330127018922193,0.5312949900419365,0.888139947210597,-0.006646216768916191,,,,,0.8,False
E1,Wrexham,Fora,Over 3.5 golos,20,20.0,0.25,0.4330127018922193,0.11186005278940306,0.4687050099580635,0.006646216768916163,,,,,0.6,False
E1,Wrexham,Fora,Cantos total Over 8.5,20,20.0,0.65,0.47696960070847283,0.43285051021946475,0.8188104521320554,-0.030981595092024472,,,,,0.6,False
E1,Wrexham,Fora,Cantos total Over 9.5,20,20.0,0.6,0.4898979485566356,0.38657794231520604,0.7811960325858073,0.047852760736196265,,,,,0.4,True
E1,Wrexham,Fora,Cantos total Over 10.5,20,20.0,0.4,0.4898979485566356,0.21880396741419272,0.613422057684794,-0.04580777096114519,,,,,0.2,True
E1,Wrexham,Fora,Cantos equipa Over 4.5,20,20.0,0.3,0.458257569495584,0.14547527396899385,0.5189767762289793,-0.23476482617586908,,,,,0.6,False
E1,Wrexham,Fora,Cantos equipa Over 5.5,20,20.0,0.2,0.4,0.08065635327119998,0.4160217220257599,-0.19059304703476482,,,,,0.2,False
E1,Wrexham,Fora,Equipa ganha cantos,20,20.0,0.3,0.458257569495584,0.14547527396899385,0.5189767762289793,-0.15296523517382415,,,,,0.4,False
E1,Wrexham,Casa,Vitória (1X2),20,20.0,0.45,0.49749371855331,0.25819502085709295,0.6579179916924003,0.08292433537832311,0.17400000000000002,2.4240000000000004,0.4125412541254125,0.09080000000000021,0.6,False
E1,Wrexham,Casa,Over 2.5 golos,20,20.0,0.55,0.49749371855331,0.34208200830759966,0.741804979142907,0.04897750511247445,0.07749999999999999,2.0115,0.4971414367387522,0.106325,0.6,False
E1,Wrexham,Casa,Under 2.5 golos,20,20.0,0.45,0.49749371855331,0.25819502085709295,0.6579179916924003,-0.04897750511247445,-0.2285,1.7595000000000003,0.5683432793407217,-0.20822499999999988,0.4,False
E1,Wrexham,Casa,Handicap Asiático (AH),20,,,,,,,0.031499999999999986,1.8649999999999998,0.5361930294906166,,,False
E1,Wrexham,Casa,Casa marca (>=1),20,20.0,0.95,0.21794494717703378,0.7638641064874331,0.9911187805671267,0.19846625766871162,,,,,0.8,False
E1,Wrexham,Casa,Clean sheet,20,20.0,0.2,0.4,0.08065635327119998,0.4160217220257599,-0.048466257668711654,,,,,0.2,False
E1,Wrexham,Casa,Ambas marcam (BTTS),20,20.0,0.75,0.4330127018922193,0.5312949900419365,0.888139947210597,0.1855828220858896,,,,,0.6,True
E1,Wrexham,Casa,Over 1.5 golos,20,20.0,0.9,0.3,0.6989617935882066,0.9721341060158467,0.14335378323108383,,,,,1.0,False
E1,Wrexham,Casa,Over 3.5 golos,20,20.0,0.35,0.47696960070847283,0.1811895478679446,0.5671494897805353,0.10664621676891614,,,,,0.2,False
E1,Wrexham,Casa,Cantos total Over 8.5,20,20.0,0.65,0.47696960070847283,0.43285051021946475,0.8188104521320554,-0.030981595092024472,,,,,0.8,False
E1,Wrexham,Casa,Cantos total Over 9.5,20,20.0,0.5,0.5,0.2992949144298199,0.70070508557018,-0.05214723926380371,,,,,0.6,False
E1,Wrexham,Casa,Cantos total Over 10.5,20,20.0,0.3,0.458257569495584,0.14547527396899385,0.5189767762289793,-0.14580777096114522,,,,,0.4,False
E1,Wrexham,Casa,Cantos equipa Over 4.5,20,20.0,0.65,0.47696960070847283,0.43285051021946475,0.8188104521320554,0.11523517382413095,,,,,0.8,False
E1,Wrexham,Casa,Cantos equipa Over 5.5,20,20.0,0.4,0.4898979485566356,0.21880396741419272,0.613422057684794,0.009406952965235194,,,,,0.2,True
E1,Wrexham,Casa,Equipa ganha cantos,20,20.0,0.55,0.49749371855331,0.34208200830759966,0.741804979142907,0.0970347648261759,,,,,0.6,False
E1,Birmingham,Total,Vitória (1X2),41,41.0,0.34146341463414637,0.4742005389078922,0.21558617366643465,0.4945044564627312,-0.025612249987530533,-0.3270731707317073,2.326829268292683,0.4297693920335429,-0.20547293277810807,0.2,False
E1,Birmingham,Total,Over 2.5 golos,41,41.0,0.4634146341463415,0.4986597146405091,0.32055999118185885,0.6125378465402566,-0.03760786074118411,-0.09609756097560974,2.007560975609756,0.4981168752277974,-0.06966686496133256,0.2,True
E1,Birmingham,Total,Under 2.5 golos,41,41.0,0.5365853658536586,0.49865971464050907,0.38746215345974366,0.6794400088181413,0.03760786074118411,-0.07292682926829269,1.7680487804878051,0.5655952545178644,-0.05129089827483613,0.8,False
E1,Birmingham,Total,Handicap Asiático (AH),41,,,,,,,-0.29890243902439023,1.8597560975609753,0.537704918032787,,,False
E1,Birmingham,Total,Casa marca (>=1),41,41.0,0.7317073170731707,0.4430707835264622,0.5806617472399707,0.8430519471866332,-0.01982642525811762,,,,,0.6,False
E1,Birmingham,Total,Clean sheet,41,41.0,0.21951219512195122,0.4139161645970034,0.12003040155386345,0.36705302098235293,-0.028954062546760445,,,,,0.2,False
E1,Birmingham,Total,Ambas marcam (BTTS),41,41.0,0.5365853658536586,0.49865971464050907,0.38746215345974366,0.6794400088181413,-0.02783181206045182,,,,,0.4,False
E1,Birmingham,Total,Over 1.5 golos,41,41.0,0.7560975609756098,0.4294345576014392,0.6065636934554182,0.8617514424897756,-0.0005486557933064296,,,,,0.4,True
E1,Birmingham,Total,Over 3.5 golos,41,41.0,0.1951219512195122,0.3962945563237054,0.1023431574920593,0.34013882352556724,-0.048231832011571635,,,,,0.0,True
E1,Birmingham,Total,Cantos total Over 8.5,41,41.0,0.5609756097560976,0.4962680475457513,0.41040265151757305,0.7011009522789018,-0.12000598533592688,,,,,0.6,False
E1,Birmingham,Total,Cantos total Over 9.5,41,41.0,0.5121951219512195,0.49985125687607795,0.3648425931586519,0.6574581276006431,-0.03995211731258419,,,,,0.6,False
E1,Birmingham,Total,Cantos total Over 10.5,41,41.0,0.43902439024390244,0.4962680475457513,0.2988990477210983,0.5895973484824271,-0.006783380717242771,,,,,0.4,False
E1,Birmingham,Total,Cantos equipa Over 4.5,41,41.0,0.5853658536585366,0.49265877748107695,0.433668353568366,0.7224366917466986,0.05060102748266748,,,,,0.6,False
E1,Birmingham,Total,Cantos equipa Over 5.5,41,41.0,0.43902439024390244,0.4962680475457513,0.2988990477210983,0.5895973484824271,0.04843134320913761,,,,,0.6,False
E1,Birmingham,Total,Equipa ganha cantos,41,41.0,0.4634146341463415,0.4986597146405091,0.32055999118185885,0.6125378465402566,0.010449398972517343,,,,,0.4,False
E1,Blackburn,Total,Vitória (1X2),41,41.0,0.2926829268292683,0.4549941001506739,0.17609017633058882,0.44479757076139725,-0.07439273779240863,-0.06487804878048781,3.0951219512195123,0.3230890464933018,-0.09411064842355732,0.4,False
E1,Blackburn,Total,Over 2.5 golos,41,41.0,0.3902439024390244,0.4878048780487805,0.2565593521532712,0.5427341610130745,-0.11077859244850119,-0.1526829268292683,2.0907317073170733,0.4783014465702286,-0.1841046995835811,0.2,True
E1,Blackburn,Total,Under 2.5 golos,41,41.0,0.6097560975609756,0.4878048780487805,0.45726583898692563,0.7434406478467288,0.11077859244850113,0.06585365853658535,1.708780487804878,0.5852126748501285,0.04193932183224258,0.8,False
E1,Blackburn,Total,Handicap Asiático (AH),41,,,,,,,-0.18975609756097558,1.9407317073170733,0.5152695739600351,,,False
E1,Blackburn,Total,Casa marca (>=1),41,41.0,0.6585365853658537,0.4742005389078922,0.5054955435372689,0.7844138263335654,-0.09299715696543465,,,,,0.4,True
E1,Blackburn,Total,Clean sheet,41,41.0,0.2926829268292683,0.4549941001506739,0.17609017633058882,0.44479757076139725,0.04421666916055661,,,,,0.6,False
E1,Blackburn,Total,Ambas marcam (BTTS),41,41.0,0.4634146341463415,0.4986597146405091,0.32055999118185885,0.6125378465402566,-0.1010025437677689,,,,,0.2,True
E1,Blackburn,Total,Over 1.5 golos,41,41.0,0.6829268292682927,0.4653361958131442,0.5301551434425416,0.8043556679468827,-0.07371938750062346,,,,,0.2,True
E1,Blackburn,Total,Over 3.5 golos,41,41.0,0.12195121951219512,0.32722946012192045,0.05323257997340823,0.2554450764884486,-0.12140256371888872,,,,,0.0,False
E1,Blackburn,Total,Cantos total Over 8.5,41,41.0,0.7804878048780488,0.4139161645970034,0.6329469790176472,0.8799695984461366,0.09950620978602431,,,,,0.8,False
E1,Blackburn,Total,Cantos total Over 9.5,41,41.0,0.6097560975609756,0.4878048780487805,0.45726583898692563,0.7434406478467288,0.05760885829717188,,,,,0.8,False
E1,Blackburn,Total,Cantos total Over 10.5,41,41.0,0.4146341463414634,0.492658777481077,0.2775633082533015,0.566331646431634,-0.031173624619681817,,,,,0.6,False
E1,Blackburn,Total,Cantos equipa Over 4.5,41,41.0,0.5609756097560976,0.4962680475457513,0.41040265151757305,0.7011009522789018,0.026210783580228547,,,,,0.4,True
E1,Blackburn,Total,Cantos equipa Over 5.5,41,41.0,0.5121951219512195,0.49985125687607795,0.3648425931586519,0.6574581276006431,0.1216020749164547,,,,,0.4,False
E1,Blackburn,Total,Equipa ganha cantos,41,41.0,0.4634146341463415,0.4986597146405091,0.32055999118185885,0.6125378465402566,0.010449398972517343,,,,,0.4,False
E1,Bristol City,Total,Vitória (1X2),41,41.0,0.3902439024390244,0.4878048780487805,0.2565593521532712,0.5427341610130745,0.023168237817347503,0.005853658536585361,2.7409756097560973,0.3648336002847482,0.06964901844140381,0.4,False
E1,Bristol City,Total,Over 2.5 golos,41,41.0,0.43902439024390244,0.4962680475457513,0.2988990477210983,0.5895973484824271,-0.06199810464362315,-0.13756097560975608,1.9412195121951217,0.5151400929765046,-0.14775728732897098,0.2,True
E1,Bristol City,Total,Under 2.5 golos,41,41.0,0.5609756097560976,0.4962680475457513,0.41040265151757305,0.7011009522789018,0.06199810464362315,0.03829268292682927,1.8285365853658537,0.5468854208350007,0.02576442593694228,0.8,False
E1,Bristol City,Total,Handicap Asiático (AH),41,,,,,,,-0.02499999999999999,1.9280487804878048,0.5186590765338394,,,False
E1,Bristol City,Total,Casa marca (>=1),41,41.0,0.6585365853658537,0.4742005389078922,0.5054955435372689,0.7844138263335654,-0.09299715696543465,,,,,0.6,False
E1,Bristol City,Total,Clean sheet,41,41.0,0.2926829268292683,0.4549941001506739,0.17609017633058882,0.44479757076139725,0.04421666916055661,,,,,0.2,False
E1,Bristol City,Total,Ambas marcam (BTTS),41,41.0,0.43902439024390244,0.4962680475457513,0.2988990477210983,0.5895973484824271,-0.12539278767020795,,,,,0.4,False
E1,Bristol City,Total,Over 1.5 golos,41,41.0,0.7073170731707317,0.45499410015067393,0.5552024292386027,0.8239098236694112,-0.04932914359818452,,,,,0.6,False
E1,Bristol City,Total,Over 3.5 golos,41,41.0,0.24390243902439024,0.4294345576014392,0.13824855751022433,0.39343630654458195,0.0005486557933064018,,,,,0.0,True
E1,Bristol City,Total,Cantos total Over 8.5,41,41.0,0.6829268292682927,0.4653361958131442,0.5301551434425416,0.8043556679468827,0.0019452341762682401,,,,,0.8,False
E1,Bristol City,Total,Cantos total Over 9.5,41,41.0,0.4878048780487805,0.49985125687607795,0.34254187239935696,0.6351574068413481,-0.06434236121502324,,,,,0.6,False
E1,Bristol City,Total,Cantos total Over 10.5,41,41.0,0.3902439024390244,0.4878048780487805,0.2565593521532712,0.5427341610130745,-0.05556386852212081,,,,,0.4,False
E1,Bristol City,Total,Cantos equipa Over 4.5,41,41.0,0.4634146341463415,0.4986597146405091,0.32055999118185885,0.6125378465402566,-0.07135019202952758,,,,,0.4,False
E1,Bristol City,Total,Cantos equipa Over 5.5,41,41.0,0.3170731707317073,0.4653361958131442,0.19564433205311735,0.4698448565574586,-0.07351987630305751,,,,,0.2,False
E1,Bristol City,Total,Equipa ganha cantos,41,41.0,0.5365853658536586,0.49865971464050907,0.38746215345974366,0.6794400088181413,0.08362013067983443,,,,,0.4,False
E1,Charlton,Total,Vitória (1X2),41,41.0,0.2926829268292683,0.4549941001506739,0.17609017633058882,0.44479757076139725,-0.07439273779240863,0.022195121951219473,3.5221951219512193,0.28391385638113703,0.03088637715645448,0.2,False
E1,Charlton,Total,Over 2.5 golos,41,41.0,0.34146341463414637,0.4742005389078922,0.21558617366643465,0.4945044564627312,-0.15955908025337923,-0.2675609756097561,2.1202439024390247,0.4716438513746692,-0.27601427721594274,0.2,False
E1,Charlton,Total,Under 2.5 golos,41,41.0,0.6585365853658537,0.4742005389078922,0.5054955435372689,0.7844138263335654,0.15955908025337923,0.12,1.6914634146341463,0.5912040374909877,0.11389054134443799,0.8,False
E1,Charlton,Total,Handicap Asiático (AH),41,,,,,,,-0.009634146341463399,1.93609756097561,0.5165028974552783,,,False
E1,Charlton,Total,Casa marca (>=1),41,41.0,0.7560975609756098,0.4294345576014392,0.6065636934554182,0.8617514424897756,0.004563818644321427,,,,,0.8,False
E1,Charlton,Total,Clean sheet,41,41.0,0.3170731707317073,0.4653361958131442,0.19564433205311735,0.4698448565574586,0.06860691306299566,,,,,0.2,False
E1,Charlton,Total,Ambas marcam (BTTS),41,41.0,0.4878048780487805,0.49985125687607795,0.34254187239935696,0.6351574068413481,-0.07661229986532991,,,,,0.6,False
E1,Charlton,Total,Over 1.5 golos,41,41.0,0.6341463414634146,0.4816687233690609,0.4812042325216125,0.7641036958306319,-0.12249987530550155,,,,,0.6,False
E1,Charlton,Total,Over 3.5 golos,41,41.0,0.14634146341463414,0.3534482133216936,0.0688415452945541,0.2844375526858926,-0.0970123198164497,,,,,0.0,False
E1,Charlton,Total,Cantos total Over 8.5,41,41.0,0.5365853658536586,0.49865971464050907,0.38746215345974366,0.6794400088181413,-0.14439622923836593,,,,,1.0,False
E1,Charlton,Total,Cantos total Over 9.5,41,41.0,0.4634146341463415,0.4986597146405091,0.32055999118185885,0.6125378465402566,-0.08873260511746223,,,,,0.8,False
E1,Charlton,Total,Cantos total Over 10.5,41,41.0,0.36585365853658536,0.4816687233690609,0.23589630416936813,0.5187957674783876,-0.07995411242455985,,,,,0.6,False
E1,Charlton,Total,Cantos equipa Over 4.5,41,41.0,0.34146341463414637,0.4742005389078922,0.21558617366643465,0.4945044564627312,-0.1933014115417227,,,,,0.6,False
E1,Charlton,Total,Cantos equipa Over 5.5,41,41.0,0.2682926829268293,0.4430707835264622,0.15694805281336685,0.41933825276002934,-0.12230036410793554,,,,,0.6,False
E1,Charlton,Total,Equipa ganha cantos,41,41.0,0.43902439024390244,0.4962680475457513,0.2988990477210983,0.5895973484824271,-0.013940844929921703,,,,,0.4,False
E1,Coventry,Total,Vitória (1X2),41,41.0,0.6097560975609756,0.4878048780487805,0.45726583898692563,0.7434406478467288,0.2426804329392987,0.13975609756097562,1.97,0.5076142131979695,0.2012195121951219,0.6,False
E1,Coventry,Total,Over 2.5 golos,41,41.0,0.6341463414634146,0.4816687233690609,0.4812042325216125,0.7641036958306319,0.13312384657588905,0.1246341463414634,1.760487804878049,0.56802438348573,0.11640690065437265,0.8,False
E1,Coventry,Total,Under 2.5 golos,41,41.0,0.36585365853658536,0.4816687233690609,0.23589630416936813,0.5187957674783876,-0.1331238465758891,-0.25317073170731713,2.023658536585366,0.4941545136796432,-0.2596371207614514,0.2,True
E1,Coventry,Total,Handicap Asiático (AH),41,,,,,,,0.08878048780487804,1.890487804878049,0.528964004644562,,,False
E1,Coventry,Total,Casa marca (>=1),41,41.0,0.8536585365853658,0.3534482133216936,0.7155624473141075,0.931158454705446,0.1021247942540775,,,,,0.8,False
E1,Coventry,Total,Clean sheet,41,41.0,0.36585365853658536,0.4816687233690609,0.23589630416936813,0.5187957674783876,0.11738740086787369,,,,,0.6,False
E1,Coventry,Total,Ambas marcam (BTTS),41,41.0,0.5853658536585366,0.49265877748107695,0.433668353568366,0.7224366917466986,0.02094867574442616,,,,,0.4,True
E1,Coventry,Total,Over 1.5 golos,41,41.0,0.8292682926829268,0.3762743565985735,0.6873709004537023,0.914748560047261,0.0726220759140106,,,,,0.8,False
E1,Coventry,Total,Over 3.5 golos,41,41.0,0.34146341463414637,0.4742005389078922,0.21558617366643465,0.4945044564627312,0.09810963140306253,,,,,0.2,False
E1,Coventry,Total,Cantos total Over 8.5,41,41.0,0.7073170731707317,0.45499410015067393,0.5552024292386027,0.8239098236694112,0.026335478078707175,,,,,0.6,False
E1,Coventry,Total,Cantos total Over 9.5,41,41.0,0.4634146341463415,0.4986597146405091,0.32055999118185885,0.6125378465402566,-0.08873260511746223,,,,,0.2,True
E1,Coventry,Total,Cantos total Over 10.5,41,41.0,0.36585365853658536,0.4816687233690609,0.23589630416936813,0.5187957674783876,-0.07995411242455985,,,,,0.2,True
E1,Coventry,Total,Cantos equipa Over 4.5,41,41.0,0.6341463414634146,0.4816687233690609,0.4812042325216125,0.7641036958306319,0.09938151528754557,,,,,0.8,False
E1,Coventry,Total,Cantos equipa Over 5.5,41,41.0,0.4634146341463415,0.4986597146405091,0.32055999118185885,0.6125378465402566,0.07282158711157666,,,,,0.8,False
E1,Coventry,Total,Equipa ganha cantos,41,41.0,0.5609756097560976,0.4962680475457513,0.41040265151757305,0.7011009522789018,0.10801037458227347,,,,,1.0,False
E1,Derby,Total,Vitória (1X2),41,41.0,0.43902439024390244,0.4962680475457513,0.2988990477210983,0.5895973484824271,0.07194872562222554,0.28195121951219515,3.149756097560976,0.3174849001084094,0.3828197501487214,0.6,False
E1,Derby,Total,Over 2.5 golos,41,41.0,0.4878048780487805,0.49985125687607795,0.34254187239935696,0.6351574068413481,-0.013217616838745117,0.04365853658536586,2.1865853658536585,0.45733407696597883,0.06662700773349184,0.2,True
E1,Derby,Total,Under 2.5 golos,41,41.0,0.5121951219512195,0.49985125687607795,0.3648425931586519,0.6574581276006431,0.013217616838745061,-0.16756097560975608,1.6558536585365857,0.6039181028133744,-0.15187983343248046,0.8,False
E1,Derby,Total,Handicap Asiático (AH),41,,,,,,,0.06914634146341464,1.9197560975609758,0.5208995045102274,,,False
E1,Derby,Total,Casa marca (>=1),41,41.0,0.9024390243902439,0.2967201234291814,0.7745202448096945,0.9614035402470387,0.1509052820589556,,,,,0.8,False
E1,Derby,Total,Clean sheet,41,41.0,0.2682926829268293,0.4430707835264622,0.15694805281336685,0.41933825276002934,0.01982642525811762,,,,,0.6,False
E1,Derby,Total,Ambas marcam (BTTS),41,41.0,0.6341463414634146,0.4816687233690609,0.4812042325216125,0.7641036958306319,0.06972916354930425,,,,,0.2,True
E1,Derby,Total,Over 1.5 golos,41,41.0,0.7560975609756098,0.4294345576014392,0.6065636934554182,0.8617514424897756,-0.0005486557933064296,,,,,0.4,True
E1,Derby,Total,Over 3.5 golos,41,41.0,0.24390243902439024,0.4294345576014392,0.13824855751022433,0.39343630654458195,0.0005486557933064018,,,,,0.2,False
E1,Derby,Total,Cantos total Over 8.5,41,41.0,0.5365853658536586,0.49865971464050907,0.38746215345974366,0.6794400088181413,-0.14439622923836593,,,,,0.2,True
E1,Derby,Total,Cantos total Over 9.5,41,41.0,0.4634146341463415,0.4986597146405091,0.32055999118185885,0.6125378465402566,-0.08873260511746223,,,,,0.2,True
E1,Derby,Total,Cantos total Over 10.5,41,41.0,0.36585365853658536,0.4816687233690609,0.23589630416936813,0.5187957674783876,-0.07995411242455985,,,,,0.2,True
E1,Derby,Total,Cantos equipa Over 4.5,41,41.0,0.43902439024390244,0.4962680475457513,0.2988990477210983,0.5895973484824271,-0.09574043593196663,,,,,0.4,False
E1,Derby,Total,Cantos equipa Over 5.5,41,41.0,0.3170731707317073,0.4653361958131442,0.19564433205311735,0.4698448565574586,-0.07351987630305751,,,,,0.2,False
E1,Derby,Total,Equipa ganha cantos,41,41.0,0.4146341463414634,0.492658777481077,0.2775633082533015,0.566331646431634,-0.03833108883236075,,,,,0.4,False
E1,Hull,Total,Vitória (1X2),41,41.0,0.4878048780487805,0.49985125687607795,0.34254187239935696,0.6351574068413481,0.12072921342710358,0.5443902439024391,3.2021951219512186,0.3122857795719401,0.5620464009518138,0.4,False
E1,Hull,Total,Over 2.5 golos,41,41.0,0.6341463414634146,0.4816687233690609,0.4812042325216125,0.7641036958306319,0.13312384657588905,0.22073170731707314,1.9019512195121953,0.5257758399589638,0.20611540749553847,0.6,False
E1,Hull,Total,Under 2.5 golos,41,41.0,0.36585365853658536,0.4816687233690609,0.23589630416936813,0.5187957674783876,-0.1331238465758891,-0.30463414634146335,1.8660975609756099,0.5358776630505816,-0.3172813801308745,0.4,False
E1,Hull,Total,Handicap Asiático (AH),41,,,,,,,0.21951219512195116,1.9595121951219514,0.5103310928553646,,,False
E1,Hull,Total,Casa marca (>=1),41,41.0,0.8048780487804879,0.39629455632370536,0.6598611764744329,0.8976568425079408,0.05334430644919952,,,,,0.6,True
E1,Hull,Total,Clean sheet,41,41.0,0.2682926829268293,0.4430707835264622,0.15694805281336685,0.41933825276002934,0.01982642525811762,,,,,0.2,False
E1,Hull,Total,Ambas marcam (BTTS),41,41.0,0.6097560975609756,0.4878048780487805,0.45726583898692563,0.7434406478467288,0.045338919646865206,,,,,0.6,False
E1,Hull,Total,Over 1.5 golos,41,41.0,0.7560975609756098,0.4294345576014392,0.6065636934554182,0.8617514424897756,-0.0005486557933064296,,,,,0.8,False
E1,Hull,Total,Over 3.5 golos,41,41.0,0.3902439024390244,0.4878048780487805,0.2565593521532712,0.5427341610130745,0.14689011920794057,,,,,0.2,True
E1,Hull,Total,Cantos total Over 8.5,41,41.0,0.6585365853658537,0.4742005389078922,0.5054955435372689,0.7844138263335654,-0.022445009726170806,,,,,0.4,True
E1,Hull,Total,Cantos total Over 9.5,41,41.0,0.6341463414634146,0.4816687233690609,0.4812042325216125,0.7641036958306319,0.08199910219961093,,,,,0.4,True
E1,Hull,Total,Cantos total Over 10.5,41,41.0,0.4634146341463415,0.4986597146405091,0.32055999118185885,0.6125378465402566,0.017606863185196275,,,,,0.4,False
E1,Hull,Total,Cantos equipa Over 4.5,41,41.0,0.4878048780487805,0.49985125687607795,0.34254187239935696,0.6351574068413481,-0.04695994812708859,,,,,0.2,True
E1,Hull,Total,Cantos equipa Over 5.5,41,41.0,0.3170731707317073,0.4653361958131442,0.19564433205311735,0.4698448565574586,-0.07351987630305751,,,,,0.0,True
E1,Hull,Total,Equipa ganha cantos,41,41.0,0.2926829268292683,0.4549941001506739,0.17609017633058882,0.44479757076139725,-0.16028230834455587,,,,,0.2,False
E1,Ipswich,Total,Vitória (1X2),39,39.0,0.5128205128205128,0.4998356074261007,0.3619910864569657,0.6613507121686691,0.14574484819883587,-0.09794871794871793,1.8494871794871797,0.5406904200748648,-0.05154503616042083,0.4,False
E1,Ipswich,Total,Over 2.5 golos,39,39.0,0.5128205128205128,0.4998356074261007,0.3619910864569657,0.6613507121686691,0.011798017932987181,-0.03384615384615386,1.8802564102564099,0.5318423564707487,-0.03576594345825135,0.4,False
E1,Ipswich,Total,Under 2.5 golos,39,39.0,0.48717948717948717,0.49983560742610067,0.3386492878313309,0.6380089135430344,-0.011798017932987293,-0.07692307692307694,1.8900000000000001,0.5291005291005291,-0.07923076923076922,0.6,False
E1,Ipswich,Total,Handicap Asiático (AH),39,,,,,,,-0.10794871794871799,1.938974358974359,0.5157365776249669,,,False
E1,Ipswich,Total,Casa marca (>=1),39,39.0,0.8974358974358975,0.3033887068256213,0.7642084129775517,0.9593873444171301,0.14590215510460913,,,,,1.0,False
E1,Ipswich,Total,Clean sheet,39,39.0,0.358974358974359,0.4796996649710181,0.22741884696491108,0.5158213681531051,0.11050810130564731,,,,,0.2,True
E1,Ipswich,Total,Ambas marcam (BTTS),39,39.0,0.5897435897435898,0.491880156237202,0.43418348473344903,0.7292091056459953,0.025326411829479367,,,,,0.8,False
E1,Ipswich,Total,Over 1.5 golos,39,39.0,0.8461538461538461,0.36080121229410994,0.7027023013426569,0.9275262615494854,0.08950762938492995,,,,,1.0,False
E1,Ipswich,Total,Over 3.5 golos,39,39.0,0.2564102564102564,0.4366509324596513,0.1456862584345219,0.41081956767841504,0.01305647317917255,,,,,0.2,False
E1,Ipswich,Total,Cantos total Over 8.5,39,39.0,0.6666666666666666,0.4714045207910317,0.5097710432024052,0.7936723389308484,-0.014314928425357865,,,,,0.8,False
E1,Ipswich,Total,Cantos total Over 9.5,39,39.0,0.38461538461538464,0.4865042554105199,0.24891162547007062,0.5410121868992154,-0.16753185464841908,,,,,0.8,False
E1,Ipswich,Total,Cantos total Over 10.5,39,39.0,0.3076923076923077,0.46153846153846156,0.1856575344598306,0.46421548615564595,-0.1381154632688375,,,,,0.6,False
E1,Ipswich,Total,Cantos equipa Over 4.5,39,39.0,0.6410256410256411,0.4796996649710181,0.484178631846895,0.7725811530350889,0.10626081484977201,,,,,0.8,False
E1,Ipswich,Total,Cantos equipa Over 5.5,39,39.0,0.48717948717948717,0.49983560742610067,0.3386492878313309,0.6380089135430344,0.09658644014472234,,,,,0.8,False
E1,Ipswich,Total,Equipa ganha cantos,39,39.0,0.6923076923076923,0.46153846153846156,0.5357845138443541,0.8143424655401693,0.23934245713386815,,,,,0.8,False
E1,Leicester,Total,Vitória (1X2),41,41.0,0.2682926829268293,0.4430707835264622,0.15694805281336685,0.41933825276002934,-0.09878298169484762,-0.37170731707317073,2.741707317073171,0.3647362334311893,-0.2644199881023198,0.2,False
E1,Leicester,Total,Over 2.5 golos,41,41.0,0.5853658536585366,0.49265877748107695,0.433668353568366,0.7224366917466986,0.08434335877101096,0.11439024390243901,1.9024390243902443,0.5256410256410255,0.11362284354550867,0.4,True
E1,Leicester,Total,Under 2.5 golos,41,41.0,0.4146341463414634,0.492658777481077,0.2775633082533015,0.566331646431634,-0.08434335877101107,-0.22536585365853665,1.8682926829268294,0.5352480417754569,-0.22534205829863185,0.6,False
E1,Leicester,Total,Handicap Asiático (AH),41,,,,,,,-0.19646341463414632,1.8709756097560974,0.534480511015513,,,False
E1,Leicester,Total,Casa marca (>=1),41,41.0,0.8292682926829268,0.3762743565985735,0.6873709004537023,0.914748560047261,0.07773455035163845,,,,,0.8,False
E1,Leicester,Total,Clean sheet,41,41.0,0.12195121951219512,0.32722946012192045,0.05323257997340823,0.2554450764884486,-0.12651503815651655,,,,,0.4,False
E1,Leicester,Total,Ambas marcam (BTTS),41,41.0,0.7560975609756098,0.4294345576014392,0.6065636934554182,0.8617514424897756,0.19168038306149937,,,,,0.6,True
E1,Leicester,Total,Over 1.5 golos,41,41.0,0.9024390243902439,0.2967201234291814,0.7745202448096945,0.9614035402470387,0.14579280762132774,,,,,0.8,False
E1,Leicester,Total,Over 3.5 golos,41,41.0,0.2926829268292683,0.4549941001506739,0.17609017633058882,0.44479757076139725,0.04932914359818444,,,,,0.4,False
E1,Leicester,Total,Cantos total Over 8.5,41,41.0,0.7073170731707317,0.45499410015067393,0.5552024292386027,0.8239098236694112,0.026335478078707175,,,,,1.0,False
E1,Leicester,Total,Cantos total Over 9.5,41,41.0,0.5853658536585366,0.49265877748107695,0.433668353568366,0.7224366917466986,0.03321861439473284,,,,,0.6,False
E1,Leicester,Total,Cantos total Over 10.5,41,41.0,0.5121951219512195,0.49985125687607795,0.3648425931586519,0.6574581276006431,0.06638735099007431,,,,,0.6,False
E1,Leicester,Total,Cantos equipa Over 4.5,41,41.0,0.4146341463414634,0.492658777481077,0.2775633082533015,0.566331646431634,-0.12013067983440567,,,,,0.6,False
E1,Leicester,Total,Cantos equipa Over 5.5,41,41.0,0.3170731707317073,0.4653361958131442,0.19564433205311735,0.4698448565574586,-0.07351987630305751,,,,,0.4,False
E1,Leicester,Total,Equipa ganha cantos,41,41.0,0.34146341463414637,0.4742005389078922,0.21558617366643465,0.4945044564627312,-0.11150182053967778,,,,,0.4,False
E1,Middlesbrough,Total,Vitória (1X2),41,41.0,0.4878048780487805,0.49985125687607795,0.34254187239935696,0.6351574068413481,0.12072921342710358,0.13000000000000003,2.2063414634146343,0.45323900066327655,0.07626412849494346,0.0,True
E1,Middlesbrough,Total,Over 2.5 golos,41,41.0,0.5365853658536586,0.49865971464050907,0.38746215345974366,0.6794400088181413,0.035562870966132976,0.032682926829268266,1.8931707317073174,0.5282143777376964,0.015847709696609424,0.4,False
E1,Middlesbrough,Total,Under 2.5 golos,41,41.0,0.4634146341463415,0.4986597146405091,0.32055999118185885,0.6125378465402566,-0.035562870966132976,-0.11512195121951219,1.8753658536585367,0.5332292885940955,-0.13092801903628792,0.6,False
E1,Middlesbrough,Total,Handicap Asiático (AH),41,,,,,,,-0.027560975609756094,1.8817073170731708,0.5314322747893713,,,False
E1,Middlesbrough,Total,Casa marca (>=1),41,41.0,0.7560975609756098,0.4294345576014392,0.6065636934554182,0.8617514424897756,0.004563818644321427,,,,,0.6,True
E1,Middlesbrough,Total,Clean sheet,41,41.0,0.2926829268292683,0.4549941001506739,0.17609017633058882,0.44479757076139725,0.04421666916055661,,,,,0.2,False
E1,Middlesbrough,Total,Ambas marcam (BTTS),41,41.0,0.5609756097560976,0.4962680475457513,0.41040265151757305,0.7011009522789018,-0.0034415681580127755,,,,,0.6,False
E1,Middlesbrough,Total,Over 1.5 golos,41,41.0,0.7073170731707317,0.45499410015067393,0.5552024292386027,0.8239098236694112,-0.04932914359818452,,,,,0.6,False
E1,Middlesbrough,Total,Over 3.5 golos,41,41.0,0.2682926829268293,0.4430707835264622,0.15694805281336685,0.41933825276002934,0.024938899695745448,,,,,0.2,False
E1,Middlesbrough,Total,Cantos total Over 8.5,41,41.0,0.7073170731707317,0.45499410015067393,0.5552024292386027,0.8239098236694112,0.026335478078707175,,,,,1.0,False
E1,Middlesbrough,Total,Cantos total Over 9.5,41,41.0,0.5853658536585366,0.49265877748107695,0.433668353568366,0.7224366917466986,0.03321861439473284,,,,,1.0,False
E1,Middlesbrough,Total,Cantos total Over 10.5,41,41.0,0.5365853658536586,0.49865971464050907,0.38746215345974366,0.6794400088181413,0.09077759489251336,,,,,1.0,False
E1,Middlesbrough,Total,Cantos equipa Over 4.5,41,41.0,0.7073170731707317,0.45499410015067393,0.5552024292386027,0.8239098236694112,0.1725522469948626,,,,,1.0,False
E1,Middlesbrough,Total,Cantos equipa Over 5.5,41,41.0,0.5609756097560976,0.4962680475457513,0.41040265151757305,0.7011009522789018,0.1703825627213328,,,,,1.0,False
E1,Middlesbrough,Total,Equipa ganha cantos,41,41.0,0.5853658536585366,0.49265877748107695,0.433668353568366,0.7224366917466986,0.1324006184847124,,,,,1.0,False
E1,Millwall,Total,Vitória (1X2),41,41.0,0.5121951219512195,0.49985125687607795,0.3648425931586519,0.6574581276006431,0.14511945732954262,0.36585365853658536,2.8026829268292683,0.35680097467583327,0.4355205234979178,0.4,False
E1,Millwall,Total,Over 2.5 golos,41,41.0,0.5121951219512195,0.49985125687607795,0.3648425931586519,0.6574581276006431,0.01117262706369393,0.04878048780487802,2.0775609756097557,0.4813336463958677,0.06411659726353336,0.6,False
E1,Millwall,Total,Under 2.5 golos,41,41.0,0.4878048780487805,0.49985125687607795,0.34254187239935696,0.6351574068413481,-0.011172627063693985,-0.1704878048780488,1.7219512195121953,0.5807365439093484,-0.16002379535990474,0.4,False
E1,Millwall,Total,Handicap Asiático (AH),41,,,,,,,0.2303658536585366,1.8636585365853655,0.5365789818086639,,,False
E1,Millwall,Total,Casa marca (>=1),41,41.0,0.8292682926829268,0.3762743565985735,0.6873709004537023,0.914748560047261,0.07773455035163845,,,,,1.0,False
E1,Millwall,Total,Clean sheet,41,41.0,0.36585365853658536,0.4816687233690609,0.23589630416936813,0.5187957674783876,0.11738740086787369,,,,,0.2,True
E1,Millwall,Total,Ambas marcam (BTTS),41,41.0,0.5121951219512195,0.49985125687607795,0.3648425931586519,0.6574581276006431,-0.05222205596289087,,,,,0.8,False
E1,Millwall,Total,Over 1.5 golos,41,41.0,0.8048780487804879,0.39629455632370536,0.6598611764744329,0.8976568425079408,0.04823183201157166,,,,,0.8,False
E1,Millwall,Total,Over 3.5 golos,41,41.0,0.21951219512195122,0.4139161645970034,0.12003040155386345,0.36705302098235293,-0.023841588109132617,,,,,0.0,True
E1,Millwall,Total,Cantos total Over 8.5,41,41.0,0.6585365853658537,0.4742005389078922,0.5054955435372689,0.7844138263335654,-0.022445009726170806,,,,,0.6,False
E1,Millwall,Total,Cantos total Over 9.5,41,41.0,0.5121951219512195,0.49985125687607795,0.3648425931586519,0.6574581276006431,-0.03995211731258419,,,,,0.6,False
E1,Millwall,Total,Cantos total Over 10.5,41,41.0,0.4634146341463415,0.4986597146405091,0.32055999118185885,0.6125378465402566,0.017606863185196275,,,,,0.6,False
E1,Millwall,Total,Cantos equipa Over 4.5,41,41.0,0.6097560975609756,0.4878048780487805,0.45726583898692563,0.7434406478467288,0.07499127138510653,,,,,0.8,False
E1,Millwall,Total,Cantos equipa Over 5.5,41,41.0,0.5121951219512195,0.49985125687607795,0.3648425931586519,0.6574581276006431,0.1216020749164547,,,,,0.8,False
E1,Millwall,Total,Equipa ganha cantos,41,41.0,0.4878048780487805,0.49985125687607795,0.34254187239935696,0.6351574068413481,0.034839642874956334,,,,,0.4,False
E1,Norwich,Total,Vitória (1X2),41,41.0,0.4146341463414634,0.492658777481077,0.2775633082533015,0.566331646431634,0.047558481719786494,0.08195121951219513,2.8907317073170735,0.34593317583530203,0.19859607376561583,0.6,False
E1,Norwich,Total,Over 2.5 golos,41,41.0,0.4634146341463415,0.4986597146405091,0.32055999118185885,0.6125378465402566,-0.03760786074118411,-0.14341463414634142,1.8380487804878045,0.544055201698514,-0.14822129684711505,0.2,True
E1,Norwich,Total,Under 2.5 golos,41,41.0,0.5365853658536586,0.49865971464050907,0.38746215345974366,0.6794400088181413,0.03760786074118411,0.045609756097561,1.9336585365853658,0.5171543895055499,0.03757287328970871,0.8,False
E1,Norwich,Total,Handicap Asiático (AH),41,,,,,,,-0.05231707317073172,1.8665853658536586,0.5357376192342872,,,False
E1,Norwich,Total,Casa marca (>=1),41,41.0,0.8048780487804879,0.39629455632370536,0.6598611764744329,0.8976568425079408,0.05334430644919952,,,,,0.8,False
E1,Norwich,Total,Clean sheet,41,41.0,0.21951219512195122,0.4139161645970034,0.12003040155386345,0.36705302098235293,-0.028954062546760445,,,,,0.4,False
E1,Norwich,Total,Ambas marcam (BTTS),41,41.0,0.5853658536585366,0.49265877748107695,0.433668353568366,0.7224366917466986,0.02094867574442616,,,,,0.4,True
E1,Norwich,Total,Over 1.5 golos,41,41.0,0.8048780487804879,0.39629455632370536,0.6598611764744329,0.8976568425079408,0.04823183201157166,,,,,0.6,True
E1,Norwich,Total,Over 3.5 golos,41,41.0,0.14634146341463414,0.3534482133216936,0.0688415452945541,0.2844375526858926,-0.0970123198164497,,,,,0.0,False
E1,Norwich,Total,Cantos total Over 8.5,41,41.0,0.6829268292682927,0.4653361958131442,0.5301551434425416,0.8043556679468827,0.0019452341762682401,,,,,0.6,False
E1,Norwich,Total,Cantos total Over 9.5,41,41.0,0.6097560975609756,0.4878048780487805,0.45726583898692563,0.7434406478467288,0.05760885829717188,,,,,0.6,False
E1,Norwich,Total,Cantos total Over 10.5,41,41.0,0.5609756097560976,0.4962680475457513,0.41040265151757305,0.7011009522789018,0.1151678387949524,,,,,0.6,False
E1,Norwich,Total,Cantos equipa Over 4.5,41,41.0,0.5853658536585366,0.49265877748107695,0.433668353568366,0.7224366917466986,0.05060102748266748,,,,,1.0,False
E1,Norwich,Total,Cantos equipa Over 5.5,41,41.0,0.3902439024390244,0.4878048780487805,0.2565593521532712,0.5427341610130745,-0.0003491445957404249,,,,,0.4,False
E1,Norwich,Total,Equipa ganha cantos,41,41.0,0.5365853658536586,0.49865971464050907,0.38746215345974366,0.6794400088181413,0.08362013067983443,,,,,0.6,False
E1,Oxford,Total,Vitória (1X2),41,41.0,0.21951219512195122,0.4139161645970034,0.12003040155386345,0.36705302098235293,-0.14756346949972568,-0.19024390243902442,4.111463414634146,0.24322240018983213,-0.09748364069006543,0.2,False
E1,Oxford,Total,Over 2.5 golos,41,41.0,0.4878048780487805,0.49985125687607795,0.34254187239935696,0.6351574068413481,-0.013217616838745117,-0.010243902439024405,2.0229268292682927,0.4943332529539426,-0.013206424747174261,0.2,True
E1,Oxford,Total,Under 2.5 golos,41,41.0,0.5121951219512195,0.49985125687607795,0.3648425931586519,0.6574581276006431,0.013217616838745061,-0.09146341463414634,1.7673170731707315,0.5658294231300028,-0.09478881618084489,0.8,False
E1,Oxford,Total,Handicap Asiático (AH),41,,,,,,,0.025975609756097542,1.8665853658536586,0.5357376192342872,,,False
E1,Oxford,Total,Casa marca (>=1),41,41.0,0.6097560975609756,0.4878048780487805,0.45726583898692563,0.7434406478467288,-0.14177764477031274,,,,,0.8,False
E1,Oxford,Total,Clean sheet,41,41.0,0.17073170731707318,0.3762743565985735,0.08525143995273898,0.31262909954629764,-0.07773455035163848,,,,,0.2,False
E1,Oxford,Total,Ambas marcam (BTTS),41,41.0,0.5609756097560976,0.4962680475457513,0.41040265151757305,0.7011009522789018,-0.0034415681580127755,,,,,0.6,False
E1,Oxford,Total,Over 1.5 golos,41,41.0,0.6829268292682927,0.4653361958131442,0.5301551434425416,0.8043556679468827,-0.07371938750062346,,,,,0.8,False
E1,Oxford,Total,Over 3.5 golos,41,41.0,0.1951219512195122,0.3962945563237054,0.1023431574920593,0.34013882352556724,-0.048231832011571635,,,,,0.2,False
E1,Oxford,Total,Cantos total Over 8.5,41,41.0,0.7804878048780488,0.4139161645970034,0.6329469790176472,0.8799695984461366,0.09950620978602431,,,,,0.8,False
E1,Oxford,Total,Cantos total Over 9.5,41,41.0,0.6829268292682927,0.4653361958131442,0.5301551434425416,0.8043556679468827,0.13077959000448902,,,,,0.6,False
E1,Oxford,Total,Cantos total Over 10.5,41,41.0,0.5853658536585366,0.49265877748107695,0.433668353568366,0.7224366917466986,0.13955808269739134,,,,,0.2,True
E1,Oxford,Total,Cantos equipa Over 4.5,41,41.0,0.36585365853658536,0.4816687233690609,0.23589630416936813,0.5187957674783876,-0.1689111676392837,,,,,0.4,False
E1,Oxford,Total,Cantos equipa Over 5.5,41,41.0,0.17073170731707318,0.3762743565985735,0.08525143995273898,0.31262909954629764,-0.21986133971769165,,,,,0.2,False
E1,Oxford,Total,Equipa ganha cantos,41,41.0,0.12195121951219512,0.32722946012192045,0.05323257997340823,0.2554450764884486,-0.331014015661629,,,,,0.2,False
E1,Portsmouth,Total,Vitória (1X2),40,40.0,0.25,0.4330127018922193,0.14186967895549518,0.40194259066970106,-0.1170756646216769,-0.30024999999999996,3.2177499999999997,0.31077616346826203,-0.19556250000000008,0.0,True
E1,Portsmouth,Total,Over 2.5 golos,40,40.0,0.45,0.49749371855331,0.30705075280944705,0.6017117011155924,-0.05102249488752558,-0.07599999999999998,2.036,0.4911591355599214,-0.08379999999999999,0.6,False
E1,Portsmouth,Total,Under 2.5 golos,40,40.0,0.55,0.49749371855331,0.3982882988844078,0.6929492471905531,0.05102249488752558,-0.0355,1.74825,0.572000572000572,-0.038462499999999844,0.4,True
E1,Portsmouth,Total,Handicap Asiático (AH),40,,,,,,,-0.10400000000000001,1.85425,0.5393016044222732,,,False
E1,Portsmouth,Total,Casa marca (>=1),40,40.0,0.675,0.4683748498798799,0.52017458088898,0.7991568303733828,-0.07653374233128829,,,,,0.8,False
E1,Portsmouth,Total,Clean sheet,40,40.0,0.175,0.3799671038392666,0.08745302996883064,0.31950292054392443,-0.07346625766871168,,,,,0.0,True
E1,Portsmouth,Total,Ambas marcam (BTTS),40,40.0,0.55,0.49749371855331,0.3982882988844078,0.6929492471905531,-0.014417177914110346,,,,,0.8,False
E1,Portsmouth,Total,Over 1.5 golos,40,40.0,0.675,0.4683748498798799,0.52017458088898,0.7991568303733828,-0.08164621676891615,,,,,0.8,False
E1,Portsmouth,Total,Over 3.5 golos,40,40.0,0.225,0.41758232721225164,0.12315953254678531,0.3750339640409305,-0.01835378323108383,,,,,0.4,False
E1,Portsmouth,Total,Cantos total Over 8.5,40,40.0,0.75,0.4330127018922193,0.5980574093302989,0.8581303210445049,0.0690184049079755,,,,,0.8,False
E1,Portsmouth,Total,Cantos total Over 9.5,40,40.0,0.65,0.47696960070847283,0.4950559699353738,0.7786566682895085,0.09785276073619631,,,,,0.8,False
E1,Portsmouth,Total,Cantos total Over 10.5,40,40.0,0.5,0.5,0.3519927879709976,0.6480072120290024,0.05419222903885479,,,,,0.6,False
E1,Portsmouth,Total,Cantos equipa Over 4.5,40,40.0,0.625,0.4841229182759271,0.4703216005453191,0.7577722646420829,0.09023517382413093,,,,,1.0,False
E1,Portsmouth,Total,Cantos equipa Over 5.5,40,40.0,0.5,0.5,0.3519927879709976,0.6480072120290024,0.10940695296523517,,,,,1.0,False
E1,Portsmouth,Total,Equipa ganha cantos,40,40.0,0.525,0.4993746088859545,0.37497106853929735,0.6706477044981831,0.07203476482617588,,,,,1.0,False
E1,Preston,Total,Vitória (1X2),41,41.0,0.3170731707317073,0.4653361958131442,0.19564433205311735,0.4698448565574586,-0.05000249388996958,-0.0748780487804878,3.39170731707317,0.29483676111031215,0.07541939321832225,0.2,False
E1,Preston,Total,Over 2.5 golos,41,41.0,0.43902439024390244,0.4962680475457513,0.2988990477210983,0.5895973484824271,-0.06199810464362315,-0.09951219512195122,2.0746341463414635,0.4820126969198213,-0.08918500892325998,0.6,False
E1,Preston,Total,Under 2.5 golos,41,41.0,0.5609756097560976,0.4962680475457513,0.41040265151757305,0.7011009522789018,0.06199810464362315,-0.03731707317073171,1.7312195121951217,0.5776275007044238,-0.028828078524687606,0.4,True
E1,Preston,Total,Handicap Asiático (AH),41,,,,,,,0.14280487804878045,1.9378048780487802,0.5160478288231592,,,False
E1,Preston,Total,Casa marca (>=1),41,41.0,0.7317073170731707,0.4430707835264622,0.5806617472399707,0.8430519471866332,-0.01982642525811762,,,,,0.6,False
E1,Preston,Total,Clean sheet,41,41.0,0.21951219512195122,0.4139161645970034,0.12003040155386345,0.36705302098235293,-0.028954062546760445,,,,,0.0,True
E1,Preston,Total,Ambas marcam (BTTS),41,41.0,0.5609756097560976,0.4962680475457513,0.41040265151757305,0.7011009522789018,-0.0034415681580127755,,,,,0.6,False
E1,Preston,Total,Over 1.5 golos,41,41.0,0.7804878048780488,0.4139161645970034,0.6329469790176472,0.8799695984461366,0.023841588109132617,,,,,1.0,False
E1,Preston,Total,Over 3.5 golos,41,41.0,0.21951219512195122,0.4139161645970034,0.12003040155386345,0.36705302098235293,-0.023841588109132617,,,,,0.4,False
E1,Preston,Total,Cantos total Over 8.5,41,41.0,0.6829268292682927,0.4653361958131442,0.5301551434425416,0.8043556679468827,0.0019452341762682401,,,,,0.6,False
E1,Preston,Total,Cantos total Over 9.5,41,41.0,0.5609756097560976,0.4962680475457513,0.41040265151757305,0.7011009522789018,0.008828370492293902,,,,,0.2,True
E1,Preston,Total,Cantos total Over 10.5,41,41.0,0.43902439024390244,0.4962680475457513,0.2988990477210983,0.5895973484824271,-0.006783380717242771,,,,,0.2,True
E1,Preston,Total,Cantos equipa Over 4.5,41,41.0,0.2682926829268293,0.4430707835264622,0.15694805281336685,0.41933825276002934,-0.2664721432490398,,,,,0.2,False
E1,Preston,Total,Cantos equipa Over 5.5,41,41.0,0.24390243902439024,0.4294345576014392,0.13824855751022433,0.39343630654458195,-0.1466906080103746,,,,,0.2,False
E1,Preston,Total,Equipa ganha cantos,41,41.0,0.1951219512195122,0.3962945563237054,0.1023431574920593,0.34013882352556724,-0.25784328395431194,,,,,0.0,True
E1,QPR,Total,Vitória (1X2),41,41.0,0.3902439024390244,0.4878048780487805,0.2565593521532712,0.5427341610130745,0.023168237817347503,0.1407317073170732,3.048536585365854,0.3280262420993679,0.18967281380130885,0.6,False
E1,QPR,Total,Over 2.5 golos,41,41.0,0.6341463414634146,0.4816687233690609,0.4812042325216125,0.7641036958306319,0.13312384657588905,0.23853658536585365,1.9841463414634148,0.5039950829748002,0.25823914336704346,0.6,False
E1,QPR,Total,Under 2.5 golos,41,41.0,0.36585365853658536,0.4816687233690609,0.23589630416936813,0.5187957674783876,-0.1331238465758891,-0.36341463414634145,1.7860975609756096,0.5598798306704903,-0.34654967281380145,0.4,False
E1,QPR,Total,Handicap Asiático (AH),41,,,,,,,-0.024024390243902464,1.9546341463414634,0.5116046917893686,,,False
E1,QPR,Total,Casa marca (>=1),41,41.0,0.7560975609756098,0.4294345576014392,0.6065636934554182,0.8617514424897756,0.004563818644321427,,,,,0.8,False
E1,QPR,Total,Clean sheet,41,41.0,0.21951219512195122,0.4139161645970034,0.12003040155386345,0.36705302098235293,-0.028954062546760445,,,,,0.0,True
E1,QPR,Total,Ambas marcam (BTTS),41,41.0,0.6585365853658537,0.4742005389078922,0.5054955435372689,0.7844138263335654,0.0941194074517433,,,,,0.8,False
E1,QPR,Total,Over 1.5 golos,41,41.0,0.7560975609756098,0.4294345576014392,0.6065636934554182,0.8617514424897756,-0.0005486557933064296,,,,,0.8,False
E1,QPR,Total,Over 3.5 golos,41,41.0,0.3902439024390244,0.4878048780487805,0.2565593521532712,0.5427341610130745,0.14689011920794057,,,,,0.4,False
E1,QPR,Total,Cantos total Over 8.5,41,41.0,0.6829268292682927,0.4653361958131442,0.5301551434425416,0.8043556679468827,0.0019452341762682401,,,,,0.6,False
E1,QPR,Total,Cantos total Over 9.5,41,41.0,0.5121951219512195,0.49985125687607795,0.3648425931586519,0.6574581276006431,-0.03995211731258419,,,,,0.4,False
E1,QPR,Total,Cantos total Over 10.5,41,41.0,0.36585365853658536,0.4816687233690609,0.23589630416936813,0.5187957674783876,-0.07995411242455985,,,,,0.2,True
E1,QPR,Total,Cantos equipa Over 4.5,41,41.0,0.4634146341463415,0.4986597146405091,0.32055999118185885,0.6125378465402566,-0.07135019202952758,,,,,0.4,False
E1,QPR,Total,Cantos equipa Over 5.5,41,41.0,0.34146341463414637,0.4742005389078922,0.21558617366643465,0.4945044564627312,-0.04912963240061846,,,,,0.4,False
E1,QPR,Total,Equipa ganha cantos,41,41.0,0.4146341463414634,0.492658777481077,0.2775633082533015,0.566331646431634,-0.03833108883236075,,,,,0.4,False
E1,Sheffield United,Total,Vitória (1X2),41,41.0,0.36585365853658536,0.4816687233690609,0.23589630416936813,0.5187957674783876,-0.0012220060850915426,-0.20243902439024392,2.3904878048780485,0.41832466074890323,-0.12543129089827498,0.0,True
E1,Sheffield United,Total,Over 2.5 golos,41,41.0,0.5609756097560976,0.4962680475457513,0.41040265151757305,0.7011009522789018,0.05995311486857202,0.05609756097560973,1.8956097560975609,0.5275347400926402,0.06339083878643681,0.6,False
E1,Sheffield United,Total,Under 2.5 golos,41,41.0,0.43902439024390244,0.4962680475457513,0.2988990477210983,0.5895973484824271,-0.05995311486857202,-0.1873170731707317,1.8807317073170728,0.5317079496822722,-0.17431290898274854,0.4,False
E1,Sheffield United,Total,Handicap Asiático (AH),41,,,,,,,-0.23890243902439023,1.9480487804878046,0.5133341680230376,,,False
E1,Sheffield United,Total,Casa marca (>=1),41,41.0,0.7317073170731707,0.4430707835264622,0.5806617472399707,0.8430519471866332,-0.01982642525811762,,,,,0.8,False
E1,Sheffield United,Total,Clean sheet,41,41.0,0.21951219512195122,0.4139161645970034,0.12003040155386345,0.36705302098235293,-0.028954062546760445,,,,,0.0,True
E1,Sheffield United,Total,Ambas marcam (BTTS),41,41.0,0.5365853658536586,0.49865971464050907,0.38746215345974366,0.6794400088181413,-0.02783181206045182,,,,,0.8,False
E1,Sheffield United,Total,Over 1.5 golos,41,41.0,0.7073170731707317,0.45499410015067393,0.5552024292386027,0.8239098236694112,-0.04932914359818452,,,,,0.8,False
E1,Sheffield United,Total,Over 3.5 golos,41,41.0,0.3170731707317073,0.4653361958131442,0.19564433205311735,0.4698448565574586,0.07371938750062348,,,,,0.2,False
E1,Sheffield United,Total,Cantos total Over 8.5,41,41.0,0.7560975609756098,0.4294345576014392,0.6065636934554182,0.8617514424897756,0.07511596588358527,,,,,0.4,True
E1,Sheffield United,Total,Cantos total Over 9.5,41,41.0,0.6829268292682927,0.4653361958131442,0.5301551434425416,0.8043556679468827,0.13077959000448902,,,,,0.4,True
E1,Sheffield United,Total,Cantos total Over 10.5,41,41.0,0.5853658536585366,0.49265877748107695,0.433668353568366,0.7224366917466986,0.13955808269739134,,,,,0.4,True
E1,Sheffield United,Total,Cantos equipa Over 4.5,41,41.0,0.7317073170731707,0.4430707835264622,0.5806617472399707,0.8430519471866332,0.19694249089730165,,,,,0.4,True
E1,Sheffield United,Total,Cantos equipa Over 5.5,41,41.0,0.5853658536585366,0.49265877748107695,0.433668353568366,0.7224366917466986,0.19477280662377172,,,,,0.2,True
E1,Sheffield United,Total,Equipa ganha cantos,41,41.0,0.6585365853658537,0.4742005389078922,0.5054955435372689,0.7844138263335654,0.20557135019202954,,,,,0.6,False
E1,Sheffield Weds,Total,Vitória (1X2),41,41.0,0.024390243902439025,0.15425744683748194,0.004318420270716478,0.12595347011678087,-0.34268542071923785,-0.86,7.027317073170732,0.14230181868665834,-0.8286020226055919,0.0,False
E1,Sheffield Weds,Total,Over 2.5 golos,41,41.0,0.5365853658536586,0.49865971464050907,0.38746215345974366,0.6794400088181413,0.035562870966132976,-0.04365853658536584,1.795609756097561,0.5569138820972561,-0.03650208209399153,0.2,True
E1,Sheffield Weds,Total,Under 2.5 golos,41,41.0,0.4634146341463415,0.4986597146405091,0.32055999118185885,0.6125378465402566,-0.035562870966132976,-0.08243902439024392,2.008780487804878,0.49781447304516757,-0.06910172516359303,0.8,False
E1,Sheffield Weds,Total,Handicap Asiático (AH),41,,,,,,,-0.20865853658536584,1.8797560975609755,0.5319839107305048,,,False
E1,Sheffield Weds,Total,Casa marca (>=1),41,41.0,0.4878048780487805,0.49985125687607795,0.34254187239935696,0.6351574068413481,-0.26372886428250786,,,,,0.6,False
E1,Sheffield Weds,Total,Clean sheet,41,41.0,0.07317073170731707,0.260416542732471,0.025197373252564128,0.19427740017211298,-0.17529552596139458,,,,,0.0,False
E1,Sheffield Weds,Total,Ambas marcam (BTTS),41,41.0,0.4634146341463415,0.4986597146405091,0.32055999118185885,0.6125378465402566,-0.1010025437677689,,,,,0.6,False
E1,Sheffield Weds,Total,Over 1.5 golos,41,41.0,0.8292682926829268,0.3762743565985735,0.6873709004537023,0.914748560047261,0.0726220759140106,,,,,1.0,False
E1,Sheffield Weds,Total,Over 3.5 golos,41,41.0,0.24390243902439024,0.4294345576014392,0.13824855751022433,0.39343630654458195,0.0005486557933064018,,,,,0.2,False
E1,Sheffield Weds,Total,Cantos total Over 8.5,41,41.0,0.7073170731707317,0.45499410015067393,0.5552024292386027,0.8239098236694112,0.026335478078707175,,,,,0.6,False
E1,Sheffield Weds,Total,Cantos total Over 9.5,41,41.0,0.5853658536585366,0.49265877748107695,0.433668353568366,0.7224366917466986,0.03321861439473284,,,,,0.4,True
E1,Sheffield Weds,Total,Cantos total Over 10.5,41,41.0,0.5121951219512195,0.49985125687607795,0.3648425931586519,0.6574581276006431,0.06638735099007431,,,,,0.2,True
E1,Sheffield Weds,Total,Cantos equipa Over 4.5,41,41.0,0.3902439024390244,0.4878048780487805,0.2565593521532712,0.5427341610130745,-0.14452092373684466,,,,,0.2,True
E1,Sheffield Weds,Total,Cantos equipa Over 5.5,41,41.0,0.24390243902439024,0.4294345576014392,0.13824855751022433,0.39343630654458195,-0.1466906080103746,,,,,0.0,True
E1,Sheffield Weds,Total,Equipa ganha cantos,41,41.0,0.3170731707317073,0.4653361958131442,0.19564433205311735,0.4698448565574586,-0.13589206444211682,,,,,0.0,True
E1,Southampton,Total,Vitória (1X2),39,39.0,0.4358974358974359,0.49587383604650553,0.2930452416170466,0.5902457652547789,0.068821771275759,-0.060769230769230784,2.1905128205128213,0.45651410511529894,-0.04516107823800097,0.8,False
E1,Southampton,Total,Over 2.5 golos,39,39.0,0.5641025641025641,0.49587383604650553,0.4097542347452211,0.7069547583829534,0.0630800692150385,0.012820512820512798,1.8020512820512822,0.5549231644849174,0.016541748849441262,0.4,True
E1,Southampton,Total,Under 2.5 golos,39,39.0,0.4358974358974359,0.49587383604650553,0.2930452416170466,0.5902457652547789,-0.06308006921503856,-0.14769230769230768,1.972307692307692,0.5070202808112325,-0.14027613412228812,0.6,False
E1,Southampton,Total,Handicap Asiático (AH),39,,,,,,,-0.017692307692307684,1.9379487179487178,0.5160095263297169,,,False
E1,Southampton,Total,Casa marca (>=1),39,39.0,0.8717948717948718,0.3343180720616743,0.7329395096236953,0.9439726505197168,0.12026112946358347,,,,,1.0,False
E1,Southampton,Total,Clean sheet,39,39.0,0.2564102564102564,0.4366509324596513,0.1456862584345219,0.41081956767841504,0.007943998741544722,,,,,0.4,False
E1,Southampton,Total,Ambas marcam (BTTS),39,39.0,0.6923076923076923,0.46153846153846156,0.5357845138443541,0.8143424655401693,0.1278905143935819,,,,,0.6,False
E1,Southampton,Total,Over 1.5 golos,39,39.0,0.8461538461538461,0.36080121229410994,0.7027023013426569,0.9275262615494854,0.08950762938492995,,,,,0.8,False
E1,Southampton,Total,Over 3.5 golos,39,39.0,0.3076923076923077,0.46153846153846156,0.1856575344598306,0.46421548615564595,0.06433852446122387,,,,,0.2,False
E1,Southampton,Total,Cantos total Over 8.5,39,39.0,0.7692307692307693,0.42132504423474315,0.6166343954261705,0.8735433757121625,0.08824917413874478,,,,,0.8,False
E1,Southampton,Total,Cantos total Over 9.5,39,39.0,0.5897435897435898,0.491880156237202,0.43418348473344903,0.7292091056459953,0.037596350479786045,,,,,0.8,False
E1,Southampton,Total,Cantos total Over 10.5,39,39.0,0.48717948717948717,0.49983560742610067,0.3386492878313309,0.6380089135430344,0.04137171621834196,,,,,0.6,False
E1,Southampton,Total,Cantos equipa Over 4.5,39,39.0,0.7948717948717948,0.4037952755903493,0.6446572703687137,0.8922040980208888,0.26010696869592576,,,,,0.8,False
E1,Southampton,Total,Cantos equipa Over 5.5,39,39.0,0.46153846153846156,0.4985185152621431,0.3156664723404835,0.6143081317826118,0.07094541450369674,,,,,0.4,False
E1,Southampton,Total,Equipa ganha cantos,39,39.0,0.6153846153846154,0.4865042554105199,0.45898781310078474,0.7510883745299294,0.16241938021079128,,,,,0.4,True
E1,Stoke,Total,Vitória (1X2),41,41.0,0.36585365853658536,0.4816687233690609,0.23589630416936813,0.5187957674783876,-0.0012220060850915426,-0.10780487804878049,2.9292682926829268,0.34138218151540384,0.07168352171326586,0.4,False
E1,Stoke,Total,Over 2.5 golos,41,41.0,0.43902439024390244,0.4962680475457513,0.2988990477210983,0.5895973484824271,-0.06199810464362315,-0.11560975609756098,2.0168292682926827,0.495827790542992,-0.11456276026174905,0.6,False
E1,Stoke,Total,Under 2.5 golos,41,41.0,0.5609756097560976,0.4962680475457513,0.41040265151757305,0.7011009522789018,0.06199810464362315,-0.012439024390243908,1.7629268292682927,0.5672385168788047,-0.011041046995835746,0.4,True
E1,Stoke,Total,Handicap Asiático (AH),41,,,,,,,-0.04548780487804877,1.8778048780487804,0.532536693077023,,,False
E1,Stoke,Total,Casa marca (>=1),41,41.0,0.6341463414634146,0.4816687233690609,0.4812042325216125,0.7641036958306319,-0.11738740086787369,,,,,0.8,False
E1,Stoke,Total,Clean sheet,41,41.0,0.3170731707317073,0.4653361958131442,0.19564433205311735,0.4698448565574586,0.06860691306299566,,,,,0.2,False
E1,Stoke,Total,Ambas marcam (BTTS),41,41.0,0.4146341463414634,0.492658777481077,0.2775633082533015,0.566331646431634,-0.149783031572647,,,,,0.6,False
E1,Stoke,Total,Over 1.5 golos,41,41.0,0.6585365853658537,0.4742005389078922,0.5054955435372689,0.7844138263335654,-0.0981096314030625,,,,,1.0,False
E1,Stoke,Total,Over 3.5 golos,41,41.0,0.17073170731707318,0.3762743565985735,0.08525143995273898,0.31262909954629764,-0.07262207591401065,,,,,0.6,False
E1,Stoke,Total,Cantos total Over 8.5,41,41.0,0.7317073170731707,0.4430707835264622,0.5806617472399707,0.8430519471866332,0.05072572198114622,,,,,0.8,False
E1,Stoke,Total,Cantos total Over 9.5,41,41.0,0.6097560975609756,0.4878048780487805,0.45726583898692563,0.7434406478467288,0.05760885829717188,,,,,0.6,False
E1,Stoke,Total,Cantos total Over 10.5,41,41.0,0.4878048780487805,0.49985125687607795,0.34254187239935696,0.6351574068413481,0.041997107087635266,,,,,0.6,False
E1,Stoke,Total,Cantos equipa Over 4.5,41,41.0,0.7317073170731707,0.4430707835264622,0.5806617472399707,0.8430519471866332,0.19694249089730165,,,,,0.8,False
E1,Stoke,Total,Cantos equipa Over 5.5,41,41.0,0.5365853658536586,0.49865971464050907,0.38746215345974366,0.6794400088181413,0.14599231881889374,,,,,0.6,False
E1,Stoke,Total,Equipa ganha cantos,41,41.0,0.43902439024390244,0.4962680475457513,0.2988990477210983,0.5895973484824271,-0.013940844929921703,,,,,0.4,False
E1,Swansea,Total,Vitória (1X2),41,41.0,0.36585365853658536,0.4816687233690609,0.23589630416936813,0.5187957674783876,-0.0012220060850915426,-0.11975609756097563,2.992926829268293,0.33412109852497757,0.09497323022010717,0.2,True
E1,Swansea,Total,Over 2.5 golos,41,41.0,0.4878048780487805,0.49985125687607795,0.34254187239935696,0.6351574068413481,-0.013217616838745117,-0.0007317073170731551,2.0682926829268293,0.4834905660377358,0.008923259964306984,0.8,False
E1,Swansea,Total,Under 2.5 golos,41,41.0,0.5121951219512195,0.49985125687607795,0.3648425931586519,0.6574581276006431,0.013217616838745061,-0.12512195121951222,1.7253658536585366,0.5795872208085948,-0.11627602617489585,0.2,True
E1,Swansea,Total,Handicap Asiático (AH),41,,,,,,,-0.06902439024390244,1.8829268292682928,0.5310880829015544,,,False
E1,Swansea,Total,Casa marca (>=1),41,41.0,0.7560975609756098,0.4294345576014392,0.6065636934554182,0.8617514424897756,0.004563818644321427,,,,,0.6,True
E1,Swansea,Total,Clean sheet,41,41.0,0.2682926829268293,0.4430707835264622,0.15694805281336685,0.41933825276002934,0.01982642525811762,,,,,0.0,True
E1,Swansea,Total,Ambas marcam (BTTS),41,41.0,0.5121951219512195,0.49985125687607795,0.3648425931586519,0.6574581276006431,-0.05222205596289087,,,,,0.6,False
E1,Swansea,Total,Over 1.5 golos,41,41.0,0.7560975609756098,0.4294345576014392,0.6065636934554182,0.8617514424897756,-0.0005486557933064296,,,,,1.0,False
E1,Swansea,Total,Over 3.5 golos,41,41.0,0.1951219512195122,0.3962945563237054,0.1023431574920593,0.34013882352556724,-0.048231832011571635,,,,,0.4,False
E1,Swansea,Total,Cantos total Over 8.5,41,41.0,0.6829268292682927,0.4653361958131442,0.5301551434425416,0.8043556679468827,0.0019452341762682401,,,,,0.6,False
E1,Swansea,Total,Cantos total Over 9.5,41,41.0,0.4878048780487805,0.49985125687607795,0.34254187239935696,0.6351574068413481,-0.06434236121502324,,,,,0.4,False
E1,Swansea,Total,Cantos total Over 10.5,41,41.0,0.34146341463414637,0.4742005389078922,0.21558617366643465,0.4945044564627312,-0.10434435632699884,,,,,0.2,False
E1,Swansea,Total,Cantos equipa Over 4.5,41,41.0,0.4634146341463415,0.4986597146405091,0.32055999118185885,0.6125378465402566,-0.07135019202952758,,,,,0.2,True
E1,Swansea,Total,Cantos equipa Over 5.5,41,41.0,0.3170731707317073,0.4653361958131442,0.19564433205311735,0.4698448565574586,-0.07351987630305751,,,,,0.0,True
E1,Swansea,Total,Equipa ganha cantos,41,41.0,0.4146341463414634,0.492658777481077,0.2775633082533015,0.566331646431634,-0.03833108883236075,,,,,0.0,True
E1,Watford,Total,Vitória (1X2),41,41.0,0.34146341463414637,0.4742005389078922,0.21558617366643465,0.4945044564627312,-0.025612249987530533,-0.16878048780487806,2.731707317073171,0.36607142857142855,-0.06722189173111226,0.2,False
E1,Watford,Total,Over 2.5 golos,41,41.0,0.4634146341463415,0.4986597146405091,0.32055999118185885,0.6125378465402566,-0.03760786074118411,-0.075609756097561,1.9909756097560976,0.5022663236555188,-0.07735276621058895,0.6,False
E1,Watford,Total,Under 2.5 golos,41,41.0,0.5365853658536586,0.49865971464050907,0.38746215345974366,0.6794400088181413,0.03760786074118411,-0.04024390243902439,1.7836585365853657,0.560645425953781,-0.042914931588340255,0.4,False
E1,Watford,Total,Handicap Asiático (AH),41,,,,,,,-0.08414634146341465,1.889268292682927,0.5293054479731474,,,False
E1,Watford,Total,Casa marca (>=1),41,41.0,0.7560975609756098,0.4294345576014392,0.6065636934554182,0.8617514424897756,0.004563818644321427,,,,,0.8,False
E1,Watford,Total,Clean sheet,41,41.0,0.17073170731707318,0.3762743565985735,0.08525143995273898,0.31262909954629764,-0.07773455035163848,,,,,0.2,False
E1,Watford,Total,Ambas marcam (BTTS),41,41.0,0.6341463414634146,0.4816687233690609,0.4812042325216125,0.7641036958306319,0.06972916354930425,,,,,0.8,False
E1,Watford,Total,Over 1.5 golos,41,41.0,0.7804878048780488,0.4139161645970034,0.6329469790176472,0.8799695984461366,0.023841588109132617,,,,,0.8,False
E1,Watford,Total,Over 3.5 golos,41,41.0,0.21951219512195122,0.4139161645970034,0.12003040155386345,0.36705302098235293,-0.023841588109132617,,,,,0.4,False
E1,Watford,Total,Cantos total Over 8.5,41,41.0,0.6829268292682927,0.4653361958131442,0.5301551434425416,0.8043556679468827,0.0019452341762682401,,,,,0.8,False
E1,Watford,Total,Cantos total Over 9.5,41,41.0,0.5853658536585366,0.49265877748107695,0.433668353568366,0.7224366917466986,0.03321861439473284,,,,,0.6,False
E1,Watford,Total,Cantos total Over 10.5,41,41.0,0.5121951219512195,0.49985125687607795,0.3648425931586519,0.6574581276006431,0.06638735099007431,,,,,0.6,False
E1,Watford,Total,Cantos equipa Over 4.5,41,41.0,0.5365853658536586,0.49865971464050907,0.38746215345974366,0.6794400088181413,0.001820539677789501,,,,,0.6,False
E1,Watford,Total,Cantos equipa Over 5.5,41,41.0,0.4146341463414634,0.492658777481077,0.2775633082533015,0.566331646431634,0.024041099306698566,,,,,0.6,False
E1,Watford,Total,Equipa ganha cantos,41,41.0,0.3902439024390244,0.4878048780487805,0.2565593521532712,0.5427341610130745,-0.06272133273479974,,,,,0.8,False
E1,West Brom,Total,Vitória (1X2),41,41.0,0.2682926829268293,0.4430707835264622,0.15694805281336685,0.41933825276002934,-0.09878298169484762,-0.404390243902439,2.637560975609756,0.37913815424449787,-0.2923616894705532,0.4,False
E1,West Brom,Total,Over 2.5 golos,41,41.0,0.4634146341463415,0.4986597146405091,0.32055999118185885,0.6125378465402566,-0.03760786074118411,-0.042195121951219515,2.0790243902439025,0.4809948381041764,-0.03654967281380117,0.4,False
E1,West Brom,Total,Under 2.5 golos,41,41.0,0.5365853658536586,0.49865971464050907,0.38746215345974366,0.6794400088181413,0.03760786074118411,-0.08048780487804875,1.7185365853658539,0.5818904342889583,-0.07785841760856627,0.6,False
E1,West Brom,Total,Handicap Asiático (AH),41,,,,,,,-0.27012195121951216,1.892439024390244,0.5284186106457017,,,False
E1,West Brom,Total,Casa marca (>=1),41,41.0,0.6829268292682927,0.4653361958131442,0.5301551434425416,0.8043556679468827,-0.0686069130629956,,,,,0.8,False
E1,West Brom,Total,Clean sheet,41,41.0,0.24390243902439024,0.4294345576014392,0.13824855751022433,0.39343630654458195,-0.004563818644321427,,,,,0.6,False
E1,West Brom,Total,Ambas marcam (BTTS),41,41.0,0.5365853658536586,0.49865971464050907,0.38746215345974366,0.6794400088181413,-0.02783181206045182,,,,,0.4,False
E1,West Brom,Total,Over 1.5 golos,41,41.0,0.6829268292682927,0.4653361958131442,0.5301551434425416,0.8043556679468827,-0.07371938750062346,,,,,0.6,False
E1,West Brom,Total,Over 3.5 golos,41,41.0,0.1951219512195122,0.3962945563237054,0.1023431574920593,0.34013882352556724,-0.048231832011571635,,,,,0.2,False
E1,West Brom,Total,Cantos total Over 8.5,41,41.0,0.5853658536585366,0.49265877748107695,0.433668353568366,0.7224366917466986,-0.09561574143348794,,,,,0.6,False
E1,West Brom,Total,Cantos total Over 9.5,41,41.0,0.43902439024390244,0.4962680475457513,0.2988990477210983,0.5895973484824271,-0.11312284901990127,,,,,0.4,False
E1,West Brom,Total,Cantos total Over 10.5,41,41.0,0.34146341463414637,0.4742005389078922,0.21558617366643465,0.4945044564627312,-0.10434435632699884,,,,,0.2,False
E1,West Brom,Total,Cantos equipa Over 4.5,41,41.0,0.5365853658536586,0.49865971464050907,0.38746215345974366,0.6794400088181413,0.001820539677789501,,,,,0.4,False
E1,West Brom,Total,Cantos equipa Over 5.5,41,41.0,0.36585365853658536,0.4816687233690609,0.23589630416936813,0.5187957674783876,-0.02473938849817947,,,,,0.2,True
E1,West Brom,Total,Equipa ganha cantos,41,41.0,0.5609756097560976,0.4962680475457513,0.41040265151757305,0.7011009522789018,0.10801037458227347,,,,,0.4,True
E1,Wrexham,Total,Vitória (1X2),40,40.0,0.425,0.4943429983321297,0.2850916852481588,0.5780519956394001,0.05792433537832309,0.213,2.9829999999999997,0.3352329869259135,0.2677749999999999,0.4,False
E1,Wrexham,Total,Over 2.5 golos,40,40.0,0.5,0.5,0.3519927879709976,0.6480072120290024,-0.0010224948875255935,-0.018500000000000006,1.9925000000000002,0.5018820577164366,-0.00374999999999992,0.8,False
E1,Wrexham,Total,Under 2.5 golos,40,40.0,0.5,0.5,0.3519927879709976,0.6480072120290024,0.001022494887525538,-0.12225000000000001,1.778,0.562429696287964,-0.11099999999999999,0.2,True
E1,Wrexham,Total,Handicap Asiático (AH),40,,,,,,,0.136875,1.86525,0.5361211633829245,,,False
E1,Wrexham,Total,Casa marca (>=1),40,40.0,0.875,0.33071891388307384,0.7388757932976185,0.9454058022645871,0.12346625766871167,,,,,1.0,False
E1,Wrexham,Total,Clean sheet,40,40.0,0.25,0.4330127018922193,0.14186967895549518,0.40194259066970106,0.0015337423312883347,,,,,0.2,False
E1,Wrexham,Total,Ambas marcam (BTTS),40,40.0,0.675,0.4683748498798799,0.52017458088898,0.7991568303733828,0.11058282208588965,,,,,0.8,False
E1,Wrexham,Total,Over 1.5 golos,40,40.0,0.825,0.37996710383926663,0.6804970794560756,0.9125469700311694,0.06835378323108376,,,,,1.0,False
E1,Wrexham,Total,Over 3.5 golos,40,40.0,0.3,0.458257569495584,0.18074670915695296,0.454303106543204,0.05664621676891615,,,,,0.4,False
E1,Wrexham,Total,Cantos total Over 8.5,40,40.0,0.65,0.47696960070847283,0.4950559699353738,0.7786566682895085,-0.030981595092024472,,,,,1.0,False
E1,Wrexham,Total,Cantos total Over 9.5,40,40.0,0.55,0.49749371855331,0.3982882988844078,0.6929492471905531,-0.0021472392638036686,,,,,0.8,False
E1,Wrexham,Total,Cantos total Over 10.5,40,40.0,0.35,0.47696960070847283,0.2213433317104915,0.5049440300646263,-0.09580777096114523,,,,,0.4,False
E1,Wrexham,Total,Cantos equipa Over 4.5,40,40.0,0.475,0.4993746088859545,0.32935229550181694,0.6250289314607026,-0.05976482617586909,,,,,1.0,False
E1,Wrexham,Total,Cantos equipa Over 5.5,40,40.0,0.3,0.458257569495584,0.18074670915695296,0.454303106543204,-0.09059304703476484,,,,,0.4,False
E1,Wrexham,Total,Equipa ganha cantos,40,40.0,0.425,0.4943429983321297,0.2850916852481588,0.5780519956394001,-0.027965235173824154,,,,,0.6,False
