league,team,scope,market,jogos,n_eventos,hit_rate,hit_std,wilson_lo,wilson_hi,edge_vs_liga,roi_unid_por_aposta,odds_avg,prob_impl,value_estimado,form_recent_5,alerta_tendencia_inversa
SP1,Alaves,Fora,Vitória (1X2),15,15.0,0.2,0.4,0.07047420643610411,0.4518593533465045,-0.175,0.023999999999999962,5.1706666666666665,0.19339865910263024,0.03413333333333335,0.4,False
SP1,Alaves,Fora,Over 2.5 golos,15,15.0,0.4,0.4898979485566356,0.19824228082594664,0.6425355724349229,-0.10666666666666669,-0.1413333333333333,2.297333333333334,0.43528728961114327,-0.0810666666666664,0.6,False
SP1,Alaves,Fora,Under 2.5 golos,15,15.0,0.6,0.4898979485566356,0.357464427565077,0.8017577191740534,0.10666666666666663,-0.05733333333333331,1.6780000000000002,0.5959475566150179,0.006799999999999917,0.4,True
SP1,Alaves,Fora,Handicap Asiático (AH),15,,,,,,,-0.24599999999999997,1.8846666666666663,0.5305978068623984,,,False
SP1,Alaves,Fora,Casa marca (>=1),15,15.0,0.5333333333333333,0.49888765156985887,0.3011663015105079,0.7519077474025356,-0.22499999999999998,,,,,0.8,False
SP1,Alaves,Fora,Clean sheet,15,15.0,0.06666666666666667,0.24944382578492943,0.011866588606194882,0.2981707755242399,-0.175,,,,,0.0,False
SP1,Alaves,Fora,Ambas marcam (BTTS),15,15.0,0.4666666666666667,0.49888765156985887,0.24809225259746442,0.6988336984894922,-0.09333333333333338,,,,,0.8,False
SP1,Alaves,Fora,Over 1.5 golos,15,15.0,0.6,0.4898979485566356,0.357464427565077,0.8017577191740534,-0.18666666666666665,,,,,1.0,False
SP1,Alaves,Fora,Over 3.5 golos,15,15.0,0.26666666666666666,0.4422166387140533,0.10897276103182815,0.5195088965768675,0.006666666666666654,,,,,0.4,False
SP1,Alaves,Fora,Cantos total Over 8.5,15,15.0,0.6,0.4898979485566356,0.357464427565077,0.8017577191740534,0.0033333333333332993,,,,,0.4,True
SP1,Alaves,Fora,Cantos total Over 9.5,15,15.0,0.4,0.4898979485566356,0.19824228082594664,0.6425355724349229,-0.06999999999999995,,,,,0.4,False
SP1,Alaves,Fora,Cantos total Over 10.5,15,15.0,0.4,0.4898979485566356,0.19824228082594664,0.6425355724349229,0.010000000000000009,,,,,0.4,False
SP1,Alaves,Fora,Cantos equipa Over 4.5,15,15.0,0.4666666666666667,0.49888765156985887,0.24809225259746442,0.6988336984894922,-0.018333333333333313,,,,,0.2,True
SP1,Alaves,Fora,Cantos equipa Over 5.5,15,15.0,0.4,0.4898979485566356,0.19824228082594664,0.6425355724349229,0.043333333333333335,,,,,0.2,True
SP1,Alaves,Fora,Equipa ganha cantos,15,15.0,0.26666666666666666,0.4422166387140533,0.10897276103182815,0.5195088965768675,-0.19833333333333336,,,,,0.2,False
SP1,Alaves,Casa,Vitória (1X2),15,15.0,0.3333333333333333,0.4714045207910317,0.15176100694691236,0.5828687484878702,-0.041666666666666685,-0.16933333333333336,2.7813333333333334,0.3595397890699904,-0.07288888888888889,0.2,False
SP1,Alaves,Casa,Over 2.5 golos,15,15.0,0.5333333333333333,0.49888765156985887,0.3011663015105079,0.7519077474025356,0.026666666666666616,0.24400000000000002,2.4,0.4166666666666667,0.28,0.6,False
SP1,Alaves,Casa,Under 2.5 golos,15,15.0,0.4666666666666667,0.49888765156985887,0.24809225259746442,0.6988336984894922,-0.026666666666666672,-0.27999999999999997,1.5693333333333335,0.6372132540356839,-0.26764444444444435,0.4,False
SP1,Alaves,Casa,Handicap Asiático (AH),15,,,,,,,0.015333333333333317,1.88,0.5319148936170213,,,False
SP1,Alaves,Casa,Casa marca (>=1),15,15.0,0.8,0.39999999999999997,0.5481406466534955,0.9295257935638959,0.04166666666666674,,,,,0.8,False
SP1,Alaves,Casa,Clean sheet,15,15.0,0.13333333333333333,0.33993463423951903,0.037360469891359285,0.3788249920651624,-0.10833333333333334,,,,,0.0,False
SP1,Alaves,Casa,Ambas marcam (BTTS),15,15.0,0.7333333333333333,0.44221663871405337,0.48049110342313245,0.8910272389681717,0.17333333333333323,,,,,0.8,False
SP1,Alaves,Casa,Over 1.5 golos,15,15.0,0.8,0.39999999999999997,0.5481406466534955,0.9295257935638959,0.01333333333333342,,,,,1.0,False
SP1,Alaves,Casa,Over 3.5 golos,15,15.0,0.2,0.4,0.07047420643610411,0.4518593533465045,-0.06,,,,,0.4,False
SP1,Alaves,Casa,Cantos total Over 8.5,15,15.0,0.5333333333333333,0.49888765156985887,0.3011663015105079,0.7519077474025356,-0.06333333333333335,,,,,0.6,False
SP1,Alaves,Casa,Cantos total Over 9.5,15,15.0,0.4666666666666667,0.49888765156985887,0.24809225259746442,0.6988336984894922,-0.0033333333333332993,,,,,0.4,False
SP1,Alaves,Casa,Cantos total Over 10.5,15,15.0,0.4,0.4898979485566356,0.19824228082594664,0.6425355724349229,0.010000000000000009,,,,,0.2,True
SP1,Alaves,Casa,Cantos equipa Over 4.5,15,15.0,0.7333333333333333,0.44221663871405337,0.48049110342313245,0.8910272389681717,0.2483333333333333,,,,,1.0,False
SP1,Alaves,Casa,Cantos equipa Over 5.5,15,15.0,0.5333333333333333,0.49888765156985887,0.3011663015105079,0.7519077474025356,0.17666666666666664,,,,,0.8,False
SP1,Alaves,Casa,Equipa ganha cantos,15,15.0,0.6,0.4898979485566356,0.357464427565077,0.8017577191740534,0.13499999999999995,,,,,1.0,False
SP1,Ath Bilbao,Fora,Vitória (1X2),15,15.0,0.2,0.4,0.07047420643610411,0.4518593533465045,-0.175,-0.5493333333333333,2.857333333333334,0.3499766682221184,-0.4285333333333331,0.2,False
SP1,Ath Bilbao,Fora,Over 2.5 golos,15,15.0,0.4666666666666667,0.49888765156985887,0.24809225259746442,0.6988336984894922,-0.040000000000000036,0.0046666666666666705,2.2299999999999995,0.4484304932735427,0.04066666666666641,0.6,False
SP1,Ath Bilbao,Fora,Under 2.5 golos,15,15.0,0.5333333333333333,0.49888765156985887,0.3011663015105079,0.7519077474025356,0.03999999999999998,-0.14466666666666667,1.6626666666666667,0.6014434643143545,-0.11324444444444448,0.4,False
SP1,Ath Bilbao,Fora,Handicap Asiático (AH),15,,,,,,,-0.28800000000000003,1.9860000000000002,0.5035246727089627,,,False
SP1,Ath Bilbao,Fora,Casa marca (>=1),15,15.0,0.5333333333333333,0.49888765156985887,0.3011663015105079,0.7519077474025356,-0.22499999999999998,,,,,0.6,False
SP1,Ath Bilbao,Fora,Clean sheet,15,15.0,0.13333333333333333,0.33993463423951903,0.037360469891359285,0.3788249920651624,-0.10833333333333334,,,,,0.0,False
SP1,Ath Bilbao,Fora,Ambas marcam (BTTS),15,15.0,0.4666666666666667,0.49888765156985887,0.24809225259746442,0.6988336984894922,-0.09333333333333338,,,,,0.6,False
SP1,Ath Bilbao,Fora,Over 1.5 golos,15,15.0,0.8666666666666667,0.339934634239519,0.6211750079348376,0.9626395301086408,0.08000000000000007,,,,,1.0,False
SP1,Ath Bilbao,Fora,Over 3.5 golos,15,15.0,0.2,0.4,0.07047420643610411,0.4518593533465045,-0.06,,,,,0.0,True
SP1,Ath Bilbao,Fora,Cantos total Over 8.5,15,15.0,0.6,0.4898979485566356,0.357464427565077,0.8017577191740534,0.0033333333333332993,,,,,0.6,False
SP1,Ath Bilbao,Fora,Cantos total Over 9.5,15,15.0,0.5333333333333333,0.49888765156985887,0.3011663015105079,0.7519077474025356,0.06333333333333335,,,,,0.4,False
SP1,Ath Bilbao,Fora,Cantos total Over 10.5,15,15.0,0.3333333333333333,0.4714045207910317,0.15176100694691236,0.5828687484878702,-0.0566666666666667,,,,,0.2,False
SP1,Ath Bilbao,Fora,Cantos equipa Over 4.5,15,15.0,0.5333333333333333,0.49888765156985887,0.3011663015105079,0.7519077474025356,0.04833333333333334,,,,,0.4,False
SP1,Ath Bilbao,Fora,Cantos equipa Over 5.5,15,15.0,0.4,0.4898979485566356,0.19824228082594664,0.6425355724349229,0.043333333333333335,,,,,0.2,True
SP1,Ath Bilbao,Fora,Equipa ganha cantos,15,15.0,0.5333333333333333,0.49888765156985887,0.3011663015105079,0.7519077474025356,0.0683333333333333,,,,,0.4,False
SP1,Ath Bilbao,Casa,Vitória (1X2),15,15.0,0.5333333333333333,0.49888765156985887,0.3011663015105079,0.7519077474025356,0.15833333333333333,1.4802973661668754e-17,2.170666666666667,0.46068796068796064,0.157688888888889,0.6,False
SP1,Ath Bilbao,Casa,Over 2.5 golos,15,15.0,0.4666666666666667,0.49888765156985887,0.24809225259746442,0.6988336984894922,-0.040000000000000036,-0.07800000000000003,2.0406666666666666,0.4900359359686377,-0.04768888888888889,0.6,False
SP1,Ath Bilbao,Casa,Under 2.5 golos,15,15.0,0.5333333333333333,0.49888765156985887,0.3011663015105079,0.7519077474025356,0.03999999999999998,-0.054666666666666704,1.7846666666666668,0.5603287261860291,-0.048177777777777764,0.4,False
SP1,Ath Bilbao,Casa,Handicap Asiático (AH),15,,,,,,,-0.1406666666666667,1.8753333333333335,0.5332385353714895,,,False
SP1,Ath Bilbao,Casa,Casa marca (>=1),15,15.0,0.7333333333333333,0.44221663871405337,0.48049110342313245,0.8910272389681717,-0.025000000000000022,,,,,0.8,False
SP1,Ath Bilbao,Casa,Clean sheet,15,15.0,0.2,0.4,0.07047420643610411,0.4518593533465045,-0.04166666666666666,,,,,0.0,True
SP1,Ath Bilbao,Casa,Ambas marcam (BTTS),15,15.0,0.5333333333333333,0.49888765156985887,0.3011663015105079,0.7519077474025356,-0.026666666666666727,,,,,0.8,False
SP1,Ath Bilbao,Casa,Over 1.5 golos,15,15.0,0.6,0.4898979485566356,0.357464427565077,0.8017577191740534,-0.18666666666666665,,,,,0.8,False
SP1,Ath Bilbao,Casa,Over 3.5 golos,15,15.0,0.13333333333333333,0.33993463423951903,0.037360469891359285,0.3788249920651624,-0.12666666666666668,,,,,0.2,False
SP1,Ath Bilbao,Casa,Cantos total Over 8.5,15,15.0,0.7333333333333333,0.44221663871405337,0.48049110342313245,0.8910272389681717,0.1366666666666666,,,,,0.4,True
SP1,Ath Bilbao,Casa,Cantos total Over 9.5,15,15.0,0.4666666666666667,0.49888765156985887,0.24809225259746442,0.6988336984894922,-0.0033333333333332993,,,,,0.2,True
SP1,Ath Bilbao,Casa,Cantos total Over 10.5,15,15.0,0.4666666666666667,0.49888765156985887,0.24809225259746442,0.6988336984894922,0.07666666666666666,,,,,0.2,True
SP1,Ath Bilbao,Casa,Cantos equipa Over 4.5,15,15.0,0.6666666666666666,0.4714045207910317,0.4171312515121298,0.8482389930530875,0.18166666666666664,,,,,0.4,True
SP1,Ath Bilbao,Casa,Cantos equipa Over 5.5,15,15.0,0.5333333333333333,0.49888765156985887,0.3011663015105079,0.7519077474025356,0.17666666666666664,,,,,0.4,False
SP1,Ath Bilbao,Casa,Equipa ganha cantos,15,15.0,0.6,0.4898979485566356,0.357464427565077,0.8017577191740534,0.13499999999999995,,,,,0.8,False
SP1,Ath Madrid,Fora,Vitória (1X2),14,14.0,0.2857142857142857,0.45175395145262565,0.11721187910109102,0.546495411724844,-0.0892857142857143,-0.48357142857142854,2.0900000000000003,0.47846889952153104,-0.4028571428571428,0.2,False
SP1,Ath Madrid,Fora,Over 2.5 golos,14,14.0,0.35714285714285715,0.4791574237499549,0.16344490737202735,0.6123599531785959,-0.14952380952380956,-0.3657142857142857,1.9364285714285714,0.516414607156031,-0.30841836734693884,0.4,False
SP1,Ath Madrid,Fora,Under 2.5 golos,14,14.0,0.6428571428571429,0.4791574237499549,0.3876400468214041,0.8365550926279727,0.14952380952380956,0.13714285714285715,1.8928571428571428,0.5283018867924528,0.21683673469387776,0.6,False
SP1,Ath Madrid,Fora,Handicap Asiático (AH),14,,,,,,,-0.5339285714285714,1.897142857142857,0.5271084337349398,,,False
SP1,Ath Madrid,Fora,Casa marca (>=1),14,14.0,0.7857142857142857,0.4103259033241449,0.5241027622679172,0.9242875166308363,0.027380952380952395,,,,,0.6,True
SP1,Ath Madrid,Fora,Clean sheet,14,14.0,0.35714285714285715,0.4791574237499549,0.16344490737202735,0.6123599531785959,0.11547619047619048,,,,,0.4,False
SP1,Ath Madrid,Fora,Ambas marcam (BTTS),14,14.0,0.5,0.5,0.2679886791947528,0.7320113208052473,-0.06000000000000005,,,,,0.4,False
SP1,Ath Madrid,Fora,Over 1.5 golos,14,14.0,0.7142857142857143,0.45175395145262565,0.4535045882751561,0.882788120898909,-0.07238095238095232,,,,,0.6,False
SP1,Ath Madrid,Fora,Over 3.5 golos,14,14.0,0.14285714285714285,0.3499271061118826,0.04009307373792117,0.399419077638637,-0.11714285714285716,,,,,0.2,False
SP1,Ath Madrid,Fora,Cantos total Over 8.5,14,14.0,0.6428571428571429,0.4791574237499549,0.3876400468214041,0.8365550926279727,0.046190476190476226,,,,,0.8,False
SP1,Ath Madrid,Fora,Cantos total Over 9.5,14,14.0,0.42857142857142855,0.49487165930539345,0.21380509930400526,0.6740973309713064,-0.041428571428571426,,,,,0.8,False
SP1,Ath Madrid,Fora,Cantos total Over 10.5,14,14.0,0.42857142857142855,0.49487165930539345,0.21380509930400526,0.6740973309713064,0.038571428571428534,,,,,0.8,False
SP1,Ath Madrid,Fora,Cantos equipa Over 4.5,14,14.0,0.5714285714285714,0.4948716593053935,0.3259026690286936,0.7861949006959947,0.08642857142857141,,,,,0.6,False
SP1,Ath Madrid,Fora,Cantos equipa Over 5.5,14,14.0,0.5,0.5,0.2679886791947528,0.7320113208052473,0.1433333333333333,,,,,0.6,False
SP1,Ath Madrid,Fora,Equipa ganha cantos,14,14.0,0.6428571428571429,0.4791574237499549,0.3876400468214041,0.8365550926279727,0.17785714285714288,,,,,0.4,True
SP1,Ath Madrid,Casa,Vitória (1X2),16,16.0,0.8125,0.3903123748998999,0.5699064013154177,0.9340852122641323,0.4375,0.24062500000000003,1.5975000000000001,0.6259780907668231,0.2979687500000001,0.6,True
SP1,Ath Madrid,Casa,Over 2.5 golos,16,16.0,0.5625,0.49607837082461076,0.3317819560677652,0.7690163666481449,0.05583333333333329,-0.06812499999999999,1.73,0.5780346820809249,-0.026875000000000093,0.6,False
SP1,Ath Madrid,Casa,Under 2.5 golos,16,16.0,0.4375,0.49607837082461076,0.2309836333518552,0.6682180439322348,-0.055833333333333346,-0.13874999999999998,2.0943750000000003,0.47746941211578625,-0.0837109374999998,0.4,False
SP1,Ath Madrid,Casa,Handicap Asiático (AH),16,,,,,,,-0.045625000000000006,1.90625,0.5245901639344263,,,False
SP1,Ath Madrid,Casa,Casa marca (>=1),16,16.0,0.9375,0.24206145913796356,0.7167073163197013,0.9888809426916687,0.1791666666666667,,,,,0.8,False
SP1,Ath Madrid,Casa,Clean sheet,16,16.0,0.4375,0.49607837082461076,0.2309836333518552,0.6682180439322348,0.19583333333333333,,,,,0.2,True
SP1,Ath Madrid,Casa,Ambas marcam (BTTS),16,16.0,0.5,0.5,0.2799923761135083,0.7200076238864918,-0.06000000000000005,,,,,0.6,False
SP1,Ath Madrid,Casa,Over 1.5 golos,16,16.0,0.75,0.4330127018922193,0.5050123107060135,0.8981809801576265,-0.036666666666666625,,,,,0.6,True
SP1,Ath Madrid,Casa,Over 3.5 golos,16,16.0,0.3125,0.46351240544347894,0.14164435051961052,0.5559606813326594,0.05249999999999999,,,,,0.4,False
SP1,Ath Madrid,Casa,Cantos total Over 8.5,16,16.0,0.875,0.33071891388307384,0.6397666856325172,0.9650232506629429,0.2783333333333333,,,,,0.8,False
SP1,Ath Madrid,Casa,Cantos total Over 9.5,16,16.0,0.6875,0.46351240544347894,0.4440393186673406,0.8583556494803894,0.21750000000000003,,,,,0.6,False
SP1,Ath Madrid,Casa,Cantos total Over 10.5,16,16.0,0.5625,0.49607837082461076,0.3317819560677652,0.7690163666481449,0.1725,,,,,0.2,True
SP1,Ath Madrid,Casa,Cantos equipa Over 4.5,16,16.0,0.875,0.33071891388307384,0.6397666856325172,0.9650232506629429,0.39,,,,,0.8,False
SP1,Ath Madrid,Casa,Cantos equipa Over 5.5,16,16.0,0.75,0.4330127018922193,0.5050123107060135,0.8981809801576265,0.3933333333333333,,,,,0.6,True
SP1,Ath Madrid,Casa,Equipa ganha cantos,16,16.0,0.8125,0.3903123748998999,0.5699064013154177,0.9340852122641323,0.3475,,,,,0.8,False
SP1,Barcelona,Fora,Vitória (1X2),15,15.0,0.6666666666666666,0.4714045207910317,0.4171312515121298,0.8482389930530875,0.29166666666666663,0.04666666666666666,1.642,0.6090133982947625,0.09466666666666645,0.6,False
SP1,Barcelona,Fora,Over 2.5 golos,15,15.0,0.7333333333333333,0.44221663871405337,0.48049110342313245,0.8910272389681717,0.22666666666666657,0.015333333333333332,1.384,0.7225433526011561,0.014933333333333243,0.8,False
SP1,Barcelona,Fora,Under 2.5 golos,15,15.0,0.26666666666666666,0.4422166387140533,0.10897276103182815,0.5195088965768675,-0.22666666666666668,-0.21133333333333332,2.928666666666666,0.34145231049396774,-0.21902222222222234,0.2,False
SP1,Barcelona,Fora,Handicap Asiático (AH),15,,,,,,,0.05833333333333332,1.9746666666666666,0.5064145847400405,,,False
SP1,Barcelona,Fora,Casa marca (>=1),15,15.0,1.0,0.0,0.7961107336956521,1.0,0.2416666666666667,,,,,1.0,False
SP1,Barcelona,Fora,Clean sheet,15,15.0,0.26666666666666666,0.4422166387140533,0.10897276103182815,0.5195088965768675,0.024999999999999994,,,,,0.2,False
SP1,Barcelona,Fora,Ambas marcam (BTTS),15,15.0,0.7333333333333333,0.44221663871405337,0.48049110342313245,0.8910272389681717,0.17333333333333323,,,,,0.8,False
SP1,Barcelona,Fora,Over 1.5 golos,15,15.0,0.9333333333333333,0.2494438257849294,0.7018292244757601,0.9881334113938052,0.14666666666666672,,,,,0.8,False
SP1,Barcelona,Fora,Over 3.5 golos,15,15.0,0.4,0.4898979485566356,0.19824228082594664,0.6425355724349229,0.14,,,,,0.2,True
SP1,Barcelona,Fora,Cantos total Over 8.5,15,15.0,0.8666666666666667,0.339934634239519,0.6211750079348376,0.9626395301086408,0.27,,,,,0.8,False
SP1,Barcelona,Fora,Cantos total Over 9.5,15,15.0,0.8,0.39999999999999997,0.5481406466534955,0.9295257935638959,0.33000000000000007,,,,,0.8,False
SP1,Barcelona,Fora,Cantos total Over 10.5,15,15.0,0.6,0.4898979485566356,0.357464427565077,0.8017577191740534,0.20999999999999996,,,,,0.2,True
SP1,Barcelona,Fora,Cantos equipa Over 4.5,15,15.0,0.8,0.39999999999999997,0.5481406466534955,0.9295257935638959,0.31500000000000006,,,,,0.8,False
SP1,Barcelona,Fora,Cantos equipa Over 5.5,15,15.0,0.7333333333333333,0.44221663871405337,0.48049110342313245,0.8910272389681717,0.3766666666666666,,,,,0.8,False
SP1,Barcelona,Fora,Equipa ganha cantos,15,15.0,0.7333333333333333,0.44221663871405337,0.48049110342313245,0.8910272389681717,0.26833333333333326,,,,,1.0,False
SP1,Barcelona,Casa,Vitória (1X2),15,15.0,1.0,0.0,0.7961107336956521,1.0,0.625,0.24866666666666665,1.2486666666666666,0.8008542445274961,0.2486666666666666,1.0,False
SP1,Barcelona,Casa,Over 2.5 golos,15,15.0,0.8666666666666667,0.339934634239519,0.6211750079348376,0.9626395301086408,0.36,0.14800000000000002,1.3186666666666667,0.7583417593528817,0.14284444444444433,0.8,False
SP1,Barcelona,Casa,Under 2.5 golos,15,15.0,0.13333333333333333,0.33993463423951903,0.037360469891359285,0.3788249920651624,-0.36,-0.5313333333333332,3.3393333333333337,0.29946097025354357,-0.5547555555555554,0.2,False
SP1,Barcelona,Casa,Handicap Asiático (AH),15,,,,,,,0.25499999999999995,1.8639999999999999,0.536480686695279,,,False
SP1,Barcelona,Casa,Casa marca (>=1),15,15.0,1.0,0.0,0.7961107336956521,1.0,0.2416666666666667,,,,,1.0,False
SP1,Barcelona,Casa,Clean sheet,15,15.0,0.5333333333333333,0.49888765156985887,0.3011663015105079,0.7519077474025356,0.29166666666666663,,,,,0.6,False
SP1,Barcelona,Casa,Ambas marcam (BTTS),15,15.0,0.4666666666666667,0.49888765156985887,0.24809225259746442,0.6988336984894922,-0.09333333333333338,,,,,0.4,False
SP1,Barcelona,Casa,Over 1.5 golos,15,15.0,0.9333333333333333,0.2494438257849294,0.7018292244757601,0.9881334113938052,0.14666666666666672,,,,,0.8,False
SP1,Barcelona,Casa,Over 3.5 golos,15,15.0,0.4666666666666667,0.49888765156985887,0.24809225259746442,0.6988336984894922,0.20666666666666667,,,,,0.4,False
SP1,Barcelona,Casa,Cantos total Over 8.5,15,15.0,0.8,0.39999999999999997,0.5481406466534955,0.9295257935638959,0.20333333333333337,,,,,0.6,True
SP1,Barcelona,Casa,Cantos total Over 9.5,15,15.0,0.5333333333333333,0.49888765156985887,0.3011663015105079,0.7519077474025356,0.06333333333333335,,,,,0.6,False
SP1,Barcelona,Casa,Cantos total Over 10.5,15,15.0,0.5333333333333333,0.49888765156985887,0.3011663015105079,0.7519077474025356,0.1433333333333333,,,,,0.6,False
SP1,Barcelona,Casa,Cantos equipa Over 4.5,15,15.0,0.8,0.39999999999999997,0.5481406466534955,0.9295257935638959,0.31500000000000006,,,,,0.6,True
SP1,Barcelona,Casa,Cantos equipa Over 5.5,15,15.0,0.5333333333333333,0.49888765156985887,0.3011663015105079,0.7519077474025356,0.17666666666666664,,,,,0.6,False
SP1,Barcelona,Casa,Equipa ganha cantos,15,15.0,0.8,0.39999999999999997,0.5481406466534955,0.9295257935638959,0.335,,,,,0.6,True
SP1,Betis,Fora,Vitória (1X2),15,15.0,0.26666666666666666,0.4422166387140533,0.10897276103182815,0.5195088965768675,-0.10833333333333334,-0.09733333333333327,3.0866666666666664,0.32397408207343414,-0.17688888888888898,0.4,False
SP1,Betis,Fora,Over 2.5 golos,15,15.0,0.4666666666666667,0.49888765156985887,0.24809225259746442,0.6988336984894922,-0.040000000000000036,-0.13333333333333336,1.934,0.5170630816959669,-0.0974666666666667,0.6,False
SP1,Betis,Fora,Under 2.5 golos,15,15.0,0.5333333333333333,0.49888765156985887,0.3011663015105079,0.7519077474025356,0.03999999999999998,-0.03600000000000002,1.8806666666666667,0.5317263381779511,0.0030222222222220374,0.4,False
SP1,Betis,Fora,Handicap Asiático (AH),15,,,,,,,0.04799999999999998,2.0220000000000002,0.4945598417408506,,,False
SP1,Betis,Fora,Casa marca (>=1),15,15.0,0.8666666666666667,0.339934634239519,0.6211750079348376,0.9626395301086408,0.10833333333333339,,,,,0.8,False
SP1,Betis,Fora,Clean sheet,15,15.0,0.2,0.4,0.07047420643610411,0.4518593533465045,-0.04166666666666666,,,,,0.2,False
SP1,Betis,Fora,Ambas marcam (BTTS),15,15.0,0.7333333333333333,0.44221663871405337,0.48049110342313245,0.8910272389681717,0.17333333333333323,,,,,0.6,False
SP1,Betis,Fora,Over 1.5 golos,15,15.0,0.8666666666666667,0.339934634239519,0.6211750079348376,0.9626395301086408,0.08000000000000007,,,,,0.8,False
SP1,Betis,Fora,Over 3.5 golos,15,15.0,0.2,0.4,0.07047420643610411,0.4518593533465045,-0.06,,,,,0.0,True
SP1,Betis,Fora,Cantos total Over 8.5,15,15.0,0.8666666666666667,0.339934634239519,0.6211750079348376,0.9626395301086408,0.27,,,,,1.0,False
SP1,Betis,Fora,Cantos total Over 9.5,15,15.0,0.8,0.39999999999999997,0.5481406466534955,0.9295257935638959,0.33000000000000007,,,,,1.0,False
SP1,Betis,Fora,Cantos total Over 10.5,15,15.0,0.5333333333333333,0.49888765156985887,0.3011663015105079,0.7519077474025356,0.1433333333333333,,,,,0.4,False
SP1,Betis,Fora,Cantos equipa Over 4.5,15,15.0,0.4,0.4898979485566356,0.19824228082594664,0.6425355724349229,-0.08499999999999996,,,,,0.4,False
SP1,Betis,Fora,Cantos equipa Over 5.5,15,15.0,0.26666666666666666,0.4422166387140533,0.10897276103182815,0.5195088965768675,-0.09000000000000002,,,,,0.2,False
SP1,Betis,Fora,Equipa ganha cantos,15,15.0,0.3333333333333333,0.4714045207910317,0.15176100694691236,0.5828687484878702,-0.1316666666666667,,,,,0.2,False
SP1,Betis,Casa,Vitória (1X2),15,15.0,0.4666666666666667,0.49888765156985887,0.24809225259746442,0.6988336984894922,0.09166666666666667,-0.12000000000000002,2.155333333333333,0.46396535725332516,0.005822222222222173,0.2,True
SP1,Betis,Casa,Over 2.5 golos,15,15.0,0.4666666666666667,0.49888765156985887,0.24809225259746442,0.6988336984894922,-0.040000000000000036,-0.11533333333333333,1.8679999999999997,0.5353319057815846,-0.12826666666666675,0.4,False
SP1,Betis,Casa,Under 2.5 golos,15,15.0,0.5333333333333333,0.49888765156985887,0.3011663015105079,0.7519077474025356,0.03999999999999998,0.02866666666666671,1.951333333333333,0.5124701059104887,0.04071111111111092,0.6,False
SP1,Betis,Casa,Handicap Asiático (AH),15,,,,,,,-0.08800000000000002,1.8766666666666665,0.5328596802841918,,,False
SP1,Betis,Casa,Casa marca (>=1),15,15.0,0.8666666666666667,0.339934634239519,0.6211750079348376,0.9626395301086408,0.10833333333333339,,,,,0.8,False
SP1,Betis,Casa,Clean sheet,15,15.0,0.4,0.4898979485566356,0.19824228082594664,0.6425355724349229,0.15833333333333335,,,,,0.2,True
SP1,Betis,Casa,Ambas marcam (BTTS),15,15.0,0.5333333333333333,0.49888765156985887,0.3011663015105079,0.7519077474025356,-0.026666666666666727,,,,,0.8,False
SP1,Betis,Casa,Over 1.5 golos,15,15.0,0.8666666666666667,0.339934634239519,0.6211750079348376,0.9626395301086408,0.08000000000000007,,,,,0.8,False
SP1,Betis,Casa,Over 3.5 golos,15,15.0,0.26666666666666666,0.4422166387140533,0.10897276103182815,0.5195088965768675,0.006666666666666654,,,,,0.2,False
SP1,Betis,Casa,Cantos total Over 8.5,15,15.0,0.3333333333333333,0.4714045207910317,0.15176100694691236,0.5828687484878702,-0.26333333333333336,,,,,0.0,True
SP1,Betis,Casa,Cantos total Over 9.5,15,15.0,0.26666666666666666,0.4422166387140533,0.10897276103182815,0.5195088965768675,-0.2033333333333333,,,,,0.0,True
SP1,Betis,Casa,Cantos total Over 10.5,15,15.0,0.2,0.4,0.07047420643610411,0.4518593533465045,-0.19,,,,,0.0,True
SP1,Betis,Casa,Cantos equipa Over 4.5,15,15.0,0.3333333333333333,0.4714045207910317,0.15176100694691236,0.5828687484878702,-0.15166666666666667,,,,,0.0,True
SP1,Betis,Casa,Cantos equipa Over 5.5,15,15.0,0.2,0.4,0.07047420643610411,0.4518593533465045,-0.15666666666666668,,,,,0.0,True
SP1,Betis,Casa,Equipa ganha cantos,15,15.0,0.3333333333333333,0.4714045207910317,0.15176100694691236,0.5828687484878702,-0.1316666666666667,,,,,0.4,False
SP1,Celta,Fora,Vitória (1X2),15,15.0,0.4666666666666667,0.49888765156985887,0.24809225259746442,0.6988336984894922,0.09166666666666667,0.7266666666666666,3.2626666666666666,0.30649775234981613,0.5225777777777776,0.4,False
SP1,Celta,Fora,Over 2.5 golos,15,15.0,0.4666666666666667,0.49888765156985887,0.24809225259746442,0.6988336984894922,-0.040000000000000036,-0.044666666666666646,2.086,0.4793863854266539,-0.02653333333333341,0.6,False
SP1,Celta,Fora,Under 2.5 golos,15,15.0,0.5333333333333333,0.49888765156985887,0.3011663015105079,0.7519077474025356,0.03999999999999998,-0.035333333333333335,1.7726666666666666,0.5641218503196691,-0.054577777777777836,0.4,False
SP1,Celta,Fora,Handicap Asiático (AH),15,,,,,,,0.2716666666666666,1.8366666666666667,0.5444646098003629,,,False
SP1,Celta,Fora,Casa marca (>=1),15,15.0,0.8666666666666667,0.339934634239519,0.6211750079348376,0.9626395301086408,0.10833333333333339,,,,,0.8,False
SP1,Celta,Fora,Clean sheet,15,15.0,0.3333333333333333,0.4714045207910317,0.15176100694691236,0.5828687484878702,0.09166666666666665,,,,,0.2,False
SP1,Celta,Fora,Ambas marcam (BTTS),15,15.0,0.6666666666666666,0.4714045207910317,0.4171312515121298,0.8482389930530875,0.10666666666666658,,,,,0.8,False
SP1,Celta,Fora,Over 1.5 golos,15,15.0,0.7333333333333333,0.44221663871405337,0.48049110342313245,0.8910272389681717,-0.053333333333333344,,,,,0.8,False
SP1,Celta,Fora,Over 3.5 golos,15,15.0,0.26666666666666666,0.4422166387140533,0.10897276103182815,0.5195088965768675,0.006666666666666654,,,,,0.4,False
SP1,Celta,Fora,Cantos total Over 8.5,15,15.0,0.3333333333333333,0.4714045207910317,0.15176100694691236,0.5828687484878702,-0.26333333333333336,,,,,0.2,False
SP1,Celta,Fora,Cantos total Over 9.5,15,15.0,0.2,0.4,0.07047420643610411,0.4518593533465045,-0.26999999999999996,,,,,0.2,False
SP1,Celta,Fora,Cantos total Over 10.5,15,15.0,0.2,0.4,0.07047420643610411,0.4518593533465045,-0.19,,,,,0.2,False
SP1,Celta,Fora,Cantos equipa Over 4.5,15,15.0,0.2,0.4,0.07047420643610411,0.4518593533465045,-0.285,,,,,0.2,False
SP1,Celta,Fora,Cantos equipa Over 5.5,15,15.0,0.2,0.4,0.07047420643610411,0.4518593533465045,-0.15666666666666668,,,,,0.2,False
SP1,Celta,Fora,Equipa ganha cantos,15,15.0,0.26666666666666666,0.4422166387140533,0.10897276103182815,0.5195088965768675,-0.19833333333333336,,,,,0.2,False
SP1,Celta,Casa,Vitória (1X2),15,15.0,0.26666666666666666,0.4422166387140533,0.10897276103182815,0.5195088965768675,-0.10833333333333334,-0.44,2.442666666666667,0.40938864628820953,-0.34862222222222217,0.4,False
SP1,Celta,Casa,Over 2.5 golos,15,15.0,0.4,0.4898979485566356,0.19824228082594664,0.6425355724349229,-0.10666666666666669,-0.19133333333333324,1.97,0.5076142131979695,-0.21199999999999986,0.8,False
SP1,Celta,Casa,Under 2.5 golos,15,15.0,0.6,0.4898979485566356,0.357464427565077,0.8017577191740534,0.10666666666666663,0.10933333333333331,1.851333333333333,0.5401512423478575,0.11079999999999979,0.2,True
SP1,Celta,Casa,Handicap Asiático (AH),15,,,,,,,-0.2466666666666667,1.8593333333333333,0.5378271782000718,,,False
SP1,Celta,Casa,Casa marca (>=1),15,15.0,0.8666666666666667,0.339934634239519,0.6211750079348376,0.9626395301086408,0.10833333333333339,,,,,1.0,False
SP1,Celta,Casa,Clean sheet,15,15.0,0.2,0.4,0.07047420643610411,0.4518593533465045,-0.04166666666666666,,,,,0.4,False
SP1,Celta,Casa,Ambas marcam (BTTS),15,15.0,0.6666666666666666,0.4714045207910317,0.4171312515121298,0.8482389930530875,0.10666666666666658,,,,,0.6,False
SP1,Celta,Casa,Over 1.5 golos,15,15.0,0.9333333333333333,0.2494438257849294,0.7018292244757601,0.9881334113938052,0.14666666666666672,,,,,1.0,False
SP1,Celta,Casa,Over 3.5 golos,15,15.0,0.2,0.4,0.07047420643610411,0.4518593533465045,-0.06,,,,,0.2,False
SP1,Celta,Casa,Cantos total Over 8.5,15,15.0,0.5333333333333333,0.49888765156985887,0.3011663015105079,0.7519077474025356,-0.06333333333333335,,,,,0.6,False
SP1,Celta,Casa,Cantos total Over 9.5,15,15.0,0.4,0.4898979485566356,0.19824228082594664,0.6425355724349229,-0.06999999999999995,,,,,0.4,False
SP1,Celta,Casa,Cantos total Over 10.5,15,15.0,0.3333333333333333,0.4714045207910317,0.15176100694691236,0.5828687484878702,-0.0566666666666667,,,,,0.2,False
SP1,Celta,Casa,Cantos equipa Over 4.5,15,15.0,0.4666666666666667,0.49888765156985887,0.24809225259746442,0.6988336984894922,-0.018333333333333313,,,,,0.6,False
SP1,Celta,Casa,Cantos equipa Over 5.5,15,15.0,0.4,0.4898979485566356,0.19824228082594664,0.6425355724349229,0.043333333333333335,,,,,0.4,False
SP1,Celta,Casa,Equipa ganha cantos,15,15.0,0.5333333333333333,0.49888765156985887,0.3011663015105079,0.7519077474025356,0.0683333333333333,,,,,0.6,False
SP1,Elche,Fora,Vitória (1X2),15,15.0,0.0,0.0,0.0,0.20388926630434784,-0.375,-1.0,5.585333333333333,0.17904034375746003,-1.0,0.0,False
SP1,Elche,Fora,Over 2.5 golos,15,15.0,0.6,0.4898979485566356,0.357464427565077,0.8017577191740534,0.09333333333333327,0.134,1.9886666666666668,0.5028494803888702,0.19320000000000004,0.8,False
SP1,Elche,Fora,Under 2.5 golos,15,15.0,0.4,0.4898979485566356,0.19824228082594664,0.6425355724349229,-0.09333333333333332,-0.31133333333333335,1.9193333333333338,0.5210142410559221,-0.2322666666666665,0.2,True
SP1,Elche,Fora,Handicap Asiático (AH),15,,,,,,,-0.336,2.0473333333333334,0.48844024747639203,,,False
SP1,Elche,Fora,Casa marca (>=1),15,15.0,0.8,0.39999999999999997,0.5481406466534955,0.9295257935638959,0.04166666666666674,,,,,0.8,False
SP1,Elche,Fora,Clean sheet,15,15.0,0.0,0.0,0.0,0.20388926630434784,-0.24166666666666667,,,,,0.0,False
SP1,Elche,Fora,Ambas marcam (BTTS),15,15.0,0.8,0.39999999999999997,0.5481406466534955,0.9295257935638959,0.24,,,,,0.8,False
SP1,Elche,Fora,Over 1.5 golos,15,15.0,0.8,0.39999999999999997,0.5481406466534955,0.9295257935638959,0.01333333333333342,,,,,0.8,False
SP1,Elche,Fora,Over 3.5 golos,15,15.0,0.4666666666666667,0.49888765156985887,0.24809225259746442,0.6988336984894922,0.20666666666666667,,,,,0.4,False
SP1,Elche,Fora,Cantos total Over 8.5,15,15.0,0.5333333333333333,0.49888765156985887,0.3011663015105079,0.7519077474025356,-0.06333333333333335,,,,,0.6,False
SP1,Elche,Fora,Cantos total Over 9.5,15,15.0,0.4,0.4898979485566356,0.19824228082594664,0.6425355724349229,-0.06999999999999995,,,,,0.4,False
SP1,Elche,Fora,Cantos total Over 10.5,15,15.0,0.26666666666666666,0.4422166387140533,0.10897276103182815,0.5195088965768675,-0.12333333333333335,,,,,0.2,False
SP1,Elche,Fora,Cantos equipa Over 4.5,15,15.0,0.2,0.4,0.07047420643610411,0.4518593533465045,-0.285,,,,,0.2,False
SP1,Elche,Fora,Cantos equipa Over 5.5,15,15.0,0.13333333333333333,0.33993463423951903,0.037360469891359285,0.3788249920651624,-0.22333333333333336,,,,,0.2,False
SP1,Elche,Fora,Equipa ganha cantos,15,15.0,0.26666666666666666,0.4422166387140533,0.10897276103182815,0.5195088965768675,-0.19833333333333336,,,,,0.4,False
SP1,Elche,Casa,Vitória (1X2),15,15.0,0.4,0.4898979485566356,0.19824228082594664,0.6425355724349229,0.025000000000000022,-0.09733333333333333,3.250666666666667,0.3076292042657916,0.3002666666666669,0.2,True
SP1,Elche,Casa,Over 2.5 golos,15,15.0,0.6,0.4898979485566356,0.357464427565077,0.8017577191740534,0.09333333333333327,0.13533333333333328,2.025333333333333,0.4937458854509546,0.21519999999999984,0.8,False
SP1,Elche,Casa,Under 2.5 golos,15,15.0,0.4,0.4898979485566356,0.19824228082594664,0.6425355724349229,-0.09333333333333332,-0.3486666666666667,1.8499999999999999,0.5405405405405406,-0.26,0.2,True
SP1,Elche,Casa,Handicap Asiático (AH),15,,,,,,,0.26599999999999996,1.897333333333333,0.5270555165144063,,,False
SP1,Elche,Casa,Casa marca (>=1),15,15.0,0.8666666666666667,0.339934634239519,0.6211750079348376,0.9626395301086408,0.10833333333333339,,,,,0.8,False
SP1,Elche,Casa,Clean sheet,15,15.0,0.4,0.4898979485566356,0.19824228082594664,0.6425355724349229,0.15833333333333335,,,,,0.2,True
SP1,Elche,Casa,Ambas marcam (BTTS),15,15.0,0.6,0.4898979485566356,0.357464427565077,0.8017577191740534,0.039999999999999925,,,,,0.8,False
SP1,Elche,Casa,Over 1.5 golos,15,15.0,0.8,0.39999999999999997,0.5481406466534955,0.9295257935638959,0.01333333333333342,,,,,0.8,False
SP1,Elche,Casa,Over 3.5 golos,15,15.0,0.4,0.4898979485566356,0.19824228082594664,0.6425355724349229,0.14,,,,,0.6,False
SP1,Elche,Casa,Cantos total Over 8.5,15,15.0,0.4,0.4898979485566356,0.19824228082594664,0.6425355724349229,-0.19666666666666666,,,,,0.6,False
SP1,Elche,Casa,Cantos total Over 9.5,15,15.0,0.26666666666666666,0.4422166387140533,0.10897276103182815,0.5195088965768675,-0.2033333333333333,,,,,0.6,False
SP1,Elche,Casa,Cantos total Over 10.5,15,15.0,0.13333333333333333,0.33993463423951903,0.037360469891359285,0.3788249920651624,-0.2566666666666667,,,,,0.4,False
SP1,Elche,Casa,Cantos equipa Over 4.5,15,15.0,0.3333333333333333,0.4714045207910317,0.15176100694691236,0.5828687484878702,-0.15166666666666667,,,,,0.4,False
SP1,Elche,Casa,Cantos equipa Over 5.5,15,15.0,0.3333333333333333,0.4714045207910317,0.15176100694691236,0.5828687484878702,-0.023333333333333373,,,,,0.4,False
SP1,Elche,Casa,Equipa ganha cantos,15,15.0,0.4666666666666667,0.49888765156985887,0.24809225259746442,0.6988336984894922,0.0016666666666666496,,,,,0.6,False
SP1,Espanol,Fora,Vitória (1X2),15,15.0,0.26666666666666666,0.4422166387140533,0.10897276103182815,0.5195088965768675,-0.10833333333333334,-0.04266666666666671,4.399333333333333,0.22730716775268983,0.17315555555555528,0.0,True
SP1,Espanol,Fora,Over 2.5 golos,15,15.0,0.5333333333333333,0.49888765156985887,0.3011663015105079,0.7519077474025356,0.026666666666666616,0.136,2.1066666666666665,0.4746835443037975,0.12355555555555542,0.8,False
SP1,Espanol,Fora,Under 2.5 golos,15,15.0,0.4666666666666667,0.49888765156985887,0.24809225259746442,0.6988336984894922,-0.026666666666666672,-0.12466666666666666,1.7813333333333334,0.561377245508982,-0.16871111111111115,0.2,True
SP1,Espanol,Fora,Handicap Asiático (AH),15,,,,,,,0.01033333333333335,1.8346666666666662,0.5450581395348838,,,False
SP1,Espanol,Fora,Casa marca (>=1),15,15.0,0.8,0.39999999999999997,0.5481406466534955,0.9295257935638959,0.04166666666666674,,,,,0.8,False
SP1,Espanol,Fora,Clean sheet,15,15.0,0.3333333333333333,0.4714045207910317,0.15176100694691236,0.5828687484878702,0.09166666666666665,,,,,0.2,False
SP1,Espanol,Fora,Ambas marcam (BTTS),15,15.0,0.6,0.4898979485566356,0.357464427565077,0.8017577191740534,0.039999999999999925,,,,,0.8,False
SP1,Espanol,Fora,Over 1.5 golos,15,15.0,0.7333333333333333,0.44221663871405337,0.48049110342313245,0.8910272389681717,-0.053333333333333344,,,,,0.8,False
SP1,Espanol,Fora,Over 3.5 golos,15,15.0,0.3333333333333333,0.4714045207910317,0.15176100694691236,0.5828687484878702,0.0733333333333333,,,,,0.6,False
SP1,Espanol,Fora,Cantos total Over 8.5,15,15.0,0.4,0.4898979485566356,0.19824228082594664,0.6425355724349229,-0.19666666666666666,,,,,0.4,False
SP1,Espanol,Fora,Cantos total Over 9.5,15,15.0,0.3333333333333333,0.4714045207910317,0.15176100694691236,0.5828687484878702,-0.13666666666666666,,,,,0.4,False
SP1,Espanol,Fora,Cantos total Over 10.5,15,15.0,0.26666666666666666,0.4422166387140533,0.10897276103182815,0.5195088965768675,-0.12333333333333335,,,,,0.4,False
SP1,Espanol,Fora,Cantos equipa Over 4.5,15,15.0,0.3333333333333333,0.4714045207910317,0.15176100694691236,0.5828687484878702,-0.15166666666666667,,,,,0.4,False
SP1,Espanol,Fora,Cantos equipa Over 5.5,15,15.0,0.26666666666666666,0.4422166387140533,0.10897276103182815,0.5195088965768675,-0.09000000000000002,,,,,0.4,False
SP1,Espanol,Fora,Equipa ganha cantos,15,15.0,0.3333333333333333,0.4714045207910317,0.15176100694691236,0.5828687484878702,-0.1316666666666667,,,,,0.4,False
SP1,Espanol,Casa,Vitória (1X2),15,15.0,0.4,0.4898979485566356,0.19824228082594664,0.6425355724349229,0.025000000000000022,0.13466666666666663,2.702,0.3700962250185048,0.08079999999999998,0.0,True
SP1,Espanol,Casa,Over 2.5 golos,15,15.0,0.5333333333333333,0.49888765156985887,0.3011663015105079,0.7519077474025356,0.026666666666666616,0.2006666666666667,2.1239999999999997,0.47080979284369123,0.1327999999999998,0.6,False
SP1,Espanol,Casa,Under 2.5 golos,15,15.0,0.4666666666666667,0.49888765156985887,0.24809225259746442,0.6988336984894922,-0.026666666666666672,-0.12066666666666667,1.7533333333333332,0.570342205323194,-0.18177777777777793,0.4,False
SP1,Espanol,Casa,Handicap Asiático (AH),15,,,,,,,-0.17200000000000001,1.885333333333333,0.5304101838755305,,,False
SP1,Espanol,Casa,Casa marca (>=1),15,15.0,0.8,0.39999999999999997,0.5481406466534955,0.9295257935638959,0.04166666666666674,,,,,0.8,False
SP1,Espanol,Casa,Clean sheet,15,15.0,0.2,0.4,0.07047420643610411,0.4518593533465045,-0.04166666666666666,,,,,0.0,True
SP1,Espanol,Casa,Ambas marcam (BTTS),15,15.0,0.6,0.4898979485566356,0.357464427565077,0.8017577191740534,0.039999999999999925,,,,,0.8,False
SP1,Espanol,Casa,Over 1.5 golos,15,15.0,0.8,0.39999999999999997,0.5481406466534955,0.9295257935638959,0.01333333333333342,,,,,1.0,False
SP1,Espanol,Casa,Over 3.5 golos,15,15.0,0.2,0.4,0.07047420643610411,0.4518593533465045,-0.06,,,,,0.2,False
SP1,Espanol,Casa,Cantos total Over 8.5,15,15.0,0.4666666666666667,0.49888765156985887,0.24809225259746442,0.6988336984894922,-0.13,,,,,0.4,False
SP1,Espanol,Casa,Cantos total Over 9.5,15,15.0,0.4,0.4898979485566356,0.19824228082594664,0.6425355724349229,-0.06999999999999995,,,,,0.2,True
SP1,Espanol,Casa,Cantos total Over 10.5,15,15.0,0.4,0.4898979485566356,0.19824228082594664,0.6425355724349229,0.010000000000000009,,,,,0.2,True
SP1,Espanol,Casa,Cantos equipa Over 4.5,15,15.0,0.4666666666666667,0.49888765156985887,0.24809225259746442,0.6988336984894922,-0.018333333333333313,,,,,0.6,False
SP1,Espanol,Casa,Cantos equipa Over 5.5,15,15.0,0.3333333333333333,0.4714045207910317,0.15176100694691236,0.5828687484878702,-0.023333333333333373,,,,,0.4,False
SP1,Espanol,Casa,Equipa ganha cantos,15,15.0,0.6,0.4898979485566356,0.357464427565077,0.8017577191740534,0.13499999999999995,,,,,0.8,False
SP1,Getafe,Fora,Vitória (1X2),15,15.0,0.4,0.4898979485566356,0.19824228082594664,0.6425355724349229,0.025000000000000022,1.1520000000000001,5.450666666666666,0.18346379647749514,1.1802666666666664,0.6,False
SP1,Getafe,Fora,Over 2.5 golos,15,15.0,0.4,0.4898979485566356,0.19824228082594664,0.6425355724349229,-0.10666666666666669,0.019999999999999987,2.582,0.3872966692486445,0.03279999999999994,0.2,True
SP1,Getafe,Fora,Under 2.5 golos,15,15.0,0.6,0.4898979485566356,0.357464427565077,0.8017577191740534,0.10666666666666663,-0.09266666666666665,1.5453333333333332,0.6471095772217429,-0.07280000000000009,0.8,False
SP1,Getafe,Fora,Handicap Asiático (AH),15,,,,,,,0.03733333333333332,1.836666666666667,0.5444646098003629,,,False
SP1,Getafe,Fora,Casa marca (>=1),15,15.0,0.6,0.4898979485566356,0.357464427565077,0.8017577191740534,-0.15833333333333333,,,,,0.8,False
SP1,Getafe,Fora,Clean sheet,15,15.0,0.26666666666666666,0.4422166387140533,0.10897276103182815,0.5195088965768675,0.024999999999999994,,,,,0.4,False
SP1,Getafe,Fora,Ambas marcam (BTTS),15,15.0,0.3333333333333333,0.4714045207910317,0.15176100694691236,0.5828687484878702,-0.22666666666666674,,,,,0.4,False
SP1,Getafe,Fora,Over 1.5 golos,15,15.0,0.7333333333333333,0.44221663871405337,0.48049110342313245,0.8910272389681717,-0.053333333333333344,,,,,0.6,False
SP1,Getafe,Fora,Over 3.5 golos,15,15.0,0.06666666666666667,0.24944382578492943,0.011866588606194882,0.2981707755242399,-0.19333333333333336,,,,,0.0,False
SP1,Getafe,Fora,Cantos total Over 8.5,15,15.0,0.5333333333333333,0.49888765156985887,0.3011663015105079,0.7519077474025356,-0.06333333333333335,,,,,0.8,False
SP1,Getafe,Fora,Cantos total Over 9.5,15,15.0,0.4666666666666667,0.49888765156985887,0.24809225259746442,0.6988336984894922,-0.0033333333333332993,,,,,0.6,False
SP1,Getafe,Fora,Cantos total Over 10.5,15,15.0,0.4666666666666667,0.49888765156985887,0.24809225259746442,0.6988336984894922,0.07666666666666666,,,,,0.6,False
SP1,Getafe,Fora,Cantos equipa Over 4.5,15,15.0,0.4,0.4898979485566356,0.19824228082594664,0.6425355724349229,-0.08499999999999996,,,,,0.2,True
SP1,Getafe,Fora,Cantos equipa Over 5.5,15,15.0,0.26666666666666666,0.4422166387140533,0.10897276103182815,0.5195088965768675,-0.09000000000000002,,,,,0.2,False
SP1,Getafe,Fora,Equipa ganha cantos,15,15.0,0.26666666666666666,0.4422166387140533,0.10897276103182815,0.5195088965768675,-0.19833333333333336,,,,,0.2,False
SP1,Getafe,Casa,Vitória (1X2),15,15.0,0.4,0.4898979485566356,0.19824228082594664,0.6425355724349229,0.025000000000000022,0.021333333333333322,3.0679999999999996,0.32594524119947854,0.22719999999999985,0.6,False
SP1,Getafe,Casa,Over 2.5 golos,15,15.0,0.2,0.4,0.07047420643610411,0.4518593533465045,-0.3066666666666667,-0.46199999999999997,2.7479999999999993,0.3639010189228531,-0.45040000000000013,0.2,False
SP1,Getafe,Casa,Under 2.5 golos,15,15.0,0.8,0.39999999999999997,0.5481406466534955,0.9295257935638959,0.3066666666666667,0.14933333333333335,1.4393333333333334,0.6947660954145437,0.15146666666666686,0.8,False
SP1,Getafe,Casa,Handicap Asiático (AH),15,,,,,,,-0.02533333333333334,1.903333333333333,0.5253940455341507,,,False
SP1,Getafe,Casa,Casa marca (>=1),15,15.0,0.6,0.4898979485566356,0.357464427565077,0.8017577191740534,-0.15833333333333333,,,,,0.6,False
SP1,Getafe,Casa,Clean sheet,15,15.0,0.3333333333333333,0.4714045207910317,0.15176100694691236,0.5828687484878702,0.09166666666666665,,,,,0.6,False
SP1,Getafe,Casa,Ambas marcam (BTTS),15,15.0,0.3333333333333333,0.4714045207910317,0.15176100694691236,0.5828687484878702,-0.22666666666666674,,,,,0.2,False
SP1,Getafe,Casa,Over 1.5 golos,15,15.0,0.5333333333333333,0.49888765156985887,0.3011663015105079,0.7519077474025356,-0.2533333333333333,,,,,0.6,False
SP1,Getafe,Casa,Over 3.5 golos,15,15.0,0.0,0.0,0.0,0.20388926630434784,-0.26,,,,,0.0,False
SP1,Getafe,Casa,Cantos total Over 8.5,15,15.0,0.4,0.4898979485566356,0.19824228082594664,0.6425355724349229,-0.19666666666666666,,,,,0.2,True
SP1,Getafe,Casa,Cantos total Over 9.5,15,15.0,0.3333333333333333,0.4714045207910317,0.15176100694691236,0.5828687484878702,-0.13666666666666666,,,,,0.2,False
SP1,Getafe,Casa,Cantos total Over 10.5,15,15.0,0.26666666666666666,0.4422166387140533,0.10897276103182815,0.5195088965768675,-0.12333333333333335,,,,,0.2,False
SP1,Getafe,Casa,Cantos equipa Over 4.5,15,15.0,0.4,0.4898979485566356,0.19824228082594664,0.6425355724349229,-0.08499999999999996,,,,,0.2,True
SP1,Getafe,Casa,Cantos equipa Over 5.5,15,15.0,0.3333333333333333,0.4714045207910317,0.15176100694691236,0.5828687484878702,-0.023333333333333373,,,,,0.0,True
SP1,Getafe,Casa,Equipa ganha cantos,15,15.0,0.4666666666666667,0.49888765156985887,0.24809225259746442,0.6988336984894922,0.0016666666666666496,,,,,0.4,False
SP1,Girona,Fora,Vitória (1X2),15,15.0,0.2,0.4,0.07047420643610411,0.4518593533465045,-0.175,-0.178,4.677333333333333,0.2137970353477765,-0.06453333333333322,0.0,True
SP1,Girona,Fora,Over 2.5 golos,15,15.0,0.4666666666666667,0.49888765156985887,0.24809225259746442,0.6988336984894922,-0.040000000000000036,-0.07733333333333334,1.9366666666666665,0.5163511187607573,-0.09622222222222221,0.2,True
SP1,Girona,Fora,Under 2.5 golos,15,15.0,0.5333333333333333,0.49888765156985887,0.3011663015105079,0.7519077474025356,0.03999999999999998,0.0006666666666666673,1.9560000000000002,0.5112474437627811,0.04320000000000013,0.8,False
SP1,Girona,Fora,Handicap Asiático (AH),15,,,,,,,0.1443333333333333,1.8999999999999995,0.5263157894736844,,,False
SP1,Girona,Fora,Casa marca (>=1),15,15.0,0.7333333333333333,0.44221663871405337,0.48049110342313245,0.8910272389681717,-0.025000000000000022,,,,,0.6,False
SP1,Girona,Fora,Clean sheet,15,15.0,0.06666666666666667,0.24944382578492943,0.011866588606194882,0.2981707755242399,-0.175,,,,,0.0,False
SP1,Girona,Fora,Ambas marcam (BTTS),15,15.0,0.6666666666666666,0.4714045207910317,0.4171312515121298,0.8482389930530875,0.10666666666666658,,,,,0.6,False
SP1,Girona,Fora,Over 1.5 golos,15,15.0,0.8666666666666667,0.339934634239519,0.6211750079348376,0.9626395301086408,0.08000000000000007,,,,,0.6,True
SP1,Girona,Fora,Over 3.5 golos,15,15.0,0.13333333333333333,0.33993463423951903,0.037360469891359285,0.3788249920651624,-0.12666666666666668,,,,,0.2,False
SP1,Girona,Fora,Cantos total Over 8.5,15,15.0,0.6,0.4898979485566356,0.357464427565077,0.8017577191740534,0.0033333333333332993,,,,,0.4,True
SP1,Girona,Fora,Cantos total Over 9.5,15,15.0,0.3333333333333333,0.4714045207910317,0.15176100694691236,0.5828687484878702,-0.13666666666666666,,,,,0.4,False
SP1,Girona,Fora,Cantos total Over 10.5,15,15.0,0.3333333333333333,0.4714045207910317,0.15176100694691236,0.5828687484878702,-0.0566666666666667,,,,,0.4,False
SP1,Girona,Fora,Cantos equipa Over 4.5,15,15.0,0.26666666666666666,0.4422166387140533,0.10897276103182815,0.5195088965768675,-0.21833333333333332,,,,,0.4,False
SP1,Girona,Fora,Cantos equipa Over 5.5,15,15.0,0.2,0.4,0.07047420643610411,0.4518593533465045,-0.15666666666666668,,,,,0.4,False
SP1,Girona,Fora,Equipa ganha cantos,15,15.0,0.2,0.4,0.07047420643610411,0.4518593533465045,-0.265,,,,,0.4,False
SP1,Girona,Casa,Vitória (1X2),15,15.0,0.4,0.4898979485566356,0.19824228082594664,0.6425355724349229,0.025000000000000022,0.3013333333333333,3.0813333333333333,0.3245348334054522,0.23253333333333326,0.6,False
SP1,Girona,Casa,Over 2.5 golos,15,15.0,0.5333333333333333,0.49888765156985887,0.3011663015105079,0.7519077474025356,0.026666666666666616,-0.007333333333333325,1.9359999999999995,0.5165289256198349,0.03253333333333308,0.6,False
SP1,Girona,Casa,Under 2.5 golos,15,15.0,0.4666666666666667,0.49888765156985887,0.24809225259746442,0.6988336984894922,-0.026666666666666672,-0.11733333333333332,1.9513333333333336,0.5124701059104885,-0.08937777777777767,0.4,False
SP1,Girona,Casa,Handicap Asiático (AH),15,,,,,,,-0.11199999999999997,1.8859999999999997,0.5302226935312833,,,False
SP1,Girona,Casa,Casa marca (>=1),15,15.0,0.7333333333333333,0.44221663871405337,0.48049110342313245,0.8910272389681717,-0.025000000000000022,,,,,1.0,False
SP1,Girona,Casa,Clean sheet,15,15.0,0.3333333333333333,0.4714045207910317,0.15176100694691236,0.5828687484878702,0.09166666666666665,,,,,0.4,False
SP1,Girona,Casa,Ambas marcam (BTTS),15,15.0,0.4666666666666667,0.49888765156985887,0.24809225259746442,0.6988336984894922,-0.09333333333333338,,,,,0.6,False
SP1,Girona,Casa,Over 1.5 golos,15,15.0,0.7333333333333333,0.44221663871405337,0.48049110342313245,0.8910272389681717,-0.053333333333333344,,,,,0.8,False
SP1,Girona,Casa,Over 3.5 golos,15,15.0,0.2,0.4,0.07047420643610411,0.4518593533465045,-0.06,,,,,0.0,True
SP1,Girona,Casa,Cantos total Over 8.5,15,15.0,0.5333333333333333,0.49888765156985887,0.3011663015105079,0.7519077474025356,-0.06333333333333335,,,,,0.8,False
SP1,Girona,Casa,Cantos total Over 9.5,15,15.0,0.4666666666666667,0.49888765156985887,0.24809225259746442,0.6988336984894922,-0.0033333333333332993,,,,,0.8,False
SP1,Girona,Casa,Cantos total Over 10.5,15,15.0,0.4,0.4898979485566356,0.19824228082594664,0.6425355724349229,0.010000000000000009,,,,,0.6,False
SP1,Girona,Casa,Cantos equipa Over 4.5,15,15.0,0.4666666666666667,0.49888765156985887,0.24809225259746442,0.6988336984894922,-0.018333333333333313,,,,,0.4,False
SP1,Girona,Casa,Cantos equipa Over 5.5,15,15.0,0.4,0.4898979485566356,0.19824228082594664,0.6425355724349229,0.043333333333333335,,,,,0.4,False
SP1,Girona,Casa,Equipa ganha cantos,15,15.0,0.5333333333333333,0.49888765156985887,0.3011663015105079,0.7519077474025356,0.0683333333333333,,,,,0.4,False
SP1,Levante,Fora,Vitória (1X2),15,15.0,0.2,0.4,0.07047420643610411,0.4518593533465045,-0.175,-0.2473333333333333,6.272000000000001,0.15943877551020405,0.2544000000000004,0.0,True
SP1,Levante,Fora,Over 2.5 golos,15,15.0,0.4,0.4898979485566356,0.19824228082594664,0.6425355724349229,-0.10666666666666669,-0.272,1.900666666666667,0.5261311820413889,-0.23973333333333313,0.4,False
SP1,Levante,Fora,Under 2.5 golos,15,15.0,0.6,0.4898979485566356,0.357464427565077,0.8017577191740534,0.10666666666666663,0.178,2.1013333333333333,0.47588832487309646,0.2607999999999999,0.6,False
SP1,Levante,Fora,Handicap Asiático (AH),15,,,,,,,-0.09866666666666668,1.8659999999999997,0.5359056806002145,,,False
SP1,Levante,Fora,Casa marca (>=1),15,15.0,0.6,0.4898979485566356,0.357464427565077,0.8017577191740534,-0.15833333333333333,,,,,0.4,True
SP1,Levante,Fora,Clean sheet,15,15.0,0.2,0.4,0.07047420643610411,0.4518593533465045,-0.04166666666666666,,,,,0.0,True
SP1,Levante,Fora,Ambas marcam (BTTS),15,15.0,0.4,0.4898979485566356,0.19824228082594664,0.6425355724349229,-0.16000000000000003,,,,,0.4,False
SP1,Levante,Fora,Over 1.5 golos,15,15.0,0.9333333333333333,0.2494438257849294,0.7018292244757601,0.9881334113938052,0.14666666666666672,,,,,1.0,False
SP1,Levante,Fora,Over 3.5 golos,15,15.0,0.2,0.4,0.07047420643610411,0.4518593533465045,-0.06,,,,,0.2,False
SP1,Levante,Fora,Cantos total Over 8.5,15,15.0,0.5333333333333333,0.49888765156985887,0.3011663015105079,0.7519077474025356,-0.06333333333333335,,,,,0.6,False
SP1,Levante,Fora,Cantos total Over 9.5,15,15.0,0.4,0.4898979485566356,0.19824228082594664,0.6425355724349229,-0.06999999999999995,,,,,0.6,False
SP1,Levante,Fora,Cantos total Over 10.5,15,15.0,0.4,0.4898979485566356,0.19824228082594664,0.6425355724349229,0.010000000000000009,,,,,0.6,False
SP1,Levante,Fora,Cantos equipa Over 4.5,15,15.0,0.2,0.4,0.07047420643610411,0.4518593533465045,-0.285,,,,,0.6,False
SP1,Levante,Fora,Cantos equipa Over 5.5,15,15.0,0.13333333333333333,0.33993463423951903,0.037360469891359285,0.3788249920651624,-0.22333333333333336,,,,,0.4,False
SP1,Levante,Fora,Equipa ganha cantos,15,15.0,0.06666666666666667,0.24944382578492943,0.011866588606194882,0.2981707755242399,-0.3983333333333334,,,,,0.2,False
SP1,Levante,Casa,Vitória (1X2),15,15.0,0.2,0.4,0.07047420643610411,0.4518593533465045,-0.175,-0.5306666666666667,3.9299999999999997,0.2544529262086514,-0.21399999999999997,0.4,False
SP1,Levante,Casa,Over 2.5 golos,15,15.0,0.4666666666666667,0.49888765156985887,0.24809225259746442,0.6988336984894922,-0.040000000000000036,-0.166,1.863333333333333,0.5366726296958856,-0.13044444444444458,0.2,True
SP1,Levante,Casa,Under 2.5 golos,15,15.0,0.5333333333333333,0.49888765156985887,0.3011663015105079,0.7519077474025356,0.03999999999999998,-0.01733333333333332,1.9686666666666668,0.5079580088046055,0.04995555555555553,0.8,False
SP1,Levante,Casa,Handicap Asiático (AH),15,,,,,,,-0.03266666666666666,1.9019999999999997,0.5257623554153523,,,False
SP1,Levante,Casa,Casa marca (>=1),15,15.0,0.6666666666666666,0.4714045207910317,0.4171312515121298,0.8482389930530875,-0.09166666666666667,,,,,0.6,False
SP1,Levante,Casa,Clean sheet,15,15.0,0.13333333333333333,0.33993463423951903,0.037360469891359285,0.3788249920651624,-0.10833333333333334,,,,,0.2,False
SP1,Levante,Casa,Ambas marcam (BTTS),15,15.0,0.6,0.4898979485566356,0.357464427565077,0.8017577191740534,0.039999999999999925,,,,,0.4,True
SP1,Levante,Casa,Over 1.5 golos,15,15.0,0.8666666666666667,0.339934634239519,0.6211750079348376,0.9626395301086408,0.08000000000000007,,,,,0.8,False
SP1,Levante,Casa,Over 3.5 golos,15,15.0,0.3333333333333333,0.4714045207910317,0.15176100694691236,0.5828687484878702,0.0733333333333333,,,,,0.2,False
SP1,Levante,Casa,Cantos total Over 8.5,15,15.0,0.4666666666666667,0.49888765156985887,0.24809225259746442,0.6988336984894922,-0.13,,,,,0.2,True
SP1,Levante,Casa,Cantos total Over 9.5,15,15.0,0.4666666666666667,0.49888765156985887,0.24809225259746442,0.6988336984894922,-0.0033333333333332993,,,,,0.2,True
SP1,Levante,Casa,Cantos total Over 10.5,15,15.0,0.4,0.4898979485566356,0.19824228082594664,0.6425355724349229,0.010000000000000009,,,,,0.2,True
SP1,Levante,Casa,Cantos equipa Over 4.5,15,15.0,0.26666666666666666,0.4422166387140533,0.10897276103182815,0.5195088965768675,-0.21833333333333332,,,,,0.2,False
SP1,Levante,Casa,Cantos equipa Over 5.5,15,15.0,0.26666666666666666,0.4422166387140533,0.10897276103182815,0.5195088965768675,-0.09000000000000002,,,,,0.2,False
SP1,Levante,Casa,Equipa ganha cantos,15,15.0,0.5333333333333333,0.49888765156985887,0.3011663015105079,0.7519077474025356,0.0683333333333333,,,,,0.8,False
SP1,Mallorca,Fora,Vitória (1X2),15,15.0,0.06666666666666667,0.24944382578492943,0.011866588606194882,0.2981707755242399,-0.30833333333333335,-0.7026666666666667,6.398666666666667,0.1562825588664305,-0.5734222222222223,0.0,False
SP1,Mallorca,Fora,Over 2.5 golos,15,15.0,0.7333333333333333,0.44221663871405337,0.48049110342313245,0.8910272389681717,0.22666666666666657,0.4086666666666667,2.016,0.49603174603174605,0.47839999999999994,0.8,False
SP1,Mallorca,Fora,Under 2.5 golos,15,15.0,0.26666666666666666,0.4422166387140533,0.10897276103182815,0.5195088965768675,-0.22666666666666668,-0.5733333333333335,1.9006666666666665,0.526131182041389,-0.49315555555555557,0.2,False
SP1,Mallorca,Fora,Handicap Asiático (AH),15,,,,,,,-0.245,1.8866666666666667,0.5300353356890459,,,False
SP1,Mallorca,Fora,Casa marca (>=1),15,15.0,0.6,0.4898979485566356,0.357464427565077,0.8017577191740534,-0.15833333333333333,,,,,0.4,True
SP1,Mallorca,Fora,Clean sheet,15,15.0,0.06666666666666667,0.24944382578492943,0.011866588606194882,0.2981707755242399,-0.175,,,,,0.0,False
SP1,Mallorca,Fora,Ambas marcam (BTTS),15,15.0,0.6,0.4898979485566356,0.357464427565077,0.8017577191740534,0.039999999999999925,,,,,0.4,True
SP1,Mallorca,Fora,Over 1.5 golos,15,15.0,0.8666666666666667,0.339934634239519,0.6211750079348376,0.9626395301086408,0.08000000000000007,,,,,1.0,False
SP1,Mallorca,Fora,Over 3.5 golos,15,15.0,0.2,0.4,0.07047420643610411,0.4518593533465045,-0.06,,,,,0.2,False
SP1,Mallorca,Fora,Cantos total Over 8.5,15,15.0,0.8,0.39999999999999997,0.5481406466534955,0.9295257935638959,0.20333333333333337,,,,,0.6,True
SP1,Mallorca,Fora,Cantos total Over 9.5,15,15.0,0.5333333333333333,0.49888765156985887,0.3011663015105079,0.7519077474025356,0.06333333333333335,,,,,0.4,False
SP1,Mallorca,Fora,Cantos total Over 10.5,15,15.0,0.5333333333333333,0.49888765156985887,0.3011663015105079,0.7519077474025356,0.1433333333333333,,,,,0.4,False
SP1,Mallorca,Fora,Cantos equipa Over 4.5,15,15.0,0.3333333333333333,0.4714045207910317,0.15176100694691236,0.5828687484878702,-0.15166666666666667,,,,,0.0,True
SP1,Mallorca,Fora,Cantos equipa Over 5.5,15,15.0,0.06666666666666667,0.24944382578492943,0.011866588606194882,0.2981707755242399,-0.29000000000000004,,,,,0.0,False
SP1,Mallorca,Fora,Equipa ganha cantos,15,15.0,0.2,0.4,0.07047420643610411,0.4518593533465045,-0.265,,,,,0.0,True
SP1,Mallorca,Casa,Vitória (1X2),15,15.0,0.4666666666666667,0.49888765156985887,0.24809225259746442,0.6988336984894922,0.09166666666666667,0.4026666666666667,3.2239999999999993,0.3101736972704715,0.5045333333333331,0.6,False
SP1,Mallorca,Casa,Over 2.5 golos,15,15.0,0.6,0.4898979485566356,0.357464427565077,0.8017577191740534,0.09333333333333327,0.272,2.228,0.44883303411131054,0.3368000000000002,0.8,False
SP1,Mallorca,Casa,Under 2.5 golos,15,15.0,0.4,0.4898979485566356,0.19824228082594664,0.6425355724349229,-0.09333333333333332,-0.37399999999999994,1.668666666666667,0.5992808629644426,-0.33253333333333324,0.2,True
SP1,Mallorca,Casa,Handicap Asiático (AH),15,,,,,,,0.13999999999999996,1.9220000000000004,0.5202913631633714,,,False
SP1,Mallorca,Casa,Casa marca (>=1),15,15.0,0.8666666666666667,0.339934634239519,0.6211750079348376,0.9626395301086408,0.10833333333333339,,,,,0.8,False
SP1,Mallorca,Casa,Clean sheet,15,15.0,0.13333333333333333,0.33993463423951903,0.037360469891359285,0.3788249920651624,-0.10833333333333334,,,,,0.0,False
SP1,Mallorca,Casa,Ambas marcam (BTTS),15,15.0,0.7333333333333333,0.44221663871405337,0.48049110342313245,0.8910272389681717,0.17333333333333323,,,,,0.8,False
SP1,Mallorca,Casa,Over 1.5 golos,15,15.0,0.8,0.39999999999999997,0.5481406466534955,0.9295257935638959,0.01333333333333342,,,,,0.8,False
SP1,Mallorca,Casa,Over 3.5 golos,15,15.0,0.26666666666666666,0.4422166387140533,0.10897276103182815,0.5195088965768675,0.006666666666666654,,,,,0.2,False
SP1,Mallorca,Casa,Cantos total Over 8.5,15,15.0,0.8666666666666667,0.339934634239519,0.6211750079348376,0.9626395301086408,0.27,,,,,1.0,False
SP1,Mallorca,Casa,Cantos total Over 9.5,15,15.0,0.6,0.4898979485566356,0.357464427565077,0.8017577191740534,0.13,,,,,1.0,False
SP1,Mallorca,Casa,Cantos total Over 10.5,15,15.0,0.26666666666666666,0.4422166387140533,0.10897276103182815,0.5195088965768675,-0.12333333333333335,,,,,0.4,False
SP1,Mallorca,Casa,Cantos equipa Over 4.5,15,15.0,0.26666666666666666,0.4422166387140533,0.10897276103182815,0.5195088965768675,-0.21833333333333332,,,,,0.6,False
SP1,Mallorca,Casa,Cantos equipa Over 5.5,15,15.0,0.13333333333333333,0.33993463423951903,0.037360469891359285,0.3788249920651624,-0.22333333333333336,,,,,0.4,False
SP1,Mallorca,Casa,Equipa ganha cantos,15,15.0,0.2,0.4,0.07047420643610411,0.4518593533465045,-0.265,,,,,0.4,False
SP1,Osasuna,Fora,Vitória (1X2),16,16.0,0.125,0.33071891388307384,0.034976749337057134,0.3602333143674828,-0.25,-0.51625,4.988125,0.20047613081067533,-0.376484375,0.2,False
SP1,Osasuna,Fora,Over 2.5 golos,16,16.0,0.375,0.4841229182759271,0.18480982554752803,0.6135935290206519,-0.1316666666666667,-0.19375,2.0287499999999996,0.4929143561306224,-0.23921875000000015,0.6,False
SP1,Osasuna,Fora,Under 2.5 golos,16,16.0,0.625,0.4841229182759271,0.38640647097934805,0.8151901744524719,0.13166666666666665,0.25125,1.8831250000000002,0.5310321938267507,0.17695312500000004,0.4,True
SP1,Osasuna,Fora,Handicap Asiático (AH),16,,,,,,,-0.03437500000000001,1.988125,0.5029864822382899,,,False
SP1,Osasuna,Fora,Casa marca (>=1),16,16.0,0.375,0.4841229182759271,0.18480982554752803,0.6135935290206519,-0.3833333333333333,,,,,0.6,False
SP1,Osasuna,Fora,Clean sheet,16,16.0,0.125,0.33071891388307384,0.034976749337057134,0.3602333143674828,-0.11666666666666667,,,,,0.2,False
SP1,Osasuna,Fora,Ambas marcam (BTTS),16,16.0,0.375,0.4841229182759271,0.18480982554752803,0.6135935290206519,-0.18500000000000005,,,,,0.6,False
SP1,Osasuna,Fora,Over 1.5 golos,16,16.0,0.5,0.5,0.2799923761135083,0.7200076238864918,-0.2866666666666666,,,,,0.6,False
SP1,Osasuna,Fora,Over 3.5 golos,16,16.0,0.25,0.4330127018922193,0.10181901984237347,0.4949876892939865,-0.010000000000000009,,,,,0.4,False
SP1,Osasuna,Fora,Cantos total Over 8.5,16,16.0,0.4375,0.49607837082461076,0.2309836333518552,0.6682180439322348,-0.15916666666666668,,,,,0.6,False
SP1,Osasuna,Fora,Cantos total Over 9.5,16,16.0,0.375,0.4841229182759271,0.18480982554752803,0.6135935290206519,-0.09499999999999997,,,,,0.4,False
SP1,Osasuna,Fora,Cantos total Over 10.5,16,16.0,0.1875,0.3903123748998999,0.06591478773586763,0.4300935986845823,-0.2025,,,,,0.2,False
SP1,Osasuna,Fora,Cantos equipa Over 4.5,16,16.0,0.25,0.4330127018922193,0.10181901984237347,0.4949876892939865,-0.235,,,,,0.2,False
SP1,Osasuna,Fora,Cantos equipa Over 5.5,16,16.0,0.125,0.33071891388307384,0.034976749337057134,0.3602333143674828,-0.2316666666666667,,,,,0.0,False
SP1,Osasuna,Fora,Equipa ganha cantos,16,16.0,0.25,0.4330127018922193,0.10181901984237347,0.4949876892939865,-0.21500000000000002,,,,,0.2,False
SP1,Osasuna,Casa,Vitória (1X2),14,14.0,0.5714285714285714,0.4948716593053935,0.3259026690286936,0.7861949006959947,0.1964285714285714,0.3971428571428572,2.44,0.4098360655737705,0.39428571428571413,0.6,False
SP1,Osasuna,Casa,Over 2.5 golos,14,14.0,0.5714285714285714,0.4948716593053935,0.3259026690286936,0.7861949006959947,0.06476190476190469,0.29571428571428576,2.230714285714286,0.4482869036183157,0.27469387755102037,0.8,False
SP1,Osasuna,Casa,Under 2.5 golos,14,14.0,0.42857142857142855,0.49487165930539345,0.21380509930400526,0.6740973309713064,-0.0647619047619048,-0.29214285714285715,1.6571428571428568,0.6034482758620691,-0.2897959183673471,0.2,True
SP1,Osasuna,Casa,Handicap Asiático (AH),14,,,,,,,0.1842857142857143,1.9164285714285716,0.5218039508013418,,,False
SP1,Osasuna,Casa,Casa marca (>=1),14,14.0,1.0,0.0,0.7846829880728186,1.0,0.2416666666666667,,,,,1.0,False
SP1,Osasuna,Casa,Clean sheet,14,14.0,0.35714285714285715,0.4791574237499549,0.16344490737202735,0.6123599531785959,0.11547619047619048,,,,,0.2,True
SP1,Osasuna,Casa,Ambas marcam (BTTS),14,14.0,0.6428571428571429,0.4791574237499549,0.3876400468214041,0.8365550926279727,0.08285714285714285,,,,,0.8,False
SP1,Osasuna,Casa,Over 1.5 golos,14,14.0,0.8571428571428571,0.34992710611188266,0.600580922361363,0.9599069262620787,0.07047619047619047,,,,,0.8,False
SP1,Osasuna,Casa,Over 3.5 golos,14,14.0,0.35714285714285715,0.4791574237499549,0.16344490737202735,0.6123599531785959,0.09714285714285714,,,,,0.6,False
SP1,Osasuna,Casa,Cantos total Over 8.5,14,14.0,0.35714285714285715,0.4791574237499549,0.16344490737202735,0.6123599531785959,-0.23952380952380953,,,,,0.4,False
SP1,Osasuna,Casa,Cantos total Over 9.5,14,14.0,0.14285714285714285,0.3499271061118826,0.04009307373792117,0.399419077638637,-0.3271428571428571,,,,,0.2,False
SP1,Osasuna,Casa,Cantos total Over 10.5,14,14.0,0.0,0.0,0.0,0.21531701192718142,-0.39,,,,,0.0,False
SP1,Osasuna,Casa,Cantos equipa Over 4.5,14,14.0,0.35714285714285715,0.4791574237499549,0.16344490737202735,0.6123599531785959,-0.12785714285714284,,,,,0.6,False
SP1,Osasuna,Casa,Cantos equipa Over 5.5,14,14.0,0.35714285714285715,0.4791574237499549,0.16344490737202735,0.6123599531785959,0.0004761904761904634,,,,,0.6,False
SP1,Osasuna,Casa,Equipa ganha cantos,14,14.0,0.35714285714285715,0.4791574237499549,0.16344490737202735,0.6123599531785959,-0.10785714285714287,,,,,0.6,False
SP1,Oviedo,Fora,Vitória (1X2),15,15.0,0.06666666666666667,0.24944382578492943,0.011866588606194882,0.2981707755242399,-0.30833333333333335,-0.6593333333333333,6.918666666666666,0.144536519560609,-0.5387555555555557,0.0,False
SP1,Oviedo,Fora,Over 2.5 golos,15,15.0,0.5333333333333333,0.49888765156985887,0.3011663015105079,0.7519077474025356,0.026666666666666616,0.05999999999999996,2.116,0.47258979206049145,0.1285333333333334,0.8,False
SP1,Oviedo,Fora,Under 2.5 golos,15,15.0,0.4666666666666667,0.49888765156985887,0.24809225259746442,0.6988336984894922,-0.026666666666666672,-0.22133333333333335,1.8386666666666664,0.5438723712835388,-0.1419555555555556,0.2,True
SP1,Oviedo,Fora,Handicap Asiático (AH),15,,,,,,,-0.20133333333333334,2.0506666666666664,0.4876462938881665,,,False
SP1,Oviedo,Fora,Casa marca (>=1),15,15.0,0.4666666666666667,0.49888765156985887,0.24809225259746442,0.6988336984894922,-0.29166666666666663,,,,,0.6,False
SP1,Oviedo,Fora,Clean sheet,15,15.0,0.0,0.0,0.0,0.20388926630434784,-0.24166666666666667,,,,,0.0,False
SP1,Oviedo,Fora,Ambas marcam (BTTS),15,15.0,0.4666666666666667,0.49888765156985887,0.24809225259746442,0.6988336984894922,-0.09333333333333338,,,,,0.6,False
SP1,Oviedo,Fora,Over 1.5 golos,15,15.0,0.8666666666666667,0.339934634239519,0.6211750079348376,0.9626395301086408,0.08000000000000007,,,,,1.0,False
SP1,Oviedo,Fora,Over 3.5 golos,15,15.0,0.3333333333333333,0.4714045207910317,0.15176100694691236,0.5828687484878702,0.0733333333333333,,,,,0.4,False
SP1,Oviedo,Fora,Cantos total Over 8.5,15,15.0,0.6666666666666666,0.4714045207910317,0.4171312515121298,0.8482389930530875,0.06999999999999995,,,,,0.6,False
SP1,Oviedo,Fora,Cantos total Over 9.5,15,15.0,0.4666666666666667,0.49888765156985887,0.24809225259746442,0.6988336984894922,-0.0033333333333332993,,,,,0.6,False
SP1,Oviedo,Fora,Cantos total Over 10.5,15,15.0,0.4666666666666667,0.49888765156985887,0.24809225259746442,0.6988336984894922,0.07666666666666666,,,,,0.6,False
SP1,Oviedo,Fora,Cantos equipa Over 4.5,15,15.0,0.2,0.4,0.07047420643610411,0.4518593533465045,-0.285,,,,,0.2,False
SP1,Oviedo,Fora,Cantos equipa Over 5.5,15,15.0,0.2,0.4,0.07047420643610411,0.4518593533465045,-0.15666666666666668,,,,,0.2,False
SP1,Oviedo,Fora,Equipa ganha cantos,15,15.0,0.13333333333333333,0.33993463423951903,0.037360469891359285,0.3788249920651624,-0.33166666666666667,,,,,0.0,False
SP1,Oviedo,Casa,Vitória (1X2),15,15.0,0.26666666666666666,0.4422166387140533,0.10897276103182815,0.5195088965768675,-0.10833333333333334,-0.21200000000000002,4.150666666666667,0.24092515258592995,0.10684444444444452,0.6,False
SP1,Oviedo,Casa,Over 2.5 golos,15,15.0,0.2,0.4,0.07047420643610411,0.4518593533465045,-0.3066666666666667,-0.6386666666666667,2.1820000000000004,0.45829514207149397,-0.5635999999999999,0.2,False
SP1,Oviedo,Casa,Under 2.5 golos,15,15.0,0.8,0.39999999999999997,0.5481406466534955,0.9295257935638959,0.3066666666666667,0.27799999999999997,1.7073333333333334,0.5857087075361187,0.3658666666666668,0.8,False
SP1,Oviedo,Casa,Handicap Asiático (AH),15,,,,,,,0.05133333333333331,1.896,0.5274261603375527,,,False
SP1,Oviedo,Casa,Casa marca (>=1),15,15.0,0.4666666666666667,0.49888765156985887,0.24809225259746442,0.6988336984894922,-0.29166666666666663,,,,,0.8,False
SP1,Oviedo,Casa,Clean sheet,15,15.0,0.5333333333333333,0.49888765156985887,0.3011663015105079,0.7519077474025356,0.29166666666666663,,,,,0.6,False
SP1,Oviedo,Casa,Ambas marcam (BTTS),15,15.0,0.2,0.4,0.07047420643610411,0.4518593533465045,-0.36000000000000004,,,,,0.2,False
SP1,Oviedo,Casa,Over 1.5 golos,15,15.0,0.4,0.4898979485566356,0.19824228082594664,0.6425355724349229,-0.3866666666666666,,,,,0.2,True
SP1,Oviedo,Casa,Over 3.5 golos,15,15.0,0.06666666666666667,0.24944382578492943,0.011866588606194882,0.2981707755242399,-0.19333333333333336,,,,,0.0,False
SP1,Oviedo,Casa,Cantos total Over 8.5,15,15.0,0.6,0.4898979485566356,0.357464427565077,0.8017577191740534,0.0033333333333332993,,,,,0.6,False
SP1,Oviedo,Casa,Cantos total Over 9.5,15,15.0,0.6,0.4898979485566356,0.357464427565077,0.8017577191740534,0.13,,,,,0.6,False
SP1,Oviedo,Casa,Cantos total Over 10.5,15,15.0,0.5333333333333333,0.49888765156985887,0.3011663015105079,0.7519077474025356,0.1433333333333333,,,,,0.6,False
SP1,Oviedo,Casa,Cantos equipa Over 4.5,15,15.0,0.4666666666666667,0.49888765156985887,0.24809225259746442,0.6988336984894922,-0.018333333333333313,,,,,0.4,False
SP1,Oviedo,Casa,Cantos equipa Over 5.5,15,15.0,0.26666666666666666,0.4422166387140533,0.10897276103182815,0.5195088965768675,-0.09000000000000002,,,,,0.2,False
SP1,Oviedo,Casa,Equipa ganha cantos,15,15.0,0.4,0.4898979485566356,0.19824228082594664,0.6425355724349229,-0.065,,,,,0.2,True
SP1,Real Madrid,Fora,Vitória (1X2),15,15.0,0.6,0.4898979485566356,0.357464427565077,0.8017577191740534,0.22499999999999998,-0.015333333333333317,1.634,0.6119951040391677,-0.019600000000000062,0.6,False
SP1,Real Madrid,Fora,Over 2.5 golos,15,15.0,0.6666666666666666,0.4714045207910317,0.4171312515121298,0.8482389930530875,0.15999999999999992,0.11066666666666661,1.635333333333333,0.6114961271911945,0.09022222222222198,0.6,False
SP1,Real Madrid,Fora,Under 2.5 golos,15,15.0,0.3333333333333333,0.4714045207910317,0.15176100694691236,0.5828687484878702,-0.16000000000000003,-0.20133333333333334,2.253333333333333,0.44378698224852076,-0.24888888888888905,0.4,False
SP1,Real Madrid,Fora,Handicap Asiático (AH),15,,,,,,,-0.07400000000000002,2.084,0.4798464491362764,,,False
SP1,Real Madrid,Fora,Casa marca (>=1),15,15.0,0.9333333333333333,0.2494438257849294,0.7018292244757601,0.9881334113938052,0.17500000000000004,,,,,1.0,False
SP1,Real Madrid,Fora,Clean sheet,15,15.0,0.4,0.4898979485566356,0.19824228082594664,0.6425355724349229,0.15833333333333335,,,,,0.4,False
SP1,Real Madrid,Fora,Ambas marcam (BTTS),15,15.0,0.6,0.4898979485566356,0.357464427565077,0.8017577191740534,0.039999999999999925,,,,,0.6,False
SP1,Real Madrid,Fora,Over 1.5 golos,15,15.0,0.8666666666666667,0.339934634239519,0.6211750079348376,0.9626395301086408,0.08000000000000007,,,,,1.0,False
SP1,Real Madrid,Fora,Over 3.5 golos,15,15.0,0.2,0.4,0.07047420643610411,0.4518593533465045,-0.06,,,,,0.0,True
SP1,Real Madrid,Fora,Cantos total Over 8.5,15,15.0,0.7333333333333333,0.44221663871405337,0.48049110342313245,0.8910272389681717,0.1366666666666666,,,,,0.8,False
SP1,Real Madrid,Fora,Cantos total Over 9.5,15,15.0,0.6666666666666666,0.4714045207910317,0.4171312515121298,0.8482389930530875,0.19666666666666666,,,,,0.8,False
SP1,Real Madrid,Fora,Cantos total Over 10.5,15,15.0,0.4,0.4898979485566356,0.19824228082594664,0.6425355724349229,0.010000000000000009,,,,,0.4,False
SP1,Real Madrid,Fora,Cantos equipa Over 4.5,15,15.0,0.7333333333333333,0.44221663871405337,0.48049110342313245,0.8910272389681717,0.2483333333333333,,,,,0.8,False
SP1,Real Madrid,Fora,Cantos equipa Over 5.5,15,15.0,0.6666666666666666,0.4714045207910317,0.4171312515121298,0.8482389930530875,0.30999999999999994,,,,,0.8,False
SP1,Real Madrid,Fora,Equipa ganha cantos,15,15.0,0.7333333333333333,0.44221663871405337,0.48049110342313245,0.8910272389681717,0.26833333333333326,,,,,0.6,False
SP1,Real Madrid,Casa,Vitória (1X2),15,15.0,0.8666666666666667,0.339934634239519,0.6211750079348376,0.9626395301086408,0.4916666666666667,0.18666666666666665,1.358,0.7363770250368188,0.1769333333333334,0.8,False
SP1,Real Madrid,Casa,Over 2.5 golos,15,15.0,0.6,0.4898979485566356,0.357464427565077,0.8017577191740534,0.09333333333333327,-0.14333333333333337,1.4306666666666663,0.6989748369058716,-0.14160000000000028,0.8,False
SP1,Real Madrid,Casa,Under 2.5 golos,15,15.0,0.4,0.4898979485566356,0.19824228082594664,0.6425355724349229,-0.09333333333333332,0.13933333333333334,2.7886666666666664,0.3585943103036099,0.1154666666666666,0.2,True
SP1,Real Madrid,Casa,Handicap Asiático (AH),15,,,,,,,0.055333333333333325,1.9086666666666665,0.5239259517988125,,,False
SP1,Real Madrid,Casa,Casa marca (>=1),15,15.0,0.8666666666666667,0.339934634239519,0.6211750079348376,0.9626395301086408,0.10833333333333339,,,,,0.8,False
SP1,Real Madrid,Casa,Clean sheet,15,15.0,0.3333333333333333,0.4714045207910317,0.15176100694691236,0.5828687484878702,0.09166666666666665,,,,,0.0,True
SP1,Real Madrid,Casa,Ambas marcam (BTTS),15,15.0,0.5333333333333333,0.49888765156985887,0.3011663015105079,0.7519077474025356,-0.026666666666666727,,,,,0.8,False
SP1,Real Madrid,Casa,Over 1.5 golos,15,15.0,0.8666666666666667,0.339934634239519,0.6211750079348376,0.9626395301086408,0.08000000000000007,,,,,0.8,False
SP1,Real Madrid,Casa,Over 3.5 golos,15,15.0,0.4,0.4898979485566356,0.19824228082594664,0.6425355724349229,0.14,,,,,0.6,False
SP1,Real Madrid,Casa,Cantos total Over 8.5,15,15.0,0.6,0.4898979485566356,0.357464427565077,0.8017577191740534,0.0033333333333332993,,,,,0.8,False
SP1,Real Madrid,Casa,Cantos total Over 9.5,15,15.0,0.4,0.4898979485566356,0.19824228082594664,0.6425355724349229,-0.06999999999999995,,,,,0.6,False
SP1,Real Madrid,Casa,Cantos total Over 10.5,15,15.0,0.3333333333333333,0.4714045207910317,0.15176100694691236,0.5828687484878702,-0.0566666666666667,,,,,0.4,False
SP1,Real Madrid,Casa,Cantos equipa Over 4.5,15,15.0,0.7333333333333333,0.44221663871405337,0.48049110342313245,0.8910272389681717,0.2483333333333333,,,,,0.6,False
SP1,Real Madrid,Casa,Cantos equipa Over 5.5,15,15.0,0.5333333333333333,0.49888765156985887,0.3011663015105079,0.7519077474025356,0.17666666666666664,,,,,0.4,False
SP1,Real Madrid,Casa,Equipa ganha cantos,15,15.0,0.8,0.39999999999999997,0.5481406466534955,0.9295257935638959,0.335,,,,,0.8,False
SP1,Sevilla,Fora,Vitória (1X2),15,15.0,0.26666666666666666,0.4422166387140533,0.10897276103182815,0.5195088965768675,-0.10833333333333334,-0.1106666666666667,4.924666666666667,0.2030594287261405,0.31324444444444466,0.2,False
SP1,Sevilla,Fora,Over 2.5 golos,15,15.0,0.6,0.4898979485566356,0.357464427565077,0.8017577191740534,0.09333333333333327,0.1713333333333333,2.020666666666666,0.49488617617947883,0.2123999999999997,0.6,False
SP1,Sevilla,Fora,Under 2.5 golos,15,15.0,0.4,0.4898979485566356,0.19824228082594664,0.6425355724349229,-0.09333333333333332,-0.2553333333333334,1.907333333333333,0.5242922055225446,-0.23706666666666676,0.4,False
SP1,Sevilla,Fora,Handicap Asiático (AH),15,,,,,,,-0.052333333333333315,1.848666666666667,0.5409304002884961,,,False
SP1,Sevilla,Fora,Casa marca (>=1),15,15.0,0.8,0.39999999999999997,0.5481406466534955,0.9295257935638959,0.04166666666666674,,,,,0.8,False
SP1,Sevilla,Fora,Clean sheet,15,15.0,0.2,0.4,0.07047420643610411,0.4518593533465045,-0.04166666666666666,,,,,0.2,False
SP1,Sevilla,Fora,Ambas marcam (BTTS),15,15.0,0.6,0.4898979485566356,0.357464427565077,0.8017577191740534,0.039999999999999925,,,,,0.6,False
SP1,Sevilla,Fora,Over 1.5 golos,15,15.0,0.8,0.39999999999999997,0.5481406466534955,0.9295257935638959,0.01333333333333342,,,,,0.6,True
SP1,Sevilla,Fora,Over 3.5 golos,15,15.0,0.3333333333333333,0.4714045207910317,0.15176100694691236,0.5828687484878702,0.0733333333333333,,,,,0.6,False
SP1,Sevilla,Fora,Cantos total Over 8.5,15,15.0,0.6666666666666666,0.4714045207910317,0.4171312515121298,0.8482389930530875,0.06999999999999995,,,,,0.4,True
SP1,Sevilla,Fora,Cantos total Over 9.5,15,15.0,0.6666666666666666,0.4714045207910317,0.4171312515121298,0.8482389930530875,0.19666666666666666,,,,,0.4,True
SP1,Sevilla,Fora,Cantos total Over 10.5,15,15.0,0.6,0.4898979485566356,0.357464427565077,0.8017577191740534,0.20999999999999996,,,,,0.4,True
SP1,Sevilla,Fora,Cantos equipa Over 4.5,15,15.0,0.4,0.4898979485566356,0.19824228082594664,0.6425355724349229,-0.08499999999999996,,,,,0.4,False
SP1,Sevilla,Fora,Cantos equipa Over 5.5,15,15.0,0.3333333333333333,0.4714045207910317,0.15176100694691236,0.5828687484878702,-0.023333333333333373,,,,,0.4,False
SP1,Sevilla,Fora,Equipa ganha cantos,15,15.0,0.3333333333333333,0.4714045207910317,0.15176100694691236,0.5828687484878702,-0.1316666666666667,,,,,0.6,False
SP1,Sevilla,Casa,Vitória (1X2),15,15.0,0.26666666666666666,0.4422166387140533,0.10897276103182815,0.5195088965768675,-0.10833333333333334,-0.14933333333333335,2.525333333333333,0.39598732840549106,-0.32657777777777786,0.2,False
SP1,Sevilla,Casa,Over 2.5 golos,15,15.0,0.5333333333333333,0.49888765156985887,0.3011663015105079,0.7519077474025356,0.026666666666666616,0.10200000000000002,2.0926666666666667,0.47785919082510353,0.11608888888888891,0.2,True
SP1,Sevilla,Casa,Under 2.5 golos,15,15.0,0.4666666666666667,0.49888765156985887,0.24809225259746442,0.6988336984894922,-0.026666666666666672,-0.21666666666666667,1.7526666666666668,0.5705591479650056,-0.18208888888888874,0.8,False
SP1,Sevilla,Casa,Handicap Asiático (AH),15,,,,,,,-0.39933333333333326,1.8613333333333335,0.5372492836676217,,,False
SP1,Sevilla,Casa,Casa marca (>=1),15,15.0,0.7333333333333333,0.44221663871405337,0.48049110342313245,0.8910272389681717,-0.025000000000000022,,,,,0.8,False
SP1,Sevilla,Casa,Clean sheet,15,15.0,0.13333333333333333,0.33993463423951903,0.037360469891359285,0.3788249920651624,-0.10833333333333334,,,,,0.0,False
SP1,Sevilla,Casa,Ambas marcam (BTTS),15,15.0,0.6,0.4898979485566356,0.357464427565077,0.8017577191740534,0.039999999999999925,,,,,0.8,False
SP1,Sevilla,Casa,Over 1.5 golos,15,15.0,0.8666666666666667,0.339934634239519,0.6211750079348376,0.9626395301086408,0.08000000000000007,,,,,1.0,False
SP1,Sevilla,Casa,Over 3.5 golos,15,15.0,0.26666666666666666,0.4422166387140533,0.10897276103182815,0.5195088965768675,0.006666666666666654,,,,,0.0,True
SP1,Sevilla,Casa,Cantos total Over 8.5,15,15.0,0.4,0.4898979485566356,0.19824228082594664,0.6425355724349229,-0.19666666666666666,,,,,0.4,False
SP1,Sevilla,Casa,Cantos total Over 9.5,15,15.0,0.4,0.4898979485566356,0.19824228082594664,0.6425355724349229,-0.06999999999999995,,,,,0.4,False
SP1,Sevilla,Casa,Cantos total Over 10.5,15,15.0,0.26666666666666666,0.4422166387140533,0.10897276103182815,0.5195088965768675,-0.12333333333333335,,,,,0.2,False
SP1,Sevilla,Casa,Cantos equipa Over 4.5,15,15.0,0.7333333333333333,0.44221663871405337,0.48049110342313245,0.8910272389681717,0.2483333333333333,,,,,0.6,False
SP1,Sevilla,Casa,Cantos equipa Over 5.5,15,15.0,0.3333333333333333,0.4714045207910317,0.15176100694691236,0.5828687484878702,-0.023333333333333373,,,,,0.2,False
SP1,Sevilla,Casa,Equipa ganha cantos,15,15.0,0.5333333333333333,0.49888765156985887,0.3011663015105079,0.7519077474025356,0.0683333333333333,,,,,0.2,True
SP1,Sociedad,Fora,Vitória (1X2),15,15.0,0.2,0.4,0.07047420643610411,0.4518593533465045,-0.175,-0.5,3.816666666666666,0.2620087336244542,-0.2366666666666668,0.2,False
SP1,Sociedad,Fora,Over 2.5 golos,15,15.0,0.4666666666666667,0.49888765156985887,0.24809225259746442,0.6988336984894922,-0.040000000000000036,-0.11133333333333333,2.0813333333333333,0.4804612427930814,-0.02871111111111113,0.6,False
SP1,Sociedad,Fora,Under 2.5 golos,15,15.0,0.5333333333333333,0.49888765156985887,0.3011663015105079,0.7519077474025356,0.03999999999999998,-0.12466666666666668,1.8713333333333333,0.5343783398646241,-0.001955555555555488,0.4,False
SP1,Sociedad,Fora,Handicap Asiático (AH),15,,,,,,,-0.056333333333333346,1.8833333333333333,0.5309734513274337,,,False
SP1,Sociedad,Fora,Casa marca (>=1),15,15.0,0.8666666666666667,0.339934634239519,0.6211750079348376,0.9626395301086408,0.10833333333333339,,,,,1.0,False
SP1,Sociedad,Fora,Clean sheet,15,15.0,0.06666666666666667,0.24944382578492943,0.011866588606194882,0.2981707755242399,-0.175,,,,,0.2,False
SP1,Sociedad,Fora,Ambas marcam (BTTS),15,15.0,0.8,0.39999999999999997,0.5481406466534955,0.9295257935638959,0.24,,,,,0.8,False
SP1,Sociedad,Fora,Over 1.5 golos,15,15.0,0.8,0.39999999999999997,0.5481406466534955,0.9295257935638959,0.01333333333333342,,,,,0.8,False
SP1,Sociedad,Fora,Over 3.5 golos,15,15.0,0.3333333333333333,0.4714045207910317,0.15176100694691236,0.5828687484878702,0.0733333333333333,,,,,0.6,False
SP1,Sociedad,Fora,Cantos total Over 8.5,15,15.0,0.7333333333333333,0.44221663871405337,0.48049110342313245,0.8910272389681717,0.1366666666666666,,,,,1.0,False
SP1,Sociedad,Fora,Cantos total Over 9.5,15,15.0,0.5333333333333333,0.49888765156985887,0.3011663015105079,0.7519077474025356,0.06333333333333335,,,,,0.4,False
SP1,Sociedad,Fora,Cantos total Over 10.5,15,15.0,0.4,0.4898979485566356,0.19824228082594664,0.6425355724349229,0.010000000000000009,,,,,0.0,True
SP1,Sociedad,Fora,Cantos equipa Over 4.5,15,15.0,0.6,0.4898979485566356,0.357464427565077,0.8017577191740534,0.11499999999999999,,,,,0.6,False
SP1,Sociedad,Fora,Cantos equipa Over 5.5,15,15.0,0.4666666666666667,0.49888765156985887,0.24809225259746442,0.6988336984894922,0.10999999999999999,,,,,0.4,False
SP1,Sociedad,Fora,Equipa ganha cantos,15,15.0,0.6666666666666666,0.4714045207910317,0.4171312515121298,0.8482389930530875,0.2016666666666666,,,,,0.6,False
SP1,Sociedad,Casa,Vitória (1X2),15,15.0,0.5333333333333333,0.49888765156985887,0.3011663015105079,0.7519077474025356,0.15833333333333333,0.2346666666666667,2.4953333333333334,0.40074806305102856,0.3308444444444445,0.8,False
SP1,Sociedad,Casa,Over 2.5 golos,15,15.0,0.7333333333333333,0.44221663871405337,0.48049110342313245,0.8910272389681717,0.22666666666666657,0.40666666666666657,1.9326666666666665,0.5174197999310107,0.4172888888888886,0.8,False
SP1,Sociedad,Casa,Under 2.5 golos,15,15.0,0.26666666666666666,0.4422166387140533,0.10897276103182815,0.5195088965768675,-0.22666666666666668,-0.518,1.8766666666666667,0.5328596802841918,-0.49955555555555553,0.2,False
SP1,Sociedad,Casa,Handicap Asiático (AH),15,,,,,,,0.16933333333333334,1.886,0.5302226935312832,,,False
SP1,Sociedad,Casa,Casa marca (>=1),15,15.0,0.9333333333333333,0.2494438257849294,0.7018292244757601,0.9881334113938052,0.17500000000000004,,,,,1.0,False
SP1,Sociedad,Casa,Clean sheet,15,15.0,0.13333333333333333,0.33993463423951903,0.037360469891359285,0.3788249920651624,-0.10833333333333334,,,,,0.2,False
SP1,Sociedad,Casa,Ambas marcam (BTTS),15,15.0,0.8,0.39999999999999997,0.5481406466534955,0.9295257935638959,0.24,,,,,0.8,False
SP1,Sociedad,Casa,Over 1.5 golos,15,15.0,0.8666666666666667,0.339934634239519,0.6211750079348376,0.9626395301086408,0.08000000000000007,,,,,1.0,False
SP1,Sociedad,Casa,Over 3.5 golos,15,15.0,0.4666666666666667,0.49888765156985887,0.24809225259746442,0.6988336984894922,0.20666666666666667,,,,,0.8,False
SP1,Sociedad,Casa,Cantos total Over 8.5,15,15.0,0.6666666666666666,0.4714045207910317,0.4171312515121298,0.8482389930530875,0.06999999999999995,,,,,0.6,False
SP1,Sociedad,Casa,Cantos total Over 9.5,15,15.0,0.6666666666666666,0.4714045207910317,0.4171312515121298,0.8482389930530875,0.19666666666666666,,,,,0.6,False
SP1,Sociedad,Casa,Cantos total Over 10.5,15,15.0,0.5333333333333333,0.49888765156985887,0.3011663015105079,0.7519077474025356,0.1433333333333333,,,,,0.6,False
SP1,Sociedad,Casa,Cantos equipa Over 4.5,15,15.0,0.6666666666666666,0.4714045207910317,0.4171312515121298,0.8482389930530875,0.18166666666666664,,,,,0.4,True
SP1,Sociedad,Casa,Cantos equipa Over 5.5,15,15.0,0.6,0.4898979485566356,0.357464427565077,0.8017577191740534,0.2433333333333333,,,,,0.4,True
SP1,Sociedad,Casa,Equipa ganha cantos,15,15.0,0.6,0.4898979485566356,0.357464427565077,0.8017577191740534,0.13499999999999995,,,,,0.4,True
SP1,Valencia,Fora,Vitória (1X2),15,15.0,0.2,0.4,0.07047420643610411,0.4518593533465045,-0.175,-0.3893333333333333,5.176000000000001,0.19319938176197832,0.03520000000000034,0.4,False
SP1,Valencia,Fora,Over 2.5 golos,15,15.0,0.5333333333333333,0.49888765156985887,0.3011663015105079,0.7519077474025356,0.026666666666666616,-0.054000000000000006,2.0479999999999996,0.4882812500000001,0.0922666666666665,0.4,False
SP1,Valencia,Fora,Under 2.5 golos,15,15.0,0.4666666666666667,0.49888765156985887,0.24809225259746442,0.6988336984894922,-0.026666666666666672,-0.26399999999999996,1.8986666666666667,0.526685393258427,-0.11395555555555559,0.6,False
SP1,Valencia,Fora,Handicap Asiático (AH),15,,,,,,,-0.1633333333333333,1.8539999999999999,0.5393743257820928,,,False
SP1,Valencia,Fora,Casa marca (>=1),15,15.0,0.6666666666666666,0.4714045207910317,0.4171312515121298,0.8482389930530875,-0.09166666666666667,,,,,0.8,False
SP1,Valencia,Fora,Clean sheet,15,15.0,0.26666666666666666,0.4422166387140533,0.10897276103182815,0.5195088965768675,0.024999999999999994,,,,,0.4,False
SP1,Valencia,Fora,Ambas marcam (BTTS),15,15.0,0.4666666666666667,0.49888765156985887,0.24809225259746442,0.6988336984894922,-0.09333333333333338,,,,,0.4,False
SP1,Valencia,Fora,Over 1.5 golos,15,15.0,0.7333333333333333,0.44221663871405337,0.48049110342313245,0.8910272389681717,-0.053333333333333344,,,,,0.8,False
SP1,Valencia,Fora,Over 3.5 golos,15,15.0,0.26666666666666666,0.4422166387140533,0.10897276103182815,0.5195088965768675,0.006666666666666654,,,,,0.0,True
SP1,Valencia,Fora,Cantos total Over 8.5,15,15.0,0.4666666666666667,0.49888765156985887,0.24809225259746442,0.6988336984894922,-0.13,,,,,0.4,False
SP1,Valencia,Fora,Cantos total Over 9.5,15,15.0,0.3333333333333333,0.4714045207910317,0.15176100694691236,0.5828687484878702,-0.13666666666666666,,,,,0.2,False
SP1,Valencia,Fora,Cantos total Over 10.5,15,15.0,0.3333333333333333,0.4714045207910317,0.15176100694691236,0.5828687484878702,-0.0566666666666667,,,,,0.2,False
SP1,Valencia,Fora,Cantos equipa Over 4.5,15,15.0,0.3333333333333333,0.4714045207910317,0.15176100694691236,0.5828687484878702,-0.15166666666666667,,,,,0.4,False
SP1,Valencia,Fora,Cantos equipa Over 5.5,15,15.0,0.2,0.4,0.07047420643610411,0.4518593533465045,-0.15666666666666668,,,,,0.2,False
SP1,Valencia,Fora,Equipa ganha cantos,15,15.0,0.4666666666666667,0.49888765156985887,0.24809225259746442,0.6988336984894922,0.0016666666666666496,,,,,0.6,False
SP1,Valencia,Casa,Vitória (1X2),15,15.0,0.4,0.4898979485566356,0.19824228082594664,0.6425355724349229,0.025000000000000022,-0.06333333333333331,2.5873333333333335,0.38649832517392424,0.03493333333333348,0.6,False
SP1,Valencia,Casa,Over 2.5 golos,15,15.0,0.3333333333333333,0.4714045207910317,0.15176100694691236,0.5828687484878702,-0.1733333333333334,-0.22466666666666665,2.1726666666666663,0.4602638846271863,-0.2757777777777779,0.6,False
SP1,Valencia,Casa,Under 2.5 golos,15,15.0,0.6666666666666666,0.4714045207910317,0.4171312515121298,0.8482389930530875,0.17333333333333328,0.17266666666666666,1.7006666666666663,0.5880047040376324,0.13377777777777755,0.4,True
SP1,Valencia,Casa,Handicap Asiático (AH),15,,,,,,,0.01766666666666666,1.912,0.5230125523012552,,,False
SP1,Valencia,Casa,Casa marca (>=1),15,15.0,0.8666666666666667,0.339934634239519,0.6211750079348376,0.9626395301086408,0.10833333333333339,,,,,0.8,False
SP1,Valencia,Casa,Clean sheet,15,15.0,0.26666666666666666,0.4422166387140533,0.10897276103182815,0.5195088965768675,0.024999999999999994,,,,,0.2,False
SP1,Valencia,Casa,Ambas marcam (BTTS),15,15.0,0.6,0.4898979485566356,0.357464427565077,0.8017577191740534,0.039999999999999925,,,,,0.6,False
SP1,Valencia,Casa,Over 1.5 golos,15,15.0,0.8666666666666667,0.339934634239519,0.6211750079348376,0.9626395301086408,0.08000000000000007,,,,,0.8,False
SP1,Valencia,Casa,Over 3.5 golos,15,15.0,0.2,0.4,0.07047420643610411,0.4518593533465045,-0.06,,,,,0.6,False
SP1,Valencia,Casa,Cantos total Over 8.5,15,15.0,0.8,0.39999999999999997,0.5481406466534955,0.9295257935638959,0.20333333333333337,,,,,0.8,False
SP1,Valencia,Casa,Cantos total Over 9.5,15,15.0,0.5333333333333333,0.49888765156985887,0.3011663015105079,0.7519077474025356,0.06333333333333335,,,,,0.4,False
SP1,Valencia,Casa,Cantos total Over 10.5,15,15.0,0.5333333333333333,0.49888765156985887,0.3011663015105079,0.7519077474025356,0.1433333333333333,,,,,0.4,False
SP1,Valencia,Casa,Cantos equipa Over 4.5,15,15.0,0.8666666666666667,0.339934634239519,0.6211750079348376,0.9626395301086408,0.3816666666666667,,,,,0.8,False
SP1,Valencia,Casa,Cantos equipa Over 5.5,15,15.0,0.6,0.4898979485566356,0.357464427565077,0.8017577191740534,0.2433333333333333,,,,,0.4,True
SP1,Valencia,Casa,Equipa ganha cantos,15,15.0,0.7333333333333333,0.44221663871405337,0.48049110342313245,0.8910272389681717,0.26833333333333326,,,,,0.6,False
SP1,Vallecano,Fora,Vitória (1X2),15,15.0,0.2,0.4,0.07047420643610411,0.4518593533465045,-0.175,-0.3766666666666667,4.573333333333333,0.21865889212827988,-0.08533333333333326,0.0,True
SP1,Vallecano,Fora,Over 2.5 golos,15,15.0,0.4666666666666667,0.49888765156985887,0.24809225259746442,0.6988336984894922,-0.040000000000000036,-0.09666666666666666,1.9893333333333332,0.5026809651474531,-0.0716444444444444,0.4,False
SP1,Vallecano,Fora,Under 2.5 golos,15,15.0,0.5333333333333333,0.49888765156985887,0.3011663015105079,0.7519077474025356,0.03999999999999998,-0.009333333333333312,1.8766666666666667,0.5328596802841918,0.000888888888888939,0.6,False
SP1,Vallecano,Fora,Handicap Asiático (AH),15,,,,,,,-0.03366666666666666,1.8453333333333333,0.541907514450867,,,False
SP1,Vallecano,Fora,Casa marca (>=1),15,15.0,0.4666666666666667,0.49888765156985887,0.24809225259746442,0.6988336984894922,-0.29166666666666663,,,,,0.6,False
SP1,Vallecano,Fora,Clean sheet,15,15.0,0.2,0.4,0.07047420643610411,0.4518593533465045,-0.04166666666666666,,,,,0.0,True
SP1,Vallecano,Fora,Ambas marcam (BTTS),15,15.0,0.3333333333333333,0.4714045207910317,0.15176100694691236,0.5828687484878702,-0.22666666666666674,,,,,0.6,False
SP1,Vallecano,Fora,Over 1.5 golos,15,15.0,0.6666666666666666,0.4714045207910317,0.4171312515121298,0.8482389930530875,-0.12,,,,,0.8,False
SP1,Vallecano,Fora,Over 3.5 golos,15,15.0,0.26666666666666666,0.4422166387140533,0.10897276103182815,0.5195088965768675,0.006666666666666654,,,,,0.0,True
SP1,Vallecano,Fora,Cantos total Over 8.5,15,15.0,0.6666666666666666,0.4714045207910317,0.4171312515121298,0.8482389930530875,0.06999999999999995,,,,,0.6,False
SP1,Vallecano,Fora,Cantos total Over 9.5,15,15.0,0.4666666666666667,0.49888765156985887,0.24809225259746442,0.6988336984894922,-0.0033333333333332993,,,,,0.6,False
SP1,Vallecano,Fora,Cantos total Over 10.5,15,15.0,0.4666666666666667,0.49888765156985887,0.24809225259746442,0.6988336984894922,0.07666666666666666,,,,,0.6,False
SP1,Vallecano,Fora,Cantos equipa Over 4.5,15,15.0,0.6666666666666666,0.4714045207910317,0.4171312515121298,0.8482389930530875,0.18166666666666664,,,,,0.6,False
SP1,Vallecano,Fora,Cantos equipa Over 5.5,15,15.0,0.4,0.4898979485566356,0.19824228082594664,0.6425355724349229,0.043333333333333335,,,,,0.4,False
SP1,Vallecano,Fora,Equipa ganha cantos,15,15.0,0.6,0.4898979485566356,0.357464427565077,0.8017577191740534,0.13499999999999995,,,,,0.6,False
SP1,Vallecano,Casa,Vitória (1X2),15,15.0,0.3333333333333333,0.4714045207910317,0.15176100694691236,0.5828687484878702,-0.041666666666666685,-0.23600000000000007,2.742,0.36469730123997085,-0.08600000000000008,0.6,False
SP1,Vallecano,Casa,Over 2.5 golos,15,15.0,0.26666666666666666,0.4422166387140533,0.10897276103182815,0.5195088965768675,-0.24000000000000005,-0.41,2.106,0.47483380816714155,-0.4384,0.4,False
SP1,Vallecano,Casa,Under 2.5 golos,15,15.0,0.7333333333333333,0.44221663871405337,0.48049110342313245,0.8910272389681717,0.23999999999999994,0.3486666666666667,1.782,0.5611672278338945,0.30679999999999996,0.6,False
SP1,Vallecano,Casa,Handicap Asiático (AH),15,,,,,,,-0.028999999999999995,1.8886666666666667,0.5294740557712672,,,False
SP1,Vallecano,Casa,Casa marca (>=1),15,15.0,0.8,0.39999999999999997,0.5481406466534955,0.9295257935638959,0.04166666666666674,,,,,1.0,False
SP1,Vallecano,Casa,Clean sheet,15,15.0,0.4,0.4898979485566356,0.19824228082594664,0.6425355724349229,0.15833333333333335,,,,,0.6,False
SP1,Vallecano,Casa,Ambas marcam (BTTS),15,15.0,0.5333333333333333,0.49888765156985887,0.3011663015105079,0.7519077474025356,-0.026666666666666727,,,,,0.4,False
SP1,Vallecano,Casa,Over 1.5 golos,15,15.0,0.6666666666666666,0.4714045207910317,0.4171312515121298,0.8482389930530875,-0.12,,,,,0.8,False
SP1,Vallecano,Casa,Over 3.5 golos,15,15.0,0.06666666666666667,0.24944382578492943,0.011866588606194882,0.2981707755242399,-0.19333333333333336,,,,,0.0,False
SP1,Vallecano,Casa,Cantos total Over 8.5,15,15.0,0.8666666666666667,0.339934634239519,0.6211750079348376,0.9626395301086408,0.27,,,,,1.0,False
SP1,Vallecano,Casa,Cantos total Over 9.5,15,15.0,0.8,0.39999999999999997,0.5481406466534955,0.9295257935638959,0.33000000000000007,,,,,0.8,False
SP1,Vallecano,Casa,Cantos total Over 10.5,15,15.0,0.8,0.39999999999999997,0.5481406466534955,0.9295257935638959,0.41000000000000003,,,,,0.8,False
SP1,Vallecano,Casa,Cantos equipa Over 4.5,15,15.0,0.8,0.39999999999999997,0.5481406466534955,0.9295257935638959,0.31500000000000006,,,,,0.8,False
SP1,Vallecano,Casa,Cantos equipa Over 5.5,15,15.0,0.5333333333333333,0.49888765156985887,0.3011663015105079,0.7519077474025356,0.17666666666666664,,,,,0.4,False
SP1,Vallecano,Casa,Equipa ganha cantos,15,15.0,0.7333333333333333,0.44221663871405337,0.48049110342313245,0.8910272389681717,0.26833333333333326,,,,,0.6,False
SP1,Villarreal,Fora,Vitória (1X2),15,15.0,0.4,0.4898979485566356,0.19824228082594664,0.6425355724349229,0.025000000000000022,-0.114,3.0646666666666667,0.3262997607135088,0.22586666666666666,0.2,True
SP1,Villarreal,Fora,Over 2.5 golos,15,15.0,0.4666666666666667,0.49888765156985887,0.24809225259746442,0.6988336984894922,-0.040000000000000036,-0.17066666666666663,1.7493333333333334,0.5716463414634146,-0.1836444444444444,0.4,False
SP1,Villarreal,Fora,Under 2.5 golos,15,15.0,0.5333333333333333,0.49888765156985887,0.3011663015105079,0.7519077474025356,0.03999999999999998,0.09600000000000002,2.136666666666667,0.46801872074882983,0.13955555555555588,0.6,False
SP1,Villarreal,Fora,Handicap Asiático (AH),15,,,,,,,0.1286666666666667,2.080666666666667,0.480615187439923,,,False
SP1,Villarreal,Fora,Casa marca (>=1),15,15.0,0.8,0.39999999999999997,0.5481406466534955,0.9295257935638959,0.04166666666666674,,,,,0.8,False
SP1,Villarreal,Fora,Clean sheet,15,15.0,0.2,0.4,0.07047420643610411,0.4518593533465045,-0.04166666666666666,,,,,0.2,False
SP1,Villarreal,Fora,Ambas marcam (BTTS),15,15.0,0.6,0.4898979485566356,0.357464427565077,0.8017577191740534,0.039999999999999925,,,,,0.6,False
SP1,Villarreal,Fora,Over 1.5 golos,15,15.0,0.8666666666666667,0.339934634239519,0.6211750079348376,0.9626395301086408,0.08000000000000007,,,,,0.6,True
SP1,Villarreal,Fora,Over 3.5 golos,15,15.0,0.3333333333333333,0.4714045207910317,0.15176100694691236,0.5828687484878702,0.0733333333333333,,,,,0.2,False
SP1,Villarreal,Fora,Cantos total Over 8.5,15,15.0,0.26666666666666666,0.4422166387140533,0.10897276103182815,0.5195088965768675,-0.33,,,,,0.2,False
SP1,Villarreal,Fora,Cantos total Over 9.5,15,15.0,0.26666666666666666,0.4422166387140533,0.10897276103182815,0.5195088965768675,-0.2033333333333333,,,,,0.2,False
SP1,Villarreal,Fora,Cantos total Over 10.5,15,15.0,0.2,0.4,0.07047420643610411,0.4518593533465045,-0.19,,,,,0.2,False
SP1,Villarreal,Fora,Cantos equipa Over 4.5,15,15.0,0.13333333333333333,0.33993463423951903,0.037360469891359285,0.3788249920651624,-0.3516666666666667,,,,,0.0,False
SP1,Villarreal,Fora,Cantos equipa Over 5.5,15,15.0,0.0,0.0,0.0,0.20388926630434784,-0.3566666666666667,,,,,0.0,False
SP1,Villarreal,Fora,Equipa ganha cantos,15,15.0,0.2,0.4,0.07047420643610411,0.4518593533465045,-0.265,,,,,0.2,False
SP1,Villarreal,Casa,Vitória (1X2),15,15.0,0.8,0.39999999999999997,0.5481406466534955,0.9295257935638959,0.42500000000000004,0.298,1.8706666666666665,0.534568781183179,0.49653333333333327,0.8,False
SP1,Villarreal,Casa,Over 2.5 golos,15,15.0,0.6666666666666666,0.4714045207910317,0.4171312515121298,0.8482389930530875,0.15999999999999992,0.136,1.7073333333333334,0.5857087075361187,0.13822222222222225,0.8,False
SP1,Villarreal,Casa,Under 2.5 golos,15,15.0,0.3333333333333333,0.4714045207910317,0.15176100694691236,0.5828687484878702,-0.16000000000000003,-0.21866666666666665,2.1686666666666663,0.4611128189363665,-0.2771111111111113,0.2,False
SP1,Villarreal,Casa,Handicap Asiático (AH),15,,,,,,,0.24833333333333332,1.8433333333333337,0.5424954792043398,,,False
SP1,Villarreal,Casa,Casa marca (>=1),15,15.0,0.8666666666666667,0.339934634239519,0.6211750079348376,0.9626395301086408,0.10833333333333339,,,,,0.8,False
SP1,Villarreal,Casa,Clean sheet,15,15.0,0.3333333333333333,0.4714045207910317,0.15176100694691236,0.5828687484878702,0.09166666666666665,,,,,0.0,True
SP1,Villarreal,Casa,Ambas marcam (BTTS),15,15.0,0.5333333333333333,0.49888765156985887,0.3011663015105079,0.7519077474025356,-0.026666666666666727,,,,,0.8,False
SP1,Villarreal,Casa,Over 1.5 golos,15,15.0,0.9333333333333333,0.2494438257849294,0.7018292244757601,0.9881334113938052,0.14666666666666672,,,,,1.0,False
SP1,Villarreal,Casa,Over 3.5 golos,15,15.0,0.4,0.4898979485566356,0.19824228082594664,0.6425355724349229,0.14,,,,,0.4,False
SP1,Villarreal,Casa,Cantos total Over 8.5,15,15.0,0.6666666666666666,0.4714045207910317,0.4171312515121298,0.8482389930530875,0.06999999999999995,,,,,1.0,False
SP1,Villarreal,Casa,Cantos total Over 9.5,15,15.0,0.4666666666666667,0.49888765156985887,0.24809225259746442,0.6988336984894922,-0.0033333333333332993,,,,,0.6,False
SP1,Villarreal,Casa,Cantos total Over 10.5,15,15.0,0.4,0.4898979485566356,0.19824228082594664,0.6425355724349229,0.010000000000000009,,,,,0.4,False
SP1,Villarreal,Casa,Cantos equipa Over 4.5,15,15.0,0.6666666666666666,0.4714045207910317,0.4171312515121298,0.8482389930530875,0.18166666666666664,,,,,0.6,False
SP1,Villarreal,Casa,Cantos equipa Over 5.5,15,15.0,0.3333333333333333,0.4714045207910317,0.15176100694691236,0.5828687484878702,-0.023333333333333373,,,,,0.2,False
SP1,Villarreal,Casa,Equipa ganha cantos,15,15.0,0.4666666666666667,0.49888765156985887,0.24809225259746442,0.6988336984894922,0.0016666666666666496,,,,,0.2,True
SP1,Alaves,Total,Vitória (1X2),30,30.0,0.26666666666666666,0.4422166387140533,0.14182495553910618,0.44448302044311694,-0.10833333333333334,-0.07266666666666668,3.976,0.2515090543259557,0.06026666666666669,0.2,False
SP1,Alaves,Total,Over 2.5 golos,30,30.0,0.4666666666666667,0.49888765156985887,0.3023212722412823,0.6385798671847496,-0.040000000000000036,0.051333333333333335,2.3486666666666665,0.42577348850411584,0.09604444444444438,0.6,False
SP1,Alaves,Total,Under 2.5 golos,30,30.0,0.5333333333333333,0.49888765156985887,0.36142013281525043,0.6976787277587176,0.03999999999999998,-0.16866666666666666,1.6236666666666666,0.6158899609936358,-0.1340444444444444,0.4,False
SP1,Alaves,Total,Handicap Asiático (AH),30,,,,,,,-0.11533333333333333,1.8823333333333339,0.5312555339118115,,,False
SP1,Alaves,Total,Casa marca (>=1),30,30.0,0.6666666666666666,0.4714045207910317,0.4877972581383026,0.807697044731538,-0.09166666666666667,,,,,0.8,False
SP1,Alaves,Total,Clean sheet,30,30.0,0.1,0.30000000000000004,0.03459925995971617,0.2562144131526662,-0.14166666666666666,,,,,0.0,False
SP1,Alaves,Total,Ambas marcam (BTTS),30,30.0,0.6,0.4898979485566356,0.42320052498273836,0.754096056739166,0.039999999999999925,,,,,0.8,False
SP1,Alaves,Total,Over 1.5 golos,30,30.0,0.7,0.45825756949558405,0.5212387898833981,0.8333543735604106,-0.08666666666666667,,,,,1.0,False
SP1,Alaves,Total,Over 3.5 golos,30,30.0,0.23333333333333334,0.42295258468165065,0.11792239210501229,0.40928672330324267,-0.026666666666666672,,,,,0.6,False
SP1,Alaves,Total,Cantos total Over 8.5,30,30.0,0.5666666666666667,0.49553562491061687,0.39197009545408734,0.7262276256938489,-0.030000000000000027,,,,,0.4,True
SP1,Alaves,Total,Cantos total Over 9.5,30,30.0,0.43333333333333335,0.49553562491061687,0.27377237430615114,0.6080299045459127,-0.036666666666666625,,,,,0.4,False
SP1,Alaves,Total,Cantos total Over 10.5,30,30.0,0.4,0.4898979485566356,0.24590394326083398,0.5767994750172617,0.010000000000000009,,,,,0.4,False
SP1,Alaves,Total,Cantos equipa Over 4.5,30,30.0,0.6,0.4898979485566356,0.42320052498273836,0.754096056739166,0.11499999999999999,,,,,0.6,False
SP1,Alaves,Total,Cantos equipa Over 5.5,30,30.0,0.4666666666666667,0.49888765156985887,0.3023212722412823,0.6385798671847496,0.10999999999999999,,,,,0.4,False
SP1,Alaves,Total,Equipa ganha cantos,30,30.0,0.43333333333333335,0.49553562491061687,0.27377237430615114,0.6080299045459127,-0.031666666666666676,,,,,0.4,False
SP1,Ath Bilbao,Total,Vitória (1X2),30,30.0,0.36666666666666664,0.4818944098266986,0.21873702204017684,0.5448675356639506,-0.00833333333333336,-0.27466666666666667,2.514,0.3977724741447892,-0.07820000000000016,0.2,True
SP1,Ath Bilbao,Total,Over 2.5 golos,30,30.0,0.4666666666666667,0.49888765156985887,0.3023212722412823,0.6385798671847496,-0.040000000000000036,-0.03666666666666666,2.1353333333333335,0.4683109584764283,-0.0035111111111109095,0.4,False
SP1,Ath Bilbao,Total,Under 2.5 golos,30,30.0,0.5333333333333333,0.49888765156985887,0.36142013281525043,0.6976787277587176,0.03999999999999998,-0.09966666666666667,1.723666666666667,0.5801585766776252,-0.08071111111111107,0.6,False
SP1,Ath Bilbao,Total,Handicap Asiático (AH),30,,,,,,,-0.21433333333333338,1.9306666666666668,0.5179558011049723,,,False
SP1,Ath Bilbao,Total,Casa marca (>=1),30,30.0,0.6333333333333333,0.4818944098266987,0.4551324643360493,0.7812629779598231,-0.125,,,,,0.4,True
SP1,Ath Bilbao,Total,Clean sheet,30,30.0,0.16666666666666666,0.37267799624996495,0.07336434240351683,0.33564705185680177,-0.07500000000000001,,,,,0.0,True
SP1,Ath Bilbao,Total,Ambas marcam (BTTS),30,30.0,0.5,0.5,0.3315385122717376,0.6684614877282624,-0.06000000000000005,,,,,0.4,False
SP1,Ath Bilbao,Total,Over 1.5 golos,30,30.0,0.7333333333333333,0.44221663871405337,0.5555169795568831,0.8581750444608938,-0.053333333333333344,,,,,0.8,False
SP1,Ath Bilbao,Total,Over 3.5 golos,30,30.0,0.16666666666666666,0.37267799624996495,0.07336434240351683,0.33564705185680177,-0.09333333333333335,,,,,0.0,True
SP1,Ath Bilbao,Total,Cantos total Over 8.5,30,30.0,0.6666666666666666,0.4714045207910317,0.4877972581383026,0.807697044731538,0.06999999999999995,,,,,0.6,False
SP1,Ath Bilbao,Total,Cantos total Over 9.5,30,30.0,0.5,0.5,0.3315385122717376,0.6684614877282624,0.030000000000000027,,,,,0.4,False
SP1,Ath Bilbao,Total,Cantos total Over 10.5,30,30.0,0.4,0.4898979485566356,0.24590394326083398,0.5767994750172617,0.010000000000000009,,,,,0.4,False
SP1,Ath Bilbao,Total,Cantos equipa Over 4.5,30,30.0,0.6,0.4898979485566356,0.42320052498273836,0.754096056739166,0.11499999999999999,,,,,0.4,True
SP1,Ath Bilbao,Total,Cantos equipa Over 5.5,30,30.0,0.4666666666666667,0.49888765156985887,0.3023212722412823,0.6385798671847496,0.10999999999999999,,,,,0.4,False
SP1,Ath Bilbao,Total,Equipa ganha cantos,30,30.0,0.5666666666666667,0.49553562491061687,0.39197009545408734,0.7262276256938489,0.10166666666666663,,,,,0.4,True
SP1,Ath Madrid,Total,Vitória (1X2),30,30.0,0.5666666666666667,0.49553562491061687,0.39197009545408734,0.7262276256938489,0.19166666666666665,-0.09733333333333333,1.8273333333333333,0.547245530828165,0.03548888888888868,0.6,False
SP1,Ath Madrid,Total,Over 2.5 golos,30,30.0,0.4666666666666667,0.49888765156985887,0.3023212722412823,0.6385798671847496,-0.040000000000000036,-0.20699999999999996,1.8263333333333334,0.5475451724767293,-0.14771111111111102,0.6,False
SP1,Ath Madrid,Total,Under 2.5 golos,30,30.0,0.5333333333333333,0.49888765156985887,0.36142013281525043,0.6976787277587176,0.03999999999999998,-0.010000000000000016,2.000333333333333,0.49991668055324123,0.06684444444444426,0.4,False
SP1,Ath Madrid,Total,Handicap Asiático (AH),30,,,,,,,-0.2735,1.9020000000000001,0.5257623554153522,,,False
SP1,Ath Madrid,Total,Casa marca (>=1),30,30.0,0.8666666666666667,0.339934634239519,0.7031831605558306,0.9469043057578189,0.10833333333333339,,,,,1.0,False
SP1,Ath Madrid,Total,Clean sheet,30,30.0,0.4,0.4898979485566356,0.24590394326083398,0.5767994750172617,0.15833333333333335,,,,,0.4,False
SP1,Ath Madrid,Total,Ambas marcam (BTTS),30,30.0,0.5,0.5,0.3315385122717376,0.6684614877282624,-0.06000000000000005,,,,,0.6,False
SP1,Ath Madrid,Total,Over 1.5 golos,30,30.0,0.7333333333333333,0.44221663871405337,0.5555169795568831,0.8581750444608938,-0.053333333333333344,,,,,0.6,False
SP1,Ath Madrid,Total,Over 3.5 golos,30,30.0,0.23333333333333334,0.42295258468165065,0.11792239210501229,0.40928672330324267,-0.026666666666666672,,,,,0.4,False
SP1,Ath Madrid,Total,Cantos total Over 8.5,30,30.0,0.7666666666666667,0.42295258468165065,0.5907132766967573,0.8820776078949878,0.17000000000000004,,,,,0.8,False
SP1,Ath Madrid,Total,Cantos total Over 9.5,30,30.0,0.5666666666666667,0.49553562491061687,0.39197009545408734,0.7262276256938489,0.09666666666666668,,,,,0.6,False
SP1,Ath Madrid,Total,Cantos total Over 10.5,30,30.0,0.5,0.5,0.3315385122717376,0.6684614877282624,0.10999999999999999,,,,,0.4,False
SP1,Ath Madrid,Total,Cantos equipa Over 4.5,30,30.0,0.7333333333333333,0.44221663871405337,0.5555169795568831,0.8581750444608938,0.2483333333333333,,,,,0.4,True
SP1,Ath Madrid,Total,Cantos equipa Over 5.5,30,30.0,0.6333333333333333,0.4818944098266987,0.4551324643360493,0.7812629779598231,0.2766666666666666,,,,,0.4,True
SP1,Ath Madrid,Total,Equipa ganha cantos,30,30.0,0.7333333333333333,0.44221663871405337,0.5555169795568831,0.8581750444608938,0.26833333333333326,,,,,0.4,True
SP1,Barcelona,Total,Vitória (1X2),30,30.0,0.8333333333333334,0.3726779962499649,0.6643529481431982,0.9266356575964831,0.45833333333333337,0.14766666666666667,1.4453333333333331,0.6918819188191883,0.20444444444444443,1.0,False
SP1,Barcelona,Total,Over 2.5 golos,30,30.0,0.8,0.39999999999999997,0.6269395261897257,0.9049502189759876,0.29333333333333333,0.08166666666666668,1.3513333333333335,0.7400098667982239,0.08106666666666684,0.6,True
SP1,Barcelona,Total,Under 2.5 golos,30,30.0,0.2,0.4,0.09504978102401236,0.37306047381027446,-0.29333333333333333,-0.3713333333333333,3.134,0.3190810465858328,-0.3732,0.4,False
SP1,Barcelona,Total,Handicap Asiático (AH),30,,,,,,,0.15666666666666668,1.9193333333333333,0.5210142410559222,,,False
SP1,Barcelona,Total,Casa marca (>=1),30,30.0,1.0,0.0,0.886482908609522,1.0,0.2416666666666667,,,,,1.0,False
SP1,Barcelona,Total,Clean sheet,30,30.0,0.4,0.4898979485566356,0.24590394326083398,0.5767994750172617,0.15833333333333335,,,,,0.4,False
SP1,Barcelona,Total,Ambas marcam (BTTS),30,30.0,0.6,0.4898979485566356,0.42320052498273836,0.754096056739166,0.039999999999999925,,,,,0.6,False
SP1,Barcelona,Total,Over 1.5 golos,30,30.0,0.9333333333333333,0.2494438257849294,0.7867618227892791,0.9815233646723066,0.14666666666666672,,,,,0.6,True
SP1,Barcelona,Total,Over 3.5 golos,30,30.0,0.43333333333333335,0.49553562491061687,0.27377237430615114,0.6080299045459127,0.17333333333333334,,,,,0.4,False
SP1,Barcelona,Total,Cantos total Over 8.5,30,30.0,0.8333333333333334,0.3726779962499649,0.6643529481431982,0.9266356575964831,0.2366666666666667,,,,,0.4,True
SP1,Barcelona,Total,Cantos total Over 9.5,30,30.0,0.6666666666666666,0.4714045207910317,0.4877972581383026,0.807697044731538,0.19666666666666666,,,,,0.4,True
SP1,Barcelona,Total,Cantos total Over 10.5,30,30.0,0.5666666666666667,0.49553562491061687,0.39197009545408734,0.7262276256938489,0.17666666666666664,,,,,0.2,True
SP1,Barcelona,Total,Cantos equipa Over 4.5,30,30.0,0.8,0.39999999999999997,0.6269395261897257,0.9049502189759876,0.31500000000000006,,,,,0.4,True
SP1,Barcelona,Total,Cantos equipa Over 5.5,30,30.0,0.6333333333333333,0.4818944098266987,0.4551324643360493,0.7812629779598231,0.2766666666666666,,,,,0.4,True
SP1,Barcelona,Total,Equipa ganha cantos,30,30.0,0.7666666666666667,0.42295258468165065,0.5907132766967573,0.8820776078949878,0.3016666666666667,,,,,0.6,True
SP1,Betis,Total,Vitória (1X2),30,30.0,0.36666666666666664,0.4818944098266986,0.21873702204017684,0.5448675356639506,-0.00833333333333336,-0.10866666666666666,2.621,0.38153376573826786,-0.038966666666666816,0.0,True
SP1,Betis,Total,Over 2.5 golos,30,30.0,0.4666666666666667,0.49888765156985887,0.3023212722412823,0.6385798671847496,-0.040000000000000036,-0.12433333333333334,1.9009999999999998,0.5260389268805892,-0.11286666666666667,0.4,False
SP1,Betis,Total,Under 2.5 golos,30,30.0,0.5333333333333333,0.49888765156985887,0.36142013281525043,0.6976787277587176,0.03999999999999998,-0.0036666666666666475,1.9160000000000001,0.521920668058455,0.0218666666666667,0.6,False
SP1,Betis,Total,Handicap Asiático (AH),30,,,,,,,-0.019999999999999987,1.9493333333333338,0.5129958960328316,,,False
SP1,Betis,Total,Casa marca (>=1),30,30.0,0.8666666666666667,0.339934634239519,0.7031831605558306,0.9469043057578189,0.10833333333333339,,,,,0.6,True
SP1,Betis,Total,Clean sheet,30,30.0,0.3,0.458257569495584,0.16664562643958936,0.47876121011660183,0.05833333333333332,,,,,0.2,False
SP1,Betis,Total,Ambas marcam (BTTS),30,30.0,0.6333333333333333,0.4818944098266987,0.4551324643360493,0.7812629779598231,0.07333333333333325,,,,,0.6,False
SP1,Betis,Total,Over 1.5 golos,30,30.0,0.8666666666666667,0.339934634239519,0.7031831605558306,0.9469043057578189,0.08000000000000007,,,,,0.8,False
SP1,Betis,Total,Over 3.5 golos,30,30.0,0.23333333333333334,0.42295258468165065,0.11792239210501229,0.40928672330324267,-0.026666666666666672,,,,,0.2,False
SP1,Betis,Total,Cantos total Over 8.5,30,30.0,0.6,0.4898979485566356,0.42320052498273836,0.754096056739166,0.0033333333333332993,,,,,0.4,True
SP1,Betis,Total,Cantos total Over 9.5,30,30.0,0.5333333333333333,0.49888765156985887,0.36142013281525043,0.6976787277587176,0.06333333333333335,,,,,0.4,False
SP1,Betis,Total,Cantos total Over 10.5,30,30.0,0.36666666666666664,0.4818944098266986,0.21873702204017684,0.5448675356639506,-0.023333333333333373,,,,,0.4,False
SP1,Betis,Total,Cantos equipa Over 4.5,30,30.0,0.36666666666666664,0.4818944098266986,0.21873702204017684,0.5448675356639506,-0.11833333333333335,,,,,0.4,False
SP1,Betis,Total,Cantos equipa Over 5.5,30,30.0,0.23333333333333334,0.42295258468165065,0.11792239210501229,0.40928672330324267,-0.12333333333333335,,,,,0.2,False
SP1,Betis,Total,Equipa ganha cantos,30,30.0,0.3333333333333333,0.4714045207910317,0.19230295526846194,0.5122027418616973,-0.1316666666666667,,,,,0.6,False
SP1,Celta,Total,Vitória (1X2),30,30.0,0.36666666666666664,0.4818944098266986,0.21873702204017684,0.5448675356639506,-0.00833333333333336,0.14333333333333337,2.852666666666667,0.3505491937368544,0.04597777777777767,0.4,False
SP1,Celta,Total,Over 2.5 golos,30,30.0,0.43333333333333335,0.49553562491061687,0.27377237430615114,0.6080299045459127,-0.07333333333333336,-0.11800000000000002,2.028,0.4930966469428008,-0.12119999999999997,0.8,False
SP1,Celta,Total,Under 2.5 golos,30,30.0,0.5666666666666667,0.49553562491061687,0.39197009545408734,0.7262276256938489,0.0733333333333333,0.037,1.8120000000000003,0.5518763796909492,0.026800000000000157,0.2,True
SP1,Celta,Total,Handicap Asiático (AH),30,,,,,,,0.012500000000000004,1.8480000000000003,0.541125541125541,,,False
SP1,Celta,Total,Casa marca (>=1),30,30.0,0.8666666666666667,0.339934634239519,0.7031831605558306,0.9469043057578189,0.10833333333333339,,,,,1.0,False
SP1,Celta,Total,Clean sheet,30,30.0,0.26666666666666666,0.4422166387140533,0.14182495553910618,0.44448302044311694,0.024999999999999994,,,,,0.0,True
SP1,Celta,Total,Ambas marcam (BTTS),30,30.0,0.6666666666666666,0.4714045207910317,0.4877972581383026,0.807697044731538,0.10666666666666658,,,,,1.0,False
SP1,Celta,Total,Over 1.5 golos,30,30.0,0.8333333333333334,0.3726779962499649,0.6643529481431982,0.9266356575964831,0.046666666666666745,,,,,1.0,False
SP1,Celta,Total,Over 3.5 golos,30,30.0,0.23333333333333334,0.42295258468165065,0.11792239210501229,0.40928672330324267,-0.026666666666666672,,,,,0.4,False
SP1,Celta,Total,Cantos total Over 8.5,30,30.0,0.43333333333333335,0.49553562491061687,0.27377237430615114,0.6080299045459127,-0.16333333333333333,,,,,0.2,True
SP1,Celta,Total,Cantos total Over 9.5,30,30.0,0.3,0.458257569495584,0.16664562643958936,0.47876121011660183,-0.16999999999999998,,,,,0.2,False
SP1,Celta,Total,Cantos total Over 10.5,30,30.0,0.26666666666666666,0.4422166387140533,0.14182495553910618,0.44448302044311694,-0.12333333333333335,,,,,0.2,False
SP1,Celta,Total,Cantos equipa Over 4.5,30,30.0,0.3333333333333333,0.4714045207910317,0.19230295526846194,0.5122027418616973,-0.15166666666666667,,,,,0.2,False
SP1,Celta,Total,Cantos equipa Over 5.5,30,30.0,0.3,0.458257569495584,0.16664562643958936,0.47876121011660183,-0.0566666666666667,,,,,0.2,False
SP1,Celta,Total,Equipa ganha cantos,30,30.0,0.4,0.4898979485566356,0.24590394326083398,0.5767994750172617,-0.065,,,,,0.4,False
SP1,Elche,Total,Vitória (1X2),30,30.0,0.2,0.4,0.09504978102401236,0.37306047381027446,-0.175,-0.5486666666666667,4.418,0.22634676324128564,-0.11639999999999995,0.2,False
SP1,Elche,Total,Over 2.5 golos,30,30.0,0.6,0.4898979485566356,0.42320052498273836,0.754096056739166,0.09333333333333327,0.13466666666666668,2.007,0.4982561036372695,0.20419999999999994,0.8,False
SP1,Elche,Total,Under 2.5 golos,30,30.0,0.4,0.4898979485566356,0.24590394326083398,0.5767994750172617,-0.09333333333333332,-0.32999999999999996,1.8846666666666665,0.5305978068623983,-0.24613333333333332,0.2,True
SP1,Elche,Total,Handicap Asiático (AH),30,,,,,,,-0.03500000000000001,1.9723333333333335,0.5070136893696129,,,False
SP1,Elche,Total,Casa marca (>=1),30,30.0,0.8333333333333334,0.3726779962499649,0.6643529481431982,0.9266356575964831,0.07500000000000007,,,,,0.8,False
SP1,Elche,Total,Clean sheet,30,30.0,0.2,0.4,0.09504978102401236,0.37306047381027446,-0.04166666666666666,,,,,0.0,True
SP1,Elche,Total,Ambas marcam (BTTS),30,30.0,0.7,0.45825756949558405,0.5212387898833981,0.8333543735604106,0.1399999999999999,,,,,0.8,False
SP1,Elche,Total,Over 1.5 golos,30,30.0,0.8,0.39999999999999997,0.6269395261897257,0.9049502189759876,0.01333333333333342,,,,,0.8,False
SP1,Elche,Total,Over 3.5 golos,30,30.0,0.43333333333333335,0.49553562491061687,0.27377237430615114,0.6080299045459127,0.17333333333333334,,,,,0.4,False
SP1,Elche,Total,Cantos total Over 8.5,30,30.0,0.4666666666666667,0.49888765156985887,0.3023212722412823,0.6385798671847496,-0.13,,,,,0.6,False
SP1,Elche,Total,Cantos total Over 9.5,30,30.0,0.3333333333333333,0.4714045207910317,0.19230295526846194,0.5122027418616973,-0.13666666666666666,,,,,0.4,False
SP1,Elche,Total,Cantos total Over 10.5,30,30.0,0.2,0.4,0.09504978102401236,0.37306047381027446,-0.19,,,,,0.2,False
SP1,Elche,Total,Cantos equipa Over 4.5,30,30.0,0.26666666666666666,0.4422166387140533,0.14182495553910618,0.44448302044311694,-0.21833333333333332,,,,,0.2,False
SP1,Elche,Total,Cantos equipa Over 5.5,30,30.0,0.23333333333333334,0.42295258468165065,0.11792239210501229,0.40928672330324267,-0.12333333333333335,,,,,0.2,False
SP1,Elche,Total,Equipa ganha cantos,30,30.0,0.36666666666666664,0.4818944098266986,0.21873702204017684,0.5448675356639506,-0.09833333333333338,,,,,0.4,False
SP1,Espanol,Total,Vitória (1X2),30,30.0,0.3333333333333333,0.4714045207910317,0.19230295526846194,0.5122027418616973,-0.041666666666666685,0.04600000000000003,3.550666666666667,0.2816372512204281,0.18355555555555547,0.0,True
SP1,Espanol,Total,Over 2.5 golos,30,30.0,0.5333333333333333,0.49888765156985887,0.36142013281525043,0.6976787277587176,0.026666666666666616,0.16833333333333336,2.1153333333333335,0.47273873306019537,0.12817777777777772,0.6,False
SP1,Espanol,Total,Under 2.5 golos,30,30.0,0.4666666666666667,0.49888765156985887,0.3023212722412823,0.6385798671847496,-0.026666666666666672,-0.12266666666666666,1.7673333333333332,0.5658242172764995,-0.17524444444444442,0.4,False
SP1,Espanol,Total,Handicap Asiático (AH),30,,,,,,,-0.08083333333333333,1.86,0.5376344086021505,,,False
SP1,Espanol,Total,Casa marca (>=1),30,30.0,0.8,0.39999999999999997,0.6269395261897257,0.9049502189759876,0.04166666666666674,,,,,0.8,False
SP1,Espanol,Total,Clean sheet,30,30.0,0.26666666666666666,0.4422166387140533,0.14182495553910618,0.44448302044311694,0.024999999999999994,,,,,0.2,False
SP1,Espanol,Total,Ambas marcam (BTTS),30,30.0,0.6,0.4898979485566356,0.42320052498273836,0.754096056739166,0.039999999999999925,,,,,0.8,False
SP1,Espanol,Total,Over 1.5 golos,30,30.0,0.7666666666666667,0.42295258468165065,0.5907132766967573,0.8820776078949878,-0.019999999999999907,,,,,0.8,False
SP1,Espanol,Total,Over 3.5 golos,30,30.0,0.26666666666666666,0.4422166387140533,0.14182495553910618,0.44448302044311694,0.006666666666666654,,,,,0.2,False
SP1,Espanol,Total,Cantos total Over 8.5,30,30.0,0.43333333333333335,0.49553562491061687,0.27377237430615114,0.6080299045459127,-0.16333333333333333,,,,,0.4,False
SP1,Espanol,Total,Cantos total Over 9.5,30,30.0,0.36666666666666664,0.4818944098266986,0.21873702204017684,0.5448675356639506,-0.10333333333333333,,,,,0.4,False
SP1,Espanol,Total,Cantos total Over 10.5,30,30.0,0.3333333333333333,0.4714045207910317,0.19230295526846194,0.5122027418616973,-0.0566666666666667,,,,,0.4,False
SP1,Espanol,Total,Cantos equipa Over 4.5,30,30.0,0.4,0.4898979485566356,0.24590394326083398,0.5767994750172617,-0.08499999999999996,,,,,0.6,False
SP1,Espanol,Total,Cantos equipa Over 5.5,30,30.0,0.3,0.458257569495584,0.16664562643958936,0.47876121011660183,-0.0566666666666667,,,,,0.6,False
SP1,Espanol,Total,Equipa ganha cantos,30,30.0,0.4666666666666667,0.49888765156985887,0.3023212722412823,0.6385798671847496,0.0016666666666666496,,,,,0.6,False
SP1,Getafe,Total,Vitória (1X2),30,30.0,0.4,0.4898979485566356,0.24590394326083398,0.5767994750172617,0.025000000000000022,0.5866666666666666,4.259333333333332,0.23477852559085935,0.7037333333333331,0.8,False
SP1,Getafe,Total,Over 2.5 golos,30,30.0,0.3,0.458257569495584,0.16664562643958936,0.47876121011660183,-0.20666666666666672,-0.22100000000000003,2.6650000000000005,0.3752345215759849,-0.2004999999999999,0.2,False
SP1,Getafe,Total,Under 2.5 golos,30,30.0,0.7,0.45825756949558405,0.5212387898833981,0.8333543735604106,0.2066666666666666,0.028333333333333335,1.4923333333333333,0.6700915791824883,0.0446333333333333,0.8,False
SP1,Getafe,Total,Handicap Asiático (AH),30,,,,,,,0.005999999999999991,1.87,0.53475935828877,,,False
SP1,Getafe,Total,Casa marca (>=1),30,30.0,0.6,0.4898979485566356,0.42320052498273836,0.754096056739166,-0.15833333333333333,,,,,0.8,False
SP1,Getafe,Total,Clean sheet,30,30.0,0.3,0.458257569495584,0.16664562643958936,0.47876121011660183,0.05833333333333332,,,,,0.6,False
SP1,Getafe,Total,Ambas marcam (BTTS),30,30.0,0.3333333333333333,0.4714045207910317,0.19230295526846194,0.5122027418616973,-0.22666666666666674,,,,,0.2,False
SP1,Getafe,Total,Over 1.5 golos,30,30.0,0.6333333333333333,0.4818944098266987,0.4551324643360493,0.7812629779598231,-0.15333333333333332,,,,,0.6,False
SP1,Getafe,Total,Over 3.5 golos,30,30.0,0.03333333333333333,0.17950549357115014,0.005908437994857381,0.16670751396958874,-0.22666666666666668,,,,,0.0,False
SP1,Getafe,Total,Cantos total Over 8.5,30,30.0,0.4666666666666667,0.49888765156985887,0.3023212722412823,0.6385798671847496,-0.13,,,,,0.8,False
SP1,Getafe,Total,Cantos total Over 9.5,30,30.0,0.4,0.4898979485566356,0.24590394326083398,0.5767994750172617,-0.06999999999999995,,,,,0.8,False
SP1,Getafe,Total,Cantos total Over 10.5,30,30.0,0.36666666666666664,0.4818944098266986,0.21873702204017684,0.5448675356639506,-0.023333333333333373,,,,,0.8,False
SP1,Getafe,Total,Cantos equipa Over 4.5,30,30.0,0.4,0.4898979485566356,0.24590394326083398,0.5767994750172617,-0.08499999999999996,,,,,0.2,True
SP1,Getafe,Total,Cantos equipa Over 5.5,30,30.0,0.3,0.458257569495584,0.16664562643958936,0.47876121011660183,-0.0566666666666667,,,,,0.2,False
SP1,Getafe,Total,Equipa ganha cantos,30,30.0,0.36666666666666664,0.4818944098266986,0.21873702204017684,0.5448675356639506,-0.09833333333333338,,,,,0.2,True
SP1,Girona,Total,Vitória (1X2),30,30.0,0.3,0.458257569495584,0.16664562643958936,0.47876121011660183,-0.07500000000000001,0.06166666666666667,3.879333333333334,0.2577762502148135,0.16380000000000017,0.4,False
SP1,Girona,Total,Over 2.5 golos,30,30.0,0.5,0.5,0.3315385122717376,0.6684614877282624,-0.00666666666666671,-0.04233333333333332,1.9363333333333335,0.5164400068858668,-0.03183333333333338,0.4,False
SP1,Girona,Total,Under 2.5 golos,30,30.0,0.5,0.5,0.3315385122717376,0.6684614877282624,0.006666666666666654,-0.058333333333333307,1.9536666666666669,0.5118580447022691,-0.023166666666666447,0.6,False
SP1,Girona,Total,Handicap Asiático (AH),30,,,,,,,0.016166666666666673,1.8930000000000002,0.5282620179609085,,,False
SP1,Girona,Total,Casa marca (>=1),30,30.0,0.7333333333333333,0.44221663871405337,0.5555169795568831,0.8581750444608938,-0.025000000000000022,,,,,0.8,False
SP1,Girona,Total,Clean sheet,30,30.0,0.2,0.4,0.09504978102401236,0.37306047381027446,-0.04166666666666666,,,,,0.4,False
SP1,Girona,Total,Ambas marcam (BTTS),30,30.0,0.5666666666666667,0.49553562491061687,0.39197009545408734,0.7262276256938489,0.006666666666666599,,,,,0.4,True
SP1,Girona,Total,Over 1.5 golos,30,30.0,0.8,0.39999999999999997,0.6269395261897257,0.9049502189759876,0.01333333333333342,,,,,0.6,True
SP1,Girona,Total,Over 3.5 golos,30,30.0,0.16666666666666666,0.37267799624996495,0.07336434240351683,0.33564705185680177,-0.09333333333333335,,,,,0.0,True
SP1,Girona,Total,Cantos total Over 8.5,30,30.0,0.5666666666666667,0.49553562491061687,0.39197009545408734,0.7262276256938489,-0.030000000000000027,,,,,0.6,False
SP1,Girona,Total,Cantos total Over 9.5,30,30.0,0.4,0.4898979485566356,0.24590394326083398,0.5767994750172617,-0.06999999999999995,,,,,0.6,False
SP1,Girona,Total,Cantos total Over 10.5,30,30.0,0.36666666666666664,0.4818944098266986,0.21873702204017684,0.5448675356639506,-0.023333333333333373,,,,,0.6,False
SP1,Girona,Total,Cantos equipa Over 4.5,30,30.0,0.36666666666666664,0.4818944098266986,0.21873702204017684,0.5448675356639506,-0.11833333333333335,,,,,0.4,False
SP1,Girona,Total,Cantos equipa Over 5.5,30,30.0,0.3,0.458257569495584,0.16664562643958936,0.47876121011660183,-0.0566666666666667,,,,,0.4,False
SP1,Girona,Total,Equipa ganha cantos,30,30.0,0.36666666666666664,0.4818944098266986,0.21873702204017684,0.5448675356639506,-0.09833333333333338,,,,,0.6,False
SP1,Levante,Total,Vitória (1X2),30,30.0,0.2,0.4,0.09504978102401236,0.37306047381027446,-0.175,-0.38899999999999996,5.100999999999999,0.19603999215840034,0.020199999999999996,0.4,False
SP1,Levante,Total,Over 2.5 golos,30,30.0,0.43333333333333335,0.49553562491061687,0.27377237430615114,0.6080299045459127,-0.07333333333333336,-0.219,1.8820000000000001,0.5313496280552603,-0.18446666666666656,0.2,True
SP1,Levante,Total,Under 2.5 golos,30,30.0,0.5666666666666667,0.49553562491061687,0.39197009545408734,0.7262276256938489,0.0733333333333333,0.08033333333333333,2.035,0.49140049140049136,0.15316666666666667,0.8,False
SP1,Levante,Total,Handicap Asiático (AH),30,,,,,,,-0.06566666666666669,1.8840000000000003,0.5307855626326963,,,False
SP1,Levante,Total,Casa marca (>=1),30,30.0,0.6333333333333333,0.4818944098266987,0.4551324643360493,0.7812629779598231,-0.125,,,,,0.8,False
SP1,Levante,Total,Clean sheet,30,30.0,0.16666666666666666,0.37267799624996495,0.07336434240351683,0.33564705185680177,-0.07500000000000001,,,,,0.2,False
SP1,Levante,Total,Ambas marcam (BTTS),30,30.0,0.5,0.5,0.3315385122717376,0.6684614877282624,-0.06000000000000005,,,,,0.6,False
SP1,Levante,Total,Over 1.5 golos,30,30.0,0.9,0.3,0.7437855868473338,0.9654007400402839,0.1133333333333334,,,,,1.0,False
SP1,Levante,Total,Over 3.5 golos,30,30.0,0.26666666666666666,0.4422166387140533,0.14182495553910618,0.44448302044311694,0.006666666666666654,,,,,0.2,False
SP1,Levante,Total,Cantos total Over 8.5,30,30.0,0.5,0.5,0.3315385122717376,0.6684614877282624,-0.09666666666666668,,,,,0.6,False
SP1,Levante,Total,Cantos total Over 9.5,30,30.0,0.43333333333333335,0.49553562491061687,0.27377237430615114,0.6080299045459127,-0.036666666666666625,,,,,0.6,False
SP1,Levante,Total,Cantos total Over 10.5,30,30.0,0.4,0.4898979485566356,0.24590394326083398,0.5767994750172617,0.010000000000000009,,,,,0.6,False
SP1,Levante,Total,Cantos equipa Over 4.5,30,30.0,0.23333333333333334,0.42295258468165065,0.11792239210501229,0.40928672330324267,-0.25166666666666665,,,,,0.6,False
SP1,Levante,Total,Cantos equipa Over 5.5,30,30.0,0.2,0.4,0.09504978102401236,0.37306047381027446,-0.15666666666666668,,,,,0.4,False
SP1,Levante,Total,Equipa ganha cantos,30,30.0,0.3,0.458257569495584,0.16664562643958936,0.47876121011660183,-0.16500000000000004,,,,,0.6,False
SP1,Mallorca,Total,Vitória (1X2),30,30.0,0.26666666666666666,0.4422166387140533,0.14182495553910618,0.44448302044311694,-0.10833333333333334,-0.14999999999999994,4.811333333333335,0.20784259387557152,0.2830222222222225,0.4,False
SP1,Mallorca,Total,Over 2.5 golos,30,30.0,0.6666666666666666,0.4714045207910317,0.4877972581383026,0.807697044731538,0.15999999999999992,0.3403333333333334,2.1220000000000003,0.4712535344015079,0.41466666666666696,0.8,False
SP1,Mallorca,Total,Under 2.5 golos,30,30.0,0.3333333333333333,0.4714045207910317,0.19230295526846194,0.5122027418616973,-0.16000000000000003,-0.4736666666666667,1.7846666666666662,0.5603287261860292,-0.4051111111111113,0.2,False
SP1,Mallorca,Total,Handicap Asiático (AH),30,,,,,,,-0.05250000000000002,1.9043333333333334,0.5251181515841064,,,False
SP1,Mallorca,Total,Casa marca (>=1),30,30.0,0.7333333333333333,0.44221663871405337,0.5555169795568831,0.8581750444608938,-0.025000000000000022,,,,,0.8,False
SP1,Mallorca,Total,Clean sheet,30,30.0,0.1,0.30000000000000004,0.03459925995971617,0.2562144131526662,-0.14166666666666666,,,,,0.0,False
SP1,Mallorca,Total,Ambas marcam (BTTS),30,30.0,0.6666666666666666,0.4714045207910317,0.4877972581383026,0.807697044731538,0.10666666666666658,,,,,0.8,False
SP1,Mallorca,Total,Over 1.5 golos,30,30.0,0.8333333333333334,0.3726779962499649,0.6643529481431982,0.9266356575964831,0.046666666666666745,,,,,0.8,False
SP1,Mallorca,Total,Over 3.5 golos,30,30.0,0.23333333333333334,0.42295258468165065,0.11792239210501229,0.40928672330324267,-0.026666666666666672,,,,,0.2,False
SP1,Mallorca,Total,Cantos total Over 8.5,30,30.0,0.8333333333333334,0.3726779962499649,0.6643529481431982,0.9266356575964831,0.2366666666666667,,,,,0.6,True
SP1,Mallorca,Total,Cantos total Over 9.5,30,30.0,0.5666666666666667,0.49553562491061687,0.39197009545408734,0.7262276256938489,0.09666666666666668,,,,,0.6,False
SP1,Mallorca,Total,Cantos total Over 10.5,30,30.0,0.4,0.4898979485566356,0.24590394326083398,0.5767994750172617,0.010000000000000009,,,,,0.2,True
SP1,Mallorca,Total,Cantos equipa Over 4.5,30,30.0,0.3,0.458257569495584,0.16664562643958936,0.47876121011660183,-0.185,,,,,0.4,False
SP1,Mallorca,Total,Cantos equipa Over 5.5,30,30.0,0.1,0.30000000000000004,0.03459925995971617,0.2562144131526662,-0.2566666666666667,,,,,0.2,False
SP1,Mallorca,Total,Equipa ganha cantos,30,30.0,0.2,0.4,0.09504978102401236,0.37306047381027446,-0.265,,,,,0.2,False
SP1,Osasuna,Total,Vitória (1X2),30,30.0,0.3333333333333333,0.4714045207910317,0.19230295526846194,0.5122027418616973,-0.041666666666666685,-0.09000000000000001,3.799,0.26322716504343247,0.2663333333333333,0.2,False
SP1,Osasuna,Total,Over 2.5 golos,30,30.0,0.4666666666666667,0.49888765156985887,0.3023212722412823,0.6385798671847496,-0.040000000000000036,0.034666666666666686,2.1229999999999998,0.4710315591144607,-0.009266666666666756,0.6,False
SP1,Osasuna,Total,Under 2.5 golos,30,30.0,0.5333333333333333,0.49888765156985887,0.36142013281525043,0.6976787277587176,0.03999999999999998,-0.002333333333333328,1.7776666666666672,0.5625351584474028,-0.0519111111111108,0.4,False
SP1,Osasuna,Total,Handicap Asiático (AH),30,,,,,,,0.06766666666666668,1.9546666666666668,0.5115961800818554,,,False
SP1,Osasuna,Total,Casa marca (>=1),30,30.0,0.6666666666666666,0.4714045207910317,0.4877972581383026,0.807697044731538,-0.09166666666666667,,,,,0.8,False
SP1,Osasuna,Total,Clean sheet,30,30.0,0.23333333333333334,0.42295258468165065,0.11792239210501229,0.40928672330324267,-0.008333333333333331,,,,,0.2,False
SP1,Osasuna,Total,Ambas marcam (BTTS),30,30.0,0.5,0.5,0.3315385122717376,0.6684614877282624,-0.06000000000000005,,,,,0.6,False
SP1,Osasuna,Total,Over 1.5 golos,30,30.0,0.6666666666666666,0.4714045207910317,0.4877972581383026,0.807697044731538,-0.12,,,,,0.6,False
SP1,Osasuna,Total,Over 3.5 golos,30,30.0,0.3,0.458257569495584,0.16664562643958936,0.47876121011660183,0.03999999999999998,,,,,0.6,False
SP1,Osasuna,Total,Cantos total Over 8.5,30,30.0,0.4,0.4898979485566356,0.24590394326083398,0.5767994750172617,-0.19666666666666666,,,,,0.2,True
SP1,Osasuna,Total,Cantos total Over 9.5,30,30.0,0.26666666666666666,0.4422166387140533,0.14182495553910618,0.44448302044311694,-0.2033333333333333,,,,,0.0,True
SP1,Osasuna,Total,Cantos total Over 10.5,30,30.0,0.1,0.30000000000000004,0.03459925995971617,0.2562144131526662,-0.29000000000000004,,,,,0.0,False
SP1,Osasuna,Total,Cantos equipa Over 4.5,30,30.0,0.3,0.458257569495584,0.16664562643958936,0.47876121011660183,-0.185,,,,,0.6,False
SP1,Osasuna,Total,Cantos equipa Over 5.5,30,30.0,0.23333333333333334,0.42295258468165065,0.11792239210501229,0.40928672330324267,-0.12333333333333335,,,,,0.4,False
SP1,Osasuna,Total,Equipa ganha cantos,30,30.0,0.3,0.458257569495584,0.16664562643958936,0.47876121011660183,-0.16500000000000004,,,,,0.6,False
SP1,Oviedo,Total,Vitória (1X2),30,30.0,0.16666666666666666,0.37267799624996495,0.07336434240351683,0.33564705185680177,-0.20833333333333334,-0.4356666666666667,5.534666666666667,0.18067935437244034,-0.07755555555555549,0.4,False
SP1,Oviedo,Total,Over 2.5 golos,30,30.0,0.36666666666666664,0.4818944098266986,0.21873702204017684,0.5448675356639506,-0.14000000000000007,-0.28933333333333333,2.1489999999999996,0.4653327128897162,-0.21203333333333352,0.4,False
SP1,Oviedo,Total,Under 2.5 golos,30,30.0,0.6333333333333333,0.4818944098266987,0.4551324643360493,0.7812629779598231,0.13999999999999996,0.028333333333333335,1.7729999999999997,0.5640157924421885,0.12289999999999979,0.6,False
SP1,Oviedo,Total,Handicap Asiático (AH),30,,,,,,,-0.07500000000000001,1.9733333333333332,0.5067567567567568,,,False
SP1,Oviedo,Total,Casa marca (>=1),30,30.0,0.4666666666666667,0.49888765156985887,0.3023212722412823,0.6385798671847496,-0.29166666666666663,,,,,0.8,False
SP1,Oviedo,Total,Clean sheet,30,30.0,0.26666666666666666,0.4422166387140533,0.14182495553910618,0.44448302044311694,0.024999999999999994,,,,,0.4,False
SP1,Oviedo,Total,Ambas marcam (BTTS),30,30.0,0.3333333333333333,0.4714045207910317,0.19230295526846194,0.5122027418616973,-0.22666666666666674,,,,,0.4,False
SP1,Oviedo,Total,Over 1.5 golos,30,30.0,0.6333333333333333,0.4818944098266987,0.4551324643360493,0.7812629779598231,-0.15333333333333332,,,,,0.6,False
SP1,Oviedo,Total,Over 3.5 golos,30,30.0,0.2,0.4,0.09504978102401236,0.37306047381027446,-0.06,,,,,0.2,False
SP1,Oviedo,Total,Cantos total Over 8.5,30,30.0,0.6333333333333333,0.4818944098266987,0.4551324643360493,0.7812629779598231,0.036666666666666625,,,,,0.6,False
SP1,Oviedo,Total,Cantos total Over 9.5,30,30.0,0.5333333333333333,0.49888765156985887,0.36142013281525043,0.6976787277587176,0.06333333333333335,,,,,0.6,False
SP1,Oviedo,Total,Cantos total Over 10.5,30,30.0,0.5,0.5,0.3315385122717376,0.6684614877282624,0.10999999999999999,,,,,0.6,False
SP1,Oviedo,Total,Cantos equipa Over 4.5,30,30.0,0.3333333333333333,0.4714045207910317,0.19230295526846194,0.5122027418616973,-0.15166666666666667,,,,,0.2,False
SP1,Oviedo,Total,Cantos equipa Over 5.5,30,30.0,0.23333333333333334,0.42295258468165065,0.11792239210501229,0.40928672330324267,-0.12333333333333335,,,,,0.0,True
SP1,Oviedo,Total,Equipa ganha cantos,30,30.0,0.26666666666666666,0.4422166387140533,0.14182495553910618,0.44448302044311694,-0.19833333333333336,,,,,0.0,True
SP1,Real Madrid,Total,Vitória (1X2),30,30.0,0.7333333333333333,0.44221663871405337,0.5555169795568831,0.8581750444608938,0.3583333333333333,0.08566666666666664,1.4959999999999996,0.6684491978609628,0.09706666666666619,0.6,False
SP1,Real Madrid,Total,Over 2.5 golos,30,30.0,0.6333333333333333,0.4818944098266987,0.4551324643360493,0.7812629779598231,0.1266666666666666,-0.01633333333333335,1.5330000000000001,0.6523157208088715,-0.029100000000000015,0.8,False
SP1,Real Madrid,Total,Under 2.5 golos,30,30.0,0.36666666666666664,0.4818944098266986,0.21873702204017684,0.5448675356639506,-0.1266666666666667,-0.03099999999999999,2.5210000000000004,0.39666798889329624,-0.07563333333333322,0.2,True
SP1,Real Madrid,Total,Handicap Asiático (AH),30,,,,,,,-0.009333333333333341,1.9963333333333333,0.5009183503088996,,,False
SP1,Real Madrid,Total,Casa marca (>=1),30,30.0,0.9,0.3,0.7437855868473338,0.9654007400402839,0.14166666666666672,,,,,0.8,False
SP1,Real Madrid,Total,Clean sheet,30,30.0,0.36666666666666664,0.4818944098266986,0.21873702204017684,0.5448675356639506,0.12499999999999997,,,,,0.0,True
SP1,Real Madrid,Total,Ambas marcam (BTTS),30,30.0,0.5666666666666667,0.49553562491061687,0.39197009545408734,0.7262276256938489,0.006666666666666599,,,,,0.8,False
SP1,Real Madrid,Total,Over 1.5 golos,30,30.0,0.8666666666666667,0.339934634239519,0.7031831605558306,0.9469043057578189,0.08000000000000007,,,,,0.8,False
SP1,Real Madrid,Total,Over 3.5 golos,30,30.0,0.3,0.458257569495584,0.16664562643958936,0.47876121011660183,0.03999999999999998,,,,,0.4,False
SP1,Real Madrid,Total,Cantos total Over 8.5,30,30.0,0.6666666666666666,0.4714045207910317,0.4877972581383026,0.807697044731538,0.06999999999999995,,,,,0.6,False
SP1,Real Madrid,Total,Cantos total Over 9.5,30,30.0,0.5333333333333333,0.49888765156985887,0.36142013281525043,0.6976787277587176,0.06333333333333335,,,,,0.4,False
SP1,Real Madrid,Total,Cantos total Over 10.5,30,30.0,0.36666666666666664,0.4818944098266986,0.21873702204017684,0.5448675356639506,-0.023333333333333373,,,,,0.2,True
SP1,Real Madrid,Total,Cantos equipa Over 4.5,30,30.0,0.7333333333333333,0.44221663871405337,0.5555169795568831,0.8581750444608938,0.2483333333333333,,,,,0.6,False
SP1,Real Madrid,Total,Cantos equipa Over 5.5,30,30.0,0.6,0.4898979485566356,0.42320052498273836,0.754096056739166,0.2433333333333333,,,,,0.4,True
SP1,Real Madrid,Total,Equipa ganha cantos,30,30.0,0.7666666666666667,0.42295258468165065,0.5907132766967573,0.8820776078949878,0.3016666666666667,,,,,0.8,False
SP1,Sevilla,Total,Vitória (1X2),30,30.0,0.26666666666666666,0.4422166387140533,0.14182495553910618,0.44448302044311694,-0.10833333333333334,-0.13000000000000003,3.7249999999999996,0.2684563758389262,-0.00666666666666671,0.0,True
SP1,Sevilla,Total,Over 2.5 golos,30,30.0,0.5666666666666667,0.49553562491061687,0.39197009545408734,0.7262276256938489,0.05999999999999994,0.13666666666666666,2.0566666666666666,0.4862236628849271,0.16544444444444428,0.4,True
SP1,Sevilla,Total,Under 2.5 golos,30,30.0,0.43333333333333335,0.49553562491061687,0.27377237430615114,0.6080299045459127,-0.06,-0.23599999999999996,1.8300000000000003,0.5464480874316939,-0.20699999999999985,0.6,False
SP1,Sevilla,Total,Handicap Asiático (AH),30,,,,,,,-0.2258333333333333,1.855,0.5390835579514824,,,False
SP1,Sevilla,Total,Casa marca (>=1),30,30.0,0.7666666666666667,0.42295258468165065,0.5907132766967573,0.8820776078949878,0.008333333333333415,,,,,0.6,True
SP1,Sevilla,Total,Clean sheet,30,30.0,0.16666666666666666,0.37267799624996495,0.07336434240351683,0.33564705185680177,-0.07500000000000001,,,,,0.0,True
SP1,Sevilla,Total,Ambas marcam (BTTS),30,30.0,0.6,0.4898979485566356,0.42320052498273836,0.754096056739166,0.039999999999999925,,,,,0.6,False
SP1,Sevilla,Total,Over 1.5 golos,30,30.0,0.8333333333333334,0.3726779962499649,0.6643529481431982,0.9266356575964831,0.046666666666666745,,,,,0.8,False
SP1,Sevilla,Total,Over 3.5 golos,30,30.0,0.3,0.458257569495584,0.16664562643958936,0.47876121011660183,0.03999999999999998,,,,,0.4,False
SP1,Sevilla,Total,Cantos total Over 8.5,30,30.0,0.5333333333333333,0.49888765156985887,0.36142013281525043,0.6976787277587176,-0.06333333333333335,,,,,0.2,True
SP1,Sevilla,Total,Cantos total Over 9.5,30,30.0,0.5333333333333333,0.49888765156985887,0.36142013281525043,0.6976787277587176,0.06333333333333335,,,,,0.2,True
SP1,Sevilla,Total,Cantos total Over 10.5,30,30.0,0.43333333333333335,0.49553562491061687,0.27377237430615114,0.6080299045459127,0.043333333333333335,,,,,0.2,True
SP1,Sevilla,Total,Cantos equipa Over 4.5,30,30.0,0.5666666666666667,0.49553562491061687,0.39197009545408734,0.7262276256938489,0.08166666666666667,,,,,0.4,True
SP1,Sevilla,Total,Cantos equipa Over 5.5,30,30.0,0.3333333333333333,0.4714045207910317,0.19230295526846194,0.5122027418616973,-0.023333333333333373,,,,,0.4,False
SP1,Sevilla,Total,Equipa ganha cantos,30,30.0,0.43333333333333335,0.49553562491061687,0.27377237430615114,0.6080299045459127,-0.031666666666666676,,,,,0.6,False
SP1,Sociedad,Total,Vitória (1X2),30,30.0,0.36666666666666664,0.4818944098266986,0.21873702204017684,0.5448675356639506,-0.00833333333333336,-0.13266666666666665,3.1559999999999993,0.3168567807351078,0.15719999999999956,0.6,False
SP1,Sociedad,Total,Over 2.5 golos,30,30.0,0.6,0.4898979485566356,0.42320052498273836,0.754096056739166,0.09333333333333327,0.14766666666666664,2.0069999999999997,0.49825610363726963,0.20419999999999972,0.6,False
SP1,Sociedad,Total,Under 2.5 golos,30,30.0,0.4,0.4898979485566356,0.24590394326083398,0.5767994750172617,-0.09333333333333332,-0.32133333333333336,1.8739999999999999,0.5336179295624334,-0.25040000000000007,0.4,False
SP1,Sociedad,Total,Handicap Asiático (AH),30,,,,,,,0.056499999999999995,1.884666666666667,0.5305978068623982,,,False
SP1,Sociedad,Total,Casa marca (>=1),30,30.0,0.9,0.3,0.7437855868473338,0.9654007400402839,0.14166666666666672,,,,,1.0,False
SP1,Sociedad,Total,Clean sheet,30,30.0,0.1,0.30000000000000004,0.03459925995971617,0.2562144131526662,-0.14166666666666666,,,,,0.4,False
SP1,Sociedad,Total,Ambas marcam (BTTS),30,30.0,0.8,0.39999999999999997,0.6269395261897257,0.9049502189759876,0.24,,,,,0.6,True
SP1,Sociedad,Total,Over 1.5 golos,30,30.0,0.8333333333333334,0.3726779962499649,0.6643529481431982,0.9266356575964831,0.046666666666666745,,,,,0.8,False
SP1,Sociedad,Total,Over 3.5 golos,30,30.0,0.4,0.4898979485566356,0.24590394326083398,0.5767994750172617,0.14,,,,,0.6,False
SP1,Sociedad,Total,Cantos total Over 8.5,30,30.0,0.7,0.45825756949558405,0.5212387898833981,0.8333543735604106,0.10333333333333328,,,,,0.8,False
SP1,Sociedad,Total,Cantos total Over 9.5,30,30.0,0.6,0.4898979485566356,0.42320052498273836,0.754096056739166,0.13,,,,,0.4,True
SP1,Sociedad,Total,Cantos total Over 10.5,30,30.0,0.4666666666666667,0.49888765156985887,0.3023212722412823,0.6385798671847496,0.07666666666666666,,,,,0.2,True
SP1,Sociedad,Total,Cantos equipa Over 4.5,30,30.0,0.6333333333333333,0.4818944098266987,0.4551324643360493,0.7812629779598231,0.14833333333333332,,,,,0.6,False
SP1,Sociedad,Total,Cantos equipa Over 5.5,30,30.0,0.5333333333333333,0.49888765156985887,0.36142013281525043,0.6976787277587176,0.17666666666666664,,,,,0.4,False
SP1,Sociedad,Total,Equipa ganha cantos,30,30.0,0.6333333333333333,0.4818944098266987,0.4551324643360493,0.7812629779598231,0.16833333333333328,,,,,0.6,False
SP1,Valencia,Total,Vitória (1X2),30,30.0,0.3,0.458257569495584,0.16664562643958936,0.47876121011660183,-0.07500000000000001,-0.2263333333333333,3.8816666666666673,0.25762129669385997,0.1645000000000003,0.6,False
SP1,Valencia,Total,Over 2.5 golos,30,30.0,0.43333333333333335,0.49553562491061687,0.27377237430615114,0.6080299045459127,-0.07333333333333336,-0.13933333333333334,2.1103333333333336,0.4738587900805559,-0.08552222222222206,0.4,False
SP1,Valencia,Total,Under 2.5 golos,30,30.0,0.5666666666666667,0.49553562491061687,0.39197009545408734,0.7262276256938489,0.0733333333333333,-0.04566666666666667,1.799666666666667,0.5556584552694943,0.019811111111111224,0.6,False
SP1,Valencia,Total,Handicap Asiático (AH),30,,,,,,,-0.07283333333333332,1.883,0.5310674455655868,,,False
SP1,Valencia,Total,Casa marca (>=1),30,30.0,0.7666666666666667,0.42295258468165065,0.5907132766967573,0.8820776078949878,0.008333333333333415,,,,,0.8,False
SP1,Valencia,Total,Clean sheet,30,30.0,0.26666666666666666,0.4422166387140533,0.14182495553910618,0.44448302044311694,0.024999999999999994,,,,,0.4,False
SP1,Valencia,Total,Ambas marcam (BTTS),30,30.0,0.5333333333333333,0.49888765156985887,0.36142013281525043,0.6976787277587176,-0.026666666666666727,,,,,0.4,False
SP1,Valencia,Total,Over 1.5 golos,30,30.0,0.8,0.39999999999999997,0.6269395261897257,0.9049502189759876,0.01333333333333342,,,,,0.6,True
SP1,Valencia,Total,Over 3.5 golos,30,30.0,0.23333333333333334,0.42295258468165065,0.11792239210501229,0.40928672330324267,-0.026666666666666672,,,,,0.4,False
SP1,Valencia,Total,Cantos total Over 8.5,30,30.0,0.6333333333333333,0.4818944098266987,0.4551324643360493,0.7812629779598231,0.036666666666666625,,,,,0.6,False
SP1,Valencia,Total,Cantos total Over 9.5,30,30.0,0.43333333333333335,0.49553562491061687,0.27377237430615114,0.6080299045459127,-0.036666666666666625,,,,,0.4,False
SP1,Valencia,Total,Cantos total Over 10.5,30,30.0,0.43333333333333335,0.49553562491061687,0.27377237430615114,0.6080299045459127,0.043333333333333335,,,,,0.4,False
SP1,Valencia,Total,Cantos equipa Over 4.5,30,30.0,0.6,0.4898979485566356,0.42320052498273836,0.754096056739166,0.11499999999999999,,,,,0.8,False
SP1,Valencia,Total,Cantos equipa Over 5.5,30,30.0,0.4,0.4898979485566356,0.24590394326083398,0.5767994750172617,0.043333333333333335,,,,,0.6,False
SP1,Valencia,Total,Equipa ganha cantos,30,30.0,0.6,0.4898979485566356,0.42320052498273836,0.754096056739166,0.13499999999999995,,,,,1.0,False
SP1,Vallecano,Total,Vitória (1X2),30,30.0,0.26666666666666666,0.4422166387140533,0.14182495553910618,0.44448302044311694,-0.10833333333333334,-0.3063333333333333,3.657666666666666,0.27339834138339564,-0.024622222222222323,0.4,False
SP1,Vallecano,Total,Over 2.5 golos,30,30.0,0.36666666666666664,0.4818944098266986,0.21873702204017684,0.5448675356639506,-0.14000000000000007,-0.2533333333333333,2.0476666666666663,0.488360735796842,-0.24918888888888913,0.2,True
SP1,Vallecano,Total,Under 2.5 golos,30,30.0,0.6333333333333333,0.4818944098266987,0.4551324643360493,0.7812629779598231,0.13999999999999996,0.16966666666666666,1.8293333333333335,0.5466472303206996,0.15857777777777793,0.8,False
SP1,Vallecano,Total,Handicap Asiático (AH),30,,,,,,,-0.03133333333333333,1.8669999999999998,0.5356186395286556,,,False
SP1,Vallecano,Total,Casa marca (>=1),30,30.0,0.6333333333333333,0.4818944098266987,0.4551324643360493,0.7812629779598231,-0.125,,,,,0.8,False
SP1,Vallecano,Total,Clean sheet,30,30.0,0.3,0.458257569495584,0.16664562643958936,0.47876121011660183,0.05833333333333332,,,,,0.4,False
SP1,Vallecano,Total,Ambas marcam (BTTS),30,30.0,0.43333333333333335,0.49553562491061687,0.27377237430615114,0.6080299045459127,-0.1266666666666667,,,,,0.4,False
SP1,Vallecano,Total,Over 1.5 golos,30,30.0,0.6666666666666666,0.4714045207910317,0.4877972581383026,0.807697044731538,-0.12,,,,,0.6,False
SP1,Vallecano,Total,Over 3.5 golos,30,30.0,0.16666666666666666,0.37267799624996495,0.07336434240351683,0.33564705185680177,-0.09333333333333335,,,,,0.0,True
SP1,Vallecano,Total,Cantos total Over 8.5,30,30.0,0.7666666666666667,0.42295258468165065,0.5907132766967573,0.8820776078949878,0.17000000000000004,,,,,0.8,False
SP1,Vallecano,Total,Cantos total Over 9.5,30,30.0,0.6333333333333333,0.4818944098266987,0.4551324643360493,0.7812629779598231,0.16333333333333333,,,,,0.8,False
SP1,Vallecano,Total,Cantos total Over 10.5,30,30.0,0.6333333333333333,0.4818944098266987,0.4551324643360493,0.7812629779598231,0.2433333333333333,,,,,0.8,False
SP1,Vallecano,Total,Cantos equipa Over 4.5,30,30.0,0.7333333333333333,0.44221663871405337,0.5555169795568831,0.8581750444608938,0.2483333333333333,,,,,0.8,False
SP1,Vallecano,Total,Cantos equipa Over 5.5,30,30.0,0.4666666666666667,0.49888765156985887,0.3023212722412823,0.6385798671847496,0.10999999999999999,,,,,0.6,False
SP1,Vallecano,Total,Equipa ganha cantos,30,30.0,0.6666666666666666,0.4714045207910317,0.4877972581383026,0.807697044731538,0.2016666666666666,,,,,0.6,False
SP1,Villarreal,Total,Vitória (1X2),30,30.0,0.6,0.4898979485566356,0.42320052498273836,0.754096056739166,0.22499999999999998,0.092,2.4676666666666667,0.40524111846548694,0.48060000000000014,0.4,True
SP1,Villarreal,Total,Over 2.5 golos,30,30.0,0.5666666666666667,0.49553562491061687,0.39197009545408734,0.7262276256938489,0.05999999999999994,-0.01733333333333335,1.7283333333333333,0.5785920925747349,-0.020611111111111247,0.6,False
SP1,Villarreal,Total,Under 2.5 golos,30,30.0,0.43333333333333335,0.49553562491061687,0.27377237430615114,0.6080299045459127,-0.06,-0.06133333333333333,2.152666666666667,0.46454010529575707,-0.06717777777777745,0.4,False
SP1,Villarreal,Total,Handicap Asiático (AH),30,,,,,,,0.1885,1.9619999999999997,0.5096839959225281,,,False
SP1,Villarreal,Total,Casa marca (>=1),30,30.0,0.8333333333333334,0.3726779962499649,0.6643529481431982,0.9266356575964831,0.07500000000000007,,,,,0.8,False
SP1,Villarreal,Total,Clean sheet,30,30.0,0.26666666666666666,0.4422166387140533,0.14182495553910618,0.44448302044311694,0.024999999999999994,,,,,0.0,True
SP1,Villarreal,Total,Ambas marcam (BTTS),30,30.0,0.5666666666666667,0.49553562491061687,0.39197009545408734,0.7262276256938489,0.006666666666666599,,,,,0.8,False
SP1,Villarreal,Total,Over 1.5 golos,30,30.0,0.9,0.3,0.7437855868473338,0.9654007400402839,0.1133333333333334,,,,,0.8,False
SP1,Villarreal,Total,Over 3.5 golos,30,30.0,0.36666666666666664,0.4818944098266986,0.21873702204017684,0.5448675356639506,0.10666666666666663,,,,,0.4,False
SP1,Villarreal,Total,Cantos total Over 8.5,30,30.0,0.4666666666666667,0.49888765156985887,0.3023212722412823,0.6385798671847496,-0.13,,,,,0.6,False
SP1,Villarreal,Total,Cantos total Over 9.5,30,30.0,0.36666666666666664,0.4818944098266986,0.21873702204017684,0.5448675356639506,-0.10333333333333333,,,,,0.4,False
SP1,Villarreal,Total,Cantos total Over 10.5,30,30.0,0.3,0.458257569495584,0.16664562643958936,0.47876121011660183,-0.09000000000000002,,,,,0.2,False
SP1,Villarreal,Total,Cantos equipa Over 4.5,30,30.0,0.4,0.4898979485566356,0.24590394326083398,0.5767994750172617,-0.08499999999999996,,,,,0.0,True
SP1,Villarreal,Total,Cantos equipa Over 5.5,30,30.0,0.16666666666666666,0.37267799624996495,0.07336434240351683,0.33564705185680177,-0.19000000000000003,,,,,0.0,True
SP1,Villarreal,Total,Equipa ganha cantos,30,30.0,0.3333333333333333,0.4714045207910317,0.19230295526846194,0.5122027418616973,-0.1316666666666667,,,,,0.0,True
