league,team,scope,market,jogos,n_eventos,hit_rate,hit_std,wilson_lo,wilson_hi,edge_vs_liga,roi_unid_por_aposta,odds_avg,prob_impl,value_estimado,form_recent_5,alerta_tendencia_inversa
F1,Angers,Fora,Vitória (1X2),14,14.0,0.21428571428571427,0.41032590332414487,0.07571248336916371,0.4758972377320828,-0.17017643710870803,-0.08714285714285719,7.602142857142857,0.13154185849854366,0.6290306122448976,0.2,False
F1,Angers,Fora,Over 2.5 golos,14,14.0,0.2857142857142857,0.45175395145262565,0.11721187910109102,0.546495411724844,-0.2242458736482641,-0.48285714285714293,1.8550000000000002,0.5390835579514824,-0.47,0.2,False
F1,Angers,Fora,Under 2.5 golos,14,14.0,0.7142857142857143,0.45175395145262565,0.4535045882751561,0.882788120898909,0.2242458736482641,0.4564285714285714,2.039285714285714,0.49036777583187396,0.45663265306122436,0.8,False
F1,Angers,Fora,Handicap Asiático (AH),14,,,,,,,0.15964285714285711,1.8892857142857145,0.5293005671077504,,,False
F1,Angers,Fora,Casa marca (>=1),14,14.0,0.5,0.5,0.2679886791947528,0.7320113208052473,-0.20318725099601598,,,,,0.4,False
F1,Angers,Fora,Clean sheet,14,14.0,0.2857142857142857,0.45175395145262565,0.11721187910109102,0.546495411724844,-0.01109846328969838,,,,,0.4,False
F1,Angers,Fora,Ambas marcam (BTTS),14,14.0,0.2857142857142857,0.45175395145262565,0.11721187910109102,0.546495411724844,-0.2003414911781446,,,,,0.2,False
F1,Angers,Fora,Over 1.5 golos,14,14.0,0.5,0.5,0.2679886791947528,0.7320113208052473,-0.20119521912350602,,,,,0.6,False
F1,Angers,Fora,Over 3.5 golos,14,14.0,0.21428571428571427,0.41032590332414487,0.07571248336916371,0.4758972377320828,-0.10842344906089926,,,,,0.2,False
F1,Angers,Fora,Cantos total Over 8.5,14,14.0,0.42857142857142855,0.49487165930539345,0.21380509930400526,0.6740973309713064,-0.1371656232214002,,,,,0.2,True
F1,Angers,Fora,Cantos total Over 9.5,14,14.0,0.42857142857142855,0.49487165930539345,0.21380509930400526,0.6740973309713064,-0.021627774615822437,,,,,0.2,True
F1,Angers,Fora,Cantos total Over 10.5,14,14.0,0.35714285714285715,0.4791574237499549,0.16344490737202735,0.6123599531785959,0.02646556630620378,,,,,0.0,True
F1,Angers,Fora,Cantos equipa Over 4.5,14,14.0,0.21428571428571427,0.41032590332414487,0.07571248336916371,0.4758972377320828,-0.24786568013659646,,,,,0.0,True
F1,Angers,Fora,Cantos equipa Over 5.5,14,14.0,0.07142857142857142,0.2575393768188564,0.012721886112291648,0.3146926955395781,-0.255264655663062,,,,,0.0,False
F1,Angers,Fora,Equipa ganha cantos,14,14.0,0.21428571428571427,0.41032590332414487,0.07571248336916371,0.4758972377320828,-0.2359134889015367,,,,,0.2,False
F1,Angers,Casa,Vitória (1X2),14,14.0,0.42857142857142855,0.49487165930539345,0.21380509930400526,0.6740973309713064,0.044109277177006245,0.10142857142857142,3.4757142857142855,0.2877106452938759,0.48959183673469364,0.4,False
F1,Angers,Casa,Over 2.5 golos,14,14.0,0.21428571428571427,0.41032590332414487,0.07571248336916371,0.4758972377320828,-0.2956744450768355,-0.5785714285714286,2.0428571428571427,0.48951048951048953,-0.5622448979591836,0.0,True
F1,Angers,Casa,Under 2.5 golos,14,14.0,0.7857142857142857,0.4103259033241449,0.5241027622679172,0.9242875166308363,0.2956744450768355,0.3628571428571429,1.7507142857142857,0.5711954304365565,0.3755612244897959,1.0,False
F1,Angers,Casa,Handicap Asiático (AH),14,,,,,,,0.19142857142857145,1.840714285714286,0.5432673651532789,,,False
F1,Angers,Casa,Casa marca (>=1),14,14.0,0.7142857142857143,0.45175395145262565,0.4535045882751561,0.882788120898909,0.011098463289698324,,,,,0.4,True
F1,Angers,Casa,Clean sheet,14,14.0,0.42857142857142855,0.49487165930539345,0.21380509930400526,0.6740973309713064,0.13175867956744447,,,,,0.6,False
F1,Angers,Casa,Ambas marcam (BTTS),14,14.0,0.35714285714285715,0.4791574237499549,0.16344490737202735,0.6123599531785959,-0.12891291974957314,,,,,0.0,True
F1,Angers,Casa,Over 1.5 golos,14,14.0,0.6428571428571429,0.4791574237499549,0.3876400468214041,0.8365550926279727,-0.058338076266363115,,,,,0.2,True
F1,Angers,Casa,Over 3.5 golos,14,14.0,0.14285714285714285,0.3499271061118826,0.04009307373792117,0.399419077638637,-0.1798520204894707,,,,,0.0,False
F1,Angers,Casa,Cantos total Over 8.5,14,14.0,0.5,0.5,0.2679886791947528,0.7320113208052473,-0.06573705179282874,,,,,0.4,False
F1,Angers,Casa,Cantos total Over 9.5,14,14.0,0.42857142857142855,0.49487165930539345,0.21380509930400526,0.6740973309713064,-0.021627774615822437,,,,,0.4,False
F1,Angers,Casa,Cantos total Over 10.5,14,14.0,0.21428571428571427,0.41032590332414487,0.07571248336916371,0.4758972377320828,-0.1163915765509391,,,,,0.2,False
F1,Angers,Casa,Cantos equipa Over 4.5,14,14.0,0.35714285714285715,0.4791574237499549,0.16344490737202735,0.6123599531785959,-0.10500853727945358,,,,,0.2,True
F1,Angers,Casa,Cantos equipa Over 5.5,14,14.0,0.35714285714285715,0.4791574237499549,0.16344490737202735,0.6123599531785959,0.030449630051223697,,,,,0.2,True
F1,Angers,Casa,Equipa ganha cantos,14,14.0,0.42857142857142855,0.49487165930539345,0.21380509930400526,0.6740973309713064,-0.021627774615822437,,,,,0.4,False
F1,Auxerre,Fora,Vitória (1X2),14,14.0,0.07142857142857142,0.2575393768188564,0.012721886112291648,0.3146926955395781,-0.3130335799658509,-0.8064285714285714,5.134285714285715,0.19476905954368387,-0.6332653061224489,0.2,False
F1,Auxerre,Fora,Over 2.5 golos,14,14.0,0.35714285714285715,0.4791574237499549,0.16344490737202735,0.6123599531785959,-0.15281730221969264,-0.3121428571428572,1.9085714285714286,0.5239520958083832,-0.31836734693877544,0.4,False
F1,Auxerre,Fora,Under 2.5 golos,14,14.0,0.6428571428571429,0.4791574237499549,0.3876400468214041,0.8365550926279727,0.1528173022196927,0.29,1.952142857142857,0.5122575923893158,0.2549489795918367,0.6,False
F1,Auxerre,Fora,Handicap Asiático (AH),14,,,,,,,0.027142857142857153,1.874285714285714,0.5335365853658537,,,False
F1,Auxerre,Fora,Casa marca (>=1),14,14.0,0.42857142857142855,0.49487165930539345,0.21380509930400526,0.6740973309713064,-0.27461582242458743,,,,,0.6,False
F1,Auxerre,Fora,Clean sheet,14,14.0,0.07142857142857142,0.2575393768188564,0.012721886112291648,0.3146926955395781,-0.22538417757541265,,,,,0.2,False
F1,Auxerre,Fora,Ambas marcam (BTTS),14,14.0,0.42857142857142855,0.49487165930539345,0.21380509930400526,0.6740973309713064,-0.057484348321001744,,,,,0.6,False
F1,Auxerre,Fora,Over 1.5 golos,14,14.0,0.7142857142857143,0.45175395145262565,0.4535045882751561,0.882788120898909,0.013090495162208282,,,,,0.6,False
F1,Auxerre,Fora,Over 3.5 golos,14,14.0,0.2857142857142857,0.45175395145262565,0.11721187910109102,0.546495411724844,-0.03699487763232784,,,,,0.4,False
F1,Auxerre,Fora,Cantos total Over 8.5,14,14.0,0.5714285714285714,0.4948716593053935,0.3259026690286936,0.7861949006959947,0.005691519635742659,,,,,0.8,False
F1,Auxerre,Fora,Cantos total Over 9.5,14,14.0,0.42857142857142855,0.49487165930539345,0.21380509930400526,0.6740973309713064,-0.021627774615822437,,,,,0.6,False
F1,Auxerre,Fora,Cantos total Over 10.5,14,14.0,0.21428571428571427,0.41032590332414487,0.07571248336916371,0.4758972377320828,-0.1163915765509391,,,,,0.2,False
F1,Auxerre,Fora,Cantos equipa Over 4.5,14,14.0,0.42857142857142855,0.49487165930539345,0.21380509930400526,0.6740973309713064,-0.03357996585088219,,,,,0.4,False
F1,Auxerre,Fora,Cantos equipa Over 5.5,14,14.0,0.21428571428571427,0.41032590332414487,0.07571248336916371,0.4758972377320828,-0.11240751280591918,,,,,0.2,False
F1,Auxerre,Fora,Equipa ganha cantos,14,14.0,0.21428571428571427,0.41032590332414487,0.07571248336916371,0.4758972377320828,-0.2359134889015367,,,,,0.2,False
F1,Auxerre,Casa,Vitória (1X2),14,14.0,0.2857142857142857,0.45175395145262565,0.11721187910109102,0.546495411724844,-0.0987478656801366,-0.34,3.6649999999999996,0.2728512960436562,0.04714285714285715,0.2,False
F1,Auxerre,Casa,Over 2.5 golos,14,14.0,0.42857142857142855,0.49487165930539345,0.21380509930400526,0.6740973309713064,-0.08138873079112124,-0.20428571428571424,1.872857142857143,0.5339435545385202,-0.19734693877551013,0.4,False
F1,Auxerre,Casa,Under 2.5 golos,14,14.0,0.5714285714285714,0.4948716593053935,0.3259026690286936,0.7861949006959947,0.08138873079112119,0.08714285714285712,1.9157142857142857,0.5219985085756897,0.09469387755102043,0.6,False
F1,Auxerre,Casa,Handicap Asiático (AH),14,,,,,,,0.14178571428571426,1.8692857142857142,0.5349636988918609,,,False
F1,Auxerre,Casa,Casa marca (>=1),14,14.0,0.5,0.5,0.2679886791947528,0.7320113208052473,-0.20318725099601598,,,,,0.2,True
F1,Auxerre,Casa,Clean sheet,14,14.0,0.42857142857142855,0.49487165930539345,0.21380509930400526,0.6740973309713064,0.13175867956744447,,,,,0.6,False
F1,Auxerre,Casa,Ambas marcam (BTTS),14,14.0,0.2857142857142857,0.45175395145262565,0.11721187910109102,0.546495411724844,-0.2003414911781446,,,,,0.0,True
F1,Auxerre,Casa,Over 1.5 golos,14,14.0,0.42857142857142855,0.49487165930539345,0.21380509930400526,0.6740973309713064,-0.27262379055207747,,,,,0.4,False
F1,Auxerre,Casa,Over 3.5 golos,14,14.0,0.14285714285714285,0.3499271061118826,0.04009307373792117,0.399419077638637,-0.1798520204894707,,,,,0.0,False
F1,Auxerre,Casa,Cantos total Over 8.5,14,14.0,0.7142857142857143,0.45175395145262565,0.4535045882751561,0.882788120898909,0.14854866249288556,,,,,1.0,False
F1,Auxerre,Casa,Cantos total Over 9.5,14,14.0,0.35714285714285715,0.4791574237499549,0.16344490737202735,0.6123599531785959,-0.09305634604439383,,,,,0.2,True
F1,Auxerre,Casa,Cantos total Over 10.5,14,14.0,0.35714285714285715,0.4791574237499549,0.16344490737202735,0.6123599531785959,0.02646556630620378,,,,,0.2,True
F1,Auxerre,Casa,Cantos equipa Over 4.5,14,14.0,0.5714285714285714,0.4948716593053935,0.3259026690286936,0.7861949006959947,0.10927717700626066,,,,,0.6,False
F1,Auxerre,Casa,Cantos equipa Over 5.5,14,14.0,0.35714285714285715,0.4791574237499549,0.16344490737202735,0.6123599531785959,0.030449630051223697,,,,,0.4,False
F1,Auxerre,Casa,Equipa ganha cantos,14,14.0,0.42857142857142855,0.49487165930539345,0.21380509930400526,0.6740973309713064,-0.021627774615822437,,,,,0.6,False
F1,Brest,Fora,Vitória (1X2),14,14.0,0.21428571428571427,0.41032590332414487,0.07571248336916371,0.4758972377320828,-0.17017643710870803,-0.3921428571428572,3.784285714285715,0.26425066062665153,-0.18908163265306122,0.2,False
F1,Brest,Fora,Over 2.5 golos,14,14.0,0.5714285714285714,0.4948716593053935,0.3259026690286936,0.7861949006959947,0.061468412066021605,0.027142857142857135,1.8214285714285712,0.5490196078431373,0.04081632653061207,0.4,True
F1,Brest,Fora,Under 2.5 golos,14,14.0,0.42857142857142855,0.49487165930539345,0.21380509930400526,0.6740973309713064,-0.06146841206602166,-0.1828571428571428,1.9464285714285712,0.5137614678899083,-0.1658163265306123,0.6,False
F1,Brest,Fora,Handicap Asiático (AH),14,,,,,,,-0.05785714285714289,2.073571428571428,0.48225973131243555,,,False
F1,Brest,Fora,Casa marca (>=1),14,14.0,0.6428571428571429,0.4791574237499549,0.3876400468214041,0.8365550926279727,-0.06033010813887307,,,,,0.6,False
F1,Brest,Fora,Clean sheet,14,14.0,0.14285714285714285,0.3499271061118826,0.04009307373792117,0.399419077638637,-0.15395560614684123,,,,,0.2,False
F1,Brest,Fora,Ambas marcam (BTTS),14,14.0,0.5,0.5,0.2679886791947528,0.7320113208052473,0.013944223107569709,,,,,0.4,False
F1,Brest,Fora,Over 1.5 golos,14,14.0,0.8571428571428571,0.34992710611188266,0.600580922361363,0.9599069262620787,0.15594763801935108,,,,,0.8,False
F1,Brest,Fora,Over 3.5 golos,14,14.0,0.2857142857142857,0.45175395145262565,0.11721187910109102,0.546495411724844,-0.03699487763232784,,,,,0.2,False
F1,Brest,Fora,Cantos total Over 8.5,14,14.0,0.6428571428571429,0.4791574237499549,0.3876400468214041,0.8365550926279727,0.07712009106431417,,,,,1.0,False
F1,Brest,Fora,Cantos total Over 9.5,14,14.0,0.5714285714285714,0.4948716593053935,0.3259026690286936,0.7861949006959947,0.12122936824132041,,,,,0.8,False
F1,Brest,Fora,Cantos total Over 10.5,14,14.0,0.5714285714285714,0.4948716593053935,0.3259026690286936,0.7861949006959947,0.24075128059191803,,,,,0.8,False
F1,Brest,Fora,Cantos equipa Over 4.5,14,14.0,0.2857142857142857,0.45175395145262565,0.11721187910109102,0.546495411724844,-0.17643710870802504,,,,,0.4,False
F1,Brest,Fora,Cantos equipa Over 5.5,14,14.0,0.21428571428571427,0.41032590332414487,0.07571248336916371,0.4758972377320828,-0.11240751280591918,,,,,0.2,False
F1,Brest,Fora,Equipa ganha cantos,14,14.0,0.21428571428571427,0.41032590332414487,0.07571248336916371,0.4758972377320828,-0.2359134889015367,,,,,0.2,False
F1,Brest,Casa,Vitória (1X2),14,14.0,0.5,0.5,0.2679886791947528,0.7320113208052473,0.1155378486055777,0.24499999999999997,2.983571428571429,0.33516878142207324,0.4917857142857145,0.6,False
F1,Brest,Casa,Over 2.5 golos,14,14.0,0.42857142857142855,0.49487165930539345,0.21380509930400526,0.6740973309713064,-0.08138873079112124,-0.2592857142857143,1.802857142857143,0.554675118858954,-0.22734693877551027,0.2,True
F1,Brest,Casa,Under 2.5 golos,14,14.0,0.5714285714285714,0.4948716593053935,0.3259026690286936,0.7861949006959947,0.08138873079112119,0.10214285714285712,1.9942857142857142,0.501432664756447,0.13959183673469377,0.8,False
F1,Brest,Casa,Handicap Asiático (AH),14,,,,,,,0.12642857142857147,1.8571428571428572,0.5384615384615384,,,False
F1,Brest,Casa,Casa marca (>=1),14,14.0,0.7142857142857143,0.45175395145262565,0.4535045882751561,0.882788120898909,0.011098463289698324,,,,,0.8,False
F1,Brest,Casa,Clean sheet,14,14.0,0.5,0.5,0.2679886791947528,0.7320113208052473,0.20318725099601592,,,,,0.6,False
F1,Brest,Casa,Ambas marcam (BTTS),14,14.0,0.35714285714285715,0.4791574237499549,0.16344490737202735,0.6123599531785959,-0.12891291974957314,,,,,0.2,True
F1,Brest,Casa,Over 1.5 golos,14,14.0,0.7857142857142857,0.4103259033241449,0.5241027622679172,0.9242875166308363,0.08451906659077968,,,,,1.0,False
F1,Brest,Casa,Over 3.5 golos,14,14.0,0.2857142857142857,0.45175395145262565,0.11721187910109102,0.546495411724844,-0.03699487763232784,,,,,0.2,False
F1,Brest,Casa,Cantos total Over 8.5,14,14.0,0.5,0.5,0.2679886791947528,0.7320113208052473,-0.06573705179282874,,,,,0.4,False
F1,Brest,Casa,Cantos total Over 9.5,14,14.0,0.35714285714285715,0.4791574237499549,0.16344490737202735,0.6123599531785959,-0.09305634604439383,,,,,0.4,False
F1,Brest,Casa,Cantos total Over 10.5,14,14.0,0.2857142857142857,0.45175395145262565,0.11721187910109102,0.546495411724844,-0.04496300512236767,,,,,0.2,False
F1,Brest,Casa,Cantos equipa Over 4.5,14,14.0,0.42857142857142855,0.49487165930539345,0.21380509930400526,0.6740973309713064,-0.03357996585088219,,,,,0.2,True
F1,Brest,Casa,Cantos equipa Over 5.5,14,14.0,0.42857142857142855,0.49487165930539345,0.21380509930400526,0.6740973309713064,0.1018782014797951,,,,,0.2,True
F1,Brest,Casa,Equipa ganha cantos,14,14.0,0.5,0.5,0.2679886791947528,0.7320113208052473,0.049800796812749015,,,,,0.4,False
F1,Le Havre,Fora,Vitória (1X2),13,13.0,0.07692307692307693,0.2664693550105965,0.013710066379696304,0.3331453392824736,-0.3075390744713454,-0.7376923076923076,5.876923076923077,0.1701570680628272,-0.5479289940828402,0.0,False
F1,Le Havre,Fora,Over 2.5 golos,13,13.0,0.3076923076923077,0.46153846153846156,0.1268049716161809,0.5763111218666236,-0.20226785167024208,-0.4907692307692307,1.814615384615384,0.5510809665112337,-0.4416568047337279,0.2,False
F1,Le Havre,Fora,Under 2.5 golos,13,13.0,0.6923076923076923,0.46153846153846156,0.4236888781333764,0.873195028383819,0.20226785167024208,0.3053846153846154,1.9976923076923074,0.5005775895263767,0.3830177514792896,0.8,False
F1,Le Havre,Fora,Handicap Asiático (AH),13,,,,,,,-0.19076923076923077,1.8515384615384616,0.540091400083091,,,False
F1,Le Havre,Fora,Casa marca (>=1),13,13.0,0.38461538461538464,0.4865042554105199,0.17709446581236818,0.6447751902773147,-0.31857186638063134,,,,,0.4,False
F1,Le Havre,Fora,Clean sheet,13,13.0,0.23076923076923078,0.42132504423474315,0.08179379092465708,0.5025687399512693,-0.0660435182347533,,,,,0.0,True
F1,Le Havre,Fora,Ambas marcam (BTTS),13,13.0,0.3076923076923077,0.46153846153846156,0.1268049716161809,0.5763111218666236,-0.17836346920012258,,,,,0.4,False
F1,Le Havre,Fora,Over 1.5 golos,13,13.0,0.5384615384615384,0.4985185152621431,0.29143432431832045,0.7679424569851186,-0.16273368066196758,,,,,0.8,False
F1,Le Havre,Fora,Over 3.5 golos,13,13.0,0.23076923076923078,0.42132504423474315,0.08179379092465708,0.5025687399512693,-0.09193993257738275,,,,,0.2,False
F1,Le Havre,Fora,Cantos total Over 8.5,13,13.0,0.6923076923076923,0.46153846153846156,0.4236888781333764,0.873195028383819,0.12657064051486355,,,,,0.6,False
F1,Le Havre,Fora,Cantos total Over 9.5,13,13.0,0.5384615384615384,0.4985185152621431,0.29143432431832045,0.7679424569851186,0.08826233527428745,,,,,0.6,False
F1,Le Havre,Fora,Cantos total Over 10.5,13,13.0,0.38461538461538464,0.4865042554105199,0.17709446581236818,0.6447751902773147,0.053938093778731266,,,,,0.6,False
F1,Le Havre,Fora,Cantos equipa Over 4.5,13,13.0,0.38461538461538464,0.4865042554105199,0.17709446581236818,0.6447751902773147,-0.0775360098069261,,,,,0.6,False
F1,Le Havre,Fora,Cantos equipa Over 5.5,13,13.0,0.23076923076923078,0.42132504423474315,0.08179379092465708,0.5025687399512693,-0.09592399632240267,,,,,0.4,False
F1,Le Havre,Fora,Equipa ganha cantos,13,13.0,0.23076923076923078,0.42132504423474315,0.08179379092465708,0.5025687399512693,-0.2194299724180202,,,,,0.4,False
F1,Le Havre,Casa,Vitória (1X2),15,15.0,0.3333333333333333,0.4714045207910317,0.15176100694691236,0.5828687484878702,-0.05112881806108899,0.012666666666666633,3.4433333333333334,0.2904162633107454,0.14777777777777779,0.4,False
F1,Le Havre,Casa,Over 2.5 golos,15,15.0,0.4,0.4898979485566356,0.19824228082594664,0.6425355724349229,-0.10996015936254977,-0.206,1.9366666666666665,0.5163511187607573,-0.22533333333333339,0.4,False
F1,Le Havre,Casa,Under 2.5 golos,15,15.0,0.6,0.4898979485566356,0.357464427565077,0.8017577191740534,0.10996015936254977,0.14733333333333337,1.8633333333333333,0.5366726296958855,0.1180000000000001,0.6,False
F1,Le Havre,Casa,Handicap Asiático (AH),15,,,,,,,0.24000000000000002,1.8506666666666667,0.5403458213256485,,,False
F1,Le Havre,Casa,Casa marca (>=1),15,15.0,0.6666666666666666,0.4714045207910317,0.4171312515121298,0.8482389930530875,-0.03652058432934935,,,,,0.6,False
F1,Le Havre,Casa,Clean sheet,15,15.0,0.26666666666666666,0.4422166387140533,0.10897276103182815,0.5195088965768675,-0.030146082337317415,,,,,0.2,False
F1,Le Havre,Casa,Ambas marcam (BTTS),15,15.0,0.6,0.4898979485566356,0.357464427565077,0.8017577191740534,0.11394422310756969,,,,,0.6,False
F1,Le Havre,Casa,Over 1.5 golos,15,15.0,0.6,0.4898979485566356,0.357464427565077,0.8017577191740534,-0.10119521912350604,,,,,0.6,False
F1,Le Havre,Casa,Over 3.5 golos,15,15.0,0.13333333333333333,0.33993463423951903,0.037360469891359285,0.3788249920651624,-0.1893758300132802,,,,,0.0,False
F1,Le Havre,Casa,Cantos total Over 8.5,15,15.0,0.4666666666666667,0.49888765156985887,0.24809225259746442,0.6988336984894922,-0.09907038512616206,,,,,0.6,False
F1,Le Havre,Casa,Cantos total Over 9.5,15,15.0,0.4,0.4898979485566356,0.19824228082594664,0.6425355724349229,-0.05019920318725096,,,,,0.6,False
F1,Le Havre,Casa,Cantos total Over 10.5,15,15.0,0.3333333333333333,0.4714045207910317,0.15176100694691236,0.5828687484878702,0.0026560424966799445,,,,,0.4,False
F1,Le Havre,Casa,Cantos equipa Over 4.5,15,15.0,0.6666666666666666,0.4714045207910317,0.4171312515121298,0.8482389930530875,0.2045152722443559,,,,,0.4,True
F1,Le Havre,Casa,Cantos equipa Over 5.5,15,15.0,0.4666666666666667,0.49888765156985887,0.24809225259746442,0.6988336984894922,0.13997343957503322,,,,,0.2,True
F1,Le Havre,Casa,Equipa ganha cantos,15,15.0,0.4666666666666667,0.49888765156985887,0.24809225259746442,0.6988336984894922,0.01646746347941569,,,,,0.2,True
F1,Lens,Fora,Vitória (1X2),14,14.0,0.5,0.5,0.2679886791947528,0.7320113208052473,0.1155378486055777,0.07857142857142861,2.735714285714286,0.3655352480417754,0.3678571428571431,0.2,True
F1,Lens,Fora,Over 2.5 golos,14,14.0,0.7142857142857143,0.45175395145262565,0.4535045882751561,0.882788120898909,0.2043255549231645,0.2557142857142857,1.707857142857143,0.5855290673358428,0.21989795918367339,0.8,False
F1,Lens,Fora,Under 2.5 golos,14,14.0,0.2857142857142857,0.45175395145262565,0.11721187910109102,0.546495411724844,-0.2043255549231645,-0.32,2.125,0.47058823529411764,-0.3928571428571429,0.2,False
F1,Lens,Fora,Handicap Asiático (AH),14,,,,,,,0.18642857142857144,2.0457142857142854,0.48882681564245817,,,False
F1,Lens,Fora,Casa marca (>=1),14,14.0,0.7142857142857143,0.45175395145262565,0.4535045882751561,0.882788120898909,0.011098463289698324,,,,,0.8,False
F1,Lens,Fora,Clean sheet,14,14.0,0.21428571428571427,0.41032590332414487,0.07571248336916371,0.4758972377320828,-0.0825270347182698,,,,,0.2,False
F1,Lens,Fora,Ambas marcam (BTTS),14,14.0,0.5714285714285714,0.4948716593053935,0.3259026690286936,0.7861949006959947,0.0853727945361411,,,,,0.6,False
F1,Lens,Fora,Over 1.5 golos,14,14.0,0.9285714285714286,0.25753937681885636,0.6853073044604219,0.9872781138877085,0.22737620944792258,,,,,1.0,False
F1,Lens,Fora,Over 3.5 golos,14,14.0,0.21428571428571427,0.41032590332414487,0.07571248336916371,0.4758972377320828,-0.10842344906089926,,,,,0.4,False
F1,Lens,Fora,Cantos total Over 8.5,14,14.0,0.5,0.5,0.2679886791947528,0.7320113208052473,-0.06573705179282874,,,,,0.4,False
F1,Lens,Fora,Cantos total Over 9.5,14,14.0,0.42857142857142855,0.49487165930539345,0.21380509930400526,0.6740973309713064,-0.021627774615822437,,,,,0.4,False
F1,Lens,Fora,Cantos total Over 10.5,14,14.0,0.21428571428571427,0.41032590332414487,0.07571248336916371,0.4758972377320828,-0.1163915765509391,,,,,0.2,False
F1,Lens,Fora,Cantos equipa Over 4.5,14,14.0,0.5,0.5,0.2679886791947528,0.7320113208052473,0.037848605577689265,,,,,0.6,False
F1,Lens,Fora,Cantos equipa Over 5.5,14,14.0,0.35714285714285715,0.4791574237499549,0.16344490737202735,0.6123599531785959,0.030449630051223697,,,,,0.4,False
F1,Lens,Fora,Equipa ganha cantos,14,14.0,0.5,0.5,0.2679886791947528,0.7320113208052473,0.049800796812749015,,,,,0.6,False
F1,Lens,Casa,Vitória (1X2),14,14.0,0.8571428571428571,0.34992710611188266,0.600580922361363,0.9599069262620787,0.4726807057484348,0.48714285714285704,1.7671428571428573,0.5658852061438965,0.5146938775510204,0.8,False
F1,Lens,Casa,Over 2.5 golos,14,14.0,0.6428571428571429,0.4791574237499549,0.3876400468214041,0.8365550926279727,0.1328969834945931,0.04142857142857142,1.614285714285714,0.6194690265486726,0.037755102040816224,0.8,False
F1,Lens,Casa,Under 2.5 golos,14,14.0,0.35714285714285715,0.4791574237499549,0.16344490737202735,0.6123599531785959,-0.13289698349459306,-0.195,2.252857142857143,0.4438807863031071,-0.19540816326530608,0.2,True
F1,Lens,Casa,Handicap Asiático (AH),14,,,,,,,0.37928571428571434,1.8914285714285715,0.5287009063444109,,,False
F1,Lens,Casa,Casa marca (>=1),14,14.0,0.9285714285714286,0.25753937681885636,0.6853073044604219,0.9872781138877085,0.22538417757541263,,,,,1.0,False
F1,Lens,Casa,Clean sheet,14,14.0,0.5,0.5,0.2679886791947528,0.7320113208052473,0.20318725099601592,,,,,0.4,False
F1,Lens,Casa,Ambas marcam (BTTS),14,14.0,0.42857142857142855,0.49487165930539345,0.21380509930400526,0.6740973309713064,-0.057484348321001744,,,,,0.6,False
F1,Lens,Casa,Over 1.5 golos,14,14.0,0.7142857142857143,0.45175395145262565,0.4535045882751561,0.882788120898909,0.013090495162208282,,,,,0.8,False
F1,Lens,Casa,Over 3.5 golos,14,14.0,0.2857142857142857,0.45175395145262565,0.11721187910109102,0.546495411724844,-0.03699487763232784,,,,,0.6,False
F1,Lens,Casa,Cantos total Over 8.5,14,14.0,0.6428571428571429,0.4791574237499549,0.3876400468214041,0.8365550926279727,0.07712009106431417,,,,,0.6,False
F1,Lens,Casa,Cantos total Over 9.5,14,14.0,0.5714285714285714,0.4948716593053935,0.3259026690286936,0.7861949006959947,0.12122936824132041,,,,,0.4,True
F1,Lens,Casa,Cantos total Over 10.5,14,14.0,0.42857142857142855,0.49487165930539345,0.21380509930400526,0.6740973309713064,0.09789413773477518,,,,,0.0,True
F1,Lens,Casa,Cantos equipa Over 4.5,14,14.0,0.5,0.5,0.2679886791947528,0.7320113208052473,0.037848605577689265,,,,,0.6,False
F1,Lens,Casa,Cantos equipa Over 5.5,14,14.0,0.5,0.5,0.2679886791947528,0.7320113208052473,0.17330677290836655,,,,,0.6,False
F1,Lens,Casa,Equipa ganha cantos,14,14.0,0.6428571428571429,0.4791574237499549,0.3876400468214041,0.8365550926279727,0.19265793966989192,,,,,0.8,False
F1,Lille,Fora,Vitória (1X2),14,14.0,0.5,0.5,0.2679886791947528,0.7320113208052473,0.1155378486055777,0.15642857142857142,2.838571428571428,0.35228988424760954,0.41928571428571404,0.6,False
F1,Lille,Fora,Over 2.5 golos,14,14.0,0.5,0.5,0.2679886791947528,0.7320113208052473,-0.009960159362549792,-0.11999999999999997,1.785,0.5602240896358543,-0.10750000000000004,0.4,False
F1,Lille,Fora,Under 2.5 golos,14,14.0,0.5,0.5,0.2679886791947528,0.7320113208052473,0.009960159362549792,-0.02571428571428572,1.9907142857142854,0.5023322569070686,-0.004642857142857282,0.6,False
F1,Lille,Fora,Handicap Asiático (AH),14,,,,,,,-0.06535714285714282,1.8814285714285715,0.5315110098709187,,,False
F1,Lille,Fora,Casa marca (>=1),14,14.0,0.5714285714285714,0.4948716593053935,0.3259026690286936,0.7861949006959947,-0.13175867956744458,,,,,0.6,False
F1,Lille,Fora,Clean sheet,14,14.0,0.2857142857142857,0.45175395145262565,0.11721187910109102,0.546495411724844,-0.01109846328969838,,,,,0.4,False
F1,Lille,Fora,Ambas marcam (BTTS),14,14.0,0.35714285714285715,0.4791574237499549,0.16344490737202735,0.6123599531785959,-0.12891291974957314,,,,,0.4,False
F1,Lille,Fora,Over 1.5 golos,14,14.0,0.7142857142857143,0.45175395145262565,0.4535045882751561,0.882788120898909,0.013090495162208282,,,,,0.4,True
F1,Lille,Fora,Over 3.5 golos,14,14.0,0.21428571428571427,0.41032590332414487,0.07571248336916371,0.4758972377320828,-0.10842344906089926,,,,,0.0,True
F1,Lille,Fora,Cantos total Over 8.5,14,14.0,0.5,0.5,0.2679886791947528,0.7320113208052473,-0.06573705179282874,,,,,0.4,False
F1,Lille,Fora,Cantos total Over 9.5,14,14.0,0.42857142857142855,0.49487165930539345,0.21380509930400526,0.6740973309713064,-0.021627774615822437,,,,,0.2,True
F1,Lille,Fora,Cantos total Over 10.5,14,14.0,0.35714285714285715,0.4791574237499549,0.16344490737202735,0.6123599531785959,0.02646556630620378,,,,,0.0,True
F1,Lille,Fora,Cantos equipa Over 4.5,14,14.0,0.5,0.5,0.2679886791947528,0.7320113208052473,0.037848605577689265,,,,,0.6,False
F1,Lille,Fora,Cantos equipa Over 5.5,14,14.0,0.5,0.5,0.2679886791947528,0.7320113208052473,0.17330677290836655,,,,,0.6,False
F1,Lille,Fora,Equipa ganha cantos,14,14.0,0.5714285714285714,0.4948716593053935,0.3259026690286936,0.7861949006959947,0.12122936824132041,,,,,0.6,False
F1,Lille,Casa,Vitória (1X2),14,14.0,0.5714285714285714,0.4948716593053935,0.3259026690286936,0.7861949006959947,0.1869664200341491,0.09071428571428573,2.0700000000000003,0.48309178743961345,0.18285714285714305,0.4,True
F1,Lille,Casa,Over 2.5 golos,14,14.0,0.35714285714285715,0.4791574237499549,0.16344490737202735,0.6123599531785959,-0.15281730221969264,-0.3871428571428571,1.7192857142857143,0.5816368923971749,-0.38596938775510203,0.4,False
F1,Lille,Casa,Under 2.5 golos,14,14.0,0.6428571428571429,0.4791574237499549,0.3876400468214041,0.8365550926279727,0.1528173022196927,0.31999999999999995,2.0599999999999996,0.4854368932038836,0.32428571428571407,0.6,False
F1,Lille,Casa,Handicap Asiático (AH),14,,,,,,,-0.043571428571428594,1.9114285714285715,0.523168908819133,,,False
F1,Lille,Casa,Casa marca (>=1),14,14.0,0.8571428571428571,0.34992710611188266,0.600580922361363,0.9599069262620787,0.15395560614684112,,,,,1.0,False
F1,Lille,Casa,Clean sheet,14,14.0,0.35714285714285715,0.4791574237499549,0.16344490737202735,0.6123599531785959,0.06033010813887307,,,,,0.4,False
F1,Lille,Casa,Ambas marcam (BTTS),14,14.0,0.5,0.5,0.2679886791947528,0.7320113208052473,0.013944223107569709,,,,,0.6,False
F1,Lille,Casa,Over 1.5 golos,14,14.0,0.6428571428571429,0.4791574237499549,0.3876400468214041,0.8365550926279727,-0.058338076266363115,,,,,0.8,False
F1,Lille,Casa,Over 3.5 golos,14,14.0,0.21428571428571427,0.41032590332414487,0.07571248336916371,0.4758972377320828,-0.10842344906089926,,,,,0.2,False
F1,Lille,Casa,Cantos total Over 8.5,14,14.0,0.5714285714285714,0.4948716593053935,0.3259026690286936,0.7861949006959947,0.005691519635742659,,,,,0.4,True
F1,Lille,Casa,Cantos total Over 9.5,14,14.0,0.5,0.5,0.2679886791947528,0.7320113208052473,0.049800796812749015,,,,,0.2,True
F1,Lille,Casa,Cantos total Over 10.5,14,14.0,0.5,0.5,0.2679886791947528,0.7320113208052473,0.16932270916334663,,,,,0.2,True
F1,Lille,Casa,Cantos equipa Over 4.5,14,14.0,0.5714285714285714,0.4948716593053935,0.3259026690286936,0.7861949006959947,0.10927717700626066,,,,,0.6,False
F1,Lille,Casa,Cantos equipa Over 5.5,14,14.0,0.5,0.5,0.2679886791947528,0.7320113208052473,0.17330677290836655,,,,,0.4,False
F1,Lille,Casa,Equipa ganha cantos,14,14.0,0.5714285714285714,0.4948716593053935,0.3259026690286936,0.7861949006959947,0.12122936824132041,,,,,0.8,False
F1,Lorient,Fora,Vitória (1X2),14,14.0,0.14285714285714285,0.3499271061118826,0.04009307373792117,0.399419077638637,-0.24160500853727945,-0.3835714285714285,4.2749999999999995,0.2339181286549708,-0.38928571428571446,0.2,False
F1,Lorient,Fora,Over 2.5 golos,14,14.0,0.2857142857142857,0.45175395145262565,0.11721187910109102,0.546495411724844,-0.2242458736482641,-0.5392857142857144,1.8335714285714289,0.5453837164004673,-0.4761224489795918,0.2,False
F1,Lorient,Fora,Under 2.5 golos,14,14.0,0.7142857142857143,0.45175395145262565,0.4535045882751561,0.882788120898909,0.2242458736482641,0.31714285714285717,1.967142857142857,0.5083514887436457,0.4051020408163264,0.8,False
F1,Lorient,Fora,Handicap Asiático (AH),14,,,,,,,-0.1778571428571428,1.8742857142857143,0.5335365853658537,,,False
F1,Lorient,Fora,Casa marca (>=1),14,14.0,0.42857142857142855,0.49487165930539345,0.21380509930400526,0.6740973309713064,-0.27461582242458743,,,,,0.6,False
F1,Lorient,Fora,Clean sheet,14,14.0,0.14285714285714285,0.3499271061118826,0.04009307373792117,0.399419077638637,-0.15395560614684123,,,,,0.2,False
F1,Lorient,Fora,Ambas marcam (BTTS),14,14.0,0.35714285714285715,0.4791574237499549,0.16344490737202735,0.6123599531785959,-0.12891291974957314,,,,,0.4,False
F1,Lorient,Fora,Over 1.5 golos,14,14.0,0.7857142857142857,0.4103259033241449,0.5241027622679172,0.9242875166308363,0.08451906659077968,,,,,0.8,False
F1,Lorient,Fora,Over 3.5 golos,14,14.0,0.21428571428571427,0.41032590332414487,0.07571248336916371,0.4758972377320828,-0.10842344906089926,,,,,0.2,False
F1,Lorient,Fora,Cantos total Over 8.5,14,14.0,0.5,0.5,0.2679886791947528,0.7320113208052473,-0.06573705179282874,,,,,0.6,False
F1,Lorient,Fora,Cantos total Over 9.5,14,14.0,0.42857142857142855,0.49487165930539345,0.21380509930400526,0.6740973309713064,-0.021627774615822437,,,,,0.6,False
F1,Lorient,Fora,Cantos total Over 10.5,14,14.0,0.2857142857142857,0.45175395145262565,0.11721187910109102,0.546495411724844,-0.04496300512236767,,,,,0.4,False
F1,Lorient,Fora,Cantos equipa Over 4.5,14,14.0,0.42857142857142855,0.49487165930539345,0.21380509930400526,0.6740973309713064,-0.03357996585088219,,,,,0.4,False
F1,Lorient,Fora,Cantos equipa Over 5.5,14,14.0,0.2857142857142857,0.45175395145262565,0.11721187910109102,0.546495411724844,-0.040978941377347755,,,,,0.4,False
F1,Lorient,Fora,Equipa ganha cantos,14,14.0,0.35714285714285715,0.4791574237499549,0.16344490737202735,0.6123599531785959,-0.09305634604439383,,,,,0.4,False
F1,Lorient,Casa,Vitória (1X2),14,14.0,0.5,0.5,0.2679886791947528,0.7320113208052473,0.1155378486055777,0.49785714285714283,3.2721428571428572,0.30561012879284,0.6360714285714286,0.6,False
F1,Lorient,Casa,Over 2.5 golos,14,14.0,0.5714285714285714,0.4948716593053935,0.3259026690286936,0.7861949006959947,0.061468412066021605,0.07071428571428573,1.8871428571428572,0.5299015897047691,0.07836734693877556,0.6,False
F1,Lorient,Casa,Under 2.5 golos,14,14.0,0.42857142857142855,0.49487165930539345,0.21380509930400526,0.6740973309713064,-0.06146841206602166,-0.1692857142857143,1.9228571428571428,0.5200594353640416,-0.1759183673469389,0.4,False
F1,Lorient,Casa,Handicap Asiático (AH),14,,,,,,,0.25821428571428573,1.8964285714285711,0.5273069679849341,,,False
F1,Lorient,Casa,Casa marca (>=1),14,14.0,1.0,0.0,0.7846829880728186,1.0,0.296812749003984,,,,,1.0,False
F1,Lorient,Casa,Clean sheet,14,14.0,0.21428571428571427,0.41032590332414487,0.07571248336916371,0.4758972377320828,-0.0825270347182698,,,,,0.2,False
F1,Lorient,Casa,Ambas marcam (BTTS),14,14.0,0.7857142857142857,0.4103259033241449,0.5241027622679172,0.9242875166308363,0.2996585088218554,,,,,0.8,False
F1,Lorient,Casa,Over 1.5 golos,14,14.0,0.9285714285714286,0.25753937681885636,0.6853073044604219,0.9872781138877085,0.22737620944792258,,,,,1.0,False
F1,Lorient,Casa,Over 3.5 golos,14,14.0,0.42857142857142855,0.49487165930539345,0.21380509930400526,0.6740973309713064,0.10586226522481501,,,,,0.2,True
F1,Lorient,Casa,Cantos total Over 8.5,14,14.0,0.42857142857142855,0.49487165930539345,0.21380509930400526,0.6740973309713064,-0.1371656232214002,,,,,0.6,False
F1,Lorient,Casa,Cantos total Over 9.5,14,14.0,0.42857142857142855,0.49487165930539345,0.21380509930400526,0.6740973309713064,-0.021627774615822437,,,,,0.6,False
F1,Lorient,Casa,Cantos total Over 10.5,14,14.0,0.21428571428571427,0.41032590332414487,0.07571248336916371,0.4758972377320828,-0.1163915765509391,,,,,0.4,False
F1,Lorient,Casa,Cantos equipa Over 4.5,14,14.0,0.21428571428571427,0.41032590332414487,0.07571248336916371,0.4758972377320828,-0.24786568013659646,,,,,0.2,False
F1,Lorient,Casa,Cantos equipa Over 5.5,14,14.0,0.07142857142857142,0.2575393768188564,0.012721886112291648,0.3146926955395781,-0.255264655663062,,,,,0.0,False
F1,Lorient,Casa,Equipa ganha cantos,14,14.0,0.2857142857142857,0.45175395145262565,0.11721187910109102,0.546495411724844,-0.1644849174729653,,,,,0.2,False
F1,Lyon,Fora,Vitória (1X2),15,15.0,0.3333333333333333,0.4714045207910317,0.15176100694691236,0.5828687484878702,-0.05112881806108899,-0.15533333333333335,2.470666666666667,0.4047490555855369,-0.1764444444444444,0.2,False
F1,Lyon,Fora,Over 2.5 golos,15,15.0,0.4666666666666667,0.49888765156985887,0.24809225259746442,0.6988336984894922,-0.04329349269588312,-0.2113333333333333,1.782666666666667,0.5609573672400896,-0.16808888888888862,0.4,False
F1,Lyon,Fora,Under 2.5 golos,15,15.0,0.5333333333333333,0.49888765156985887,0.3011663015105079,0.7519077474025356,0.04329349269588312,0.013333333333333315,1.9926666666666668,0.5018400802944128,0.06275555555555545,0.6,False
F1,Lyon,Fora,Handicap Asiático (AH),15,,,,,,,-0.29933333333333334,1.8679999999999997,0.5353319057815846,,,False
F1,Lyon,Fora,Casa marca (>=1),15,15.0,0.6666666666666666,0.4714045207910317,0.4171312515121298,0.8482389930530875,-0.03652058432934935,,,,,0.6,False
F1,Lyon,Fora,Clean sheet,15,15.0,0.4666666666666667,0.49888765156985887,0.24809225259746442,0.6988336984894922,0.1698539176626826,,,,,0.6,False
F1,Lyon,Fora,Ambas marcam (BTTS),15,15.0,0.4666666666666667,0.49888765156985887,0.24809225259746442,0.6988336984894922,-0.019389110225763617,,,,,0.4,False
F1,Lyon,Fora,Over 1.5 golos,15,15.0,0.4666666666666667,0.49888765156985887,0.24809225259746442,0.6988336984894922,-0.23452855245683935,,,,,0.4,False
F1,Lyon,Fora,Over 3.5 golos,15,15.0,0.4666666666666667,0.49888765156985887,0.24809225259746442,0.6988336984894922,0.14395750332005314,,,,,0.4,False
F1,Lyon,Fora,Cantos total Over 8.5,15,15.0,0.6666666666666666,0.4714045207910317,0.4171312515121298,0.8482389930530875,0.10092961487383789,,,,,0.6,False
F1,Lyon,Fora,Cantos total Over 9.5,15,15.0,0.4,0.4898979485566356,0.19824228082594664,0.6425355724349229,-0.05019920318725096,,,,,0.2,True
F1,Lyon,Fora,Cantos total Over 10.5,15,15.0,0.26666666666666666,0.4422166387140533,0.10897276103182815,0.5195088965768675,-0.06401062416998671,,,,,0.0,True
F1,Lyon,Fora,Cantos equipa Over 4.5,15,15.0,0.3333333333333333,0.4714045207910317,0.15176100694691236,0.5828687484878702,-0.12881806108897742,,,,,0.2,False
F1,Lyon,Fora,Cantos equipa Over 5.5,15,15.0,0.3333333333333333,0.4714045207910317,0.15176100694691236,0.5828687484878702,0.006640106241699861,,,,,0.2,False
F1,Lyon,Fora,Equipa ganha cantos,15,15.0,0.3333333333333333,0.4714045207910317,0.15176100694691236,0.5828687484878702,-0.11686586985391767,,,,,0.2,False
F1,Lyon,Casa,Vitória (1X2),13,13.0,0.6923076923076923,0.46153846153846156,0.4236888781333764,0.873195028383819,0.30784554091327,0.20307692307692304,1.99,0.5025125628140703,0.37769230769230777,0.6,False
F1,Lyon,Casa,Over 2.5 golos,13,13.0,0.5384615384615384,0.4985185152621431,0.29143432431832045,0.7679424569851186,0.028501379098988644,-0.10230769230769231,1.6961538461538461,0.5895691609977325,-0.08668639053254457,0.4,False
F1,Lyon,Casa,Under 2.5 golos,13,13.0,0.46153846153846156,0.4985185152621431,0.23205754301488138,0.7085656756816795,-0.028501379098988644,-0.05153846153846153,2.102307692307692,0.47566776436150754,-0.029704142011834356,0.6,False
F1,Lyon,Casa,Handicap Asiático (AH),13,,,,,,,0.1526923076923077,1.8992307692307693,0.5265289590927501,,,False
F1,Lyon,Casa,Casa marca (>=1),13,13.0,1.0,0.0,0.7718981569447084,1.0,0.296812749003984,,,,,1.0,False
F1,Lyon,Casa,Clean sheet,13,13.0,0.5384615384615384,0.4985185152621431,0.29143432431832045,0.7679424569851186,0.24164878945755436,,,,,0.4,False
F1,Lyon,Casa,Ambas marcam (BTTS),13,13.0,0.46153846153846156,0.4985185152621431,0.23205754301488138,0.7085656756816795,-0.024517315353968727,,,,,0.6,False
F1,Lyon,Casa,Over 1.5 golos,13,13.0,0.6923076923076923,0.46153846153846156,0.4236888781333764,0.873195028383819,-0.008887526815813729,,,,,0.8,False
F1,Lyon,Casa,Over 3.5 golos,13,13.0,0.07692307692307693,0.2664693550105965,0.013710066379696304,0.3331453392824736,-0.2457860864235366,,,,,0.0,False
F1,Lyon,Casa,Cantos total Over 8.5,13,13.0,0.6153846153846154,0.4865042554105199,0.3552248097226855,0.8229055341876319,0.04964756359178668,,,,,0.6,False
F1,Lyon,Casa,Cantos total Over 9.5,13,13.0,0.46153846153846156,0.4985185152621431,0.23205754301488138,0.7085656756816795,0.01133925835121058,,,,,0.4,False
F1,Lyon,Casa,Cantos total Over 10.5,13,13.0,0.3076923076923077,0.46153846153846156,0.1268049716161809,0.5763111218666236,-0.02298498314434566,,,,,0.2,False
F1,Lyon,Casa,Cantos equipa Over 4.5,13,13.0,0.6923076923076923,0.46153846153846156,0.4236888781333764,0.873195028383819,0.23015629788538156,,,,,0.6,False
F1,Lyon,Casa,Cantos equipa Over 5.5,13,13.0,0.46153846153846156,0.4985185152621431,0.23205754301488138,0.7085656756816795,0.1348452344468281,,,,,0.4,False
F1,Lyon,Casa,Equipa ganha cantos,13,13.0,0.7692307692307693,0.42132504423474315,0.49743126004873084,0.918206209075343,0.3190315660435183,,,,,0.6,True
F1,Marseille,Fora,Vitória (1X2),14,14.0,0.42857142857142855,0.49487165930539345,0.21380509930400526,0.6740973309713064,0.044109277177006245,-0.22071428571428572,2.4285714285714284,0.411764705882353,0.04081632653061207,0.2,True
F1,Marseille,Fora,Over 2.5 golos,14,14.0,0.5714285714285714,0.4948716593053935,0.3259026690286936,0.7861949006959947,0.061468412066021605,-0.05857142857142857,1.667857142857143,0.5995717344753747,-0.04693877551020409,0.6,False
F1,Marseille,Fora,Under 2.5 golos,14,14.0,0.42857142857142855,0.49487165930539345,0.21380509930400526,0.6740973309713064,-0.06146841206602166,-0.09714285714285716,2.164285714285714,0.4620462046204621,-0.07244897959183683,0.4,False
F1,Marseille,Fora,Handicap Asiático (AH),14,,,,,,,-0.2,1.8949999999999998,0.5277044854881267,,,False
F1,Marseille,Fora,Casa marca (>=1),14,14.0,0.6428571428571429,0.4791574237499549,0.3876400468214041,0.8365550926279727,-0.06033010813887307,,,,,0.6,False
F1,Marseille,Fora,Clean sheet,14,14.0,0.21428571428571427,0.41032590332414487,0.07571248336916371,0.4758972377320828,-0.0825270347182698,,,,,0.2,False
F1,Marseille,Fora,Ambas marcam (BTTS),14,14.0,0.42857142857142855,0.49487165930539345,0.21380509930400526,0.6740973309713064,-0.057484348321001744,,,,,0.4,False
F1,Marseille,Fora,Over 1.5 golos,14,14.0,0.6428571428571429,0.4791574237499549,0.3876400468214041,0.8365550926279727,-0.058338076266363115,,,,,0.8,False
F1,Marseille,Fora,Over 3.5 golos,14,14.0,0.2857142857142857,0.45175395145262565,0.11721187910109102,0.546495411724844,-0.03699487763232784,,,,,0.4,False
F1,Marseille,Fora,Cantos total Over 8.5,14,14.0,0.35714285714285715,0.4791574237499549,0.16344490737202735,0.6123599531785959,-0.2085941946499716,,,,,0.0,True
F1,Marseille,Fora,Cantos total Over 9.5,14,14.0,0.2857142857142857,0.45175395145262565,0.11721187910109102,0.546495411724844,-0.1644849174729653,,,,,0.0,True
F1,Marseille,Fora,Cantos total Over 10.5,14,14.0,0.2857142857142857,0.45175395145262565,0.11721187910109102,0.546495411724844,-0.04496300512236767,,,,,0.0,True
F1,Marseille,Fora,Cantos equipa Over 4.5,14,14.0,0.35714285714285715,0.4791574237499549,0.16344490737202735,0.6123599531785959,-0.10500853727945358,,,,,0.2,True
F1,Marseille,Fora,Cantos equipa Over 5.5,14,14.0,0.2857142857142857,0.45175395145262565,0.11721187910109102,0.546495411724844,-0.040978941377347755,,,,,0.2,False
F1,Marseille,Fora,Equipa ganha cantos,14,14.0,0.2857142857142857,0.45175395145262565,0.11721187910109102,0.546495411724844,-0.1644849174729653,,,,,0.2,False
F1,Marseille,Casa,Vitória (1X2),14,14.0,0.6428571428571429,0.4791574237499549,0.3876400468214041,0.8365550926279727,0.2583949914627206,0.1585714285714286,1.7014285714285715,0.5877413937867338,0.09377551020408159,0.6,False
F1,Marseille,Casa,Over 2.5 golos,14,14.0,0.7142857142857143,0.45175395145262565,0.4535045882751561,0.882788120898909,0.2043255549231645,0.16428571428571428,1.5928571428571427,0.6278026905829597,0.1377551020408163,0.8,False
F1,Marseille,Casa,Under 2.5 golos,14,14.0,0.2857142857142857,0.45175395145262565,0.11721187910109102,0.546495411724844,-0.2043255549231645,-0.28785714285714287,2.292142857142857,0.4362729822374572,-0.34510204081632667,0.2,False
F1,Marseille,Casa,Handicap Asiático (AH),14,,,,,,,0.13499999999999998,1.8992857142857142,0.5265137269650244,,,False
F1,Marseille,Casa,Casa marca (>=1),14,14.0,0.9285714285714286,0.25753937681885636,0.6853073044604219,0.9872781138877085,0.22538417757541263,,,,,1.0,False
F1,Marseille,Casa,Clean sheet,14,14.0,0.35714285714285715,0.4791574237499549,0.16344490737202735,0.6123599531785959,0.06033010813887307,,,,,0.2,True
F1,Marseille,Casa,Ambas marcam (BTTS),14,14.0,0.5714285714285714,0.4948716593053935,0.3259026690286936,0.7861949006959947,0.0853727945361411,,,,,0.8,False
F1,Marseille,Casa,Over 1.5 golos,14,14.0,0.7857142857142857,0.4103259033241449,0.5241027622679172,0.9242875166308363,0.08451906659077968,,,,,0.8,False
F1,Marseille,Casa,Over 3.5 golos,14,14.0,0.5714285714285714,0.4948716593053935,0.3259026690286936,0.7861949006959947,0.24871940808195786,,,,,0.6,False
F1,Marseille,Casa,Cantos total Over 8.5,14,14.0,0.5714285714285714,0.4948716593053935,0.3259026690286936,0.7861949006959947,0.005691519635742659,,,,,0.8,False
F1,Marseille,Casa,Cantos total Over 9.5,14,14.0,0.42857142857142855,0.49487165930539345,0.21380509930400526,0.6740973309713064,-0.021627774615822437,,,,,0.6,False
F1,Marseille,Casa,Cantos total Over 10.5,14,14.0,0.07142857142857142,0.2575393768188564,0.012721886112291648,0.3146926955395781,-0.2592487194080819,,,,,0.2,False
F1,Marseille,Casa,Cantos equipa Over 4.5,14,14.0,0.7142857142857143,0.45175395145262565,0.4535045882751561,0.882788120898909,0.25213431986340357,,,,,0.8,False
F1,Marseille,Casa,Cantos equipa Over 5.5,14,14.0,0.5,0.5,0.2679886791947528,0.7320113208052473,0.17330677290836655,,,,,0.6,False
F1,Marseille,Casa,Equipa ganha cantos,14,14.0,0.7142857142857143,0.45175395145262565,0.4535045882751561,0.882788120898909,0.2640865110984633,,,,,0.6,False
F1,Metz,Fora,Vitória (1X2),14,14.0,0.07142857142857142,0.2575393768188564,0.012721886112291648,0.3146926955395781,-0.3130335799658509,-0.7142857142857143,6.711428571428572,0.14899957428693061,-0.5206122448979592,0.0,False
F1,Metz,Fora,Over 2.5 golos,14,14.0,0.7142857142857143,0.45175395145262565,0.4535045882751561,0.882788120898909,0.2043255549231645,0.16071428571428573,1.6835714285714283,0.5939753924480272,0.20255102040816308,0.6,False
F1,Metz,Fora,Under 2.5 golos,14,14.0,0.2857142857142857,0.45175395145262565,0.11721187910109102,0.546495411724844,-0.2043255549231645,-0.4407142857142857,2.2607142857142852,0.44233807266982633,-0.35408163265306136,0.4,False
F1,Metz,Fora,Handicap Asiático (AH),14,,,,,,,-0.5185714285714285,1.8957142857142857,0.5275056518462697,,,False
F1,Metz,Fora,Casa marca (>=1),14,14.0,0.5714285714285714,0.4948716593053935,0.3259026690286936,0.7861949006959947,-0.13175867956744458,,,,,0.2,True
F1,Metz,Fora,Clean sheet,14,14.0,0.14285714285714285,0.3499271061118826,0.04009307373792117,0.399419077638637,-0.15395560614684123,,,,,0.2,False
F1,Metz,Fora,Ambas marcam (BTTS),14,14.0,0.5,0.5,0.2679886791947528,0.7320113208052473,0.013944223107569709,,,,,0.2,True
F1,Metz,Fora,Over 1.5 golos,14,14.0,0.8571428571428571,0.34992710611188266,0.600580922361363,0.9599069262620787,0.15594763801935108,,,,,0.6,True
F1,Metz,Fora,Over 3.5 golos,14,14.0,0.42857142857142855,0.49487165930539345,0.21380509930400526,0.6740973309713064,0.10586226522481501,,,,,0.0,True
F1,Metz,Fora,Cantos total Over 8.5,14,14.0,0.42857142857142855,0.49487165930539345,0.21380509930400526,0.6740973309713064,-0.1371656232214002,,,,,0.4,False
F1,Metz,Fora,Cantos total Over 9.5,14,14.0,0.35714285714285715,0.4791574237499549,0.16344490737202735,0.6123599531785959,-0.09305634604439383,,,,,0.4,False
F1,Metz,Fora,Cantos total Over 10.5,14,14.0,0.21428571428571427,0.41032590332414487,0.07571248336916371,0.4758972377320828,-0.1163915765509391,,,,,0.0,True
F1,Metz,Fora,Cantos equipa Over 4.5,14,14.0,0.2857142857142857,0.45175395145262565,0.11721187910109102,0.546495411724844,-0.17643710870802504,,,,,0.0,True
F1,Metz,Fora,Cantos equipa Over 5.5,14,14.0,0.14285714285714285,0.3499271061118826,0.04009307373792117,0.399419077638637,-0.1838360842344906,,,,,0.0,False
F1,Metz,Fora,Equipa ganha cantos,14,14.0,0.14285714285714285,0.3499271061118826,0.04009307373792117,0.399419077638637,-0.30734206033010814,,,,,0.0,False
F1,Metz,Casa,Vitória (1X2),14,14.0,0.14285714285714285,0.3499271061118826,0.04009307373792117,0.399419077638637,-0.24160500853727945,-0.33000000000000007,4.319285714285715,0.23151976186538778,-0.38295918367346937,0.0,False
F1,Metz,Casa,Over 2.5 golos,14,14.0,0.42857142857142855,0.49487165930539345,0.21380509930400526,0.6740973309713064,-0.08138873079112124,-0.24071428571428574,1.8242857142857136,0.5481597494126862,-0.21816326530612284,0.4,False
F1,Metz,Casa,Under 2.5 golos,14,14.0,0.5714285714285714,0.4948716593053935,0.3259026690286936,0.7861949006959947,0.08138873079112119,0.09428571428571429,2.0092857142857143,0.4976892996800569,0.14816326530612245,0.6,False
F1,Metz,Casa,Handicap Asiático (AH),14,,,,,,,-0.27999999999999997,1.884285714285714,0.5307050796057621,,,False
F1,Metz,Casa,Casa marca (>=1),14,14.0,0.5,0.5,0.2679886791947528,0.7320113208052473,-0.20318725099601598,,,,,0.4,False
F1,Metz,Casa,Clean sheet,14,14.0,0.2857142857142857,0.45175395145262565,0.11721187910109102,0.546495411724844,-0.01109846328969838,,,,,0.4,False
F1,Metz,Casa,Ambas marcam (BTTS),14,14.0,0.42857142857142855,0.49487165930539345,0.21380509930400526,0.6740973309713064,-0.057484348321001744,,,,,0.4,False
F1,Metz,Casa,Over 1.5 golos,14,14.0,0.5714285714285714,0.4948716593053935,0.3259026690286936,0.7861949006959947,-0.12976664769493462,,,,,0.4,True
F1,Metz,Casa,Over 3.5 golos,14,14.0,0.2857142857142857,0.45175395145262565,0.11721187910109102,0.546495411724844,-0.03699487763232784,,,,,0.4,False
F1,Metz,Casa,Cantos total Over 8.5,14,14.0,0.42857142857142855,0.49487165930539345,0.21380509930400526,0.6740973309713064,-0.1371656232214002,,,,,0.4,False
F1,Metz,Casa,Cantos total Over 9.5,14,14.0,0.21428571428571427,0.41032590332414487,0.07571248336916371,0.4758972377320828,-0.2359134889015367,,,,,0.2,False
F1,Metz,Casa,Cantos total Over 10.5,14,14.0,0.07142857142857142,0.2575393768188564,0.012721886112291648,0.3146926955395781,-0.2592487194080819,,,,,0.2,False
F1,Metz,Casa,Cantos equipa Over 4.5,14,14.0,0.35714285714285715,0.4791574237499549,0.16344490737202735,0.6123599531785959,-0.10500853727945358,,,,,0.4,False
F1,Metz,Casa,Cantos equipa Over 5.5,14,14.0,0.35714285714285715,0.4791574237499549,0.16344490737202735,0.6123599531785959,0.030449630051223697,,,,,0.4,False
F1,Metz,Casa,Equipa ganha cantos,14,14.0,0.5,0.5,0.2679886791947528,0.7320113208052473,0.049800796812749015,,,,,0.6,False
F1,Monaco,Fora,Vitória (1X2),13,13.0,0.38461538461538464,0.4865042554105199,0.17709446581236818,0.6447751902773147,0.00015323322096233438,0.35153846153846147,2.7115384615384617,0.36879432624113473,0.04289940828402372,0.6,False
F1,Monaco,Fora,Over 2.5 golos,13,13.0,0.5384615384615384,0.4985185152621431,0.29143432431832045,0.7679424569851186,0.028501379098988644,-0.1792307692307692,1.5446153846153847,0.647410358565737,-0.16828402366863904,0.6,False
F1,Monaco,Fora,Under 2.5 golos,13,13.0,0.46153846153846156,0.4985185152621431,0.23205754301488138,0.7085656756816795,-0.028501379098988644,0.08230769230769233,2.4200000000000004,0.4132231404958677,0.11692307692307713,0.4,False
F1,Monaco,Fora,Handicap Asiático (AH),13,,,,,,,-0.31153846153846143,1.8992307692307693,0.5265289590927501,,,False
F1,Monaco,Fora,Casa marca (>=1),13,13.0,0.6153846153846154,0.4865042554105199,0.3552248097226855,0.8229055341876319,-0.08780263561140056,,,,,0.6,False
F1,Monaco,Fora,Clean sheet,13,13.0,0.15384615384615385,0.36080121229410994,0.04325726318273798,0.4223517050863101,-0.14296659515783022,,,,,0.4,False
F1,Monaco,Fora,Ambas marcam (BTTS),13,13.0,0.6153846153846154,0.4865042554105199,0.3552248097226855,0.8229055341876319,0.12932883849218513,,,,,0.6,False
F1,Monaco,Fora,Over 1.5 golos,13,13.0,0.6153846153846154,0.4865042554105199,0.3552248097226855,0.8229055341876319,-0.0858106037388906,,,,,0.6,False
F1,Monaco,Fora,Over 3.5 golos,13,13.0,0.38461538461538464,0.4865042554105199,0.17709446581236818,0.6447751902773147,0.0619062212687711,,,,,0.4,False
F1,Monaco,Fora,Cantos total Over 8.5,13,13.0,0.6923076923076923,0.46153846153846156,0.4236888781333764,0.873195028383819,0.12657064051486355,,,,,0.8,False
F1,Monaco,Fora,Cantos total Over 9.5,13,13.0,0.6153846153846154,0.4865042554105199,0.3552248097226855,0.8229055341876319,0.16518541219736443,,,,,0.6,False
F1,Monaco,Fora,Cantos total Over 10.5,13,13.0,0.38461538461538464,0.4865042554105199,0.17709446581236818,0.6447751902773147,0.053938093778731266,,,,,0.4,False
F1,Monaco,Fora,Cantos equipa Over 4.5,13,13.0,0.46153846153846156,0.4985185152621431,0.23205754301488138,0.7085656756816795,-0.000612932883849171,,,,,0.6,False
F1,Monaco,Fora,Cantos equipa Over 5.5,13,13.0,0.46153846153846156,0.4985185152621431,0.23205754301488138,0.7085656756816795,0.1348452344468281,,,,,0.6,False
F1,Monaco,Fora,Equipa ganha cantos,13,13.0,0.6153846153846154,0.4865042554105199,0.3552248097226855,0.8229055341876319,0.16518541219736443,,,,,0.4,True
F1,Monaco,Casa,Vitória (1X2),15,15.0,0.6666666666666666,0.4714045207910317,0.4171312515121298,0.8482389930530875,0.2822045152722443,0.3046666666666667,1.9199999999999997,0.5208333333333334,0.2799999999999998,1.0,False
F1,Monaco,Casa,Over 2.5 golos,15,15.0,0.6666666666666666,0.4714045207910317,0.4171312515121298,0.8482389930530875,0.15670650730411684,0.01066666666666669,1.5253333333333334,0.6555944055944055,0.016888888888888953,0.6,False
F1,Monaco,Casa,Under 2.5 golos,15,15.0,0.3333333333333333,0.4714045207910317,0.15176100694691236,0.5828687484878702,-0.1567065073041169,-0.1993333333333333,2.4380000000000006,0.41017227235438874,-0.18733333333333313,0.4,False
F1,Monaco,Casa,Handicap Asiático (AH),15,,,,,,,0.18666666666666665,1.842,0.5428881650380022,,,False
F1,Monaco,Casa,Casa marca (>=1),15,15.0,0.9333333333333333,0.2494438257849294,0.7018292244757601,0.9881334113938052,0.23014608233731737,,,,,1.0,False
F1,Monaco,Casa,Clean sheet,15,15.0,0.3333333333333333,0.4714045207910317,0.15176100694691236,0.5828687484878702,0.03652058432934924,,,,,0.6,False
F1,Monaco,Casa,Ambas marcam (BTTS),15,15.0,0.6,0.4898979485566356,0.357464427565077,0.8017577191740534,0.11394422310756969,,,,,0.4,True
F1,Monaco,Casa,Over 1.5 golos,15,15.0,0.8,0.39999999999999997,0.5481406466534955,0.9295257935638959,0.09880478087649402,,,,,1.0,False
F1,Monaco,Casa,Over 3.5 golos,15,15.0,0.6,0.4898979485566356,0.357464427565077,0.8017577191740534,0.27729083665338644,,,,,0.4,True
F1,Monaco,Casa,Cantos total Over 8.5,15,15.0,0.5333333333333333,0.49888765156985887,0.3011663015105079,0.7519077474025356,-0.03240371845949541,,,,,0.4,False
F1,Monaco,Casa,Cantos total Over 9.5,15,15.0,0.26666666666666666,0.4422166387140533,0.10897276103182815,0.5195088965768675,-0.18353253652058432,,,,,0.4,False
F1,Monaco,Casa,Cantos total Over 10.5,15,15.0,0.26666666666666666,0.4422166387140533,0.10897276103182815,0.5195088965768675,-0.06401062416998671,,,,,0.4,False
F1,Monaco,Casa,Cantos equipa Over 4.5,15,15.0,0.5333333333333333,0.49888765156985887,0.3011663015105079,0.7519077474025356,0.07118193891102259,,,,,0.6,False
F1,Monaco,Casa,Cantos equipa Over 5.5,15,15.0,0.26666666666666666,0.4422166387140533,0.10897276103182815,0.5195088965768675,-0.06002656042496679,,,,,0.2,False
F1,Monaco,Casa,Equipa ganha cantos,15,15.0,0.6,0.4898979485566356,0.357464427565077,0.8017577191740534,0.149800796812749,,,,,0.6,False
F1,Nantes,Fora,Vitória (1X2),13,13.0,0.15384615384615385,0.36080121229410994,0.04325726318273798,0.4223517050863101,-0.23061599754826845,0.2646153846153846,5.336923076923077,0.18737388296339,-0.1789349112426034,0.2,False
F1,Nantes,Fora,Over 2.5 golos,13,13.0,0.46153846153846156,0.4985185152621431,0.23205754301488138,0.7085656756816795,-0.04842169782408823,-0.1338461538461539,1.8738461538461537,0.5336617405582923,-0.1351479289940828,0.4,False
F1,Nantes,Fora,Under 2.5 golos,13,13.0,0.5384615384615384,0.4985185152621431,0.29143432431832045,0.7679424569851186,0.04842169782408823,0.0438461538461538,1.9392307692307693,0.5156683855612851,0.04420118343195267,0.6,False
F1,Nantes,Fora,Handicap Asiático (AH),13,,,,,,,0.007692307692307656,2.0761538461538462,0.48165987402741756,,,False
F1,Nantes,Fora,Casa marca (>=1),13,13.0,0.5384615384615384,0.4985185152621431,0.29143432431832045,0.7679424569851186,-0.16472571253447754,,,,,0.6,False
F1,Nantes,Fora,Clean sheet,13,13.0,0.23076923076923078,0.42132504423474315,0.08179379092465708,0.5025687399512693,-0.0660435182347533,,,,,0.4,False
F1,Nantes,Fora,Ambas marcam (BTTS),13,13.0,0.46153846153846156,0.4985185152621431,0.23205754301488138,0.7085656756816795,-0.024517315353968727,,,,,0.4,False
F1,Nantes,Fora,Over 1.5 golos,13,13.0,0.6153846153846154,0.4865042554105199,0.3552248097226855,0.8229055341876319,-0.0858106037388906,,,,,0.6,False
F1,Nantes,Fora,Over 3.5 golos,13,13.0,0.23076923076923078,0.42132504423474315,0.08179379092465708,0.5025687399512693,-0.09193993257738275,,,,,0.2,False
F1,Nantes,Fora,Cantos total Over 8.5,13,13.0,0.6923076923076923,0.46153846153846156,0.4236888781333764,0.873195028383819,0.12657064051486355,,,,,0.6,False
F1,Nantes,Fora,Cantos total Over 9.5,13,13.0,0.46153846153846156,0.4985185152621431,0.23205754301488138,0.7085656756816795,0.01133925835121058,,,,,0.2,True
F1,Nantes,Fora,Cantos total Over 10.5,13,13.0,0.38461538461538464,0.4865042554105199,0.17709446581236818,0.6447751902773147,0.053938093778731266,,,,,0.2,True
F1,Nantes,Fora,Cantos equipa Over 4.5,13,13.0,0.07692307692307693,0.2664693550105965,0.013710066379696304,0.3331453392824736,-0.3852283174992338,,,,,0.0,False
F1,Nantes,Fora,Cantos equipa Over 5.5,13,13.0,0.07692307692307693,0.2664693550105965,0.013710066379696304,0.3331453392824736,-0.24977015016855653,,,,,0.0,False
F1,Nantes,Fora,Equipa ganha cantos,13,13.0,0.15384615384615385,0.36080121229410994,0.04325726318273798,0.4223517050863101,-0.29635304934109713,,,,,0.2,False
F1,Nantes,Casa,Vitória (1X2),14,14.0,0.14285714285714285,0.3499271061118826,0.04009307373792117,0.399419077638637,-0.24160500853727945,-0.6671428571428571,3.623571428571428,0.27597082594125766,-0.48234693877551027,0.2,False
F1,Nantes,Casa,Over 2.5 golos,14,14.0,0.42857142857142855,0.49487165930539345,0.21380509930400526,0.6740973309713064,-0.08138873079112124,-0.2192857142857143,1.8907142857142853,0.5289006422364942,-0.18969387755102063,0.4,False
F1,Nantes,Casa,Under 2.5 golos,14,14.0,0.5714285714285714,0.4948716593053935,0.3259026690286936,0.7861949006959947,0.08138873079112119,0.0685714285714286,1.9014285714285715,0.5259203606311044,0.08653061224489811,0.6,False
F1,Nantes,Casa,Handicap Asiático (AH),14,,,,,,,-0.33821428571428575,1.8692857142857144,0.5349636988918609,,,False
F1,Nantes,Casa,Casa marca (>=1),14,14.0,0.6428571428571429,0.4791574237499549,0.3876400468214041,0.8365550926279727,-0.06033010813887307,,,,,0.6,False
F1,Nantes,Casa,Clean sheet,14,14.0,0.14285714285714285,0.3499271061118826,0.04009307373792117,0.399419077638637,-0.15395560614684123,,,,,0.2,False
F1,Nantes,Casa,Ambas marcam (BTTS),14,14.0,0.5,0.5,0.2679886791947528,0.7320113208052473,0.013944223107569709,,,,,0.4,False
F1,Nantes,Casa,Over 1.5 golos,14,14.0,0.7142857142857143,0.45175395145262565,0.4535045882751561,0.882788120898909,0.013090495162208282,,,,,0.6,False
F1,Nantes,Casa,Over 3.5 golos,14,14.0,0.2857142857142857,0.45175395145262565,0.11721187910109102,0.546495411724844,-0.03699487763232784,,,,,0.4,False
F1,Nantes,Casa,Cantos total Over 8.5,14,14.0,0.5714285714285714,0.4948716593053935,0.3259026690286936,0.7861949006959947,0.005691519635742659,,,,,0.6,False
F1,Nantes,Casa,Cantos total Over 9.5,14,14.0,0.35714285714285715,0.4791574237499549,0.16344490737202735,0.6123599531785959,-0.09305634604439383,,,,,0.2,True
F1,Nantes,Casa,Cantos total Over 10.5,14,14.0,0.35714285714285715,0.4791574237499549,0.16344490737202735,0.6123599531785959,0.02646556630620378,,,,,0.2,True
F1,Nantes,Casa,Cantos equipa Over 4.5,14,14.0,0.2857142857142857,0.45175395145262565,0.11721187910109102,0.546495411724844,-0.17643710870802504,,,,,0.4,False
F1,Nantes,Casa,Cantos equipa Over 5.5,14,14.0,0.07142857142857142,0.2575393768188564,0.012721886112291648,0.3146926955395781,-0.255264655663062,,,,,0.0,False
F1,Nantes,Casa,Equipa ganha cantos,14,14.0,0.21428571428571427,0.41032590332414487,0.07571248336916371,0.4758972377320828,-0.2359134889015367,,,,,0.4,False
F1,Nice,Fora,Vitória (1X2),14,14.0,0.21428571428571427,0.41032590332414487,0.07571248336916371,0.4758972377320828,-0.17017643710870803,-0.44,3.787857142857143,0.264001508580049,-0.18831632653061225,0.4,False
F1,Nice,Fora,Over 2.5 golos,14,14.0,0.6428571428571429,0.4791574237499549,0.3876400468214041,0.8365550926279727,0.1328969834945931,0.11428571428571432,1.7128571428571429,0.5838198498748958,0.10112244897959188,0.4,True
F1,Nice,Fora,Under 2.5 golos,14,14.0,0.35714285714285715,0.4791574237499549,0.16344490737202735,0.6123599531785959,-0.13289698349459306,-0.195,2.1214285714285714,0.4713804713804714,-0.24234693877551017,0.6,False
F1,Nice,Fora,Handicap Asiático (AH),14,,,,,,,-0.3028571428571429,2.0714285714285716,0.48275862068965514,,,False
F1,Nice,Fora,Casa marca (>=1),14,14.0,0.7142857142857143,0.45175395145262565,0.4535045882751561,0.882788120898909,0.011098463289698324,,,,,0.6,False
F1,Nice,Fora,Clean sheet,14,14.0,0.07142857142857142,0.2575393768188564,0.012721886112291648,0.3146926955395781,-0.22538417757541265,,,,,0.2,False
F1,Nice,Fora,Ambas marcam (BTTS),14,14.0,0.6428571428571429,0.4791574237499549,0.3876400468214041,0.8365550926279727,0.1568013659647126,,,,,0.4,True
F1,Nice,Fora,Over 1.5 golos,14,14.0,0.8571428571428571,0.34992710611188266,0.600580922361363,0.9599069262620787,0.15594763801935108,,,,,0.8,False
F1,Nice,Fora,Over 3.5 golos,14,14.0,0.5,0.5,0.2679886791947528,0.7320113208052473,0.17729083665338646,,,,,0.4,False
F1,Nice,Fora,Cantos total Over 8.5,14,14.0,0.7857142857142857,0.4103259033241449,0.5241027622679172,0.9242875166308363,0.21997723392145696,,,,,0.8,False
F1,Nice,Fora,Cantos total Over 9.5,14,14.0,0.6428571428571429,0.4791574237499549,0.3876400468214041,0.8365550926279727,0.19265793966989192,,,,,0.8,False
F1,Nice,Fora,Cantos total Over 10.5,14,14.0,0.5,0.5,0.2679886791947528,0.7320113208052473,0.16932270916334663,,,,,0.8,False
F1,Nice,Fora,Cantos equipa Over 4.5,14,14.0,0.7142857142857143,0.45175395145262565,0.4535045882751561,0.882788120898909,0.25213431986340357,,,,,0.8,False
F1,Nice,Fora,Cantos equipa Over 5.5,14,14.0,0.5,0.5,0.2679886791947528,0.7320113208052473,0.17330677290836655,,,,,0.6,False
F1,Nice,Fora,Equipa ganha cantos,14,14.0,0.5,0.5,0.2679886791947528,0.7320113208052473,0.049800796812749015,,,,,0.2,True
F1,Nice,Casa,Vitória (1X2),14,14.0,0.2857142857142857,0.45175395145262565,0.11721187910109102,0.546495411724844,-0.0987478656801366,-0.38499999999999995,2.7378571428571425,0.36524915210018266,-0.2177551020408165,0.0,True
F1,Nice,Casa,Over 2.5 golos,14,14.0,0.5,0.5,0.2679886791947528,0.7320113208052473,-0.009960159362549792,-0.16142857142857148,1.7100000000000002,0.5847953216374269,-0.1449999999999999,0.8,False
F1,Nice,Casa,Under 2.5 golos,14,14.0,0.5,0.5,0.2679886791947528,0.7320113208052473,0.009960159362549792,0.034999999999999955,2.12,0.4716981132075471,0.06000000000000005,0.2,True
F1,Nice,Casa,Handicap Asiático (AH),14,,,,,,,-0.2710714285714286,1.8185714285714287,0.5498821681068342,,,False
F1,Nice,Casa,Casa marca (>=1),14,14.0,0.6428571428571429,0.4791574237499549,0.3876400468214041,0.8365550926279727,-0.06033010813887307,,,,,0.4,True
F1,Nice,Casa,Clean sheet,14,14.0,0.21428571428571427,0.41032590332414487,0.07571248336916371,0.4758972377320828,-0.0825270347182698,,,,,0.2,False
F1,Nice,Casa,Ambas marcam (BTTS),14,14.0,0.5,0.5,0.2679886791947528,0.7320113208052473,0.013944223107569709,,,,,0.4,False
F1,Nice,Casa,Over 1.5 golos,14,14.0,0.7142857142857143,0.45175395145262565,0.4535045882751561,0.882788120898909,0.013090495162208282,,,,,0.8,False
F1,Nice,Casa,Over 3.5 golos,14,14.0,0.5,0.5,0.2679886791947528,0.7320113208052473,0.17729083665338646,,,,,0.8,False
F1,Nice,Casa,Cantos total Over 8.5,14,14.0,0.7857142857142857,0.4103259033241449,0.5241027622679172,0.9242875166308363,0.21997723392145696,,,,,0.6,True
F1,Nice,Casa,Cantos total Over 9.5,14,14.0,0.7142857142857143,0.45175395145262565,0.4535045882751561,0.882788120898909,0.2640865110984633,,,,,0.6,False
F1,Nice,Casa,Cantos total Over 10.5,14,14.0,0.5714285714285714,0.4948716593053935,0.3259026690286936,0.7861949006959947,0.24075128059191803,,,,,0.4,True
F1,Nice,Casa,Cantos equipa Over 4.5,14,14.0,0.6428571428571429,0.4791574237499549,0.3876400468214041,0.8365550926279727,0.18070574843483217,,,,,0.6,False
F1,Nice,Casa,Cantos equipa Over 5.5,14,14.0,0.42857142857142855,0.49487165930539345,0.21380509930400526,0.6740973309713064,0.1018782014797951,,,,,0.6,False
F1,Nice,Casa,Equipa ganha cantos,14,14.0,0.5714285714285714,0.4948716593053935,0.3259026690286936,0.7861949006959947,0.12122936824132041,,,,,0.6,False
F1,Paris FC,Fora,Vitória (1X2),15,15.0,0.2,0.4,0.07047420643610411,0.4518593533465045,-0.1844621513944223,-0.3466666666666666,4.643333333333333,0.2153625269203159,-0.07133333333333347,0.0,True
F1,Paris FC,Fora,Over 2.5 golos,15,15.0,0.4,0.4898979485566356,0.19824228082594664,0.6425355724349229,-0.10996015936254977,-0.33266666666666667,1.8053333333333332,0.5539143279172821,-0.2778666666666666,0.0,True
F1,Paris FC,Fora,Under 2.5 golos,15,15.0,0.6,0.4898979485566356,0.357464427565077,0.8017577191740534,0.10996015936254977,0.15466666666666662,2.0433333333333334,0.4893964110929853,0.22599999999999998,1.0,False
F1,Paris FC,Fora,Handicap Asiático (AH),15,,,,,,,0.24166666666666667,1.8893333333333335,0.5292872265349329,,,False
F1,Paris FC,Fora,Casa marca (>=1),15,15.0,0.7333333333333333,0.44221663871405337,0.48049110342313245,0.8910272389681717,0.030146082337317304,,,,,0.6,False
F1,Paris FC,Fora,Clean sheet,15,15.0,0.26666666666666666,0.4422166387140533,0.10897276103182815,0.5195088965768675,-0.030146082337317415,,,,,0.4,False
F1,Paris FC,Fora,Ambas marcam (BTTS),15,15.0,0.6666666666666666,0.4714045207910317,0.4171312515121298,0.8482389930530875,0.18061088977423634,,,,,0.6,False
F1,Paris FC,Fora,Over 1.5 golos,15,15.0,0.6666666666666666,0.4714045207910317,0.4171312515121298,0.8482389930530875,-0.03452855245683939,,,,,0.6,False
F1,Paris FC,Fora,Over 3.5 golos,15,15.0,0.13333333333333333,0.33993463423951903,0.037360469891359285,0.3788249920651624,-0.1893758300132802,,,,,0.0,False
F1,Paris FC,Fora,Cantos total Over 8.5,15,15.0,0.6666666666666666,0.4714045207910317,0.4171312515121298,0.8482389930530875,0.10092961487383789,,,,,1.0,False
F1,Paris FC,Fora,Cantos total Over 9.5,15,15.0,0.6,0.4898979485566356,0.357464427565077,0.8017577191740534,0.149800796812749,,,,,1.0,False
F1,Paris FC,Fora,Cantos total Over 10.5,15,15.0,0.4,0.4898979485566356,0.19824228082594664,0.6425355724349229,0.06932270916334665,,,,,0.8,False
F1,Paris FC,Fora,Cantos equipa Over 4.5,15,15.0,0.2,0.4,0.07047420643610411,0.4518593533465045,-0.2621513944223107,,,,,0.2,False
F1,Paris FC,Fora,Cantos equipa Over 5.5,15,15.0,0.13333333333333333,0.33993463423951903,0.037360469891359285,0.3788249920651624,-0.19335989375830012,,,,,0.2,False
F1,Paris FC,Fora,Equipa ganha cantos,15,15.0,0.2,0.4,0.07047420643610411,0.4518593533465045,-0.250199203187251,,,,,0.2,False
F1,Paris FC,Casa,Vitória (1X2),13,13.0,0.3076923076923077,0.46153846153846156,0.1268049716161809,0.5763111218666236,-0.07676984370211459,-0.3915384615384615,2.3453846153846154,0.42636930141029844,-0.27834319526627216,0.4,False
F1,Paris FC,Casa,Over 2.5 golos,13,13.0,0.6153846153846154,0.4865042554105199,0.3552248097226855,0.8229055341876319,0.10542445602206563,0.12076923076923075,1.823076923076923,0.5485232067510548,0.1218934911242604,0.6,False
F1,Paris FC,Casa,Under 2.5 golos,13,13.0,0.38461538461538464,0.4865042554105199,0.17709446581236818,0.6447751902773147,-0.10542445602206557,-0.2546153846153846,1.9392307692307695,0.5156683855612851,-0.2541420118343194,0.4,False
F1,Paris FC,Casa,Handicap Asiático (AH),13,,,,,,,-0.1853846153846154,1.9169230769230767,0.521669341894061,,,False
F1,Paris FC,Casa,Casa marca (>=1),13,13.0,0.6923076923076923,0.46153846153846156,0.4236888781333764,0.873195028383819,-0.010879558688323687,,,,,0.6,False
F1,Paris FC,Casa,Clean sheet,13,13.0,0.23076923076923078,0.42132504423474315,0.08179379092465708,0.5025687399512693,-0.0660435182347533,,,,,0.4,False
F1,Paris FC,Casa,Ambas marcam (BTTS),13,13.0,0.5384615384615384,0.4985185152621431,0.29143432431832045,0.7679424569851186,0.052405761569108145,,,,,0.4,False
F1,Paris FC,Casa,Over 1.5 golos,13,13.0,0.7692307692307693,0.42132504423474315,0.49743126004873084,0.918206209075343,0.06803555010726325,,,,,0.6,True
F1,Paris FC,Casa,Over 3.5 golos,13,13.0,0.46153846153846156,0.4985185152621431,0.23205754301488138,0.7085656756816795,0.13882929819184803,,,,,0.6,False
F1,Paris FC,Casa,Cantos total Over 8.5,13,13.0,0.46153846153846156,0.4985185152621431,0.23205754301488138,0.7085656756816795,-0.10419859025436717,,,,,0.4,False
F1,Paris FC,Casa,Cantos total Over 9.5,13,13.0,0.46153846153846156,0.4985185152621431,0.23205754301488138,0.7085656756816795,0.01133925835121058,,,,,0.4,False
F1,Paris FC,Casa,Cantos total Over 10.5,13,13.0,0.38461538461538464,0.4865042554105199,0.17709446581236818,0.6447751902773147,0.053938093778731266,,,,,0.4,False
F1,Paris FC,Casa,Cantos equipa Over 4.5,13,13.0,0.46153846153846156,0.4985185152621431,0.23205754301488138,0.7085656756816795,-0.000612932883849171,,,,,0.4,False
F1,Paris FC,Casa,Cantos equipa Over 5.5,13,13.0,0.46153846153846156,0.4985185152621431,0.23205754301488138,0.7085656756816795,0.1348452344468281,,,,,0.4,False
F1,Paris FC,Casa,Equipa ganha cantos,13,13.0,0.6923076923076923,0.46153846153846156,0.4236888781333764,0.873195028383819,0.2421084891204413,,,,,0.6,False
F1,Paris SG,Fora,Vitória (1X2),14,14.0,0.6428571428571429,0.4791574237499549,0.3876400468214041,0.8365550926279727,0.2583949914627206,-0.10857142857142851,1.4514285714285715,0.6889763779527559,-0.066938775510204,0.8,False
F1,Paris SG,Fora,Over 2.5 golos,14,14.0,0.5,0.5,0.2679886791947528,0.7320113208052473,-0.009960159362549792,-0.2685714285714286,1.4714285714285715,0.6796116504854368,-0.26428571428571423,0.6,False
F1,Paris SG,Fora,Under 2.5 golos,14,14.0,0.5,0.5,0.2679886791947528,0.7320113208052473,0.009960159362549792,0.2821428571428572,2.6078571428571427,0.3834565872363736,0.3039285714285713,0.4,False
F1,Paris SG,Fora,Handicap Asiático (AH),14,,,,,,,-0.41642857142857137,2.039285714285714,0.49036777583187396,,,False
F1,Paris SG,Fora,Casa marca (>=1),14,14.0,0.8571428571428571,0.34992710611188266,0.600580922361363,0.9599069262620787,0.15395560614684112,,,,,1.0,False
F1,Paris SG,Fora,Clean sheet,14,14.0,0.35714285714285715,0.4791574237499549,0.16344490737202735,0.6123599531785959,0.06033010813887307,,,,,0.6,False
F1,Paris SG,Fora,Ambas marcam (BTTS),14,14.0,0.5,0.5,0.2679886791947528,0.7320113208052473,0.013944223107569709,,,,,0.4,False
F1,Paris SG,Fora,Over 1.5 golos,14,14.0,0.6428571428571429,0.4791574237499549,0.3876400468214041,0.8365550926279727,-0.058338076266363115,,,,,0.6,False
F1,Paris SG,Fora,Over 3.5 golos,14,14.0,0.35714285714285715,0.4791574237499549,0.16344490737202735,0.6123599531785959,0.034433693796243614,,,,,0.4,False
F1,Paris SG,Fora,Cantos total Over 8.5,14,14.0,0.5,0.5,0.2679886791947528,0.7320113208052473,-0.06573705179282874,,,,,0.6,False
F1,Paris SG,Fora,Cantos total Over 9.5,14,14.0,0.2857142857142857,0.45175395145262565,0.11721187910109102,0.546495411724844,-0.1644849174729653,,,,,0.4,False
F1,Paris SG,Fora,Cantos total Over 10.5,14,14.0,0.21428571428571427,0.41032590332414487,0.07571248336916371,0.4758972377320828,-0.1163915765509391,,,,,0.4,False
F1,Paris SG,Fora,Cantos equipa Over 4.5,14,14.0,0.7142857142857143,0.45175395145262565,0.4535045882751561,0.882788120898909,0.25213431986340357,,,,,0.8,False
F1,Paris SG,Fora,Cantos equipa Over 5.5,14,14.0,0.5,0.5,0.2679886791947528,0.7320113208052473,0.17330677290836655,,,,,0.6,False
F1,Paris SG,Fora,Equipa ganha cantos,14,14.0,0.6428571428571429,0.4791574237499549,0.3876400468214041,0.8365550926279727,0.19265793966989192,,,,,0.8,False
F1,Paris SG,Casa,Vitória (1X2),13,13.0,0.8461538461538461,0.36080121229410994,0.5776482949136899,0.9567427368172621,0.46169169475942384,0.036153846153846134,1.2392307692307691,0.8069522036002483,0.0485798816568046,0.8,False
F1,Paris SG,Casa,Over 2.5 golos,13,13.0,0.6923076923076923,0.46153846153846156,0.4236888781333764,0.873195028383819,0.1823475329451425,-0.04230769230769233,1.3599999999999999,0.7352941176470589,-0.058461538461538565,1.0,False
F1,Paris SG,Casa,Under 2.5 golos,13,13.0,0.3076923076923077,0.46153846153846156,0.1268049716161809,0.5763111218666236,-0.1823475329451425,0.02153846153846156,3.048461538461538,0.3280343174362857,-0.062011834319526726,0.0,True
F1,Paris SG,Casa,Handicap Asiático (AH),13,,,,,,,-0.032307692307692294,1.8623076923076924,0.53696819496076,,,False
F1,Paris SG,Casa,Casa marca (>=1),13,13.0,1.0,0.0,0.7718981569447084,1.0,0.296812749003984,,,,,1.0,False
F1,Paris SG,Casa,Clean sheet,13,13.0,0.6923076923076923,0.46153846153846156,0.4236888781333764,0.873195028383819,0.3954949433037082,,,,,0.6,False
F1,Paris SG,Casa,Ambas marcam (BTTS),13,13.0,0.3076923076923077,0.46153846153846156,0.1268049716161809,0.5763111218666236,-0.17836346920012258,,,,,0.4,False
F1,Paris SG,Casa,Over 1.5 golos,13,13.0,0.8461538461538461,0.36080121229410994,0.5776482949136899,0.9567427368172621,0.14495862703034013,,,,,1.0,False
F1,Paris SG,Casa,Over 3.5 golos,13,13.0,0.38461538461538464,0.4865042554105199,0.17709446581236818,0.6447751902773147,0.0619062212687711,,,,,0.6,False
F1,Paris SG,Casa,Cantos total Over 8.5,13,13.0,0.46153846153846156,0.4985185152621431,0.23205754301488138,0.7085656756816795,-0.10419859025436717,,,,,0.2,True
F1,Paris SG,Casa,Cantos total Over 9.5,13,13.0,0.46153846153846156,0.4985185152621431,0.23205754301488138,0.7085656756816795,0.01133925835121058,,,,,0.2,True
F1,Paris SG,Casa,Cantos total Over 10.5,13,13.0,0.23076923076923078,0.42132504423474315,0.08179379092465708,0.5025687399512693,-0.09990806006742259,,,,,0.0,True
F1,Paris SG,Casa,Cantos equipa Over 4.5,13,13.0,0.6923076923076923,0.46153846153846156,0.4236888781333764,0.873195028383819,0.23015629788538156,,,,,0.6,False
F1,Paris SG,Casa,Cantos equipa Over 5.5,13,13.0,0.46153846153846156,0.4985185152621431,0.23205754301488138,0.7085656756816795,0.1348452344468281,,,,,0.2,True
F1,Paris SG,Casa,Equipa ganha cantos,13,13.0,0.9230769230769231,0.26646935501059643,0.6668546607175265,0.9862899336203037,0.47287771988967214,,,,,1.0,False
F1,Rennes,Fora,Vitória (1X2),14,14.0,0.42857142857142855,0.49487165930539345,0.21380509930400526,0.6740973309713064,0.044109277177006245,0.1328571428571428,3.182142857142857,0.31425364758698093,0.3637755102040816,0.6,False
F1,Rennes,Fora,Over 2.5 golos,14,14.0,0.7142857142857143,0.45175395145262565,0.4535045882751561,0.882788120898909,0.2043255549231645,0.24857142857142858,1.7535714285714283,0.5702647657841141,0.25255102040816313,1.0,False
F1,Rennes,Fora,Under 2.5 golos,14,14.0,0.2857142857142857,0.45175395145262565,0.11721187910109102,0.546495411724844,-0.2043255549231645,-0.42214285714285715,2.074285714285714,0.4820936639118458,-0.4073469387755103,0.0,True
F1,Rennes,Fora,Handicap Asiático (AH),14,,,,,,,0.04535714285714284,1.8885714285714283,0.5295007564296521,,,False
F1,Rennes,Fora,Casa marca (>=1),14,14.0,0.7857142857142857,0.4103259033241449,0.5241027622679172,0.9242875166308363,0.08252703471826972,,,,,0.8,False
F1,Rennes,Fora,Clean sheet,14,14.0,0.35714285714285715,0.4791574237499549,0.16344490737202735,0.6123599531785959,0.06033010813887307,,,,,0.4,False
F1,Rennes,Fora,Ambas marcam (BTTS),14,14.0,0.42857142857142855,0.49487165930539345,0.21380509930400526,0.6740973309713064,-0.057484348321001744,,,,,0.4,False
F1,Rennes,Fora,Over 1.5 golos,14,14.0,0.8571428571428571,0.34992710611188266,0.600580922361363,0.9599069262620787,0.15594763801935108,,,,,1.0,False
F1,Rennes,Fora,Over 3.5 golos,14,14.0,0.6428571428571429,0.4791574237499549,0.3876400468214041,0.8365550926279727,0.32014797951052937,,,,,0.8,False
F1,Rennes,Fora,Cantos total Over 8.5,14,14.0,0.5,0.5,0.2679886791947528,0.7320113208052473,-0.06573705179282874,,,,,0.4,False
F1,Rennes,Fora,Cantos total Over 9.5,14,14.0,0.35714285714285715,0.4791574237499549,0.16344490737202735,0.6123599531785959,-0.09305634604439383,,,,,0.2,True
F1,Rennes,Fora,Cantos total Over 10.5,14,14.0,0.2857142857142857,0.45175395145262565,0.11721187910109102,0.546495411724844,-0.04496300512236767,,,,,0.0,True
F1,Rennes,Fora,Cantos equipa Over 4.5,14,14.0,0.5,0.5,0.2679886791947528,0.7320113208052473,0.037848605577689265,,,,,0.4,False
F1,Rennes,Fora,Cantos equipa Over 5.5,14,14.0,0.42857142857142855,0.49487165930539345,0.21380509930400526,0.6740973309713064,0.1018782014797951,,,,,0.2,True
F1,Rennes,Fora,Equipa ganha cantos,14,14.0,0.5,0.5,0.2679886791947528,0.7320113208052473,0.049800796812749015,,,,,0.4,False
F1,Rennes,Casa,Vitória (1X2),14,14.0,0.5,0.5,0.2679886791947528,0.7320113208052473,0.1155378486055777,0.5264285714285715,2.4814285714285718,0.40299366724237184,0.24071428571428588,0.4,False
F1,Rennes,Casa,Over 2.5 golos,14,14.0,0.5714285714285714,0.4948716593053935,0.3259026690286936,0.7861949006959947,0.061468412066021605,-0.05000000000000001,1.697142857142857,0.5892255892255892,-0.03020408163265309,0.4,True
F1,Rennes,Casa,Under 2.5 golos,14,14.0,0.42857142857142855,0.49487165930539345,0.21380509930400526,0.6740973309713064,-0.06146841206602166,-0.1285714285714286,2.124285714285714,0.4707464694014795,-0.08959183673469395,0.6,False
F1,Rennes,Casa,Handicap Asiático (AH),14,,,,,,,0.019285714285714257,1.877857142857143,0.5325218714340053,,,False
F1,Rennes,Casa,Casa marca (>=1),14,14.0,0.7857142857142857,0.4103259033241449,0.5241027622679172,0.9242875166308363,0.08252703471826972,,,,,0.6,True
F1,Rennes,Casa,Clean sheet,14,14.0,0.2857142857142857,0.45175395145262565,0.11721187910109102,0.546495411724844,-0.01109846328969838,,,,,0.4,False
F1,Rennes,Casa,Ambas marcam (BTTS),14,14.0,0.6428571428571429,0.4791574237499549,0.3876400468214041,0.8365550926279727,0.1568013659647126,,,,,0.4,True
F1,Rennes,Casa,Over 1.5 golos,14,14.0,0.7142857142857143,0.45175395145262565,0.4535045882751561,0.882788120898909,0.013090495162208282,,,,,0.6,False
F1,Rennes,Casa,Over 3.5 golos,14,14.0,0.42857142857142855,0.49487165930539345,0.21380509930400526,0.6740973309713064,0.10586226522481501,,,,,0.2,True
F1,Rennes,Casa,Cantos total Over 8.5,14,14.0,0.7857142857142857,0.4103259033241449,0.5241027622679172,0.9242875166308363,0.21997723392145696,,,,,0.6,True
F1,Rennes,Casa,Cantos total Over 9.5,14,14.0,0.7142857142857143,0.45175395145262565,0.4535045882751561,0.882788120898909,0.2640865110984633,,,,,0.6,False
F1,Rennes,Casa,Cantos total Over 10.5,14,14.0,0.5,0.5,0.2679886791947528,0.7320113208052473,0.16932270916334663,,,,,0.4,False
F1,Rennes,Casa,Cantos equipa Over 4.5,14,14.0,0.8571428571428571,0.34992710611188266,0.600580922361363,0.9599069262620787,0.39499146272054636,,,,,1.0,False
F1,Rennes,Casa,Cantos equipa Over 5.5,14,14.0,0.5714285714285714,0.4948716593053935,0.3259026690286936,0.7861949006959947,0.24473534433693794,,,,,0.6,False
F1,Rennes,Casa,Equipa ganha cantos,14,14.0,0.7142857142857143,0.45175395145262565,0.4535045882751561,0.882788120898909,0.2640865110984633,,,,,0.8,False
F1,Strasbourg,Fora,Vitória (1X2),14,14.0,0.2857142857142857,0.45175395145262565,0.11721187910109102,0.546495411724844,-0.0987478656801366,-0.24285714285714288,3.455714285714285,0.2893757751136834,-0.012653061224490059,0.4,False
F1,Strasbourg,Fora,Over 2.5 golos,14,14.0,0.6428571428571429,0.4791574237499549,0.3876400468214041,0.8365550926279727,0.1328969834945931,0.09499999999999999,1.74,0.5747126436781609,0.11857142857142877,0.8,False
F1,Strasbourg,Fora,Under 2.5 golos,14,14.0,0.35714285714285715,0.4791574237499549,0.16344490737202735,0.6123599531785959,-0.13289698349459306,-0.30214285714285716,2.060714285714286,0.48526863084922006,-0.2640306122448979,0.2,True
F1,Strasbourg,Fora,Handicap Asiático (AH),14,,,,,,,-0.016428571428571428,1.867857142857143,0.5353728489483747,,,False
F1,Strasbourg,Fora,Casa marca (>=1),14,14.0,0.7857142857142857,0.4103259033241449,0.5241027622679172,0.9242875166308363,0.08252703471826972,,,,,0.8,False
F1,Strasbourg,Fora,Clean sheet,14,14.0,0.14285714285714285,0.3499271061118826,0.04009307373792117,0.399419077638637,-0.15395560614684123,,,,,0.2,False
F1,Strasbourg,Fora,Ambas marcam (BTTS),14,14.0,0.7142857142857143,0.45175395145262565,0.4535045882751561,0.882788120898909,0.228229937393284,,,,,0.8,False
F1,Strasbourg,Fora,Over 1.5 golos,14,14.0,0.7142857142857143,0.45175395145262565,0.4535045882751561,0.882788120898909,0.013090495162208282,,,,,0.8,False
F1,Strasbourg,Fora,Over 3.5 golos,14,14.0,0.5,0.5,0.2679886791947528,0.7320113208052473,0.17729083665338646,,,,,0.6,False
F1,Strasbourg,Fora,Cantos total Over 8.5,14,14.0,0.5714285714285714,0.4948716593053935,0.3259026690286936,0.7861949006959947,0.005691519635742659,,,,,1.0,False
F1,Strasbourg,Fora,Cantos total Over 9.5,14,14.0,0.35714285714285715,0.4791574237499549,0.16344490737202735,0.6123599531785959,-0.09305634604439383,,,,,0.4,False
F1,Strasbourg,Fora,Cantos total Over 10.5,14,14.0,0.2857142857142857,0.45175395145262565,0.11721187910109102,0.546495411724844,-0.04496300512236767,,,,,0.2,False
F1,Strasbourg,Fora,Cantos equipa Over 4.5,14,14.0,0.35714285714285715,0.4791574237499549,0.16344490737202735,0.6123599531785959,-0.10500853727945358,,,,,0.4,False
F1,Strasbourg,Fora,Cantos equipa Over 5.5,14,14.0,0.14285714285714285,0.3499271061118826,0.04009307373792117,0.399419077638637,-0.1838360842344906,,,,,0.2,False
F1,Strasbourg,Fora,Equipa ganha cantos,14,14.0,0.21428571428571427,0.41032590332414487,0.07571248336916371,0.4758972377320828,-0.2359134889015367,,,,,0.2,False
F1,Strasbourg,Casa,Vitória (1X2),14,14.0,0.5714285714285714,0.4948716593053935,0.3259026690286936,0.7861949006959947,0.1869664200341491,0.07714285714285711,2.222142857142857,0.45001607200257154,0.26979591836734684,0.4,True
F1,Strasbourg,Casa,Over 2.5 golos,14,14.0,0.5714285714285714,0.4948716593053935,0.3259026690286936,0.7861949006959947,0.061468412066021605,-0.018571428571428572,1.7314285714285715,0.5775577557755776,-0.0106122448979592,0.6,False
F1,Strasbourg,Casa,Under 2.5 golos,14,14.0,0.42857142857142855,0.49487165930539345,0.21380509930400526,0.6740973309713064,-0.06146841206602166,-0.13428571428571429,2.055,0.48661800486618,-0.11928571428571422,0.4,False
F1,Strasbourg,Casa,Handicap Asiático (AH),14,,,,,,,0.027142857142857153,1.9042857142857146,0.5251312828207051,,,False
F1,Strasbourg,Casa,Casa marca (>=1),14,14.0,0.8571428571428571,0.34992710611188266,0.600580922361363,0.9599069262620787,0.15395560614684112,,,,,0.8,False
F1,Strasbourg,Casa,Clean sheet,14,14.0,0.5,0.5,0.2679886791947528,0.7320113208052473,0.20318725099601592,,,,,0.2,True
F1,Strasbourg,Casa,Ambas marcam (BTTS),14,14.0,0.5,0.5,0.2679886791947528,0.7320113208052473,0.013944223107569709,,,,,0.8,False
F1,Strasbourg,Casa,Over 1.5 golos,14,14.0,0.7142857142857143,0.45175395145262565,0.4535045882751561,0.882788120898909,0.013090495162208282,,,,,0.8,False
F1,Strasbourg,Casa,Over 3.5 golos,14,14.0,0.21428571428571427,0.41032590332414487,0.07571248336916371,0.4758972377320828,-0.10842344906089926,,,,,0.4,False
F1,Strasbourg,Casa,Cantos total Over 8.5,14,14.0,0.5,0.5,0.2679886791947528,0.7320113208052473,-0.06573705179282874,,,,,0.8,False
F1,Strasbourg,Casa,Cantos total Over 9.5,14,14.0,0.42857142857142855,0.49487165930539345,0.21380509930400526,0.6740973309713064,-0.021627774615822437,,,,,0.8,False
F1,Strasbourg,Casa,Cantos total Over 10.5,14,14.0,0.35714285714285715,0.4791574237499549,0.16344490737202735,0.6123599531785959,0.02646556630620378,,,,,0.6,False
F1,Strasbourg,Casa,Cantos equipa Over 4.5,14,14.0,0.42857142857142855,0.49487165930539345,0.21380509930400526,0.6740973309713064,-0.03357996585088219,,,,,0.4,False
F1,Strasbourg,Casa,Cantos equipa Over 5.5,14,14.0,0.21428571428571427,0.41032590332414487,0.07571248336916371,0.4758972377320828,-0.11240751280591918,,,,,0.2,False
F1,Strasbourg,Casa,Equipa ganha cantos,14,14.0,0.6428571428571429,0.4791574237499549,0.3876400468214041,0.8365550926279727,0.19265793966989192,,,,,0.4,True
F1,Toulouse,Fora,Vitória (1X2),14,14.0,0.35714285714285715,0.4791574237499549,0.16344490737202735,0.6123599531785959,-0.02731929425156515,0.0642857142857143,3.728571428571428,0.26819923371647514,0.33163265306122436,0.2,True
F1,Toulouse,Fora,Over 2.5 golos,14,14.0,0.5,0.5,0.2679886791947528,0.7320113208052473,-0.009960159362549792,-0.07071428571428573,1.919285714285714,0.5210271678451805,-0.04035714285714298,0.6,False
F1,Toulouse,Fora,Under 2.5 golos,14,14.0,0.5,0.5,0.2679886791947528,0.7320113208052473,0.009960159362549792,-0.0942857142857143,1.8892857142857145,0.5293005671077504,-0.05535714285714277,0.4,False
F1,Toulouse,Fora,Handicap Asiático (AH),14,,,,,,,0.06857142857142857,2.041428571428571,0.4898530440867741,,,False
F1,Toulouse,Fora,Casa marca (>=1),14,14.0,0.7142857142857143,0.45175395145262565,0.4535045882751561,0.882788120898909,0.011098463289698324,,,,,0.6,False
F1,Toulouse,Fora,Clean sheet,14,14.0,0.21428571428571427,0.41032590332414487,0.07571248336916371,0.4758972377320828,-0.0825270347182698,,,,,0.0,True
F1,Toulouse,Fora,Ambas marcam (BTTS),14,14.0,0.5,0.5,0.2679886791947528,0.7320113208052473,0.013944223107569709,,,,,0.6,False
F1,Toulouse,Fora,Over 1.5 golos,14,14.0,0.6428571428571429,0.4791574237499549,0.3876400468214041,0.8365550926279727,-0.058338076266363115,,,,,0.6,False
F1,Toulouse,Fora,Over 3.5 golos,14,14.0,0.21428571428571427,0.41032590332414487,0.07571248336916371,0.4758972377320828,-0.10842344906089926,,,,,0.4,False
F1,Toulouse,Fora,Cantos total Over 8.5,14,14.0,0.5,0.5,0.2679886791947528,0.7320113208052473,-0.06573705179282874,,,,,0.2,True
F1,Toulouse,Fora,Cantos total Over 9.5,14,14.0,0.5,0.5,0.2679886791947528,0.7320113208052473,0.049800796812749015,,,,,0.2,True
F1,Toulouse,Fora,Cantos total Over 10.5,14,14.0,0.35714285714285715,0.4791574237499549,0.16344490737202735,0.6123599531785959,0.02646556630620378,,,,,0.2,True
F1,Toulouse,Fora,Cantos equipa Over 4.5,14,14.0,0.35714285714285715,0.4791574237499549,0.16344490737202735,0.6123599531785959,-0.10500853727945358,,,,,0.4,False
F1,Toulouse,Fora,Cantos equipa Over 5.5,14,14.0,0.14285714285714285,0.3499271061118826,0.04009307373792117,0.399419077638637,-0.1838360842344906,,,,,0.2,False
F1,Toulouse,Fora,Equipa ganha cantos,14,14.0,0.2857142857142857,0.45175395145262565,0.11721187910109102,0.546495411724844,-0.1644849174729653,,,,,0.4,False
F1,Toulouse,Casa,Vitória (1X2),14,14.0,0.35714285714285715,0.4791574237499549,0.16344490737202735,0.6123599531785959,-0.02731929425156515,-0.2871428571428572,2.456428571428572,0.40709508578075015,-0.1227040816326529,0.4,False
F1,Toulouse,Casa,Over 2.5 golos,14,14.0,0.42857142857142855,0.49487165930539345,0.21380509930400526,0.6740973309713064,-0.08138873079112124,-0.2057142857142857,1.937857142857143,0.5160339107998525,-0.16948979591836733,0.2,True
F1,Toulouse,Casa,Under 2.5 golos,14,14.0,0.5714285714285714,0.4948716593053935,0.3259026690286936,0.7861949006959947,0.08138873079112119,0.01142857142857139,1.8357142857142854,0.5447470817120623,0.048979591836734615,0.8,False
F1,Toulouse,Casa,Handicap Asiático (AH),14,,,,,,,-0.2992857142857143,1.85,0.5405405405405405,,,False
F1,Toulouse,Casa,Casa marca (>=1),14,14.0,0.6428571428571429,0.4791574237499549,0.3876400468214041,0.8365550926279727,-0.06033010813887307,,,,,0.6,False
F1,Toulouse,Casa,Clean sheet,14,14.0,0.42857142857142855,0.49487165930539345,0.21380509930400526,0.6740973309713064,0.13175867956744447,,,,,0.4,False
F1,Toulouse,Casa,Ambas marcam (BTTS),14,14.0,0.35714285714285715,0.4791574237499549,0.16344490737202735,0.6123599531785959,-0.12891291974957314,,,,,0.4,False
F1,Toulouse,Casa,Over 1.5 golos,14,14.0,0.5714285714285714,0.4948716593053935,0.3259026690286936,0.7861949006959947,-0.12976664769493462,,,,,0.4,True
F1,Toulouse,Casa,Over 3.5 golos,14,14.0,0.35714285714285715,0.4791574237499549,0.16344490737202735,0.6123599531785959,0.034433693796243614,,,,,0.2,True
F1,Toulouse,Casa,Cantos total Over 8.5,14,14.0,0.6428571428571429,0.4791574237499549,0.3876400468214041,0.8365550926279727,0.07712009106431417,,,,,0.6,False
F1,Toulouse,Casa,Cantos total Over 9.5,14,14.0,0.5714285714285714,0.4948716593053935,0.3259026690286936,0.7861949006959947,0.12122936824132041,,,,,0.4,True
F1,Toulouse,Casa,Cantos total Over 10.5,14,14.0,0.5,0.5,0.2679886791947528,0.7320113208052473,0.16932270916334663,,,,,0.4,False
F1,Toulouse,Casa,Cantos equipa Over 4.5,14,14.0,0.5714285714285714,0.4948716593053935,0.3259026690286936,0.7861949006959947,0.10927717700626066,,,,,0.6,False
F1,Toulouse,Casa,Cantos equipa Over 5.5,14,14.0,0.2857142857142857,0.45175395145262565,0.11721187910109102,0.546495411724844,-0.040978941377347755,,,,,0.4,False
F1,Toulouse,Casa,Equipa ganha cantos,14,14.0,0.42857142857142855,0.49487165930539345,0.21380509930400526,0.6740973309713064,-0.021627774615822437,,,,,0.6,False
F1,Angers,Total,Vitória (1X2),28,28.0,0.32142857142857145,0.46702488680792936,0.1793304754342074,0.5066149544436882,-0.06303357996585085,0.00714285714285715,5.5389285714285705,0.18054033142046558,0.7803698979591833,0.2,False
F1,Angers,Total,Over 2.5 golos,28,28.0,0.25,0.4330127018922193,0.12676334942200781,0.43356025240704604,-0.2599601593625498,-0.5307142857142858,1.9489285714285713,0.5131024372365769,-0.5127678571428571,0.2,False
F1,Angers,Total,Under 2.5 golos,28,28.0,0.75,0.4330127018922193,0.566439747592954,0.8732366505779923,0.2599601593625498,0.4096428571428571,1.895,0.5277044854881267,0.4212499999999999,0.8,False
F1,Angers,Total,Handicap Asiático (AH),28,,,,,,,0.17553571428571432,1.865,0.5361930294906166,,,False
F1,Angers,Total,Casa marca (>=1),28,28.0,0.6071428571428571,0.48838551182776224,0.42408726034906297,0.7643454817241996,-0.09604439385315888,,,,,0.4,True
F1,Angers,Total,Clean sheet,28,28.0,0.35714285714285715,0.4791574237499549,0.20705611972458876,0.5417002241777278,0.06033010813887307,,,,,0.4,False
F1,Angers,Total,Ambas marcam (BTTS),28,28.0,0.32142857142857145,0.46702488680792936,0.1793304754342074,0.5066149544436882,-0.16462720546385884,,,,,0.2,False
F1,Angers,Total,Over 1.5 golos,28,28.0,0.5714285714285714,0.4948716593053935,0.390704789856154,0.7349170381926877,-0.12976664769493462,,,,,0.6,False
F1,Angers,Total,Over 3.5 golos,28,28.0,0.17857142857142858,0.38299304624155744,0.07878385829430107,0.35591791548591095,-0.14413773477518496,,,,,0.2,False
F1,Angers,Total,Cantos total Over 8.5,28,28.0,0.4642857142857143,0.4987228587060336,0.2953130373965958,0.6418760485789833,-0.10145133750711444,,,,,0.6,False
F1,Angers,Total,Cantos total Over 9.5,28,28.0,0.42857142857142855,0.49487165930539345,0.2650829618073123,0.6092952101438459,-0.021627774615822437,,,,,0.6,False
F1,Angers,Total,Cantos total Over 10.5,28,28.0,0.2857142857142857,0.45175395145262565,0.15253815848329966,0.47059635737017497,-0.04496300512236767,,,,,0.2,False
F1,Angers,Total,Cantos equipa Over 4.5,28,28.0,0.2857142857142857,0.45175395145262565,0.15253815848329966,0.47059635737017497,-0.17643710870802504,,,,,0.2,False
F1,Angers,Total,Cantos equipa Over 5.5,28,28.0,0.21428571428571427,0.41032590332414487,0.10212321701189421,0.39538947079273873,-0.11240751280591918,,,,,0.2,False
F1,Angers,Total,Equipa ganha cantos,28,28.0,0.32142857142857145,0.46702488680792936,0.1793304754342074,0.5066149544436882,-0.12877063175867953,,,,,0.4,False
F1,Auxerre,Total,Vitória (1X2),28,28.0,0.17857142857142858,0.38299304624155744,0.07878385829430107,0.35591791548591095,-0.20589072282299373,-0.5732142857142858,4.399642857142857,0.227291176231837,-0.2143494897959184,0.2,False
F1,Auxerre,Total,Over 2.5 golos,28,28.0,0.39285714285714285,0.4883855118277623,0.23565451827580033,0.575912739650937,-0.11710301650540694,-0.25821428571428573,1.8907142857142856,0.5289006422364941,-0.257219387755102,0.4,False
F1,Auxerre,Total,Under 2.5 golos,28,28.0,0.6071428571428571,0.48838551182776224,0.42408726034906297,0.7643454817241996,0.11710301650540689,0.18857142857142858,1.9339285714285712,0.5170821791320407,0.17417091836734677,0.6,False
F1,Auxerre,Total,Handicap Asiático (AH),28,,,,,,,0.0844642857142857,1.8717857142857144,0.5342491890860522,,,False
F1,Auxerre,Total,Casa marca (>=1),28,28.0,0.4642857142857143,0.4987228587060336,0.2953130373965958,0.6418760485789833,-0.23890153671030168,,,,,0.6,False
F1,Auxerre,Total,Clean sheet,28,28.0,0.25,0.4330127018922193,0.12676334942200781,0.43356025240704604,-0.04681274900398408,,,,,0.4,False
F1,Auxerre,Total,Ambas marcam (BTTS),28,28.0,0.35714285714285715,0.4791574237499549,0.20705611972458876,0.5417002241777278,-0.12891291974957314,,,,,0.4,False
F1,Auxerre,Total,Over 1.5 golos,28,28.0,0.5714285714285714,0.4948716593053935,0.390704789856154,0.7349170381926877,-0.12976664769493462,,,,,0.6,False
F1,Auxerre,Total,Over 3.5 golos,28,28.0,0.21428571428571427,0.41032590332414487,0.10212321701189421,0.39538947079273873,-0.10842344906089926,,,,,0.2,False
F1,Auxerre,Total,Cantos total Over 8.5,28,28.0,0.6428571428571429,0.4791574237499549,0.4582997758222724,0.7929438802754113,0.07712009106431417,,,,,1.0,False
F1,Auxerre,Total,Cantos total Over 9.5,28,28.0,0.39285714285714285,0.4883855118277623,0.23565451827580033,0.575912739650937,-0.057342060330108136,,,,,0.6,False
F1,Auxerre,Total,Cantos total Over 10.5,28,28.0,0.2857142857142857,0.45175395145262565,0.15253815848329966,0.47059635737017497,-0.04496300512236767,,,,,0.2,False
F1,Auxerre,Total,Cantos equipa Over 4.5,28,28.0,0.5,0.5,0.32632846832446344,0.6736715316755366,0.037848605577689265,,,,,0.8,False
F1,Auxerre,Total,Cantos equipa Over 5.5,28,28.0,0.2857142857142857,0.45175395145262565,0.15253815848329966,0.47059635737017497,-0.040978941377347755,,,,,0.4,False
F1,Auxerre,Total,Equipa ganha cantos,28,28.0,0.32142857142857145,0.46702488680792936,0.1793304754342074,0.5066149544436882,-0.12877063175867953,,,,,0.6,False
F1,Brest,Total,Vitória (1X2),28,28.0,0.35714285714285715,0.4791574237499549,0.20705611972458876,0.5417002241777278,-0.02731929425156515,-0.07357142857142855,3.3839285714285716,0.2955145118733509,0.20854591836734704,0.4,False
F1,Brest,Total,Over 2.5 golos,28,28.0,0.5,0.5,0.32632846832446344,0.6736715316755366,-0.009960159362549792,-0.11607142857142853,1.812142857142857,0.5518328734726055,-0.09392857142857147,0.4,False
F1,Brest,Total,Under 2.5 golos,28,28.0,0.5,0.5,0.32632846832446344,0.6736715316755366,0.009960159362549792,-0.04035714285714287,1.9703571428571427,0.5075222040964292,-0.014821428571428541,0.6,False
F1,Brest,Total,Handicap Asiático (AH),28,,,,,,,0.03428571428571425,1.9653571428571428,0.5088133745229875,,,False
F1,Brest,Total,Casa marca (>=1),28,28.0,0.6785714285714286,0.4670248868079293,0.4933850455563118,0.8206695245657927,-0.024615822424587375,,,,,0.6,False
F1,Brest,Total,Clean sheet,28,28.0,0.32142857142857145,0.46702488680792936,0.1793304754342074,0.5066149544436882,0.024615822424587375,,,,,0.4,False
F1,Brest,Total,Ambas marcam (BTTS),28,28.0,0.42857142857142855,0.49487165930539345,0.2650829618073123,0.6092952101438459,-0.057484348321001744,,,,,0.2,True
F1,Brest,Total,Over 1.5 golos,28,28.0,0.8214285714285714,0.38299304624155744,0.644082084514089,0.9212161417056989,0.12023335230506538,,,,,0.8,False
F1,Brest,Total,Over 3.5 golos,28,28.0,0.2857142857142857,0.45175395145262565,0.15253815848329966,0.47059635737017497,-0.03699487763232784,,,,,0.2,False
F1,Brest,Total,Cantos total Over 8.5,28,28.0,0.5714285714285714,0.4948716593053935,0.390704789856154,0.7349170381926877,0.005691519635742659,,,,,0.8,False
F1,Brest,Total,Cantos total Over 9.5,28,28.0,0.4642857142857143,0.4987228587060336,0.2953130373965958,0.6418760485789833,0.014086511098463317,,,,,0.6,False
F1,Brest,Total,Cantos total Over 10.5,28,28.0,0.42857142857142855,0.49487165930539345,0.2650829618073123,0.6092952101438459,0.09789413773477518,,,,,0.4,False
F1,Brest,Total,Cantos equipa Over 4.5,28,28.0,0.35714285714285715,0.4791574237499549,0.20705611972458876,0.5417002241777278,-0.10500853727945358,,,,,0.2,True
F1,Brest,Total,Cantos equipa Over 5.5,28,28.0,0.32142857142857145,0.46702488680792936,0.1793304754342074,0.5066149544436882,-0.005264655663062001,,,,,0.2,False
F1,Brest,Total,Equipa ganha cantos,28,28.0,0.35714285714285715,0.4791574237499549,0.20705611972458876,0.5417002241777278,-0.09305634604439383,,,,,0.2,True
F1,Le Havre,Total,Vitória (1X2),28,28.0,0.21428571428571427,0.41032590332414487,0.10212321701189421,0.39538947079273873,-0.17017643710870803,-0.33571428571428574,4.573214285714285,0.21866458414681766,-0.02002551020408172,0.0,True
F1,Le Havre,Total,Over 2.5 golos,28,28.0,0.35714285714285715,0.4791574237499549,0.20705611972458876,0.5417002241777278,-0.15281730221969264,-0.33821428571428575,1.8800000000000001,0.5319148936170213,-0.3285714285714285,0.2,True
F1,Le Havre,Total,Under 2.5 golos,28,28.0,0.6428571428571429,0.4791574237499549,0.4582997758222724,0.7929438802754113,0.1528173022196927,0.2207142857142857,1.9257142857142857,0.5192878338278932,0.23795918367346935,0.8,False
F1,Le Havre,Total,Handicap Asiático (AH),28,,,,,,,0.04000000000000002,1.8510714285714287,0.5402276673741077,,,False
F1,Le Havre,Total,Casa marca (>=1),28,28.0,0.5357142857142857,0.4987228587060336,0.35812395142101666,0.7046869626034041,-0.16747296528173028,,,,,0.4,False
F1,Le Havre,Total,Clean sheet,28,28.0,0.25,0.4330127018922193,0.12676334942200781,0.43356025240704604,-0.04681274900398408,,,,,0.2,False
F1,Le Havre,Total,Ambas marcam (BTTS),28,28.0,0.4642857142857143,0.4987228587060336,0.2953130373965958,0.6418760485789833,-0.02177006260671599,,,,,0.4,False
F1,Le Havre,Total,Over 1.5 golos,28,28.0,0.5714285714285714,0.4948716593053935,0.390704789856154,0.7349170381926877,-0.12976664769493462,,,,,0.6,False
F1,Le Havre,Total,Over 3.5 golos,28,28.0,0.17857142857142858,0.38299304624155744,0.07878385829430107,0.35591791548591095,-0.14413773477518496,,,,,0.2,False
F1,Le Havre,Total,Cantos total Over 8.5,28,28.0,0.5714285714285714,0.4948716593053935,0.390704789856154,0.7349170381926877,0.005691519635742659,,,,,0.4,True
F1,Le Havre,Total,Cantos total Over 9.5,28,28.0,0.4642857142857143,0.4987228587060336,0.2953130373965958,0.6418760485789833,0.014086511098463317,,,,,0.4,False
F1,Le Havre,Total,Cantos total Over 10.5,28,28.0,0.35714285714285715,0.4791574237499549,0.20705611972458876,0.5417002241777278,0.02646556630620378,,,,,0.2,True
F1,Le Havre,Total,Cantos equipa Over 4.5,28,28.0,0.5357142857142857,0.4987228587060336,0.35812395142101666,0.7046869626034041,0.07356289129197496,,,,,0.4,False
F1,Le Havre,Total,Cantos equipa Over 5.5,28,28.0,0.35714285714285715,0.4791574237499549,0.20705611972458876,0.5417002241777278,0.030449630051223697,,,,,0.0,True
F1,Le Havre,Total,Equipa ganha cantos,28,28.0,0.35714285714285715,0.4791574237499549,0.20705611972458876,0.5417002241777278,-0.09305634604439383,,,,,0.2,True
F1,Lens,Total,Vitória (1X2),28,28.0,0.6785714285714286,0.4670248868079293,0.4933850455563118,0.8206695245657927,0.2941092771770063,0.2828571428571429,2.2514285714285713,0.44416243654822335,0.5277551020408164,0.4,True
F1,Lens,Total,Over 2.5 golos,28,28.0,0.6785714285714286,0.4670248868079293,0.4933850455563118,0.8206695245657927,0.1686112692088788,0.14857142857142858,1.6610714285714283,0.6020210707374759,0.1271556122448978,0.8,False
F1,Lens,Total,Under 2.5 golos,28,28.0,0.32142857142857145,0.46702488680792936,0.1793304754342074,0.5066149544436882,-0.16861126920887876,-0.2575,2.1889285714285713,0.4568445097079459,-0.2964158163265306,0.2,False
F1,Lens,Total,Handicap Asiático (AH),28,,,,,,,0.28285714285714286,1.9685714285714284,0.5079825834542816,,,False
F1,Lens,Total,Casa marca (>=1),28,28.0,0.8214285714285714,0.38299304624155744,0.644082084514089,0.9212161417056989,0.11824132043255542,,,,,0.8,False
F1,Lens,Total,Clean sheet,28,28.0,0.35714285714285715,0.4791574237499549,0.20705611972458876,0.5417002241777278,0.06033010813887307,,,,,0.2,True
F1,Lens,Total,Ambas marcam (BTTS),28,28.0,0.5,0.5,0.32632846832446344,0.6736715316755366,0.013944223107569709,,,,,0.6,False
F1,Lens,Total,Over 1.5 golos,28,28.0,0.8214285714285714,0.38299304624155744,0.644082084514089,0.9212161417056989,0.12023335230506538,,,,,1.0,False
F1,Lens,Total,Over 3.5 golos,28,28.0,0.25,0.4330127018922193,0.12676334942200781,0.43356025240704604,-0.07270916334661354,,,,,0.2,False
F1,Lens,Total,Cantos total Over 8.5,28,28.0,0.5714285714285714,0.4948716593053935,0.390704789856154,0.7349170381926877,0.005691519635742659,,,,,0.8,False
F1,Lens,Total,Cantos total Over 9.5,28,28.0,0.5,0.5,0.32632846832446344,0.6736715316755366,0.049800796812749015,,,,,0.8,False
F1,Lens,Total,Cantos total Over 10.5,28,28.0,0.32142857142857145,0.46702488680792936,0.1793304754342074,0.5066149544436882,-0.009248719408081918,,,,,0.2,False
F1,Lens,Total,Cantos equipa Over 4.5,28,28.0,0.5,0.5,0.32632846832446344,0.6736715316755366,0.037848605577689265,,,,,0.8,False
F1,Lens,Total,Cantos equipa Over 5.5,28,28.0,0.42857142857142855,0.49487165930539345,0.2650829618073123,0.6092952101438459,0.1018782014797951,,,,,0.8,False
F1,Lens,Total,Equipa ganha cantos,28,28.0,0.5714285714285714,0.4948716593053935,0.390704789856154,0.7349170381926877,0.12122936824132041,,,,,0.8,False
F1,Lille,Total,Vitória (1X2),28,28.0,0.5357142857142857,0.4987228587060336,0.35812395142101666,0.7046869626034041,0.1512521343198634,0.12357142857142858,2.454285714285714,0.4074505238649593,0.31479591836734677,0.8,False
F1,Lille,Total,Over 2.5 golos,28,28.0,0.42857142857142855,0.49487165930539345,0.2650829618073123,0.6092952101438459,-0.08138873079112124,-0.2535714285714286,1.752142857142857,0.5707297187117816,-0.24908163265306138,0.6,False
F1,Lille,Total,Under 2.5 golos,28,28.0,0.5714285714285714,0.4948716593053935,0.390704789856154,0.7349170381926877,0.08138873079112119,0.1471428571428571,2.025357142857143,0.49374008111444184,0.1573469387755102,0.4,True
F1,Lille,Total,Handicap Asiático (AH),28,,,,,,,-0.05446428571428571,1.8964285714285716,0.527306967984934,,,False
F1,Lille,Total,Casa marca (>=1),28,28.0,0.7142857142857143,0.45175395145262565,0.529403642629825,0.8474618415167003,0.011098463289698324,,,,,1.0,False
F1,Lille,Total,Clean sheet,28,28.0,0.32142857142857145,0.46702488680792936,0.1793304754342074,0.5066149544436882,0.024615822424587375,,,,,0.4,False
F1,Lille,Total,Ambas marcam (BTTS),28,28.0,0.42857142857142855,0.49487165930539345,0.2650829618073123,0.6092952101438459,-0.057484348321001744,,,,,0.6,False
F1,Lille,Total,Over 1.5 golos,28,28.0,0.6785714285714286,0.4670248868079293,0.4933850455563118,0.8206695245657927,-0.022623790552077416,,,,,0.8,False
F1,Lille,Total,Over 3.5 golos,28,28.0,0.21428571428571427,0.41032590332414487,0.10212321701189421,0.39538947079273873,-0.10842344906089926,,,,,0.0,True
F1,Lille,Total,Cantos total Over 8.5,28,28.0,0.5357142857142857,0.4987228587060336,0.35812395142101666,0.7046869626034041,-0.03002276607854304,,,,,0.2,True
F1,Lille,Total,Cantos total Over 9.5,28,28.0,0.4642857142857143,0.4987228587060336,0.2953130373965958,0.6418760485789833,0.014086511098463317,,,,,0.2,True
F1,Lille,Total,Cantos total Over 10.5,28,28.0,0.42857142857142855,0.49487165930539345,0.2650829618073123,0.6092952101438459,0.09789413773477518,,,,,0.0,True
F1,Lille,Total,Cantos equipa Over 4.5,28,28.0,0.5357142857142857,0.4987228587060336,0.35812395142101666,0.7046869626034041,0.07356289129197496,,,,,0.2,True
F1,Lille,Total,Cantos equipa Over 5.5,28,28.0,0.5,0.5,0.32632846832446344,0.6736715316755366,0.17330677290836655,,,,,0.0,True
F1,Lille,Total,Equipa ganha cantos,28,28.0,0.5714285714285714,0.4948716593053935,0.390704789856154,0.7349170381926877,0.12122936824132041,,,,,0.4,True
F1,Lorient,Total,Vitória (1X2),28,28.0,0.32142857142857145,0.46702488680792936,0.1793304754342074,0.5066149544436882,-0.06303357996585085,0.05714285714285713,3.7735714285714286,0.26500094643195155,0.21293367346938785,0.2,False
F1,Lorient,Total,Over 2.5 golos,28,28.0,0.42857142857142855,0.49487165930539345,0.2650829618073123,0.6092952101438459,-0.08138873079112124,-0.23428571428571426,1.8603571428571428,0.5375311960069111,-0.20270408163265308,0.4,False
F1,Lorient,Total,Under 2.5 golos,28,28.0,0.5714285714285714,0.4948716593053935,0.390704789856154,0.7349170381926877,0.08138873079112119,0.07392857142857141,1.945,0.5141388174807198,0.11142857142857143,0.6,False
F1,Lorient,Total,Handicap Asiático (AH),28,,,,,,,0.04017857142857143,1.8853571428571432,0.5304034855086189,,,False
F1,Lorient,Total,Casa marca (>=1),28,28.0,0.7142857142857143,0.45175395145262565,0.529403642629825,0.8474618415167003,0.011098463289698324,,,,,0.8,False
F1,Lorient,Total,Clean sheet,28,28.0,0.17857142857142858,0.38299304624155744,0.07878385829430107,0.35591791548591095,-0.1182413204325555,,,,,0.0,True
F1,Lorient,Total,Ambas marcam (BTTS),28,28.0,0.5714285714285714,0.4948716593053935,0.390704789856154,0.7349170381926877,0.0853727945361411,,,,,0.8,False
F1,Lorient,Total,Over 1.5 golos,28,28.0,0.8571428571428571,0.34992710611188266,0.6850982695512267,0.9430108706929821,0.15594763801935108,,,,,0.8,False
F1,Lorient,Total,Over 3.5 golos,28,28.0,0.32142857142857145,0.46702488680792936,0.1793304754342074,0.5066149544436882,-0.0012805919180420844,,,,,0.2,False
F1,Lorient,Total,Cantos total Over 8.5,28,28.0,0.4642857142857143,0.4987228587060336,0.2953130373965958,0.6418760485789833,-0.10145133750711444,,,,,0.6,False
F1,Lorient,Total,Cantos total Over 9.5,28,28.0,0.42857142857142855,0.49487165930539345,0.2650829618073123,0.6092952101438459,-0.021627774615822437,,,,,0.6,False
F1,Lorient,Total,Cantos total Over 10.5,28,28.0,0.25,0.4330127018922193,0.12676334942200781,0.43356025240704604,-0.08067729083665337,,,,,0.4,False
F1,Lorient,Total,Cantos equipa Over 4.5,28,28.0,0.32142857142857145,0.46702488680792936,0.1793304754342074,0.5066149544436882,-0.14072282299373928,,,,,0.2,False
F1,Lorient,Total,Cantos equipa Over 5.5,28,28.0,0.17857142857142858,0.38299304624155744,0.07878385829430107,0.35591791548591095,-0.14812179852020488,,,,,0.0,True
F1,Lorient,Total,Equipa ganha cantos,28,28.0,0.32142857142857145,0.46702488680792936,0.1793304754342074,0.5066149544436882,-0.12877063175867953,,,,,0.2,False
F1,Lyon,Total,Vitória (1X2),28,28.0,0.5,0.5,0.32632846832446344,0.6736715316755366,0.1155378486055777,0.011071428571428557,2.2475,0.44493882091212456,0.12375000000000003,0.0,True
F1,Lyon,Total,Over 2.5 golos,28,28.0,0.5,0.5,0.32632846832446344,0.6736715316755366,-0.009960159362549792,-0.16071428571428578,1.7424999999999997,0.5738880918220948,-0.12875000000000014,0.4,False
F1,Lyon,Total,Under 2.5 golos,28,28.0,0.5,0.5,0.32632846832446344,0.6736715316755366,0.009960159362549792,-0.016785714285714293,2.043571428571429,0.48933939182104147,0.02178571428571452,0.6,False
F1,Lyon,Total,Handicap Asiático (AH),28,,,,,,,-0.08946428571428573,1.8824999999999998,0.5312084993359895,,,False
F1,Lyon,Total,Casa marca (>=1),28,28.0,0.8214285714285714,0.38299304624155744,0.644082084514089,0.9212161417056989,0.11824132043255542,,,,,0.6,True
F1,Lyon,Total,Clean sheet,28,28.0,0.5,0.5,0.32632846832446344,0.6736715316755366,0.20318725099601592,,,,,0.4,False
F1,Lyon,Total,Ambas marcam (BTTS),28,28.0,0.4642857142857143,0.4987228587060336,0.2953130373965958,0.6418760485789833,-0.02177006260671599,,,,,0.6,False
F1,Lyon,Total,Over 1.5 golos,28,28.0,0.5714285714285714,0.4948716593053935,0.390704789856154,0.7349170381926877,-0.12976664769493462,,,,,0.6,False
F1,Lyon,Total,Over 3.5 golos,28,28.0,0.2857142857142857,0.45175395145262565,0.15253815848329966,0.47059635737017497,-0.03699487763232784,,,,,0.2,False
F1,Lyon,Total,Cantos total Over 8.5,28,28.0,0.6428571428571429,0.4791574237499549,0.4582997758222724,0.7929438802754113,0.07712009106431417,,,,,0.6,False
F1,Lyon,Total,Cantos total Over 9.5,28,28.0,0.42857142857142855,0.49487165930539345,0.2650829618073123,0.6092952101438459,-0.021627774615822437,,,,,0.4,False
F1,Lyon,Total,Cantos total Over 10.5,28,28.0,0.2857142857142857,0.45175395145262565,0.15253815848329966,0.47059635737017497,-0.04496300512236767,,,,,0.0,True
F1,Lyon,Total,Cantos equipa Over 4.5,28,28.0,0.5,0.5,0.32632846832446344,0.6736715316755366,0.037848605577689265,,,,,0.4,False
F1,Lyon,Total,Cantos equipa Over 5.5,28,28.0,0.39285714285714285,0.4883855118277623,0.23565451827580033,0.575912739650937,0.0661639157655094,,,,,0.4,False
F1,Lyon,Total,Equipa ganha cantos,28,28.0,0.5357142857142857,0.4987228587060336,0.35812395142101666,0.7046869626034041,0.08551508252703471,,,,,0.4,False
F1,Marseille,Total,Vitória (1X2),28,28.0,0.5357142857142857,0.4987228587060336,0.35812395142101666,0.7046869626034041,0.1512521343198634,-0.031071428571428566,2.065,0.48426150121065376,0.10624999999999996,0.6,False
F1,Marseille,Total,Over 2.5 golos,28,28.0,0.6428571428571429,0.4791574237499549,0.4582997758222724,0.7929438802754113,0.1328969834945931,0.05285714285714286,1.630357142857143,0.6133625410733844,0.04808673469387781,0.6,False
F1,Marseille,Total,Under 2.5 golos,28,28.0,0.35714285714285715,0.4791574237499549,0.20705611972458876,0.5417002241777278,-0.13289698349459306,-0.19250000000000003,2.228214285714285,0.44878987017150196,-0.20420918367346963,0.4,False
F1,Marseille,Total,Handicap Asiático (AH),28,,,,,,,-0.03250000000000002,1.8971428571428568,0.5271084337349399,,,False
F1,Marseille,Total,Casa marca (>=1),28,28.0,0.7857142857142857,0.4103259033241449,0.6046105292072612,0.8978767829881058,0.08252703471826972,,,,,1.0,False
F1,Marseille,Total,Clean sheet,28,28.0,0.2857142857142857,0.45175395145262565,0.15253815848329966,0.47059635737017497,-0.01109846328969838,,,,,0.4,False
F1,Marseille,Total,Ambas marcam (BTTS),28,28.0,0.5,0.5,0.32632846832446344,0.6736715316755366,0.013944223107569709,,,,,0.6,False
F1,Marseille,Total,Over 1.5 golos,28,28.0,0.7142857142857143,0.45175395145262565,0.529403642629825,0.8474618415167003,0.013090495162208282,,,,,0.6,False
F1,Marseille,Total,Over 3.5 golos,28,28.0,0.42857142857142855,0.49487165930539345,0.2650829618073123,0.6092952101438459,0.10586226522481501,,,,,0.2,True
F1,Marseille,Total,Cantos total Over 8.5,28,28.0,0.4642857142857143,0.4987228587060336,0.2953130373965958,0.6418760485789833,-0.10145133750711444,,,,,0.6,False
F1,Marseille,Total,Cantos total Over 9.5,28,28.0,0.35714285714285715,0.4791574237499549,0.20705611972458876,0.5417002241777278,-0.09305634604439383,,,,,0.4,False
F1,Marseille,Total,Cantos total Over 10.5,28,28.0,0.17857142857142858,0.38299304624155744,0.07878385829430107,0.35591791548591095,-0.1521058622652248,,,,,0.2,False
F1,Marseille,Total,Cantos equipa Over 4.5,28,28.0,0.5357142857142857,0.4987228587060336,0.35812395142101666,0.7046869626034041,0.07356289129197496,,,,,0.8,False
F1,Marseille,Total,Cantos equipa Over 5.5,28,28.0,0.39285714285714285,0.4883855118277623,0.23565451827580033,0.575912739650937,0.0661639157655094,,,,,0.8,False
F1,Marseille,Total,Equipa ganha cantos,28,28.0,0.5,0.5,0.32632846832446344,0.6736715316755366,0.049800796812749015,,,,,0.8,False
F1,Metz,Total,Vitória (1X2),28,28.0,0.10714285714285714,0.30929478706587094,0.0371176920547995,0.2719622536765708,-0.27731929425156515,-0.5221428571428571,5.515357142857143,0.18131192125882276,-0.4090688775510204,0.0,False
F1,Metz,Total,Over 2.5 golos,28,28.0,0.5714285714285714,0.4948716593053935,0.390704789856154,0.7349170381926877,0.061468412066021605,-0.03999999999999999,1.7539285714285717,0.5701486458969659,0.0022448979591838114,0.4,True
F1,Metz,Total,Under 2.5 golos,28,28.0,0.42857142857142855,0.49487165930539345,0.2650829618073123,0.6092952101438459,-0.06146841206602166,-0.17321428571428577,2.135,0.468384074941452,-0.08500000000000008,0.6,False
F1,Metz,Total,Handicap Asiático (AH),28,,,,,,,-0.39928571428571435,1.8900000000000001,0.5291005291005291,,,False
F1,Metz,Total,Casa marca (>=1),28,28.0,0.5357142857142857,0.4987228587060336,0.35812395142101666,0.7046869626034041,-0.16747296528173028,,,,,0.2,True
F1,Metz,Total,Clean sheet,28,28.0,0.21428571428571427,0.41032590332414487,0.10212321701189421,0.39538947079273873,-0.0825270347182698,,,,,0.4,False
F1,Metz,Total,Ambas marcam (BTTS),28,28.0,0.4642857142857143,0.4987228587060336,0.2953130373965958,0.6418760485789833,-0.02177006260671599,,,,,0.2,True
F1,Metz,Total,Over 1.5 golos,28,28.0,0.7142857142857143,0.45175395145262565,0.529403642629825,0.8474618415167003,0.013090495162208282,,,,,0.4,True
F1,Metz,Total,Over 3.5 golos,28,28.0,0.35714285714285715,0.4791574237499549,0.20705611972458876,0.5417002241777278,0.034433693796243614,,,,,0.2,True
F1,Metz,Total,Cantos total Over 8.5,28,28.0,0.42857142857142855,0.49487165930539345,0.2650829618073123,0.6092952101438459,-0.1371656232214002,,,,,0.8,False
F1,Metz,Total,Cantos total Over 9.5,28,28.0,0.2857142857142857,0.45175395145262565,0.15253815848329966,0.47059635737017497,-0.1644849174729653,,,,,0.6,False
F1,Metz,Total,Cantos total Over 10.5,28,28.0,0.14285714285714285,0.3499271061118826,0.056989129307017855,0.3149017304487733,-0.18782014797951052,,,,,0.2,False
F1,Metz,Total,Cantos equipa Over 4.5,28,28.0,0.32142857142857145,0.46702488680792936,0.1793304754342074,0.5066149544436882,-0.14072282299373928,,,,,0.4,False
F1,Metz,Total,Cantos equipa Over 5.5,28,28.0,0.25,0.4330127018922193,0.12676334942200781,0.43356025240704604,-0.07669322709163345,,,,,0.4,False
F1,Metz,Total,Equipa ganha cantos,28,28.0,0.32142857142857145,0.46702488680792936,0.1793304754342074,0.5066149544436882,-0.12877063175867953,,,,,0.4,False
F1,Monaco,Total,Vitória (1X2),28,28.0,0.5357142857142857,0.4987228587060336,0.35812395142101666,0.7046869626034041,0.1512521343198634,0.3264285714285714,2.2875,0.4371584699453552,0.2254464285714286,1.0,False
F1,Monaco,Total,Over 2.5 golos,28,28.0,0.6071428571428571,0.48838551182776224,0.42408726034906297,0.7643454817241996,0.0971826977803073,-0.0775,1.534285714285714,0.6517690875232776,-0.06846938775510225,0.6,False
F1,Monaco,Total,Under 2.5 golos,28,28.0,0.39285714285714285,0.4883855118277623,0.23565451827580033,0.575912739650937,-0.09718269778030736,-0.06857142857142859,2.4296428571428565,0.41158312509187134,-0.04549744897959207,0.4,False
F1,Monaco,Total,Handicap Asiático (AH),28,,,,,,,-0.044642857142857116,1.8685714285714285,0.5351681957186545,,,False
F1,Monaco,Total,Casa marca (>=1),28,28.0,0.7857142857142857,0.4103259033241449,0.6046105292072612,0.8978767829881058,0.08252703471826972,,,,,1.0,False
F1,Monaco,Total,Clean sheet,28,28.0,0.25,0.4330127018922193,0.12676334942200781,0.43356025240704604,-0.04681274900398408,,,,,0.4,False
F1,Monaco,Total,Ambas marcam (BTTS),28,28.0,0.6071428571428571,0.48838551182776224,0.42408726034906297,0.7643454817241996,0.1210870802504268,,,,,0.6,False
F1,Monaco,Total,Over 1.5 golos,28,28.0,0.7142857142857143,0.45175395145262565,0.529403642629825,0.8474618415167003,0.013090495162208282,,,,,1.0,False
F1,Monaco,Total,Over 3.5 golos,28,28.0,0.5,0.5,0.32632846832446344,0.6736715316755366,0.17729083665338646,,,,,0.2,True
F1,Monaco,Total,Cantos total Over 8.5,28,28.0,0.6071428571428571,0.48838551182776224,0.42408726034906297,0.7643454817241996,0.04140580535002836,,,,,0.4,True
F1,Monaco,Total,Cantos total Over 9.5,28,28.0,0.42857142857142855,0.49487165930539345,0.2650829618073123,0.6092952101438459,-0.021627774615822437,,,,,0.4,False
F1,Monaco,Total,Cantos total Over 10.5,28,28.0,0.32142857142857145,0.46702488680792936,0.1793304754342074,0.5066149544436882,-0.009248719408081918,,,,,0.2,False
F1,Monaco,Total,Cantos equipa Over 4.5,28,28.0,0.5,0.5,0.32632846832446344,0.6736715316755366,0.037848605577689265,,,,,0.4,False
F1,Monaco,Total,Cantos equipa Over 5.5,28,28.0,0.35714285714285715,0.4791574237499549,0.20705611972458876,0.5417002241777278,0.030449630051223697,,,,,0.2,True
F1,Monaco,Total,Equipa ganha cantos,28,28.0,0.6071428571428571,0.48838551182776224,0.42408726034906297,0.7643454817241996,0.1569436539556061,,,,,0.4,True
F1,Nantes,Total,Vitória (1X2),27,27.0,0.14814814814814814,0.3552467795046459,0.0591583185964489,0.3247906334682948,-0.23631400324627416,-0.21851851851851853,4.448518518518519,0.22479393888935142,-0.340960219478738,0.2,False
F1,Nantes,Total,Over 2.5 golos,27,27.0,0.4444444444444444,0.49690399499995325,0.27585597670072826,0.6268728052042312,-0.06551571491810537,-0.17814814814814817,1.8825925925925928,0.5311823726145977,-0.1632921810699589,0.2,True
F1,Nantes,Total,Under 2.5 golos,27,27.0,0.5555555555555556,0.49690399499995325,0.3731271947957688,0.7241440232992717,0.06551571491810537,0.05666666666666665,1.9196296296296298,0.5209338221107467,0.06646090534979421,0.8,False
F1,Nantes,Total,Handicap Asiático (AH),27,,,,,,,-0.1716666666666667,1.9688888888888891,0.5079006772009028,,,False
F1,Nantes,Total,Casa marca (>=1),27,27.0,0.5925925925925926,0.49135182079339257,0.4072638305536409,0.7548548662714264,-0.11059465840342342,,,,,0.4,True
F1,Nantes,Total,Clean sheet,27,27.0,0.18518518518518517,0.3884477215445006,0.08180586574285321,0.36699056505191746,-0.1116275638187989,,,,,0.4,False
F1,Nantes,Total,Ambas marcam (BTTS),27,27.0,0.48148148148148145,0.49965694678637196,0.3074295064970908,0.6601467541378958,-0.0045742954109488365,,,,,0.2,True
F1,Nantes,Total,Over 1.5 golos,27,27.0,0.6666666666666666,0.4714045207910317,0.47824419872105484,0.8135694555640666,-0.03452855245683939,,,,,0.4,True
F1,Nantes,Total,Over 3.5 golos,27,27.0,0.25925925925925924,0.438228132081453,0.13170208422866778,0.44678930402615685,-0.06344990408735429,,,,,0.2,False
F1,Nantes,Total,Cantos total Over 8.5,27,27.0,0.6296296296296297,0.4829038818668629,0.442289046234463,0.7846771293206315,0.06389257783680091,,,,,0.6,False
F1,Nantes,Total,Cantos total Over 9.5,27,27.0,0.4074074074074074,0.4913518207933925,0.24514513372857347,0.5927361694463591,-0.0427917957798436,,,,,0.2,True
F1,Nantes,Total,Cantos total Over 10.5,27,27.0,0.37037037037037035,0.4829038818668629,0.21532287067936856,0.557710953765537,0.03969307953371698,,,,,0.2,True
F1,Nantes,Total,Cantos equipa Over 4.5,27,27.0,0.18518518518518517,0.3884477215445006,0.08180586574285321,0.36699056505191746,-0.27696620923712556,,,,,0.2,False
F1,Nantes,Total,Cantos equipa Over 5.5,27,27.0,0.07407407407407407,0.2618914004394621,0.020554221697383537,0.2336997729073062,-0.2526191530175594,,,,,0.0,False
F1,Nantes,Total,Equipa ganha cantos,27,27.0,0.18518518518518517,0.3884477215445006,0.08180586574285321,0.36699056505191746,-0.2650140180020658,,,,,0.0,True
F1,Nice,Total,Vitória (1X2),28,28.0,0.25,0.4330127018922193,0.12676334942200781,0.43356025240704604,-0.1344621513944223,-0.4125,3.262857142857142,0.30647985989492127,-0.1842857142857145,0.2,False
F1,Nice,Total,Over 2.5 golos,28,28.0,0.5714285714285714,0.4948716593053935,0.390704789856154,0.7349170381926877,0.061468412066021605,-0.02357142857142857,1.7114285714285715,0.5843071786310517,-0.022040816326530654,0.6,False
F1,Nice,Total,Under 2.5 golos,28,28.0,0.42857142857142855,0.49487165930539345,0.2650829618073123,0.6092952101438459,-0.06146841206602166,-0.08,2.1207142857142856,0.4715392388009431,-0.09112244897959199,0.4,False
F1,Nice,Total,Handicap Asiático (AH),28,,,,,,,-0.2869642857142857,1.945,0.5141388174807198,,,False
F1,Nice,Total,Casa marca (>=1),28,28.0,0.6785714285714286,0.4670248868079293,0.4933850455563118,0.8206695245657927,-0.024615822424587375,,,,,0.4,True
F1,Nice,Total,Clean sheet,28,28.0,0.14285714285714285,0.3499271061118826,0.056989129307017855,0.3149017304487733,-0.15395560614684123,,,,,0.2,False
F1,Nice,Total,Ambas marcam (BTTS),28,28.0,0.5714285714285714,0.4948716593053935,0.390704789856154,0.7349170381926877,0.0853727945361411,,,,,0.2,True
F1,Nice,Total,Over 1.5 golos,28,28.0,0.7857142857142857,0.4103259033241449,0.6046105292072612,0.8978767829881058,0.08451906659077968,,,,,0.8,False
F1,Nice,Total,Over 3.5 golos,28,28.0,0.5,0.5,0.32632846832446344,0.6736715316755366,0.17729083665338646,,,,,0.6,False
F1,Nice,Total,Cantos total Over 8.5,28,28.0,0.7857142857142857,0.4103259033241449,0.6046105292072612,0.8978767829881058,0.21997723392145696,,,,,0.6,True
F1,Nice,Total,Cantos total Over 9.5,28,28.0,0.6785714285714286,0.4670248868079293,0.4933850455563118,0.8206695245657927,0.22837222538417762,,,,,0.6,False
F1,Nice,Total,Cantos total Over 10.5,28,28.0,0.5357142857142857,0.4987228587060336,0.35812395142101666,0.7046869626034041,0.20503699487763233,,,,,0.6,False
F1,Nice,Total,Cantos equipa Over 4.5,28,28.0,0.6785714285714286,0.4670248868079293,0.4933850455563118,0.8206695245657927,0.21642003414911787,,,,,0.8,False
F1,Nice,Total,Cantos equipa Over 5.5,28,28.0,0.4642857142857143,0.4987228587060336,0.2953130373965958,0.6418760485789833,0.13759248719408085,,,,,0.8,False
F1,Nice,Total,Equipa ganha cantos,28,28.0,0.5357142857142857,0.4987228587060336,0.35812395142101666,0.7046869626034041,0.08551508252703471,,,,,0.4,False
F1,Paris FC,Total,Vitória (1X2),28,28.0,0.25,0.4330127018922193,0.12676334942200781,0.43356025240704604,-0.1344621513944223,-0.3675,3.576428571428571,0.27960854803275415,-0.10589285714285712,0.4,False
F1,Paris FC,Total,Over 2.5 golos,28,28.0,0.5,0.5,0.32632846832446344,0.6736715316755366,-0.009960159362549792,-0.12214285714285715,1.8135714285714286,0.5513981882630957,-0.0932142857142857,0.2,True
F1,Paris FC,Total,Under 2.5 golos,28,28.0,0.5,0.5,0.32632846832446344,0.6736715316755366,0.009960159362549792,-0.035357142857142844,1.9950000000000003,0.5012531328320802,-0.0024999999999999467,0.8,False
F1,Paris FC,Total,Handicap Asiático (AH),28,,,,,,,0.04339285714285713,1.9021428571428574,0.525722868944799,,,False
F1,Paris FC,Total,Casa marca (>=1),28,28.0,0.7142857142857143,0.45175395145262565,0.529403642629825,0.8474618415167003,0.011098463289698324,,,,,0.8,False
F1,Paris FC,Total,Clean sheet,28,28.0,0.25,0.4330127018922193,0.12676334942200781,0.43356025240704604,-0.04681274900398408,,,,,0.4,False
F1,Paris FC,Total,Ambas marcam (BTTS),28,28.0,0.6071428571428571,0.48838551182776224,0.42408726034906297,0.7643454817241996,0.1210870802504268,,,,,0.6,False
F1,Paris FC,Total,Over 1.5 golos,28,28.0,0.7142857142857143,0.45175395145262565,0.529403642629825,0.8474618415167003,0.013090495162208282,,,,,0.6,False
F1,Paris FC,Total,Over 3.5 golos,28,28.0,0.2857142857142857,0.45175395145262565,0.15253815848329966,0.47059635737017497,-0.03699487763232784,,,,,0.2,False
F1,Paris FC,Total,Cantos total Over 8.5,28,28.0,0.5714285714285714,0.4948716593053935,0.390704789856154,0.7349170381926877,0.005691519635742659,,,,,1.0,False
F1,Paris FC,Total,Cantos total Over 9.5,28,28.0,0.5357142857142857,0.4987228587060336,0.35812395142101666,0.7046869626034041,0.08551508252703471,,,,,1.0,False
F1,Paris FC,Total,Cantos total Over 10.5,28,28.0,0.39285714285714285,0.4883855118277623,0.23565451827580033,0.575912739650937,0.06217985202048948,,,,,0.8,False
F1,Paris FC,Total,Cantos equipa Over 4.5,28,28.0,0.32142857142857145,0.46702488680792936,0.1793304754342074,0.5066149544436882,-0.14072282299373928,,,,,0.6,False
F1,Paris FC,Total,Cantos equipa Over 5.5,28,28.0,0.2857142857142857,0.45175395145262565,0.15253815848329966,0.47059635737017497,-0.040978941377347755,,,,,0.6,False
F1,Paris FC,Total,Equipa ganha cantos,28,28.0,0.42857142857142855,0.49487165930539345,0.2650829618073123,0.6092952101438459,-0.021627774615822437,,,,,0.6,False
F1,Paris SG,Total,Vitória (1X2),27,27.0,0.7407407407407407,0.43822813208145306,0.5532106959738432,0.8682979157713321,0.3562785893463184,-0.038888888888888876,1.3492592592592592,0.7411474059840791,-0.0005486968449932572,0.8,False
F1,Paris SG,Total,Over 2.5 golos,27,27.0,0.5925925925925926,0.49135182079339257,0.4072638305536409,0.7548548662714264,0.08263243323004277,-0.15962962962962962,1.4177777777777778,0.7053291536050157,-0.15983539094650212,0.8,False
F1,Paris SG,Total,Under 2.5 golos,27,27.0,0.4074074074074074,0.4913518207933925,0.24514513372857347,0.5927361694463591,-0.08263243323004282,0.15666666666666668,2.8199999999999994,0.35460992907801425,0.14888888888888863,0.2,True
F1,Paris SG,Total,Handicap Asiático (AH),27,,,,,,,-0.23148148148148145,1.9540740740740743,0.511751326762699,,,False
F1,Paris SG,Total,Casa marca (>=1),27,27.0,0.9259259259259259,0.2618914004394621,0.7663002270926939,0.9794457783026164,0.22273867492990995,,,,,1.0,False
F1,Paris SG,Total,Clean sheet,27,27.0,0.5185185185185185,0.4996569467863719,0.33985324586210425,0.6925704935029092,0.2217057695145344,,,,,0.6,False
F1,Paris SG,Total,Ambas marcam (BTTS),27,27.0,0.4074074074074074,0.4913518207933925,0.24514513372857347,0.5927361694463591,-0.0786483694850229,,,,,0.4,False
F1,Paris SG,Total,Over 1.5 golos,27,27.0,0.7407407407407407,0.43822813208145306,0.5532106959738432,0.8682979157713321,0.03954552161723468,,,,,0.8,False
F1,Paris SG,Total,Over 3.5 golos,27,27.0,0.37037037037037035,0.4829038818668629,0.21532287067936856,0.557710953765537,0.04766120702375681,,,,,0.6,False
F1,Paris SG,Total,Cantos total Over 8.5,27,27.0,0.48148148148148145,0.49965694678637196,0.3074295064970908,0.6601467541378958,-0.08425557031134728,,,,,0.2,True
F1,Paris SG,Total,Cantos total Over 9.5,27,27.0,0.37037037037037035,0.4829038818668629,0.21532287067936856,0.557710953765537,-0.07982883281688063,,,,,0.2,True
F1,Paris SG,Total,Cantos total Over 10.5,27,27.0,0.2222222222222222,0.41573970964154905,0.10607095489408955,0.4075729546307081,-0.10845506861443116,,,,,0.0,True
F1,Paris SG,Total,Cantos equipa Over 4.5,27,27.0,0.7037037037037037,0.4566232594791834,0.515189666191624,0.8414714668235244,0.24155230928139299,,,,,0.6,False
F1,Paris SG,Total,Cantos equipa Over 5.5,27,27.0,0.48148148148148145,0.49965694678637196,0.3074295064970908,0.6601467541378958,0.154788254389848,,,,,0.2,True
F1,Paris SG,Total,Equipa ganha cantos,27,27.0,0.7777777777777778,0.41573970964154905,0.5924270453692919,0.8939290451059105,0.3275785745905268,,,,,0.8,False
F1,Rennes,Total,Vitória (1X2),28,28.0,0.4642857142857143,0.4987228587060336,0.2953130373965958,0.6418760485789833,0.079823562891292,0.3296428571428572,2.831785714285714,0.3531340648253248,0.3147576530612244,0.6,False
F1,Rennes,Total,Over 2.5 golos,28,28.0,0.6428571428571429,0.4791574237499549,0.4582997758222724,0.7929438802754113,0.1328969834945931,0.09928571428571427,1.725357142857143,0.5795901469675014,0.10915816326530647,0.6,False
F1,Rennes,Total,Under 2.5 golos,28,28.0,0.35714285714285715,0.4791574237499549,0.20705611972458876,0.5417002241777278,-0.13289698349459306,-0.2753571428571429,2.099285714285714,0.47635250085062947,-0.25025510204081636,0.4,False
F1,Rennes,Total,Handicap Asiático (AH),28,,,,,,,0.032321428571428557,1.883214285714286,0.5310070168784372,,,False
F1,Rennes,Total,Casa marca (>=1),28,28.0,0.7857142857142857,0.4103259033241449,0.6046105292072612,0.8978767829881058,0.08252703471826972,,,,,0.8,False
F1,Rennes,Total,Clean sheet,28,28.0,0.32142857142857145,0.46702488680792936,0.1793304754342074,0.5066149544436882,0.024615822424587375,,,,,0.6,False
F1,Rennes,Total,Ambas marcam (BTTS),28,28.0,0.5357142857142857,0.4987228587060336,0.35812395142101666,0.7046869626034041,0.04965850882185541,,,,,0.4,False
F1,Rennes,Total,Over 1.5 golos,28,28.0,0.7857142857142857,0.4103259033241449,0.6046105292072612,0.8978767829881058,0.08451906659077968,,,,,0.6,True
F1,Rennes,Total,Over 3.5 golos,28,28.0,0.5357142857142857,0.4987228587060336,0.35812395142101666,0.7046869626034041,0.21300512236767216,,,,,0.4,False
F1,Rennes,Total,Cantos total Over 8.5,28,28.0,0.6428571428571429,0.4791574237499549,0.4582997758222724,0.7929438802754113,0.07712009106431417,,,,,0.4,True
F1,Rennes,Total,Cantos total Over 9.5,28,28.0,0.5357142857142857,0.4987228587060336,0.35812395142101666,0.7046869626034041,0.08551508252703471,,,,,0.4,False
F1,Rennes,Total,Cantos total Over 10.5,28,28.0,0.39285714285714285,0.4883855118277623,0.23565451827580033,0.575912739650937,0.06217985202048948,,,,,0.0,True
F1,Rennes,Total,Cantos equipa Over 4.5,28,28.0,0.6785714285714286,0.4670248868079293,0.4933850455563118,0.8206695245657927,0.21642003414911787,,,,,0.8,False
F1,Rennes,Total,Cantos equipa Over 5.5,28,28.0,0.5,0.5,0.32632846832446344,0.6736715316755366,0.17330677290836655,,,,,0.6,False
F1,Rennes,Total,Equipa ganha cantos,28,28.0,0.6071428571428571,0.48838551182776224,0.42408726034906297,0.7643454817241996,0.1569436539556061,,,,,0.8,False
F1,Strasbourg,Total,Vitória (1X2),28,28.0,0.42857142857142855,0.49487165930539345,0.2650829618073123,0.6092952101438459,0.044109277177006245,-0.08285714285714288,2.8389285714285717,0.3522455654799346,0.21668367346938777,0.4,False
F1,Strasbourg,Total,Over 2.5 golos,28,28.0,0.6071428571428571,0.48838551182776224,0.42408726034906297,0.7643454817241996,0.0971826977803073,0.03821428571428571,1.7357142857142855,0.5761316872427984,0.05382653061224474,0.4,True
F1,Strasbourg,Total,Under 2.5 golos,28,28.0,0.39285714285714285,0.4883855118277623,0.23565451827580033,0.575912739650937,-0.09718269778030736,-0.21821428571428575,2.0578571428571424,0.4859423811176676,-0.1915561224489798,0.6,False
F1,Strasbourg,Total,Handicap Asiático (AH),28,,,,,,,0.00535714285714287,1.8860714285714286,0.5302026131414505,,,False
F1,Strasbourg,Total,Casa marca (>=1),28,28.0,0.8214285714285714,0.38299304624155744,0.644082084514089,0.9212161417056989,0.11824132043255542,,,,,0.6,True
F1,Strasbourg,Total,Clean sheet,28,28.0,0.32142857142857145,0.46702488680792936,0.1793304754342074,0.5066149544436882,0.024615822424587375,,,,,0.4,False
F1,Strasbourg,Total,Ambas marcam (BTTS),28,28.0,0.6071428571428571,0.48838551182776224,0.42408726034906297,0.7643454817241996,0.1210870802504268,,,,,0.6,False
F1,Strasbourg,Total,Over 1.5 golos,28,28.0,0.7142857142857143,0.45175395145262565,0.529403642629825,0.8474618415167003,0.013090495162208282,,,,,0.6,False
F1,Strasbourg,Total,Over 3.5 golos,28,28.0,0.35714285714285715,0.4791574237499549,0.20705611972458876,0.5417002241777278,0.034433693796243614,,,,,0.4,False
F1,Strasbourg,Total,Cantos total Over 8.5,28,28.0,0.5357142857142857,0.4987228587060336,0.35812395142101666,0.7046869626034041,-0.03002276607854304,,,,,1.0,False
F1,Strasbourg,Total,Cantos total Over 9.5,28,28.0,0.39285714285714285,0.4883855118277623,0.23565451827580033,0.575912739650937,-0.057342060330108136,,,,,0.6,False
F1,Strasbourg,Total,Cantos total Over 10.5,28,28.0,0.32142857142857145,0.46702488680792936,0.1793304754342074,0.5066149544436882,-0.009248719408081918,,,,,0.4,False
F1,Strasbourg,Total,Cantos equipa Over 4.5,28,28.0,0.39285714285714285,0.4883855118277623,0.23565451827580033,0.575912739650937,-0.06929425156516789,,,,,0.4,False
F1,Strasbourg,Total,Cantos equipa Over 5.5,28,28.0,0.17857142857142858,0.38299304624155744,0.07878385829430107,0.35591791548591095,-0.14812179852020488,,,,,0.4,False
F1,Strasbourg,Total,Equipa ganha cantos,28,28.0,0.42857142857142855,0.49487165930539345,0.2650829618073123,0.6092952101438459,-0.021627774615822437,,,,,0.4,False
F1,Toulouse,Total,Vitória (1X2),28,28.0,0.35714285714285715,0.4791574237499549,0.20705611972458876,0.5417002241777278,-0.02731929425156515,-0.1114285714285714,3.0925000000000007,0.3233629749393694,0.1044642857142859,0.4,False
F1,Toulouse,Total,Over 2.5 golos,28,28.0,0.4642857142857143,0.4987228587060336,0.2953130373965958,0.6418760485789833,-0.04567444507683549,-0.1382142857142857,1.9285714285714286,0.5185185185185185,-0.10459183673469374,0.4,False
F1,Toulouse,Total,Under 2.5 golos,28,28.0,0.5357142857142857,0.4987228587060336,0.35812395142101666,0.7046869626034041,0.04567444507683549,-0.04142857142857143,1.8625,0.5369127516778524,-0.0022321428571429047,0.6,False
F1,Toulouse,Total,Handicap Asiático (AH),28,,,,,,,-0.11535714285714284,1.9457142857142853,0.5139500734214392,,,False
F1,Toulouse,Total,Casa marca (>=1),28,28.0,0.6785714285714286,0.4670248868079293,0.4933850455563118,0.8206695245657927,-0.024615822424587375,,,,,0.6,False
F1,Toulouse,Total,Clean sheet,28,28.0,0.32142857142857145,0.46702488680792936,0.1793304754342074,0.5066149544436882,0.024615822424587375,,,,,0.2,False
F1,Toulouse,Total,Ambas marcam (BTTS),28,28.0,0.42857142857142855,0.49487165930539345,0.2650829618073123,0.6092952101438459,-0.057484348321001744,,,,,0.4,False
F1,Toulouse,Total,Over 1.5 golos,28,28.0,0.6071428571428571,0.48838551182776224,0.42408726034906297,0.7643454817241996,-0.09405236198064892,,,,,0.4,True
F1,Toulouse,Total,Over 3.5 golos,28,28.0,0.2857142857142857,0.45175395145262565,0.15253815848329966,0.47059635737017497,-0.03699487763232784,,,,,0.4,False
F1,Toulouse,Total,Cantos total Over 8.5,28,28.0,0.5714285714285714,0.4948716593053935,0.390704789856154,0.7349170381926877,0.005691519635742659,,,,,0.0,True
F1,Toulouse,Total,Cantos total Over 9.5,28,28.0,0.5357142857142857,0.4987228587060336,0.35812395142101666,0.7046869626034041,0.08551508252703471,,,,,0.0,True
F1,Toulouse,Total,Cantos total Over 10.5,28,28.0,0.42857142857142855,0.49487165930539345,0.2650829618073123,0.6092952101438459,0.09789413773477518,,,,,0.0,True
F1,Toulouse,Total,Cantos equipa Over 4.5,28,28.0,0.4642857142857143,0.4987228587060336,0.2953130373965958,0.6418760485789833,0.0021343198634035665,,,,,0.0,True
F1,Toulouse,Total,Cantos equipa Over 5.5,28,28.0,0.21428571428571427,0.41032590332414487,0.10212321701189421,0.39538947079273873,-0.11240751280591918,,,,,0.0,True
F1,Toulouse,Total,Equipa ganha cantos,28,28.0,0.35714285714285715,0.4791574237499549,0.20705611972458876,0.5417002241777278,-0.09305634604439383,,,,,0.2,True
