league,team,scope,market,jogos,n_eventos,hit_rate,hit_std,wilson_lo,wilson_hi,edge_vs_liga,roi_unid_por_aposta,odds_avg,prob_impl,value_estimado,form_recent_5,alerta_tendencia_inversa
D1,Augsburg,Fora,Vitória (1X2),14,14.0,0.21428571428571427,0.41032590332414487,0.07571248336916371,0.4758972377320828,-0.16071428571428573,1.0278571428571428,5.386428571428572,0.18565177032223842,0.15423469387755095,0.2,False
D1,Augsburg,Fora,Over 2.5 golos,14,14.0,0.6428571428571429,0.4791574237499549,0.3876400468214041,0.8365550926279727,0.019841269841269882,0.059285714285714226,1.645714285714286,0.6076388888888888,0.05795918367346964,0.4,True
D1,Augsburg,Fora,Under 2.5 golos,14,14.0,0.35714285714285715,0.4791574237499549,0.16344490737202735,0.6123599531785959,-0.019841269841269826,-0.21,2.314285714285714,0.4320987654320988,-0.17346938775510212,0.6,False
D1,Augsburg,Fora,Handicap Asiático (AH),14,,,,,,,-0.1417857142857143,2.0914285714285716,0.4781420765027322,,,False
D1,Augsburg,Fora,Casa marca (>=1),14,14.0,0.6428571428571429,0.4791574237499549,0.3876400468214041,0.8365550926279727,-0.1329365079365079,,,,,0.6,False
D1,Augsburg,Fora,Clean sheet,14,14.0,0.0,0.0,0.0,0.21531701192718142,-0.22420634920634921,,,,,0.0,False
D1,Augsburg,Fora,Ambas marcam (BTTS),14,14.0,0.6428571428571429,0.4791574237499549,0.3876400468214041,0.8365550926279727,0.04761904761904767,,,,,0.6,False
D1,Augsburg,Fora,Over 1.5 golos,14,14.0,0.9285714285714286,0.25753937681885636,0.6853073044604219,0.9872781138877085,0.09920634920634919,,,,,1.0,False
D1,Augsburg,Fora,Over 3.5 golos,14,14.0,0.2857142857142857,0.45175395145262565,0.11721187910109102,0.546495411724844,-0.12301587301587302,,,,,0.2,False
D1,Augsburg,Fora,Cantos total Over 8.5,14,14.0,0.5714285714285714,0.4948716593053935,0.3259026690286936,0.7861949006959947,-0.023809523809523836,,,,,1.0,False
D1,Augsburg,Fora,Cantos total Over 9.5,14,14.0,0.5,0.5,0.2679886791947528,0.7320113208052473,0.0,,,,,1.0,False
D1,Augsburg,Fora,Cantos total Over 10.5,14,14.0,0.35714285714285715,0.4791574237499549,0.16344490737202735,0.6123599531785959,-0.015873015873015872,,,,,0.8,False
D1,Augsburg,Fora,Cantos equipa Over 4.5,14,14.0,0.2857142857142857,0.45175395145262565,0.11721187910109102,0.546495411724844,-0.2142857142857143,,,,,0.4,False
D1,Augsburg,Fora,Cantos equipa Over 5.5,14,14.0,0.21428571428571427,0.41032590332414487,0.07571248336916371,0.4758972377320828,-0.12301587301587305,,,,,0.4,False
D1,Augsburg,Fora,Equipa ganha cantos,14,14.0,0.21428571428571427,0.41032590332414487,0.07571248336916371,0.4758972377320828,-0.22420634920634921,,,,,0.4,False
D1,Augsburg,Casa,Vitória (1X2),14,14.0,0.42857142857142855,0.49487165930539345,0.21380509930400526,0.6740973309713064,0.05357142857142855,0.04714285714285714,3.3178571428571426,0.3013993541442411,0.421938775510204,0.6,False
D1,Augsburg,Casa,Over 2.5 golos,14,14.0,0.5,0.5,0.2679886791947528,0.7320113208052473,-0.12301587301587302,-0.14214285714285715,1.7285714285714284,0.578512396694215,-0.1357142857142858,0.6,False
D1,Augsburg,Casa,Under 2.5 golos,14,14.0,0.5,0.5,0.2679886791947528,0.7320113208052473,0.12301587301587302,0.05071428571428571,2.1714285714285717,0.4605263157894736,0.08571428571428585,0.4,False
D1,Augsburg,Casa,Handicap Asiático (AH),14,,,,,,,0.2064285714285714,1.8964285714285711,0.5273069679849341,,,False
D1,Augsburg,Casa,Casa marca (>=1),14,14.0,0.7857142857142857,0.4103259033241449,0.5241027622679172,0.9242875166308363,0.009920634920634885,,,,,1.0,False
D1,Augsburg,Casa,Clean sheet,14,14.0,0.35714285714285715,0.4791574237499549,0.16344490737202735,0.6123599531785959,0.13293650793650794,,,,,0.4,False
D1,Augsburg,Casa,Ambas marcam (BTTS),14,14.0,0.5,0.5,0.2679886791947528,0.7320113208052473,-0.09523809523809523,,,,,0.6,False
D1,Augsburg,Casa,Over 1.5 golos,14,14.0,0.7142857142857143,0.45175395145262565,0.4535045882751561,0.882788120898909,-0.11507936507936511,,,,,0.8,False
D1,Augsburg,Casa,Over 3.5 golos,14,14.0,0.42857142857142855,0.49487165930539345,0.21380509930400526,0.6740973309713064,0.019841269841269826,,,,,0.4,False
D1,Augsburg,Casa,Cantos total Over 8.5,14,14.0,0.6428571428571429,0.4791574237499549,0.3876400468214041,0.8365550926279727,0.04761904761904767,,,,,0.8,False
D1,Augsburg,Casa,Cantos total Over 9.5,14,14.0,0.5714285714285714,0.4948716593053935,0.3259026690286936,0.7861949006959947,0.0714285714285714,,,,,0.6,False
D1,Augsburg,Casa,Cantos total Over 10.5,14,14.0,0.5,0.5,0.2679886791947528,0.7320113208052473,0.12698412698412698,,,,,0.4,False
D1,Augsburg,Casa,Cantos equipa Over 4.5,14,14.0,0.5714285714285714,0.4948716593053935,0.3259026690286936,0.7861949006959947,0.0714285714285714,,,,,0.6,False
D1,Augsburg,Casa,Cantos equipa Over 5.5,14,14.0,0.42857142857142855,0.49487165930539345,0.21380509930400526,0.6740973309713064,0.09126984126984122,,,,,0.4,False
D1,Augsburg,Casa,Equipa ganha cantos,14,14.0,0.35714285714285715,0.4791574237499549,0.16344490737202735,0.6123599531785959,-0.08134920634920634,,,,,0.2,True
D1,Bayern Munich,Fora,Vitória (1X2),14,14.0,0.7857142857142857,0.4103259033241449,0.5241027622679172,0.9242875166308363,0.4107142857142857,0.05928571428571429,1.3442857142857143,0.7438894792773645,0.05622448979591832,0.6,True
D1,Bayern Munich,Fora,Over 2.5 golos,14,14.0,0.9285714285714286,0.25753937681885636,0.6853073044604219,0.9872781138877085,0.3055555555555556,0.20714285714285716,1.3042857142857145,0.7667031763417305,0.21112244897959198,0.8,False
D1,Bayern Munich,Fora,Under 2.5 golos,14,14.0,0.07142857142857142,0.2575393768188564,0.012721886112291648,0.3146926955395781,-0.3055555555555556,-0.7842857142857144,3.3807142857142862,0.29579547855482774,-0.7585204081632653,0.2,False
D1,Bayern Munich,Fora,Handicap Asiático (AH),14,,,,,,,0.12035714285714283,1.8814285714285715,0.5315110098709187,,,False
D1,Bayern Munich,Fora,Casa marca (>=1),14,14.0,1.0,0.0,0.7846829880728186,1.0,0.2242063492063492,,,,,1.0,False
D1,Bayern Munich,Fora,Clean sheet,14,14.0,0.35714285714285715,0.4791574237499549,0.16344490737202735,0.6123599531785959,0.13293650793650794,,,,,0.2,True
D1,Bayern Munich,Fora,Ambas marcam (BTTS),14,14.0,0.6428571428571429,0.4791574237499549,0.3876400468214041,0.8365550926279727,0.04761904761904767,,,,,0.8,False
D1,Bayern Munich,Fora,Over 1.5 golos,14,14.0,1.0,0.0,0.7846829880728186,1.0,0.17063492063492058,,,,,1.0,False
D1,Bayern Munich,Fora,Over 3.5 golos,14,14.0,0.7142857142857143,0.45175395145262565,0.4535045882751561,0.882788120898909,0.3055555555555556,,,,,0.6,False
D1,Bayern Munich,Fora,Cantos total Over 8.5,14,14.0,0.5714285714285714,0.4948716593053935,0.3259026690286936,0.7861949006959947,-0.023809523809523836,,,,,0.4,True
D1,Bayern Munich,Fora,Cantos total Over 9.5,14,14.0,0.5,0.5,0.2679886791947528,0.7320113208052473,0.0,,,,,0.4,False
D1,Bayern Munich,Fora,Cantos total Over 10.5,14,14.0,0.35714285714285715,0.4791574237499549,0.16344490737202735,0.6123599531785959,-0.015873015873015872,,,,,0.4,False
D1,Bayern Munich,Fora,Cantos equipa Over 4.5,14,14.0,0.6428571428571429,0.4791574237499549,0.3876400468214041,0.8365550926279727,0.1428571428571429,,,,,0.4,True
D1,Bayern Munich,Fora,Cantos equipa Over 5.5,14,14.0,0.42857142857142855,0.49487165930539345,0.21380509930400526,0.6740973309713064,0.09126984126984122,,,,,0.4,False
D1,Bayern Munich,Fora,Equipa ganha cantos,14,14.0,0.5714285714285714,0.4948716593053935,0.3259026690286936,0.7861949006959947,0.1329365079365079,,,,,0.6,False
D1,Bayern Munich,Casa,Vitória (1X2),14,14.0,0.8571428571428571,0.34992710611188266,0.600580922361363,0.9599069262620787,0.4821428571428571,0.0021428571428571447,1.1578571428571427,0.8636644046884641,-0.007551020408163467,0.8,False
D1,Bayern Munich,Casa,Over 2.5 golos,14,14.0,1.0,0.0,0.7846829880728186,1.0,0.376984126984127,0.23857142857142852,1.2385714285714287,0.8073817762399077,0.23857142857142866,1.0,False
D1,Bayern Munich,Casa,Under 2.5 golos,14,14.0,0.0,0.0,0.0,0.21531701192718142,-0.376984126984127,-1.0,3.93,0.2544529262086514,-1.0,0.0,False
D1,Bayern Munich,Casa,Handicap Asiático (AH),14,,,,,,,0.19571428571428573,1.8699999999999999,0.5347593582887701,,,False
D1,Bayern Munich,Casa,Casa marca (>=1),14,14.0,1.0,0.0,0.7846829880728186,1.0,0.2242063492063492,,,,,1.0,False
D1,Bayern Munich,Casa,Clean sheet,14,14.0,0.35714285714285715,0.4791574237499549,0.16344490737202735,0.6123599531785959,0.13293650793650794,,,,,0.2,True
D1,Bayern Munich,Casa,Ambas marcam (BTTS),14,14.0,0.6428571428571429,0.4791574237499549,0.3876400468214041,0.8365550926279727,0.04761904761904767,,,,,0.8,False
D1,Bayern Munich,Casa,Over 1.5 golos,14,14.0,1.0,0.0,0.7846829880728186,1.0,0.17063492063492058,,,,,1.0,False
D1,Bayern Munich,Casa,Over 3.5 golos,14,14.0,0.7857142857142857,0.4103259033241449,0.5241027622679172,0.9242875166308363,0.376984126984127,,,,,0.8,False
D1,Bayern Munich,Casa,Cantos total Over 8.5,14,14.0,0.5714285714285714,0.4948716593053935,0.3259026690286936,0.7861949006959947,-0.023809523809523836,,,,,0.8,False
D1,Bayern Munich,Casa,Cantos total Over 9.5,14,14.0,0.5714285714285714,0.4948716593053935,0.3259026690286936,0.7861949006959947,0.0714285714285714,,,,,0.8,False
D1,Bayern Munich,Casa,Cantos total Over 10.5,14,14.0,0.42857142857142855,0.49487165930539345,0.21380509930400526,0.6740973309713064,0.055555555555555525,,,,,0.6,False
D1,Bayern Munich,Casa,Cantos equipa Over 4.5,14,14.0,0.8571428571428571,0.34992710611188266,0.600580922361363,0.9599069262620787,0.3571428571428571,,,,,1.0,False
D1,Bayern Munich,Casa,Cantos equipa Over 5.5,14,14.0,0.7142857142857143,0.45175395145262565,0.4535045882751561,0.882788120898909,0.376984126984127,,,,,1.0,False
D1,Bayern Munich,Casa,Equipa ganha cantos,14,14.0,0.8571428571428571,0.34992710611188266,0.600580922361363,0.9599069262620787,0.4186507936507936,,,,,1.0,False
D1,Dortmund,Fora,Vitória (1X2),14,14.0,0.5714285714285714,0.4948716593053935,0.3259026690286936,0.7861949006959947,0.1964285714285714,0.1392857142857143,2.4064285714285716,0.4155535767289997,0.3751020408163266,0.8,False
D1,Dortmund,Fora,Over 2.5 golos,14,14.0,0.5714285714285714,0.4948716593053935,0.3259026690286936,0.7861949006959947,-0.051587301587301626,-0.09499999999999999,1.5642857142857143,0.639269406392694,-0.10612244897959189,0.8,False
D1,Dortmund,Fora,Under 2.5 golos,14,14.0,0.42857142857142855,0.49487165930539345,0.21380509930400526,0.6740973309713064,0.05158730158730157,0.05071428571428568,2.422857142857143,0.41273584905660377,0.038367346938775526,0.2,True
D1,Dortmund,Fora,Handicap Asiático (AH),14,,,,,,,0.45999999999999996,2.1135714285714284,0.47313281514025013,,,False
D1,Dortmund,Fora,Casa marca (>=1),14,14.0,1.0,0.0,0.7846829880728186,1.0,0.2242063492063492,,,,,1.0,False
D1,Dortmund,Fora,Clean sheet,14,14.0,0.35714285714285715,0.4791574237499549,0.16344490737202735,0.6123599531785959,0.13293650793650794,,,,,0.4,False
D1,Dortmund,Fora,Ambas marcam (BTTS),14,14.0,0.6428571428571429,0.4791574237499549,0.3876400468214041,0.8365550926279727,0.04761904761904767,,,,,0.6,False
D1,Dortmund,Fora,Over 1.5 golos,14,14.0,0.9285714285714286,0.25753937681885636,0.6853073044604219,0.9872781138877085,0.09920634920634919,,,,,1.0,False
D1,Dortmund,Fora,Over 3.5 golos,14,14.0,0.21428571428571427,0.41032590332414487,0.07571248336916371,0.4758972377320828,-0.19444444444444445,,,,,0.2,False
D1,Dortmund,Fora,Cantos total Over 8.5,14,14.0,0.42857142857142855,0.49487165930539345,0.21380509930400526,0.6740973309713064,-0.16666666666666669,,,,,0.6,False
D1,Dortmund,Fora,Cantos total Over 9.5,14,14.0,0.2857142857142857,0.45175395145262565,0.11721187910109102,0.546495411724844,-0.2142857142857143,,,,,0.4,False
D1,Dortmund,Fora,Cantos total Over 10.5,14,14.0,0.2857142857142857,0.45175395145262565,0.11721187910109102,0.546495411724844,-0.08730158730158732,,,,,0.4,False
D1,Dortmund,Fora,Cantos equipa Over 4.5,14,14.0,0.2857142857142857,0.45175395145262565,0.11721187910109102,0.546495411724844,-0.2142857142857143,,,,,0.2,False
D1,Dortmund,Fora,Cantos equipa Over 5.5,14,14.0,0.14285714285714285,0.3499271061118826,0.04009307373792117,0.399419077638637,-0.19444444444444448,,,,,0.2,False
D1,Dortmund,Fora,Equipa ganha cantos,14,14.0,0.21428571428571427,0.41032590332414487,0.07571248336916371,0.4758972377320828,-0.22420634920634921,,,,,0.2,False
D1,Dortmund,Casa,Vitória (1X2),14,14.0,0.7857142857142857,0.4103259033241449,0.5241027622679172,0.9242875166308363,0.4107142857142857,0.11357142857142856,1.67,0.5988023952095809,0.31214285714285706,0.8,False
D1,Dortmund,Casa,Over 2.5 golos,14,14.0,0.5714285714285714,0.4948716593053935,0.3259026690286936,0.7861949006959947,-0.051587301587301626,-0.15357142857142855,1.465,0.68259385665529,-0.1628571428571428,0.8,False
D1,Dortmund,Casa,Under 2.5 golos,14,14.0,0.42857142857142855,0.49487165930539345,0.21380509930400526,0.6740973309713064,0.05158730158730157,0.15214285714285714,2.6428571428571432,0.37837837837837834,0.13265306122448983,0.2,True
D1,Dortmund,Casa,Handicap Asiático (AH),14,,,,,,,-0.05785714285714284,1.8771428571428572,0.532724505327245,,,False
D1,Dortmund,Casa,Casa marca (>=1),14,14.0,1.0,0.0,0.7846829880728186,1.0,0.2242063492063492,,,,,1.0,False
D1,Dortmund,Casa,Clean sheet,14,14.0,0.5714285714285714,0.4948716593053935,0.3259026690286936,0.7861949006959947,0.3472222222222222,,,,,0.4,True
D1,Dortmund,Casa,Ambas marcam (BTTS),14,14.0,0.42857142857142855,0.49487165930539345,0.21380509930400526,0.6740973309713064,-0.16666666666666669,,,,,0.6,False
D1,Dortmund,Casa,Over 1.5 golos,14,14.0,0.8571428571428571,0.34992710611188266,0.600580922361363,0.9599069262620787,0.02777777777777768,,,,,1.0,False
D1,Dortmund,Casa,Over 3.5 golos,14,14.0,0.42857142857142855,0.49487165930539345,0.21380509930400526,0.6740973309713064,0.019841269841269826,,,,,0.8,False
D1,Dortmund,Casa,Cantos total Over 8.5,14,14.0,0.7857142857142857,0.4103259033241449,0.5241027622679172,0.9242875166308363,0.19047619047619047,,,,,0.8,False
D1,Dortmund,Casa,Cantos total Over 9.5,14,14.0,0.7142857142857143,0.45175395145262565,0.4535045882751561,0.882788120898909,0.2142857142857143,,,,,0.6,False
D1,Dortmund,Casa,Cantos total Over 10.5,14,14.0,0.5,0.5,0.2679886791947528,0.7320113208052473,0.12698412698412698,,,,,0.6,False
D1,Dortmund,Casa,Cantos equipa Over 4.5,14,14.0,0.7857142857142857,0.4103259033241449,0.5241027622679172,0.9242875166308363,0.2857142857142857,,,,,1.0,False
D1,Dortmund,Casa,Cantos equipa Over 5.5,14,14.0,0.6428571428571429,0.4791574237499549,0.3876400468214041,0.8365550926279727,0.3055555555555556,,,,,0.8,False
D1,Dortmund,Casa,Equipa ganha cantos,14,14.0,0.6428571428571429,0.4791574237499549,0.3876400468214041,0.8365550926279727,0.20436507936507942,,,,,1.0,False
D1,Ein Frankfurt,Fora,Vitória (1X2),14,14.0,0.21428571428571427,0.41032590332414487,0.07571248336916371,0.4758972377320828,-0.16071428571428573,-0.5278571428571428,3.641428571428571,0.2746174970576697,-0.21969387755102054,0.0,True
D1,Ein Frankfurt,Fora,Over 2.5 golos,14,14.0,0.7142857142857143,0.45175395145262565,0.4535045882751561,0.882788120898909,0.09126984126984128,0.06357142857142854,1.56,0.641025641025641,0.11428571428571432,0.6,False
D1,Ein Frankfurt,Fora,Under 2.5 golos,14,14.0,0.2857142857142857,0.45175395145262565,0.11721187910109102,0.546495411724844,-0.09126984126984128,-0.39785714285714285,2.5092857142857143,0.39851978366068885,-0.283061224489796,0.4,False
D1,Ein Frankfurt,Fora,Handicap Asiático (AH),14,,,,,,,-0.02428571428571426,1.8664285714285715,0.5357826253348641,,,False
D1,Ein Frankfurt,Fora,Casa marca (>=1),14,14.0,0.8571428571428571,0.34992710611188266,0.600580922361363,0.9599069262620787,0.08134920634920628,,,,,0.8,False
D1,Ein Frankfurt,Fora,Clean sheet,14,14.0,0.07142857142857142,0.2575393768188564,0.012721886112291648,0.3146926955395781,-0.1527777777777778,,,,,0.2,False
D1,Ein Frankfurt,Fora,Ambas marcam (BTTS),14,14.0,0.8571428571428571,0.34992710611188266,0.600580922361363,0.9599069262620787,0.26190476190476186,,,,,0.8,False
D1,Ein Frankfurt,Fora,Over 1.5 golos,14,14.0,0.9285714285714286,0.25753937681885636,0.6853073044604219,0.9872781138877085,0.09920634920634919,,,,,0.8,False
D1,Ein Frankfurt,Fora,Over 3.5 golos,14,14.0,0.6428571428571429,0.4791574237499549,0.3876400468214041,0.8365550926279727,0.23412698412698418,,,,,0.4,True
D1,Ein Frankfurt,Fora,Cantos total Over 8.5,14,14.0,0.5714285714285714,0.4948716593053935,0.3259026690286936,0.7861949006959947,-0.023809523809523836,,,,,0.4,True
D1,Ein Frankfurt,Fora,Cantos total Over 9.5,14,14.0,0.5,0.5,0.2679886791947528,0.7320113208052473,0.0,,,,,0.4,False
D1,Ein Frankfurt,Fora,Cantos total Over 10.5,14,14.0,0.21428571428571427,0.41032590332414487,0.07571248336916371,0.4758972377320828,-0.15873015873015875,,,,,0.2,False
D1,Ein Frankfurt,Fora,Cantos equipa Over 4.5,14,14.0,0.42857142857142855,0.49487165930539345,0.21380509930400526,0.6740973309713064,-0.07142857142857145,,,,,0.2,True
D1,Ein Frankfurt,Fora,Cantos equipa Over 5.5,14,14.0,0.21428571428571427,0.41032590332414487,0.07571248336916371,0.4758972377320828,-0.12301587301587305,,,,,0.0,True
D1,Ein Frankfurt,Fora,Equipa ganha cantos,14,14.0,0.2857142857142857,0.45175395145262565,0.11721187910109102,0.546495411724844,-0.1527777777777778,,,,,0.0,True
D1,Ein Frankfurt,Casa,Vitória (1X2),14,14.0,0.5,0.5,0.2679886791947528,0.7320113208052473,0.125,-0.10642857142857144,2.3421428571428575,0.4269594388533089,0.17107142857142876,0.6,False
D1,Ein Frankfurt,Casa,Over 2.5 golos,14,14.0,0.5714285714285714,0.4948716593053935,0.3259026690286936,0.7861949006959947,-0.051587301587301626,-0.10928571428571425,1.5614285714285712,0.6404391582799636,-0.10775510204081662,0.6,False
D1,Ein Frankfurt,Casa,Under 2.5 golos,14,14.0,0.42857142857142855,0.49487165930539345,0.21380509930400526,0.6740973309713064,0.05158730158730157,0.006428571428571418,2.3978571428571422,0.41703902293714634,0.027653061224489628,0.4,False
D1,Ein Frankfurt,Casa,Handicap Asiático (AH),14,,,,,,,-0.002142857142857129,1.8271428571428567,0.5473025801407351,,,False
D1,Ein Frankfurt,Casa,Casa marca (>=1),14,14.0,0.9285714285714286,0.25753937681885636,0.6853073044604219,0.9872781138877085,0.1527777777777778,,,,,1.0,False
D1,Ein Frankfurt,Casa,Clean sheet,14,14.0,0.42857142857142855,0.49487165930539345,0.21380509930400526,0.6740973309713064,0.20436507936507933,,,,,0.6,False
D1,Ein Frankfurt,Casa,Ambas marcam (BTTS),14,14.0,0.5,0.5,0.2679886791947528,0.7320113208052473,-0.09523809523809523,,,,,0.4,False
D1,Ein Frankfurt,Casa,Over 1.5 golos,14,14.0,0.7857142857142857,0.4103259033241449,0.5241027622679172,0.9242875166308363,-0.04365079365079372,,,,,0.8,False
D1,Ein Frankfurt,Casa,Over 3.5 golos,14,14.0,0.42857142857142855,0.49487165930539345,0.21380509930400526,0.6740973309713064,0.019841269841269826,,,,,0.4,False
D1,Ein Frankfurt,Casa,Cantos total Over 8.5,14,14.0,0.42857142857142855,0.49487165930539345,0.21380509930400526,0.6740973309713064,-0.16666666666666669,,,,,0.8,False
D1,Ein Frankfurt,Casa,Cantos total Over 9.5,14,14.0,0.35714285714285715,0.4791574237499549,0.16344490737202735,0.6123599531785959,-0.14285714285714285,,,,,0.6,False
D1,Ein Frankfurt,Casa,Cantos total Over 10.5,14,14.0,0.2857142857142857,0.45175395145262565,0.11721187910109102,0.546495411724844,-0.08730158730158732,,,,,0.4,False
D1,Ein Frankfurt,Casa,Cantos equipa Over 4.5,14,14.0,0.5714285714285714,0.4948716593053935,0.3259026690286936,0.7861949006959947,0.0714285714285714,,,,,0.8,False
D1,Ein Frankfurt,Casa,Cantos equipa Over 5.5,14,14.0,0.35714285714285715,0.4791574237499549,0.16344490737202735,0.6123599531785959,0.019841269841269826,,,,,0.4,False
D1,Ein Frankfurt,Casa,Equipa ganha cantos,14,14.0,0.5714285714285714,0.4948716593053935,0.3259026690286936,0.7861949006959947,0.1329365079365079,,,,,0.6,False
D1,FC Koln,Fora,Vitória (1X2),14,14.0,0.14285714285714285,0.3499271061118826,0.04009307373792117,0.399419077638637,-0.23214285714285715,-0.45999999999999996,3.9642857142857144,0.25225225225225223,-0.4336734693877551,0.0,False
D1,FC Koln,Fora,Over 2.5 golos,14,14.0,0.5,0.5,0.2679886791947528,0.7320113208052473,-0.12301587301587302,-0.17285714285714285,1.6335714285714285,0.6121556624398776,-0.18321428571428577,0.6,False
D1,FC Koln,Fora,Under 2.5 golos,14,14.0,0.5,0.5,0.2679886791947528,0.7320113208052473,0.12301587301587302,0.1528571428571428,2.255,0.4434589800443459,0.12749999999999995,0.4,False
D1,FC Koln,Fora,Handicap Asiático (AH),14,,,,,,,-0.05249999999999999,2.087142857142857,0.4791238877481177,,,False
D1,FC Koln,Fora,Casa marca (>=1),14,14.0,0.7857142857142857,0.4103259033241449,0.5241027622679172,0.9242875166308363,0.009920634920634885,,,,,0.8,False
D1,FC Koln,Fora,Clean sheet,14,14.0,0.14285714285714285,0.3499271061118826,0.04009307373792117,0.399419077638637,-0.08134920634920637,,,,,0.0,False
D1,FC Koln,Fora,Ambas marcam (BTTS),14,14.0,0.6428571428571429,0.4791574237499549,0.3876400468214041,0.8365550926279727,0.04761904761904767,,,,,0.8,False
D1,FC Koln,Fora,Over 1.5 golos,14,14.0,0.7857142857142857,0.4103259033241449,0.5241027622679172,0.9242875166308363,-0.04365079365079372,,,,,1.0,False
D1,FC Koln,Fora,Over 3.5 golos,14,14.0,0.42857142857142855,0.49487165930539345,0.21380509930400526,0.6740973309713064,0.019841269841269826,,,,,0.4,False
D1,FC Koln,Fora,Cantos total Over 8.5,14,14.0,0.7142857142857143,0.45175395145262565,0.4535045882751561,0.882788120898909,0.11904761904761907,,,,,0.6,False
D1,FC Koln,Fora,Cantos total Over 9.5,14,14.0,0.5714285714285714,0.4948716593053935,0.3259026690286936,0.7861949006959947,0.0714285714285714,,,,,0.4,True
D1,FC Koln,Fora,Cantos total Over 10.5,14,14.0,0.5,0.5,0.2679886791947528,0.7320113208052473,0.12698412698412698,,,,,0.2,True
D1,FC Koln,Fora,Cantos equipa Over 4.5,14,14.0,0.5,0.5,0.2679886791947528,0.7320113208052473,0.0,,,,,0.8,False
D1,FC Koln,Fora,Cantos equipa Over 5.5,14,14.0,0.2857142857142857,0.45175395145262565,0.11721187910109102,0.546495411724844,-0.051587301587301626,,,,,0.4,False
D1,FC Koln,Fora,Equipa ganha cantos,14,14.0,0.2857142857142857,0.45175395145262565,0.11721187910109102,0.546495411724844,-0.1527777777777778,,,,,0.6,False
D1,FC Koln,Casa,Vitória (1X2),14,14.0,0.2857142857142857,0.45175395145262565,0.11721187910109102,0.546495411724844,-0.0892857142857143,-0.37714285714285717,3.0907142857142853,0.3235498035590479,-0.11693877551020426,0.2,False
D1,FC Koln,Casa,Over 2.5 golos,14,14.0,0.7142857142857143,0.45175395145262565,0.4535045882751561,0.882788120898909,0.09126984126984128,0.13428571428571429,1.6271428571428572,0.6145741878841089,0.16224489795918373,0.8,False
D1,FC Koln,Casa,Under 2.5 golos,14,14.0,0.2857142857142857,0.45175395145262565,0.11721187910109102,0.546495411724844,-0.09126984126984128,-0.39999999999999997,2.325,0.4301075268817204,-0.33571428571428563,0.2,False
D1,FC Koln,Casa,Handicap Asiático (AH),14,,,,,,,-0.22107142857142856,1.8935714285714285,0.5281026027913995,,,False
D1,FC Koln,Casa,Casa marca (>=1),14,14.0,0.9285714285714286,0.25753937681885636,0.6853073044604219,0.9872781138877085,0.1527777777777778,,,,,1.0,False
D1,FC Koln,Casa,Clean sheet,14,14.0,0.07142857142857142,0.2575393768188564,0.012721886112291648,0.3146926955395781,-0.1527777777777778,,,,,0.2,False
D1,FC Koln,Casa,Ambas marcam (BTTS),14,14.0,0.8571428571428571,0.34992710611188266,0.600580922361363,0.9599069262620787,0.26190476190476186,,,,,0.8,False
D1,FC Koln,Casa,Over 1.5 golos,14,14.0,0.8571428571428571,0.34992710611188266,0.600580922361363,0.9599069262620787,0.02777777777777768,,,,,0.8,False
D1,FC Koln,Casa,Over 3.5 golos,14,14.0,0.42857142857142855,0.49487165930539345,0.21380509930400526,0.6740973309713064,0.019841269841269826,,,,,0.4,False
D1,FC Koln,Casa,Cantos total Over 8.5,14,14.0,0.5,0.5,0.2679886791947528,0.7320113208052473,-0.09523809523809523,,,,,0.4,False
D1,FC Koln,Casa,Cantos total Over 9.5,14,14.0,0.35714285714285715,0.4791574237499549,0.16344490737202735,0.6123599531785959,-0.14285714285714285,,,,,0.4,False
D1,FC Koln,Casa,Cantos total Over 10.5,14,14.0,0.2857142857142857,0.45175395145262565,0.11721187910109102,0.546495411724844,-0.08730158730158732,,,,,0.4,False
D1,FC Koln,Casa,Cantos equipa Over 4.5,14,14.0,0.42857142857142855,0.49487165930539345,0.21380509930400526,0.6740973309713064,-0.07142857142857145,,,,,0.4,False
D1,FC Koln,Casa,Cantos equipa Over 5.5,14,14.0,0.21428571428571427,0.41032590332414487,0.07571248336916371,0.4758972377320828,-0.12301587301587305,,,,,0.2,False
D1,FC Koln,Casa,Equipa ganha cantos,14,14.0,0.42857142857142855,0.49487165930539345,0.21380509930400526,0.6740973309713064,-0.009920634920634941,,,,,0.6,False
D1,Freiburg,Fora,Vitória (1X2),14,14.0,0.21428571428571427,0.41032590332414487,0.07571248336916371,0.4758972377320828,-0.16071428571428573,-0.42,3.902857142857143,0.2562225475841874,-0.16367346938775507,0.2,False
D1,Freiburg,Fora,Over 2.5 golos,14,14.0,0.5714285714285714,0.4948716593053935,0.3259026690286936,0.7861949006959947,-0.051587301587301626,0.02285714285714286,1.7671428571428573,0.5658852061438965,0.009795918367347056,0.6,False
D1,Freiburg,Fora,Under 2.5 golos,14,14.0,0.42857142857142855,0.49487165930539345,0.21380509930400526,0.6740973309713064,0.05158730158730157,-0.10999999999999997,2.082142857142857,0.4802744425385935,-0.10765306122448992,0.4,False
D1,Freiburg,Fora,Handicap Asiático (AH),14,,,,,,,-0.3228571428571429,1.8899999999999995,0.5291005291005293,,,False
D1,Freiburg,Fora,Casa marca (>=1),14,14.0,0.5,0.5,0.2679886791947528,0.7320113208052473,-0.2757936507936508,,,,,0.4,False
D1,Freiburg,Fora,Clean sheet,14,14.0,0.21428571428571427,0.41032590332414487,0.07571248336916371,0.4758972377320828,-0.009920634920634941,,,,,0.0,True
D1,Freiburg,Fora,Ambas marcam (BTTS),14,14.0,0.42857142857142855,0.49487165930539345,0.21380509930400526,0.6740973309713064,-0.16666666666666669,,,,,0.4,False
D1,Freiburg,Fora,Over 1.5 golos,14,14.0,0.7857142857142857,0.4103259033241449,0.5241027622679172,0.9242875166308363,-0.04365079365079372,,,,,0.8,False
D1,Freiburg,Fora,Over 3.5 golos,14,14.0,0.2857142857142857,0.45175395145262565,0.11721187910109102,0.546495411724844,-0.12301587301587302,,,,,0.2,False
D1,Freiburg,Fora,Cantos total Over 8.5,14,14.0,0.42857142857142855,0.49487165930539345,0.21380509930400526,0.6740973309713064,-0.16666666666666669,,,,,0.6,False
D1,Freiburg,Fora,Cantos total Over 9.5,14,14.0,0.35714285714285715,0.4791574237499549,0.16344490737202735,0.6123599531785959,-0.14285714285714285,,,,,0.6,False
D1,Freiburg,Fora,Cantos total Over 10.5,14,14.0,0.2857142857142857,0.45175395145262565,0.11721187910109102,0.546495411724844,-0.08730158730158732,,,,,0.6,False
D1,Freiburg,Fora,Cantos equipa Over 4.5,14,14.0,0.5714285714285714,0.4948716593053935,0.3259026690286936,0.7861949006959947,0.0714285714285714,,,,,0.6,False
D1,Freiburg,Fora,Cantos equipa Over 5.5,14,14.0,0.35714285714285715,0.4791574237499549,0.16344490737202735,0.6123599531785959,0.019841269841269826,,,,,0.6,False
D1,Freiburg,Fora,Equipa ganha cantos,14,14.0,0.35714285714285715,0.4791574237499549,0.16344490737202735,0.6123599531785959,-0.08134920634920634,,,,,0.2,True
D1,Freiburg,Casa,Vitória (1X2),14,14.0,0.5,0.5,0.2679886791947528,0.7320113208052473,0.125,-0.0014285714285714615,2.5249999999999995,0.3960396039603961,0.26249999999999973,0.4,False
D1,Freiburg,Casa,Over 2.5 golos,14,14.0,0.7142857142857143,0.45175395145262565,0.4535045882751561,0.882788120898909,0.09126984126984128,0.2592857142857144,1.7750000000000001,0.5633802816901408,0.267857142857143,0.6,False
D1,Freiburg,Casa,Under 2.5 golos,14,14.0,0.2857142857142857,0.45175395145262565,0.11721187910109102,0.546495411724844,-0.09126984126984128,-0.4335714285714286,2.052857142857143,0.48712595685455806,-0.413469387755102,0.4,False
D1,Freiburg,Casa,Handicap Asiático (AH),14,,,,,,,0.3114285714285714,1.8578571428571429,0.5382545174932718,,,False
D1,Freiburg,Casa,Casa marca (>=1),14,14.0,0.9285714285714286,0.25753937681885636,0.6853073044604219,0.9872781138877085,0.1527777777777778,,,,,0.8,False
D1,Freiburg,Casa,Clean sheet,14,14.0,0.14285714285714285,0.3499271061118826,0.04009307373792117,0.399419077638637,-0.08134920634920637,,,,,0.2,False
D1,Freiburg,Casa,Ambas marcam (BTTS),14,14.0,0.7857142857142857,0.4103259033241449,0.5241027622679172,0.9242875166308363,0.19047619047619047,,,,,0.6,True
D1,Freiburg,Casa,Over 1.5 golos,14,14.0,0.8571428571428571,0.34992710611188266,0.600580922361363,0.9599069262620787,0.02777777777777768,,,,,0.6,True
D1,Freiburg,Casa,Over 3.5 golos,14,14.0,0.42857142857142855,0.49487165930539345,0.21380509930400526,0.6740973309713064,0.019841269841269826,,,,,0.4,False
D1,Freiburg,Casa,Cantos total Over 8.5,14,14.0,0.42857142857142855,0.49487165930539345,0.21380509930400526,0.6740973309713064,-0.16666666666666669,,,,,0.4,False
D1,Freiburg,Casa,Cantos total Over 9.5,14,14.0,0.42857142857142855,0.49487165930539345,0.21380509930400526,0.6740973309713064,-0.07142857142857145,,,,,0.4,False
D1,Freiburg,Casa,Cantos total Over 10.5,14,14.0,0.2857142857142857,0.45175395145262565,0.11721187910109102,0.546495411724844,-0.08730158730158732,,,,,0.4,False
D1,Freiburg,Casa,Cantos equipa Over 4.5,14,14.0,0.7142857142857143,0.45175395145262565,0.4535045882751561,0.882788120898909,0.2142857142857143,,,,,0.6,False
D1,Freiburg,Casa,Cantos equipa Over 5.5,14,14.0,0.42857142857142855,0.49487165930539345,0.21380509930400526,0.6740973309713064,0.09126984126984122,,,,,0.2,True
D1,Freiburg,Casa,Equipa ganha cantos,14,14.0,0.5,0.5,0.2679886791947528,0.7320113208052473,0.06150793650793651,,,,,0.4,False
D1,Hamburg,Fora,Vitória (1X2),13,13.0,0.15384615384615385,0.36080121229410994,0.04325726318273798,0.4223517050863101,-0.22115384615384615,-0.5976923076923076,5.643076923076922,0.17720828789531082,-0.13183431952662727,0.4,False
D1,Hamburg,Fora,Over 2.5 golos,13,13.0,0.5384615384615384,0.4985185152621431,0.29143432431832045,0.7679424569851186,-0.08455433455433459,-0.18076923076923077,1.6715384615384616,0.5982512655315232,-0.09994082840236684,0.4,False
D1,Hamburg,Fora,Under 2.5 golos,13,13.0,0.46153846153846156,0.4985185152621431,0.23205754301488138,0.7085656756816795,0.08455433455433459,-0.07615384615384616,2.3546153846153848,0.4246978111728193,0.08674556213017759,0.6,False
D1,Hamburg,Fora,Handicap Asiático (AH),13,,,,,,,0.020769230769230786,1.8761538461538463,0.5330053300533005,,,False
D1,Hamburg,Fora,Casa marca (>=1),13,13.0,0.6153846153846154,0.4865042554105199,0.3552248097226855,0.8229055341876319,-0.1604090354090354,,,,,0.8,False
D1,Hamburg,Fora,Clean sheet,13,13.0,0.3076923076923077,0.46153846153846156,0.1268049716161809,0.5763111218666236,0.0834859584859585,,,,,0.4,False
D1,Hamburg,Fora,Ambas marcam (BTTS),13,13.0,0.5384615384615384,0.4985185152621431,0.29143432431832045,0.7679424569851186,-0.0567765567765568,,,,,0.6,False
D1,Hamburg,Fora,Over 1.5 golos,13,13.0,0.6923076923076923,0.46153846153846156,0.4236888781333764,0.873195028383819,-0.13705738705738713,,,,,0.8,False
D1,Hamburg,Fora,Over 3.5 golos,13,13.0,0.3076923076923077,0.46153846153846156,0.1268049716161809,0.5763111218666236,-0.10103785103785101,,,,,0.2,False
D1,Hamburg,Fora,Cantos total Over 8.5,13,13.0,0.46153846153846156,0.4985185152621431,0.23205754301488138,0.7085656756816795,-0.13369963369963367,,,,,1.0,False
D1,Hamburg,Fora,Cantos total Over 9.5,13,13.0,0.3076923076923077,0.46153846153846156,0.1268049716161809,0.5763111218666236,-0.1923076923076923,,,,,0.6,False
D1,Hamburg,Fora,Cantos total Over 10.5,13,13.0,0.23076923076923078,0.42132504423474315,0.08179379092465708,0.5025687399512693,-0.14224664224664224,,,,,0.4,False
D1,Hamburg,Fora,Cantos equipa Over 4.5,13,13.0,0.23076923076923078,0.42132504423474315,0.08179379092465708,0.5025687399512693,-0.2692307692307692,,,,,0.2,False
D1,Hamburg,Fora,Cantos equipa Over 5.5,13,13.0,0.15384615384615385,0.36080121229410994,0.04325726318273798,0.4223517050863101,-0.18345543345543347,,,,,0.2,False
D1,Hamburg,Fora,Equipa ganha cantos,13,13.0,0.23076923076923078,0.42132504423474315,0.08179379092465708,0.5025687399512693,-0.2077228327228327,,,,,0.0,True
D1,Hamburg,Casa,Vitória (1X2),15,15.0,0.3333333333333333,0.4714045207910317,0.15176100694691236,0.5828687484878702,-0.041666666666666685,-0.164,3.0866666666666664,0.32397408207343414,0.028888888888888742,0.2,False
D1,Hamburg,Casa,Over 2.5 golos,15,15.0,0.4666666666666667,0.49888765156985887,0.24809225259746442,0.6988336984894922,-0.15634920634920635,-0.2286666666666667,1.6846666666666665,0.5935892362485161,-0.21382222222222236,0.4,False
D1,Hamburg,Casa,Under 2.5 golos,15,15.0,0.5333333333333333,0.49888765156985887,0.3011663015105079,0.7519077474025356,0.15634920634920635,0.12599999999999995,2.2026666666666666,0.4539951573849879,0.17475555555555555,0.6,False
D1,Hamburg,Casa,Handicap Asiático (AH),15,,,,,,,0.08266666666666668,1.8886666666666667,0.5294740557712672,,,False
D1,Hamburg,Casa,Casa marca (>=1),15,15.0,0.7333333333333333,0.44221663871405337,0.48049110342313245,0.8910272389681717,-0.04246031746031753,,,,,0.8,False
D1,Hamburg,Casa,Clean sheet,15,15.0,0.13333333333333333,0.33993463423951903,0.037360469891359285,0.3788249920651624,-0.09087301587301588,,,,,0.0,False
D1,Hamburg,Casa,Ambas marcam (BTTS),15,15.0,0.6666666666666666,0.4714045207910317,0.4171312515121298,0.8482389930530875,0.0714285714285714,,,,,0.8,False
D1,Hamburg,Casa,Over 1.5 golos,15,15.0,0.8,0.39999999999999997,0.5481406466534955,0.9295257935638959,-0.029365079365079372,,,,,0.8,False
D1,Hamburg,Casa,Over 3.5 golos,15,15.0,0.26666666666666666,0.4422166387140533,0.10897276103182815,0.5195088965768675,-0.14206349206349206,,,,,0.2,False
D1,Hamburg,Casa,Cantos total Over 8.5,15,15.0,0.6666666666666666,0.4714045207910317,0.4171312515121298,0.8482389930530875,0.0714285714285714,,,,,1.0,False
D1,Hamburg,Casa,Cantos total Over 9.5,15,15.0,0.4666666666666667,0.49888765156985887,0.24809225259746442,0.6988336984894922,-0.033333333333333326,,,,,0.4,False
D1,Hamburg,Casa,Cantos total Over 10.5,15,15.0,0.3333333333333333,0.4714045207910317,0.15176100694691236,0.5828687484878702,-0.03968253968253971,,,,,0.4,False
D1,Hamburg,Casa,Cantos equipa Over 4.5,15,15.0,0.3333333333333333,0.4714045207910317,0.15176100694691236,0.5828687484878702,-0.16666666666666669,,,,,0.4,False
D1,Hamburg,Casa,Cantos equipa Over 5.5,15,15.0,0.2,0.4,0.07047420643610411,0.4518593533465045,-0.1373015873015873,,,,,0.4,False
D1,Hamburg,Casa,Equipa ganha cantos,15,15.0,0.26666666666666666,0.4422166387140533,0.10897276103182815,0.5195088965768675,-0.17182539682539683,,,,,0.4,False
D1,Heidenheim,Fora,Vitória (1X2),14,14.0,0.07142857142857142,0.2575393768188564,0.012721886112291648,0.3146926955395781,-0.3035714285714286,-0.6414285714285715,5.4799999999999995,0.18248175182481755,-0.6085714285714287,0.0,False
D1,Heidenheim,Fora,Over 2.5 golos,14,14.0,0.5714285714285714,0.4948716593053935,0.3259026690286936,0.7861949006959947,-0.051587301587301626,-0.03928571428571429,1.635714285714286,0.611353711790393,-0.0653061224489796,0.4,True
D1,Heidenheim,Fora,Under 2.5 golos,14,14.0,0.42857142857142855,0.49487165930539345,0.21380509930400526,0.6740973309713064,0.05158730158730157,0.0014285714285714299,2.2685714285714282,0.44080604534005047,-0.02775510204081655,0.6,False
D1,Heidenheim,Fora,Handicap Asiático (AH),14,,,,,,,-0.05107142857142856,2.079285714285714,0.48093438680865686,,,False
D1,Heidenheim,Fora,Casa marca (>=1),14,14.0,0.5714285714285714,0.4948716593053935,0.3259026690286936,0.7861949006959947,-0.20436507936507942,,,,,0.4,True
D1,Heidenheim,Fora,Clean sheet,14,14.0,0.0,0.0,0.0,0.21531701192718142,-0.22420634920634921,,,,,0.0,False
D1,Heidenheim,Fora,Ambas marcam (BTTS),14,14.0,0.5714285714285714,0.4948716593053935,0.3259026690286936,0.7861949006959947,-0.023809523809523836,,,,,0.4,True
D1,Heidenheim,Fora,Over 1.5 golos,14,14.0,0.7857142857142857,0.4103259033241449,0.5241027622679172,0.9242875166308363,-0.04365079365079372,,,,,0.6,True
D1,Heidenheim,Fora,Over 3.5 golos,14,14.0,0.2857142857142857,0.45175395145262565,0.11721187910109102,0.546495411724844,-0.12301587301587302,,,,,0.4,False
D1,Heidenheim,Fora,Cantos total Over 8.5,14,14.0,0.6428571428571429,0.4791574237499549,0.3876400468214041,0.8365550926279727,0.04761904761904767,,,,,0.6,False
D1,Heidenheim,Fora,Cantos total Over 9.5,14,14.0,0.5,0.5,0.2679886791947528,0.7320113208052473,0.0,,,,,0.2,True
D1,Heidenheim,Fora,Cantos total Over 10.5,14,14.0,0.42857142857142855,0.49487165930539345,0.21380509930400526,0.6740973309713064,0.055555555555555525,,,,,0.2,True
D1,Heidenheim,Fora,Cantos equipa Over 4.5,14,14.0,0.42857142857142855,0.49487165930539345,0.21380509930400526,0.6740973309713064,-0.07142857142857145,,,,,0.2,True
D1,Heidenheim,Fora,Cantos equipa Over 5.5,14,14.0,0.21428571428571427,0.41032590332414487,0.07571248336916371,0.4758972377320828,-0.12301587301587305,,,,,0.0,True
D1,Heidenheim,Fora,Equipa ganha cantos,14,14.0,0.2857142857142857,0.45175395145262565,0.11721187910109102,0.546495411724844,-0.1527777777777778,,,,,0.4,False
D1,Heidenheim,Casa,Vitória (1X2),14,14.0,0.14285714285714285,0.3499271061118826,0.04009307373792117,0.399419077638637,-0.23214285714285715,-0.5364285714285714,4.610714285714286,0.2168861347792409,-0.34132653061224494,0.0,False
D1,Heidenheim,Casa,Over 2.5 golos,14,14.0,0.7857142857142857,0.4103259033241449,0.5241027622679172,0.9242875166308363,0.16269841269841268,0.2535714285714285,1.5914285714285714,0.6283662477558348,0.2504081632653061,0.8,False
D1,Heidenheim,Casa,Under 2.5 golos,14,14.0,0.21428571428571427,0.41032590332414487,0.07571248336916371,0.4758972377320828,-0.1626984126984127,-0.4907142857142857,2.3964285714285714,0.41728763040238454,-0.4864795918367347,0.2,False
D1,Heidenheim,Casa,Handicap Asiático (AH),14,,,,,,,-0.1207142857142857,1.8814285714285717,0.5315110098709187,,,False
D1,Heidenheim,Casa,Casa marca (>=1),14,14.0,0.6428571428571429,0.4791574237499549,0.3876400468214041,0.8365550926279727,-0.1329365079365079,,,,,0.6,False
D1,Heidenheim,Casa,Clean sheet,14,14.0,0.0,0.0,0.0,0.21531701192718142,-0.22420634920634921,,,,,0.0,False
D1,Heidenheim,Casa,Ambas marcam (BTTS),14,14.0,0.6428571428571429,0.4791574237499549,0.3876400468214041,0.8365550926279727,0.04761904761904767,,,,,0.6,False
D1,Heidenheim,Casa,Over 1.5 golos,14,14.0,1.0,0.0,0.7846829880728186,1.0,0.17063492063492058,,,,,1.0,False
D1,Heidenheim,Casa,Over 3.5 golos,14,14.0,0.5,0.5,0.2679886791947528,0.7320113208052473,0.09126984126984128,,,,,0.6,False
D1,Heidenheim,Casa,Cantos total Over 8.5,14,14.0,0.5,0.5,0.2679886791947528,0.7320113208052473,-0.09523809523809523,,,,,0.2,True
D1,Heidenheim,Casa,Cantos total Over 9.5,14,14.0,0.2857142857142857,0.45175395145262565,0.11721187910109102,0.546495411724844,-0.2142857142857143,,,,,0.2,False
D1,Heidenheim,Casa,Cantos total Over 10.5,14,14.0,0.21428571428571427,0.41032590332414487,0.07571248336916371,0.4758972377320828,-0.15873015873015875,,,,,0.2,False
D1,Heidenheim,Casa,Cantos equipa Over 4.5,14,14.0,0.35714285714285715,0.4791574237499549,0.16344490737202735,0.6123599531785959,-0.14285714285714285,,,,,0.2,True
D1,Heidenheim,Casa,Cantos equipa Over 5.5,14,14.0,0.21428571428571427,0.41032590332414487,0.07571248336916371,0.4758972377320828,-0.12301587301587305,,,,,0.2,False
D1,Heidenheim,Casa,Equipa ganha cantos,14,14.0,0.5714285714285714,0.4948716593053935,0.3259026690286936,0.7861949006959947,0.1329365079365079,,,,,0.6,False
D1,Hoffenheim,Fora,Vitória (1X2),14,14.0,0.5,0.5,0.2679886791947528,0.7320113208052473,0.125,0.3714285714285714,3.348571428571428,0.2986348122866895,0.6742857142857139,0.4,False
D1,Hoffenheim,Fora,Over 2.5 golos,14,14.0,0.6428571428571429,0.4791574237499549,0.3876400468214041,0.8365550926279727,0.019841269841269882,-0.01714285714285711,1.537142857142857,0.650557620817844,-0.011836734693877582,0.8,False
D1,Hoffenheim,Fora,Under 2.5 golos,14,14.0,0.35714285714285715,0.4791574237499549,0.16344490737202735,0.6123599531785959,-0.019841269841269826,-0.1457142857142857,2.5157142857142856,0.39750141964792735,-0.10153061224489801,0.2,True
D1,Hoffenheim,Fora,Handicap Asiático (AH),14,,,,,,,0.30571428571428577,1.8992857142857142,0.5265137269650244,,,False
D1,Hoffenheim,Fora,Casa marca (>=1),14,14.0,0.7857142857142857,0.4103259033241449,0.5241027622679172,0.9242875166308363,0.009920634920634885,,,,,0.8,False
D1,Hoffenheim,Fora,Clean sheet,14,14.0,0.21428571428571427,0.41032590332414487,0.07571248336916371,0.4758972377320828,-0.009920634920634941,,,,,0.2,False
D1,Hoffenheim,Fora,Ambas marcam (BTTS),14,14.0,0.6428571428571429,0.4791574237499549,0.3876400468214041,0.8365550926279727,0.04761904761904767,,,,,0.6,False
D1,Hoffenheim,Fora,Over 1.5 golos,14,14.0,0.9285714285714286,0.25753937681885636,0.6853073044604219,0.9872781138877085,0.09920634920634919,,,,,1.0,False
D1,Hoffenheim,Fora,Over 3.5 golos,14,14.0,0.5,0.5,0.2679886791947528,0.7320113208052473,0.09126984126984128,,,,,0.8,False
D1,Hoffenheim,Fora,Cantos total Over 8.5,14,14.0,0.7142857142857143,0.45175395145262565,0.4535045882751561,0.882788120898909,0.11904761904761907,,,,,0.6,False
D1,Hoffenheim,Fora,Cantos total Over 9.5,14,14.0,0.7142857142857143,0.45175395145262565,0.4535045882751561,0.882788120898909,0.2142857142857143,,,,,0.6,False
D1,Hoffenheim,Fora,Cantos total Over 10.5,14,14.0,0.6428571428571429,0.4791574237499549,0.3876400468214041,0.8365550926279727,0.2698412698412699,,,,,0.6,False
D1,Hoffenheim,Fora,Cantos equipa Over 4.5,14,14.0,0.42857142857142855,0.49487165930539345,0.21380509930400526,0.6740973309713064,-0.07142857142857145,,,,,0.4,False
D1,Hoffenheim,Fora,Cantos equipa Over 5.5,14,14.0,0.35714285714285715,0.4791574237499549,0.16344490737202735,0.6123599531785959,0.019841269841269826,,,,,0.4,False
D1,Hoffenheim,Fora,Equipa ganha cantos,14,14.0,0.2857142857142857,0.45175395145262565,0.11721187910109102,0.546495411724844,-0.1527777777777778,,,,,0.6,False
D1,Hoffenheim,Casa,Vitória (1X2),14,14.0,0.5714285714285714,0.4948716593053935,0.3259026690286936,0.7861949006959947,0.1964285714285714,0.09071428571428575,2.291428571428572,0.43640897755610963,0.309387755102041,0.4,True
D1,Hoffenheim,Casa,Over 2.5 golos,14,14.0,0.7142857142857143,0.45175395145262565,0.4535045882751561,0.882788120898909,0.09126984126984128,0.08642857142857141,1.5257142857142856,0.6554307116104869,0.0897959183673469,0.6,False
D1,Hoffenheim,Casa,Under 2.5 golos,14,14.0,0.2857142857142857,0.45175395145262565,0.11721187910109102,0.546495411724844,-0.09126984126984128,-0.30071428571428577,2.4992857142857146,0.400114318376679,-0.28591836734693865,0.4,False
D1,Hoffenheim,Casa,Handicap Asiático (AH),14,,,,,,,0.07357142857142852,1.8728571428571428,0.5339435545385203,,,False
D1,Hoffenheim,Casa,Casa marca (>=1),14,14.0,0.8571428571428571,0.34992710611188266,0.600580922361363,0.9599069262620787,0.08134920634920628,,,,,0.8,False
D1,Hoffenheim,Casa,Clean sheet,14,14.0,0.21428571428571427,0.41032590332414487,0.07571248336916371,0.4758972377320828,-0.009920634920634941,,,,,0.2,False
D1,Hoffenheim,Casa,Ambas marcam (BTTS),14,14.0,0.6428571428571429,0.4791574237499549,0.3876400468214041,0.8365550926279727,0.04761904761904767,,,,,0.6,False
D1,Hoffenheim,Casa,Over 1.5 golos,14,14.0,0.7857142857142857,0.4103259033241449,0.5241027622679172,0.9242875166308363,-0.04365079365079372,,,,,0.8,False
D1,Hoffenheim,Casa,Over 3.5 golos,14,14.0,0.5,0.5,0.2679886791947528,0.7320113208052473,0.09126984126984128,,,,,0.2,True
D1,Hoffenheim,Casa,Cantos total Over 8.5,14,14.0,0.7857142857142857,0.4103259033241449,0.5241027622679172,0.9242875166308363,0.19047619047619047,,,,,1.0,False
D1,Hoffenheim,Casa,Cantos total Over 9.5,14,14.0,0.6428571428571429,0.4791574237499549,0.3876400468214041,0.8365550926279727,0.1428571428571429,,,,,1.0,False
D1,Hoffenheim,Casa,Cantos total Over 10.5,14,14.0,0.42857142857142855,0.49487165930539345,0.21380509930400526,0.6740973309713064,0.055555555555555525,,,,,0.8,False
D1,Hoffenheim,Casa,Cantos equipa Over 4.5,14,14.0,0.7142857142857143,0.45175395145262565,0.4535045882751561,0.882788120898909,0.2142857142857143,,,,,0.8,False
D1,Hoffenheim,Casa,Cantos equipa Over 5.5,14,14.0,0.5714285714285714,0.4948716593053935,0.3259026690286936,0.7861949006959947,0.23412698412698407,,,,,0.8,False
D1,Hoffenheim,Casa,Equipa ganha cantos,14,14.0,0.5,0.5,0.2679886791947528,0.7320113208052473,0.06150793650793651,,,,,0.6,False
D1,Leverkusen,Fora,Vitória (1X2),14,14.0,0.42857142857142855,0.49487165930539345,0.21380509930400526,0.6740973309713064,0.05357142857142855,-0.002142857142857129,2.793571428571429,0.3579647149066734,0.19724489795918387,0.2,True
D1,Leverkusen,Fora,Over 2.5 golos,14,14.0,0.6428571428571429,0.4791574237499549,0.3876400468214041,0.8365550926279727,0.019841269841269882,0.026428571428571437,1.6142857142857143,0.6194690265486725,0.037755102040816446,0.4,True
D1,Leverkusen,Fora,Under 2.5 golos,14,14.0,0.35714285714285715,0.4791574237499549,0.16344490737202735,0.6123599531785959,-0.019841269841269826,-0.20500000000000002,2.335714285714286,0.4281345565749235,-0.16581632653061218,0.6,False
D1,Leverkusen,Fora,Handicap Asiático (AH),14,,,,,,,-0.15,1.9185714285714284,0.5212211466865228,,,False
D1,Leverkusen,Fora,Casa marca (>=1),14,14.0,0.7142857142857143,0.45175395145262565,0.4535045882751561,0.882788120898909,-0.06150793650793651,,,,,0.8,False
D1,Leverkusen,Fora,Clean sheet,14,14.0,0.07142857142857142,0.2575393768188564,0.012721886112291648,0.3146926955395781,-0.1527777777777778,,,,,0.2,False
D1,Leverkusen,Fora,Ambas marcam (BTTS),14,14.0,0.6428571428571429,0.4791574237499549,0.3876400468214041,0.8365550926279727,0.04761904761904767,,,,,0.6,False
D1,Leverkusen,Fora,Over 1.5 golos,14,14.0,0.7857142857142857,0.4103259033241449,0.5241027622679172,0.9242875166308363,-0.04365079365079372,,,,,0.6,True
D1,Leverkusen,Fora,Over 3.5 golos,14,14.0,0.5,0.5,0.2679886791947528,0.7320113208052473,0.09126984126984128,,,,,0.4,False
D1,Leverkusen,Fora,Cantos total Over 8.5,14,14.0,0.6428571428571429,0.4791574237499549,0.3876400468214041,0.8365550926279727,0.04761904761904767,,,,,0.4,True
D1,Leverkusen,Fora,Cantos total Over 9.5,14,14.0,0.5,0.5,0.2679886791947528,0.7320113208052473,0.0,,,,,0.0,True
D1,Leverkusen,Fora,Cantos total Over 10.5,14,14.0,0.2857142857142857,0.45175395145262565,0.11721187910109102,0.546495411724844,-0.08730158730158732,,,,,0.0,True
D1,Leverkusen,Fora,Cantos equipa Over 4.5,14,14.0,0.5,0.5,0.2679886791947528,0.7320113208052473,0.0,,,,,0.6,False
D1,Leverkusen,Fora,Cantos equipa Over 5.5,14,14.0,0.2857142857142857,0.45175395145262565,0.11721187910109102,0.546495411724844,-0.051587301587301626,,,,,0.2,False
D1,Leverkusen,Fora,Equipa ganha cantos,14,14.0,0.5714285714285714,0.4948716593053935,0.3259026690286936,0.7861949006959947,0.1329365079365079,,,,,0.6,False
D1,Leverkusen,Casa,Vitória (1X2),14,14.0,0.5714285714285714,0.4948716593053935,0.3259026690286936,0.7861949006959947,0.1964285714285714,-0.07857142857142858,1.9278571428571427,0.5187106335679882,0.10163265306122438,0.6,False
D1,Leverkusen,Casa,Over 2.5 golos,14,14.0,0.5,0.5,0.2679886791947528,0.7320113208052473,-0.12301587301587302,-0.23571428571428574,1.5407142857142857,0.6490496059341678,-0.22964285714285715,0.4,False
D1,Leverkusen,Casa,Under 2.5 golos,14,14.0,0.5,0.5,0.2679886791947528,0.7320113208052473,0.12301587301587302,0.2214285714285714,2.462857142857143,0.40603248259860786,0.23142857142857154,0.6,False
D1,Leverkusen,Casa,Handicap Asiático (AH),14,,,,,,,0.11642857142857145,1.8521428571428573,0.5399151561897415,,,False
D1,Leverkusen,Casa,Casa marca (>=1),14,14.0,1.0,0.0,0.7846829880728186,1.0,0.2242063492063492,,,,,1.0,False
D1,Leverkusen,Casa,Clean sheet,14,14.0,0.42857142857142855,0.49487165930539345,0.21380509930400526,0.6740973309713064,0.20436507936507933,,,,,0.4,False
D1,Leverkusen,Casa,Ambas marcam (BTTS),14,14.0,0.5714285714285714,0.4948716593053935,0.3259026690286936,0.7861949006959947,-0.023809523809523836,,,,,0.6,False
D1,Leverkusen,Casa,Over 1.5 golos,14,14.0,0.9285714285714286,0.25753937681885636,0.6853073044604219,0.9872781138877085,0.09920634920634919,,,,,0.8,False
D1,Leverkusen,Casa,Over 3.5 golos,14,14.0,0.35714285714285715,0.4791574237499549,0.16344490737202735,0.6123599531785959,-0.05158730158730157,,,,,0.4,False
D1,Leverkusen,Casa,Cantos total Over 8.5,14,14.0,0.5714285714285714,0.4948716593053935,0.3259026690286936,0.7861949006959947,-0.023809523809523836,,,,,0.6,False
D1,Leverkusen,Casa,Cantos total Over 9.5,14,14.0,0.5714285714285714,0.4948716593053935,0.3259026690286936,0.7861949006959947,0.0714285714285714,,,,,0.6,False
D1,Leverkusen,Casa,Cantos total Over 10.5,14,14.0,0.42857142857142855,0.49487165930539345,0.21380509930400526,0.6740973309713064,0.055555555555555525,,,,,0.4,False
D1,Leverkusen,Casa,Cantos equipa Over 4.5,14,14.0,0.6428571428571429,0.4791574237499549,0.3876400468214041,0.8365550926279727,0.1428571428571429,,,,,0.8,False
D1,Leverkusen,Casa,Cantos equipa Over 5.5,14,14.0,0.5,0.5,0.2679886791947528,0.7320113208052473,0.16269841269841268,,,,,0.6,False
D1,Leverkusen,Casa,Equipa ganha cantos,14,14.0,0.6428571428571429,0.4791574237499549,0.3876400468214041,0.8365550926279727,0.20436507936507942,,,,,0.8,False
D1,M'gladbach,Fora,Vitória (1X2),14,14.0,0.21428571428571427,0.41032590332414487,0.07571248336916371,0.4758972377320828,-0.16071428571428573,-0.4192857142857143,4.156428571428572,0.24059116686715928,-0.1093367346938775,0.0,True
D1,M'gladbach,Fora,Over 2.5 golos,14,14.0,0.5714285714285714,0.4948716593053935,0.3259026690286936,0.7861949006959947,-0.051587301587301626,-0.037857142857142846,1.6335714285714285,0.6121556624398776,-0.06653061224489809,0.8,False
D1,M'gladbach,Fora,Under 2.5 golos,14,14.0,0.42857142857142855,0.49487165930539345,0.21380509930400526,0.6740973309713064,0.05158730158730157,0.027142857142857135,2.317142857142857,0.4315659679408138,-0.006938775510204165,0.2,True
D1,M'gladbach,Fora,Handicap Asiático (AH),14,,,,,,,-0.14607142857142857,1.9071428571428573,0.5243445692883895,,,False
D1,M'gladbach,Fora,Casa marca (>=1),14,14.0,0.7142857142857143,0.45175395145262565,0.4535045882751561,0.882788120898909,-0.06150793650793651,,,,,0.8,False
D1,M'gladbach,Fora,Clean sheet,14,14.0,0.2857142857142857,0.45175395145262565,0.11721187910109102,0.546495411724844,0.061507936507936484,,,,,0.0,True
D1,M'gladbach,Fora,Ambas marcam (BTTS),14,14.0,0.5,0.5,0.2679886791947528,0.7320113208052473,-0.09523809523809523,,,,,0.8,False
D1,M'gladbach,Fora,Over 1.5 golos,14,14.0,0.7857142857142857,0.4103259033241449,0.5241027622679172,0.9242875166308363,-0.04365079365079372,,,,,1.0,False
D1,M'gladbach,Fora,Over 3.5 golos,14,14.0,0.35714285714285715,0.4791574237499549,0.16344490737202735,0.6123599531785959,-0.05158730158730157,,,,,0.4,False
D1,M'gladbach,Fora,Cantos total Over 8.5,14,14.0,0.5714285714285714,0.4948716593053935,0.3259026690286936,0.7861949006959947,-0.023809523809523836,,,,,0.4,True
D1,M'gladbach,Fora,Cantos total Over 9.5,14,14.0,0.42857142857142855,0.49487165930539345,0.21380509930400526,0.6740973309713064,-0.07142857142857145,,,,,0.4,False
D1,M'gladbach,Fora,Cantos total Over 10.5,14,14.0,0.21428571428571427,0.41032590332414487,0.07571248336916371,0.4758972377320828,-0.15873015873015875,,,,,0.0,True
D1,M'gladbach,Fora,Cantos equipa Over 4.5,14,14.0,0.42857142857142855,0.49487165930539345,0.21380509930400526,0.6740973309713064,-0.07142857142857145,,,,,0.2,True
D1,M'gladbach,Fora,Cantos equipa Over 5.5,14,14.0,0.2857142857142857,0.45175395145262565,0.11721187910109102,0.546495411724844,-0.051587301587301626,,,,,0.2,False
D1,M'gladbach,Fora,Equipa ganha cantos,14,14.0,0.35714285714285715,0.4791574237499549,0.16344490737202735,0.6123599531785959,-0.08134920634920634,,,,,0.2,True
D1,M'gladbach,Casa,Vitória (1X2),14,14.0,0.2857142857142857,0.45175395145262565,0.11721187910109102,0.546495411724844,-0.0892857142857143,-0.4057142857142857,2.892857142857143,0.345679012345679,-0.173469387755102,0.4,False
D1,M'gladbach,Casa,Over 2.5 golos,14,14.0,0.5714285714285714,0.4948716593053935,0.3259026690286936,0.7861949006959947,-0.051587301587301626,-0.12357142857142855,1.6214285714285714,0.6167400881057269,-0.07346938775510214,0.4,True
D1,M'gladbach,Casa,Under 2.5 golos,14,14.0,0.42857142857142855,0.49487165930539345,0.21380509930400526,0.6740973309713064,0.05158730158730157,-0.07499999999999998,2.358571428571428,0.42398546335554216,0.010816326530612042,0.6,False
D1,M'gladbach,Casa,Handicap Asiático (AH),14,,,,,,,-0.1942857142857143,1.8764285714285713,0.5329272934906738,,,False
D1,M'gladbach,Casa,Casa marca (>=1),14,14.0,0.5714285714285714,0.4948716593053935,0.3259026690286936,0.7861949006959947,-0.20436507936507942,,,,,0.8,False
D1,M'gladbach,Casa,Clean sheet,14,14.0,0.42857142857142855,0.49487165930539345,0.21380509930400526,0.6740973309713064,0.20436507936507933,,,,,0.4,False
D1,M'gladbach,Casa,Ambas marcam (BTTS),14,14.0,0.35714285714285715,0.4791574237499549,0.16344490737202735,0.6123599531785959,-0.23809523809523808,,,,,0.4,False
D1,M'gladbach,Casa,Over 1.5 golos,14,14.0,0.7142857142857143,0.45175395145262565,0.4535045882751561,0.882788120898909,-0.11507936507936511,,,,,0.8,False
D1,M'gladbach,Casa,Over 3.5 golos,14,14.0,0.42857142857142855,0.49487165930539345,0.21380509930400526,0.6740973309713064,0.019841269841269826,,,,,0.2,True
D1,M'gladbach,Casa,Cantos total Over 8.5,14,14.0,0.42857142857142855,0.49487165930539345,0.21380509930400526,0.6740973309713064,-0.16666666666666669,,,,,0.0,True
D1,M'gladbach,Casa,Cantos total Over 9.5,14,14.0,0.2857142857142857,0.45175395145262565,0.11721187910109102,0.546495411724844,-0.2142857142857143,,,,,0.0,True
D1,M'gladbach,Casa,Cantos total Over 10.5,14,14.0,0.21428571428571427,0.41032590332414487,0.07571248336916371,0.4758972377320828,-0.15873015873015875,,,,,0.0,True
D1,M'gladbach,Casa,Cantos equipa Over 4.5,14,14.0,0.35714285714285715,0.4791574237499549,0.16344490737202735,0.6123599531785959,-0.14285714285714285,,,,,0.2,True
D1,M'gladbach,Casa,Cantos equipa Over 5.5,14,14.0,0.2857142857142857,0.45175395145262565,0.11721187910109102,0.546495411724844,-0.051587301587301626,,,,,0.2,False
D1,M'gladbach,Casa,Equipa ganha cantos,14,14.0,0.35714285714285715,0.4791574237499549,0.16344490737202735,0.6123599531785959,-0.08134920634920634,,,,,0.2,True
D1,Mainz,Fora,Vitória (1X2),14,14.0,0.2857142857142857,0.45175395145262565,0.11721187910109102,0.546495411724844,-0.0892857142857143,0.10142857142857142,4.931428571428571,0.2027809965237544,0.40897959183673427,0.6,False
D1,Mainz,Fora,Over 2.5 golos,14,14.0,0.7142857142857143,0.45175395145262565,0.4535045882751561,0.882788120898909,0.09126984126984128,0.19571428571428573,1.6685714285714288,0.5993150684931506,0.19183673469387763,0.6,False
D1,Mainz,Fora,Under 2.5 golos,14,14.0,0.2857142857142857,0.45175395145262565,0.11721187910109102,0.546495411724844,-0.09126984126984128,-0.37928571428571434,2.2842857142857147,0.43777360850531577,-0.34734693877551015,0.4,False
D1,Mainz,Fora,Handicap Asiático (AH),14,,,,,,,0.06999999999999999,1.8885714285714283,0.5295007564296521,,,False
D1,Mainz,Fora,Casa marca (>=1),14,14.0,0.7142857142857143,0.45175395145262565,0.4535045882751561,0.882788120898909,-0.06150793650793651,,,,,0.8,False
D1,Mainz,Fora,Clean sheet,14,14.0,0.07142857142857142,0.2575393768188564,0.012721886112291648,0.3146926955395781,-0.1527777777777778,,,,,0.2,False
D1,Mainz,Fora,Ambas marcam (BTTS),14,14.0,0.6428571428571429,0.4791574237499549,0.3876400468214041,0.8365550926279727,0.04761904761904767,,,,,0.6,False
D1,Mainz,Fora,Over 1.5 golos,14,14.0,0.9285714285714286,0.25753937681885636,0.6853073044604219,0.9872781138877085,0.09920634920634919,,,,,1.0,False
D1,Mainz,Fora,Over 3.5 golos,14,14.0,0.42857142857142855,0.49487165930539345,0.21380509930400526,0.6740973309713064,0.019841269841269826,,,,,0.2,True
D1,Mainz,Fora,Cantos total Over 8.5,14,14.0,0.5714285714285714,0.4948716593053935,0.3259026690286936,0.7861949006959947,-0.023809523809523836,,,,,0.8,False
D1,Mainz,Fora,Cantos total Over 9.5,14,14.0,0.42857142857142855,0.49487165930539345,0.21380509930400526,0.6740973309713064,-0.07142857142857145,,,,,0.4,False
D1,Mainz,Fora,Cantos total Over 10.5,14,14.0,0.35714285714285715,0.4791574237499549,0.16344490737202735,0.6123599531785959,-0.015873015873015872,,,,,0.2,True
D1,Mainz,Fora,Cantos equipa Over 4.5,14,14.0,0.2857142857142857,0.45175395145262565,0.11721187910109102,0.546495411724844,-0.2142857142857143,,,,,0.0,True
D1,Mainz,Fora,Cantos equipa Over 5.5,14,14.0,0.14285714285714285,0.3499271061118826,0.04009307373792117,0.399419077638637,-0.19444444444444448,,,,,0.0,False
D1,Mainz,Fora,Equipa ganha cantos,14,14.0,0.14285714285714285,0.3499271061118826,0.04009307373792117,0.399419077638637,-0.29563492063492064,,,,,0.0,False
D1,Mainz,Casa,Vitória (1X2),14,14.0,0.2857142857142857,0.45175395145262565,0.11721187910109102,0.546495411724844,-0.0892857142857143,-0.41571428571428565,2.325714285714286,0.4299754299754299,-0.33551020408163257,0.6,False
D1,Mainz,Casa,Over 2.5 golos,14,14.0,0.35714285714285715,0.4791574237499549,0.16344490737202735,0.6123599531785959,-0.26587301587301587,-0.3935714285714285,1.7142857142857146,0.5833333333333333,-0.3877551020408162,0.6,False
D1,Mainz,Casa,Under 2.5 golos,14,14.0,0.6428571428571429,0.4791574237499549,0.3876400468214041,0.8365550926279727,0.2658730158730159,0.34785714285714286,2.0985714285714288,0.47651463580667114,0.34908163265306147,0.4,True
D1,Mainz,Casa,Handicap Asiático (AH),14,,,,,,,-0.2864285714285714,1.8835714285714285,0.5309063329541146,,,False
D1,Mainz,Casa,Casa marca (>=1),14,14.0,0.6428571428571429,0.4791574237499549,0.3876400468214041,0.8365550926279727,-0.1329365079365079,,,,,1.0,False
D1,Mainz,Casa,Clean sheet,14,14.0,0.14285714285714285,0.3499271061118826,0.04009307373792117,0.399419077638637,-0.08134920634920637,,,,,0.2,False
D1,Mainz,Casa,Ambas marcam (BTTS),14,14.0,0.5714285714285714,0.4948716593053935,0.3259026690286936,0.7861949006959947,-0.023809523809523836,,,,,0.8,False
D1,Mainz,Casa,Over 1.5 golos,14,14.0,0.7142857142857143,0.45175395145262565,0.4535045882751561,0.882788120898909,-0.11507936507936511,,,,,1.0,False
D1,Mainz,Casa,Over 3.5 golos,14,14.0,0.21428571428571427,0.41032590332414487,0.07571248336916371,0.4758972377320828,-0.19444444444444445,,,,,0.4,False
D1,Mainz,Casa,Cantos total Over 8.5,14,14.0,0.6428571428571429,0.4791574237499549,0.3876400468214041,0.8365550926279727,0.04761904761904767,,,,,0.8,False
D1,Mainz,Casa,Cantos total Over 9.5,14,14.0,0.5714285714285714,0.4948716593053935,0.3259026690286936,0.7861949006959947,0.0714285714285714,,,,,0.6,False
D1,Mainz,Casa,Cantos total Over 10.5,14,14.0,0.5,0.5,0.2679886791947528,0.7320113208052473,0.12698412698412698,,,,,0.4,False
D1,Mainz,Casa,Cantos equipa Over 4.5,14,14.0,0.7142857142857143,0.45175395145262565,0.4535045882751561,0.882788120898909,0.2142857142857143,,,,,1.0,False
D1,Mainz,Casa,Cantos equipa Over 5.5,14,14.0,0.5714285714285714,0.4948716593053935,0.3259026690286936,0.7861949006959947,0.23412698412698407,,,,,0.6,False
D1,Mainz,Casa,Equipa ganha cantos,14,14.0,0.7857142857142857,0.4103259033241449,0.5241027622679172,0.9242875166308363,0.3472222222222222,,,,,0.8,False
D1,RB Leipzig,Fora,Vitória (1X2),14,14.0,0.5,0.5,0.2679886791947528,0.7320113208052473,0.125,0.04642857142857141,2.8842857142857135,0.3467062902426945,0.4421428571428567,0.6,False
D1,RB Leipzig,Fora,Over 2.5 golos,14,14.0,0.5714285714285714,0.4948716593053935,0.3259026690286936,0.7861949006959947,-0.051587301587301626,-0.14714285714285716,1.5192857142857144,0.6582040432534085,-0.13183673469387758,0.6,False
D1,RB Leipzig,Fora,Under 2.5 golos,14,14.0,0.42857142857142855,0.49487165930539345,0.21380509930400526,0.6740973309713064,0.05158730158730157,0.08499999999999999,2.617857142857143,0.3819918144611187,0.12193877551020393,0.4,False
D1,RB Leipzig,Fora,Handicap Asiático (AH),14,,,,,,,0.11714285714285712,2.019285714285714,0.49522461973823845,,,False
D1,RB Leipzig,Fora,Casa marca (>=1),14,14.0,0.7857142857142857,0.4103259033241449,0.5241027622679172,0.9242875166308363,0.009920634920634885,,,,,0.8,False
D1,RB Leipzig,Fora,Clean sheet,14,14.0,0.35714285714285715,0.4791574237499549,0.16344490737202735,0.6123599531785959,0.13293650793650794,,,,,0.0,True
D1,RB Leipzig,Fora,Ambas marcam (BTTS),14,14.0,0.5,0.5,0.2679886791947528,0.7320113208052473,-0.09523809523809523,,,,,0.8,False
D1,RB Leipzig,Fora,Over 1.5 golos,14,14.0,0.7142857142857143,0.45175395145262565,0.4535045882751561,0.882788120898909,-0.11507936507936511,,,,,0.8,False
D1,RB Leipzig,Fora,Over 3.5 golos,14,14.0,0.2857142857142857,0.45175395145262565,0.11721187910109102,0.546495411724844,-0.12301587301587302,,,,,0.0,True
D1,RB Leipzig,Fora,Cantos total Over 8.5,14,14.0,0.5714285714285714,0.4948716593053935,0.3259026690286936,0.7861949006959947,-0.023809523809523836,,,,,0.4,True
D1,RB Leipzig,Fora,Cantos total Over 9.5,14,14.0,0.5714285714285714,0.4948716593053935,0.3259026690286936,0.7861949006959947,0.0714285714285714,,,,,0.4,True
D1,RB Leipzig,Fora,Cantos total Over 10.5,14,14.0,0.35714285714285715,0.4791574237499549,0.16344490737202735,0.6123599531785959,-0.015873015873015872,,,,,0.4,False
D1,RB Leipzig,Fora,Cantos equipa Over 4.5,14,14.0,0.6428571428571429,0.4791574237499549,0.3876400468214041,0.8365550926279727,0.1428571428571429,,,,,0.4,True
D1,RB Leipzig,Fora,Cantos equipa Over 5.5,14,14.0,0.42857142857142855,0.49487165930539345,0.21380509930400526,0.6740973309713064,0.09126984126984122,,,,,0.4,False
D1,RB Leipzig,Fora,Equipa ganha cantos,14,14.0,0.5,0.5,0.2679886791947528,0.7320113208052473,0.06150793650793651,,,,,0.4,False
D1,RB Leipzig,Casa,Vitória (1X2),14,14.0,0.6428571428571429,0.4791574237499549,0.3876400468214041,0.8365550926279727,0.2678571428571429,0.04499999999999994,1.9064285714285716,0.5245410266017234,0.2255612244897962,0.4,True
D1,RB Leipzig,Casa,Over 2.5 golos,14,14.0,0.7857142857142857,0.4103259033241449,0.5241027622679172,0.9242875166308363,0.16269841269841268,0.11714285714285713,1.4307142857142856,0.6989515726410385,0.12413265306122434,1.0,False
D1,RB Leipzig,Casa,Under 2.5 golos,14,14.0,0.21428571428571427,0.41032590332414487,0.07571248336916371,0.4758972377320828,-0.1626984126984127,-0.42357142857142854,2.761428571428571,0.36213140196585625,-0.40826530612244916,0.0,True
D1,RB Leipzig,Casa,Handicap Asiático (AH),14,,,,,,,0.0407142857142857,1.8664285714285715,0.5357826253348641,,,False
D1,RB Leipzig,Casa,Casa marca (>=1),14,14.0,1.0,0.0,0.7846829880728186,1.0,0.2242063492063492,,,,,1.0,False
D1,RB Leipzig,Casa,Clean sheet,14,14.0,0.35714285714285715,0.4791574237499549,0.16344490737202735,0.6123599531785959,0.13293650793650794,,,,,0.2,True
D1,RB Leipzig,Casa,Ambas marcam (BTTS),14,14.0,0.6428571428571429,0.4791574237499549,0.3876400468214041,0.8365550926279727,0.04761904761904767,,,,,0.8,False
D1,RB Leipzig,Casa,Over 1.5 golos,14,14.0,1.0,0.0,0.7846829880728186,1.0,0.17063492063492058,,,,,1.0,False
D1,RB Leipzig,Casa,Over 3.5 golos,14,14.0,0.5714285714285714,0.4948716593053935,0.3259026690286936,0.7861949006959947,0.16269841269841268,,,,,0.6,False
D1,RB Leipzig,Casa,Cantos total Over 8.5,14,14.0,0.5714285714285714,0.4948716593053935,0.3259026690286936,0.7861949006959947,-0.023809523809523836,,,,,0.4,True
D1,RB Leipzig,Casa,Cantos total Over 9.5,14,14.0,0.42857142857142855,0.49487165930539345,0.21380509930400526,0.6740973309713064,-0.07142857142857145,,,,,0.2,True
D1,RB Leipzig,Casa,Cantos total Over 10.5,14,14.0,0.2857142857142857,0.45175395145262565,0.11721187910109102,0.546495411724844,-0.08730158730158732,,,,,0.2,False
D1,RB Leipzig,Casa,Cantos equipa Over 4.5,14,14.0,0.6428571428571429,0.4791574237499549,0.3876400468214041,0.8365550926279727,0.1428571428571429,,,,,0.8,False
D1,RB Leipzig,Casa,Cantos equipa Over 5.5,14,14.0,0.42857142857142855,0.49487165930539345,0.21380509930400526,0.6740973309713064,0.09126984126984122,,,,,0.6,False
D1,RB Leipzig,Casa,Equipa ganha cantos,14,14.0,0.5714285714285714,0.4948716593053935,0.3259026690286936,0.7861949006959947,0.1329365079365079,,,,,0.6,False
D1,St Pauli,Fora,Vitória (1X2),15,15.0,0.13333333333333333,0.33993463423951903,0.037360469891359285,0.3788249920651624,-0.24166666666666667,-0.3813333333333333,5.728,0.17458100558659218,-0.23626666666666662,0.2,False
D1,St Pauli,Fora,Over 2.5 golos,15,15.0,0.4,0.4898979485566356,0.19824228082594664,0.6425355724349229,-0.223015873015873,-0.2846666666666667,1.872,0.5341880341880342,-0.2512,0.4,False
D1,St Pauli,Fora,Under 2.5 golos,15,15.0,0.6,0.4898979485566356,0.357464427565077,0.8017577191740534,0.223015873015873,0.13533333333333336,2.016,0.49603174603174605,0.2096,0.6,False
D1,St Pauli,Fora,Handicap Asiático (AH),15,,,,,,,-0.15266666666666662,1.8866666666666667,0.5300353356890459,,,False
D1,St Pauli,Fora,Casa marca (>=1),15,15.0,0.6,0.4898979485566356,0.357464427565077,0.8017577191740534,-0.17579365079365084,,,,,0.6,False
D1,St Pauli,Fora,Clean sheet,15,15.0,0.2,0.4,0.07047420643610411,0.4518593533465045,-0.024206349206349204,,,,,0.2,False
D1,St Pauli,Fora,Ambas marcam (BTTS),15,15.0,0.4666666666666667,0.49888765156985887,0.24809225259746442,0.6988336984894922,-0.12857142857142856,,,,,0.4,False
D1,St Pauli,Fora,Over 1.5 golos,15,15.0,0.8,0.39999999999999997,0.5481406466534955,0.9295257935638959,-0.029365079365079372,,,,,0.8,False
D1,St Pauli,Fora,Over 3.5 golos,15,15.0,0.2,0.4,0.07047420643610411,0.4518593533465045,-0.2087301587301587,,,,,0.2,False
D1,St Pauli,Fora,Cantos total Over 8.5,15,15.0,0.7333333333333333,0.44221663871405337,0.48049110342313245,0.8910272389681717,0.13809523809523805,,,,,0.8,False
D1,St Pauli,Fora,Cantos total Over 9.5,15,15.0,0.6,0.4898979485566356,0.357464427565077,0.8017577191740534,0.09999999999999998,,,,,0.6,False
D1,St Pauli,Fora,Cantos total Over 10.5,15,15.0,0.4666666666666667,0.49888765156985887,0.24809225259746442,0.6988336984894922,0.09365079365079365,,,,,0.4,False
D1,St Pauli,Fora,Cantos equipa Over 4.5,15,15.0,0.26666666666666666,0.4422166387140533,0.10897276103182815,0.5195088965768675,-0.23333333333333334,,,,,0.2,False
D1,St Pauli,Fora,Cantos equipa Over 5.5,15,15.0,0.0,0.0,0.0,0.20388926630434784,-0.3373015873015873,,,,,0.0,False
D1,St Pauli,Fora,Equipa ganha cantos,15,15.0,0.13333333333333333,0.33993463423951903,0.037360469891359285,0.3788249920651624,-0.3051587301587302,,,,,0.0,False
D1,St Pauli,Casa,Vitória (1X2),13,13.0,0.3076923076923077,0.46153846153846156,0.1268049716161809,0.5763111218666236,-0.06730769230769229,-0.1515384615384615,2.9430769230769234,0.33978044955567166,-0.09443786982248503,0.4,False
D1,St Pauli,Casa,Over 2.5 golos,13,13.0,0.6923076923076923,0.46153846153846156,0.4236888781333764,0.873195028383819,0.06929181929181927,0.3638461538461539,2.0330769230769232,0.4918653045781309,0.4075147928994083,0.6,False
D1,St Pauli,Casa,Under 2.5 golos,13,13.0,0.3076923076923077,0.46153846153846156,0.1268049716161809,0.5763111218666236,-0.06929181929181927,-0.48538461538461536,1.7707692307692307,0.5647263249348393,-0.45514792899408285,0.4,False
D1,St Pauli,Casa,Handicap Asiático (AH),13,,,,,,,0.03230769230769229,1.8746153846153844,0.5334427574887157,,,False
D1,St Pauli,Casa,Casa marca (>=1),13,13.0,0.6153846153846154,0.4865042554105199,0.3552248097226855,0.8229055341876319,-0.1604090354090354,,,,,0.8,False
D1,St Pauli,Casa,Clean sheet,13,13.0,0.15384615384615385,0.36080121229410994,0.04325726318273798,0.4223517050863101,-0.07036019536019536,,,,,0.2,False
D1,St Pauli,Casa,Ambas marcam (BTTS),13,13.0,0.6153846153846154,0.4865042554105199,0.3552248097226855,0.8229055341876319,0.020146520146520186,,,,,0.8,False
D1,St Pauli,Casa,Over 1.5 golos,13,13.0,0.7692307692307693,0.42132504423474315,0.49743126004873084,0.918206209075343,-0.06013431013431014,,,,,0.8,False
D1,St Pauli,Casa,Over 3.5 golos,13,13.0,0.15384615384615385,0.36080121229410994,0.04325726318273798,0.4223517050863101,-0.25488400488400487,,,,,0.0,True
D1,St Pauli,Casa,Cantos total Over 8.5,13,13.0,0.6153846153846154,0.4865042554105199,0.3552248097226855,0.8229055341876319,0.020146520146520186,,,,,0.4,True
D1,St Pauli,Casa,Cantos total Over 9.5,13,13.0,0.46153846153846156,0.4985185152621431,0.23205754301488138,0.7085656756816795,-0.038461538461538436,,,,,0.4,False
D1,St Pauli,Casa,Cantos total Over 10.5,13,13.0,0.3076923076923077,0.46153846153846156,0.1268049716161809,0.5763111218666236,-0.06532356532356531,,,,,0.2,False
D1,St Pauli,Casa,Cantos equipa Over 4.5,13,13.0,0.6153846153846154,0.4865042554105199,0.3552248097226855,0.8229055341876319,0.11538461538461542,,,,,0.4,True
D1,St Pauli,Casa,Cantos equipa Over 5.5,13,13.0,0.38461538461538464,0.4865042554105199,0.17709446581236818,0.6447751902773147,0.04731379731379731,,,,,0.2,True
D1,St Pauli,Casa,Equipa ganha cantos,13,13.0,0.7692307692307693,0.42132504423474315,0.49743126004873084,0.918206209075343,0.3307387057387058,,,,,0.6,True
D1,Stuttgart,Fora,Vitória (1X2),14,14.0,0.42857142857142855,0.49487165930539345,0.21380509930400526,0.6740973309713064,0.05357142857142855,0.04714285714285717,2.4442857142857144,0.4091174751607247,0.04755102040816328,0.4,False
D1,Stuttgart,Fora,Over 2.5 golos,14,14.0,1.0,0.0,0.7846829880728186,1.0,0.376984126984127,0.5614285714285715,1.5614285714285716,0.6404391582799633,0.5614285714285716,1.0,False
D1,Stuttgart,Fora,Under 2.5 golos,14,14.0,0.0,0.0,0.0,0.21531701192718142,-0.376984126984127,-1.0,2.3714285714285714,0.42168674698795183,-1.0,0.0,False
D1,Stuttgart,Fora,Handicap Asiático (AH),14,,,,,,,-0.02,2.0121428571428575,0.49698260560880364,,,False
D1,Stuttgart,Fora,Casa marca (>=1),14,14.0,1.0,0.0,0.7846829880728186,1.0,0.2242063492063492,,,,,1.0,False
D1,Stuttgart,Fora,Clean sheet,14,14.0,0.21428571428571427,0.41032590332414487,0.07571248336916371,0.4758972377320828,-0.009920634920634941,,,,,0.2,False
D1,Stuttgart,Fora,Ambas marcam (BTTS),14,14.0,0.7857142857142857,0.4103259033241449,0.5241027622679172,0.9242875166308363,0.19047619047619047,,,,,0.8,False
D1,Stuttgart,Fora,Over 1.5 golos,14,14.0,1.0,0.0,0.7846829880728186,1.0,0.17063492063492058,,,,,1.0,False
D1,Stuttgart,Fora,Over 3.5 golos,14,14.0,0.5714285714285714,0.4948716593053935,0.3259026690286936,0.7861949006959947,0.16269841269841268,,,,,0.6,False
D1,Stuttgart,Fora,Cantos total Over 8.5,14,14.0,0.5714285714285714,0.4948716593053935,0.3259026690286936,0.7861949006959947,-0.023809523809523836,,,,,0.4,True
D1,Stuttgart,Fora,Cantos total Over 9.5,14,14.0,0.5,0.5,0.2679886791947528,0.7320113208052473,0.0,,,,,0.4,False
D1,Stuttgart,Fora,Cantos total Over 10.5,14,14.0,0.2857142857142857,0.45175395145262565,0.11721187910109102,0.546495411724844,-0.08730158730158732,,,,,0.2,False
D1,Stuttgart,Fora,Cantos equipa Over 4.5,14,14.0,0.6428571428571429,0.4791574237499549,0.3876400468214041,0.8365550926279727,0.1428571428571429,,,,,0.6,False
D1,Stuttgart,Fora,Cantos equipa Over 5.5,14,14.0,0.42857142857142855,0.49487165930539345,0.21380509930400526,0.6740973309713064,0.09126984126984122,,,,,0.2,True
D1,Stuttgart,Fora,Equipa ganha cantos,14,14.0,0.6428571428571429,0.4791574237499549,0.3876400468214041,0.8365550926279727,0.20436507936507942,,,,,0.8,False
D1,Stuttgart,Casa,Vitória (1X2),14,14.0,0.7142857142857143,0.45175395145262565,0.4535045882751561,0.882788120898909,0.3392857142857143,0.1842857142857143,1.9942857142857149,0.5014326647564469,0.4244897959183678,0.8,False
D1,Stuttgart,Casa,Over 2.5 golos,14,14.0,0.42857142857142855,0.49487165930539345,0.21380509930400526,0.6740973309713064,-0.19444444444444448,-0.3757142857142857,1.4949999999999999,0.6688963210702341,-0.3592857142857143,0.4,False
D1,Stuttgart,Casa,Under 2.5 golos,14,14.0,0.5714285714285714,0.4948716593053935,0.3259026690286936,0.7861949006959947,0.19444444444444442,0.44,2.5864285714285713,0.3866335266500967,0.4779591836734691,0.6,False
D1,Stuttgart,Casa,Handicap Asiático (AH),14,,,,,,,0.03214285714285714,1.89,0.5291005291005292,,,False
D1,Stuttgart,Casa,Casa marca (>=1),14,14.0,0.7857142857142857,0.4103259033241449,0.5241027622679172,0.9242875166308363,0.009920634920634885,,,,,0.8,False
D1,Stuttgart,Casa,Clean sheet,14,14.0,0.5,0.5,0.2679886791947528,0.7320113208052473,0.2757936507936508,,,,,0.6,False
D1,Stuttgart,Casa,Ambas marcam (BTTS),14,14.0,0.35714285714285715,0.4791574237499549,0.16344490737202735,0.6123599531785959,-0.23809523809523808,,,,,0.2,True
D1,Stuttgart,Casa,Over 1.5 golos,14,14.0,0.6428571428571429,0.4791574237499549,0.3876400468214041,0.8365550926279727,-0.1865079365079365,,,,,0.6,False
D1,Stuttgart,Casa,Over 3.5 golos,14,14.0,0.35714285714285715,0.4791574237499549,0.16344490737202735,0.6123599531785959,-0.05158730158730157,,,,,0.4,False
D1,Stuttgart,Casa,Cantos total Over 8.5,14,14.0,0.5,0.5,0.2679886791947528,0.7320113208052473,-0.09523809523809523,,,,,0.4,False
D1,Stuttgart,Casa,Cantos total Over 9.5,14,14.0,0.5,0.5,0.2679886791947528,0.7320113208052473,0.0,,,,,0.4,False
D1,Stuttgart,Casa,Cantos total Over 10.5,14,14.0,0.42857142857142855,0.49487165930539345,0.21380509930400526,0.6740973309713064,0.055555555555555525,,,,,0.2,True
D1,Stuttgart,Casa,Cantos equipa Over 4.5,14,14.0,0.5714285714285714,0.4948716593053935,0.3259026690286936,0.7861949006959947,0.0714285714285714,,,,,0.8,False
D1,Stuttgart,Casa,Cantos equipa Over 5.5,14,14.0,0.42857142857142855,0.49487165930539345,0.21380509930400526,0.6740973309713064,0.09126984126984122,,,,,0.4,False
D1,Stuttgart,Casa,Equipa ganha cantos,14,14.0,0.5,0.5,0.2679886791947528,0.7320113208052473,0.06150793650793651,,,,,0.6,False
D1,Union Berlin,Fora,Vitória (1X2),14,14.0,0.2857142857142857,0.45175395145262565,0.11721187910109102,0.546495411724844,-0.0892857142857143,0.04642857142857142,4.573571428571428,0.21864750898016555,0.30673469387755103,0.2,False
D1,Union Berlin,Fora,Over 2.5 golos,14,14.0,0.42857142857142855,0.49487165930539345,0.21380509930400526,0.6740973309713064,-0.19444444444444448,-0.2778571428571428,1.8335714285714284,0.5453837164004676,-0.21418367346938794,0.6,False
D1,Union Berlin,Fora,Under 2.5 golos,14,14.0,0.5714285714285714,0.4948716593053935,0.3259026690286936,0.7861949006959947,0.19444444444444442,0.0492857142857143,2.0228571428571427,0.49435028248587576,0.15591836734693865,0.4,True
D1,Union Berlin,Fora,Handicap Asiático (AH),14,,,,,,,-0.24000000000000002,1.9035714285714285,0.525328330206379,,,False
D1,Union Berlin,Fora,Casa marca (>=1),14,14.0,0.6428571428571429,0.4791574237499549,0.3876400468214041,0.8365550926279727,-0.1329365079365079,,,,,0.6,False
D1,Union Berlin,Fora,Clean sheet,14,14.0,0.21428571428571427,0.41032590332414487,0.07571248336916371,0.4758972377320828,-0.009920634920634941,,,,,0.2,False
D1,Union Berlin,Fora,Ambas marcam (BTTS),14,14.0,0.42857142857142855,0.49487165930539345,0.21380509930400526,0.6740973309713064,-0.16666666666666669,,,,,0.4,False
D1,Union Berlin,Fora,Over 1.5 golos,14,14.0,0.6428571428571429,0.4791574237499549,0.3876400468214041,0.8365550926279727,-0.1865079365079365,,,,,0.6,False
D1,Union Berlin,Fora,Over 3.5 golos,14,14.0,0.35714285714285715,0.4791574237499549,0.16344490737202735,0.6123599531785959,-0.05158730158730157,,,,,0.6,False
D1,Union Berlin,Fora,Cantos total Over 8.5,14,14.0,0.6428571428571429,0.4791574237499549,0.3876400468214041,0.8365550926279727,0.04761904761904767,,,,,0.6,False
D1,Union Berlin,Fora,Cantos total Over 9.5,14,14.0,0.5,0.5,0.2679886791947528,0.7320113208052473,0.0,,,,,0.4,False
D1,Union Berlin,Fora,Cantos total Over 10.5,14,14.0,0.35714285714285715,0.4791574237499549,0.16344490737202735,0.6123599531785959,-0.015873015873015872,,,,,0.4,False
D1,Union Berlin,Fora,Cantos equipa Over 4.5,14,14.0,0.42857142857142855,0.49487165930539345,0.21380509930400526,0.6740973309713064,-0.07142857142857145,,,,,0.2,True
D1,Union Berlin,Fora,Cantos equipa Over 5.5,14,14.0,0.42857142857142855,0.49487165930539345,0.21380509930400526,0.6740973309713064,0.09126984126984122,,,,,0.2,True
D1,Union Berlin,Fora,Equipa ganha cantos,14,14.0,0.42857142857142855,0.49487165930539345,0.21380509930400526,0.6740973309713064,-0.009920634920634941,,,,,0.2,True
D1,Union Berlin,Casa,Vitória (1X2),14,14.0,0.2857142857142857,0.45175395145262565,0.11721187910109102,0.546495411724844,-0.0892857142857143,-0.17285714285714285,3.167857142857143,0.31567080045095824,-0.09489795918367339,0.2,False
D1,Union Berlin,Casa,Over 2.5 golos,14,14.0,0.6428571428571429,0.4791574237499549,0.3876400468214041,0.8365550926279727,0.019841269841269882,0.17999999999999997,1.8992857142857142,0.5265137269650244,0.22096938775510222,0.4,True
D1,Union Berlin,Casa,Under 2.5 golos,14,14.0,0.35714285714285715,0.4791574237499549,0.16344490737202735,0.6123599531785959,-0.019841269841269826,-0.36214285714285716,1.9235714285714287,0.5198663200891199,-0.3130102040816326,0.6,False
D1,Union Berlin,Casa,Handicap Asiático (AH),14,,,,,,,-0.1907142857142857,1.8478571428571426,0.5411673753382297,,,False
D1,Union Berlin,Casa,Casa marca (>=1),14,14.0,0.7857142857142857,0.4103259033241449,0.5241027622679172,0.9242875166308363,0.009920634920634885,,,,,0.8,False
D1,Union Berlin,Casa,Clean sheet,14,14.0,0.21428571428571427,0.41032590332414487,0.07571248336916371,0.4758972377320828,-0.009920634920634941,,,,,0.2,False
D1,Union Berlin,Casa,Ambas marcam (BTTS),14,14.0,0.7142857142857143,0.45175395145262565,0.4535045882751561,0.882788120898909,0.11904761904761907,,,,,0.6,False
D1,Union Berlin,Casa,Over 1.5 golos,14,14.0,0.7857142857142857,0.4103259033241449,0.5241027622679172,0.9242875166308363,-0.04365079365079372,,,,,0.8,False
D1,Union Berlin,Casa,Over 3.5 golos,14,14.0,0.42857142857142855,0.49487165930539345,0.21380509930400526,0.6740973309713064,0.019841269841269826,,,,,0.2,True
D1,Union Berlin,Casa,Cantos total Over 8.5,14,14.0,0.7142857142857143,0.45175395145262565,0.4535045882751561,0.882788120898909,0.11904761904761907,,,,,0.6,False
D1,Union Berlin,Casa,Cantos total Over 9.5,14,14.0,0.5,0.5,0.2679886791947528,0.7320113208052473,0.0,,,,,0.0,True
D1,Union Berlin,Casa,Cantos total Over 10.5,14,14.0,0.2857142857142857,0.45175395145262565,0.11721187910109102,0.546495411724844,-0.08730158730158732,,,,,0.0,True
D1,Union Berlin,Casa,Cantos equipa Over 4.5,14,14.0,0.7142857142857143,0.45175395145262565,0.4535045882751561,0.882788120898909,0.2142857142857143,,,,,0.6,False
D1,Union Berlin,Casa,Cantos equipa Over 5.5,14,14.0,0.35714285714285715,0.4791574237499549,0.16344490737202735,0.6123599531785959,0.019841269841269826,,,,,0.4,False
D1,Union Berlin,Casa,Equipa ganha cantos,14,14.0,0.5,0.5,0.2679886791947528,0.7320113208052473,0.06150793650793651,,,,,0.6,False
D1,Werder Bremen,Fora,Vitória (1X2),14,14.0,0.21428571428571427,0.41032590332414487,0.07571248336916371,0.4758972377320828,-0.16071428571428573,-0.32642857142857135,5.055,0.19782393669634027,0.08321428571428569,0.4,False
D1,Werder Bremen,Fora,Over 2.5 golos,14,14.0,0.5714285714285714,0.4948716593053935,0.3259026690286936,0.7861949006959947,-0.051587301587301626,-0.05785714285714288,1.6185714285714285,0.617828773168579,-0.07510204081632654,0.4,True
D1,Werder Bremen,Fora,Under 2.5 golos,14,14.0,0.42857142857142855,0.49487165930539345,0.21380509930400526,0.6740973309713064,0.05158730158730157,0.030000000000000027,2.4628571428571435,0.4060324825986078,0.055510204081632875,0.6,False
D1,Werder Bremen,Fora,Handicap Asiático (AH),14,,,,,,,-0.23357142857142854,1.8478571428571429,0.5411673753382296,,,False
D1,Werder Bremen,Fora,Casa marca (>=1),14,14.0,0.5714285714285714,0.4948716593053935,0.3259026690286936,0.7861949006959947,-0.20436507936507942,,,,,0.6,False
D1,Werder Bremen,Fora,Clean sheet,14,14.0,0.21428571428571427,0.41032590332414487,0.07571248336916371,0.4758972377320828,-0.009920634920634941,,,,,0.2,False
D1,Werder Bremen,Fora,Ambas marcam (BTTS),14,14.0,0.42857142857142855,0.49487165930539345,0.21380509930400526,0.6740973309713064,-0.16666666666666669,,,,,0.4,False
D1,Werder Bremen,Fora,Over 1.5 golos,14,14.0,0.7142857142857143,0.45175395145262565,0.4535045882751561,0.882788120898909,-0.11507936507936511,,,,,0.4,True
D1,Werder Bremen,Fora,Over 3.5 golos,14,14.0,0.42857142857142855,0.49487165930539345,0.21380509930400526,0.6740973309713064,0.019841269841269826,,,,,0.2,True
D1,Werder Bremen,Fora,Cantos total Over 8.5,14,14.0,0.5714285714285714,0.4948716593053935,0.3259026690286936,0.7861949006959947,-0.023809523809523836,,,,,0.6,False
D1,Werder Bremen,Fora,Cantos total Over 9.5,14,14.0,0.5714285714285714,0.4948716593053935,0.3259026690286936,0.7861949006959947,0.0714285714285714,,,,,0.6,False
D1,Werder Bremen,Fora,Cantos total Over 10.5,14,14.0,0.5,0.5,0.2679886791947528,0.7320113208052473,0.12698412698412698,,,,,0.4,False
D1,Werder Bremen,Fora,Cantos equipa Over 4.5,14,14.0,0.42857142857142855,0.49487165930539345,0.21380509930400526,0.6740973309713064,-0.07142857142857145,,,,,0.6,False
D1,Werder Bremen,Fora,Cantos equipa Over 5.5,14,14.0,0.2857142857142857,0.45175395145262565,0.11721187910109102,0.546495411724844,-0.051587301587301626,,,,,0.2,False
D1,Werder Bremen,Fora,Equipa ganha cantos,14,14.0,0.2857142857142857,0.45175395145262565,0.11721187910109102,0.546495411724844,-0.1527777777777778,,,,,0.6,False
D1,Werder Bremen,Casa,Vitória (1X2),14,14.0,0.2857142857142857,0.45175395145262565,0.11721187910109102,0.546495411724844,-0.0892857142857143,-0.3921428571428572,2.978571428571429,0.3357314148681055,-0.1489795918367347,0.2,False
D1,Werder Bremen,Casa,Over 2.5 golos,14,14.0,0.5,0.5,0.2679886791947528,0.7320113208052473,-0.12301587301587302,-0.24071428571428571,1.5914285714285714,0.6283662477558348,-0.2042857142857143,0.4,False
D1,Werder Bremen,Casa,Under 2.5 golos,14,14.0,0.5,0.5,0.2679886791947528,0.7320113208052473,0.12301587301587302,0.07928571428571425,2.337142857142857,0.4278728606356968,0.1685714285714286,0.6,False
D1,Werder Bremen,Casa,Handicap Asiático (AH),14,,,,,,,-0.13214285714285717,1.8928571428571428,0.5283018867924528,,,False
D1,Werder Bremen,Casa,Casa marca (>=1),14,14.0,0.6428571428571429,0.4791574237499549,0.3876400468214041,0.8365550926279727,-0.1329365079365079,,,,,0.6,False
D1,Werder Bremen,Casa,Clean sheet,14,14.0,0.21428571428571427,0.41032590332414487,0.07571248336916371,0.4758972377320828,-0.009920634920634941,,,,,0.2,False
D1,Werder Bremen,Casa,Ambas marcam (BTTS),14,14.0,0.42857142857142855,0.49487165930539345,0.21380509930400526,0.6740973309713064,-0.16666666666666669,,,,,0.4,False
D1,Werder Bremen,Casa,Over 1.5 golos,14,14.0,0.8571428571428571,0.34992710611188266,0.600580922361363,0.9599069262620787,0.02777777777777768,,,,,1.0,False
D1,Werder Bremen,Casa,Over 3.5 golos,14,14.0,0.21428571428571427,0.41032590332414487,0.07571248336916371,0.4758972377320828,-0.19444444444444445,,,,,0.0,True
D1,Werder Bremen,Casa,Cantos total Over 8.5,14,14.0,0.5,0.5,0.2679886791947528,0.7320113208052473,-0.09523809523809523,,,,,0.4,False
D1,Werder Bremen,Casa,Cantos total Over 9.5,14,14.0,0.42857142857142855,0.49487165930539345,0.21380509930400526,0.6740973309713064,-0.07142857142857145,,,,,0.4,False
D1,Werder Bremen,Casa,Cantos total Over 10.5,14,14.0,0.2857142857142857,0.45175395145262565,0.11721187910109102,0.546495411724844,-0.08730158730158732,,,,,0.2,False
D1,Werder Bremen,Casa,Cantos equipa Over 4.5,14,14.0,0.35714285714285715,0.4791574237499549,0.16344490737202735,0.6123599531785959,-0.14285714285714285,,,,,0.4,False
D1,Werder Bremen,Casa,Cantos equipa Over 5.5,14,14.0,0.2857142857142857,0.45175395145262565,0.11721187910109102,0.546495411724844,-0.051587301587301626,,,,,0.4,False
D1,Werder Bremen,Casa,Equipa ganha cantos,14,14.0,0.6428571428571429,0.4791574237499549,0.3876400468214041,0.8365550926279727,0.20436507936507942,,,,,0.8,False
D1,Wolfsburg,Fora,Vitória (1X2),14,14.0,0.21428571428571427,0.41032590332414487,0.07571248336916371,0.4758972377320828,-0.16071428571428573,-0.39428571428571424,5.172857142857143,0.19331676332504835,0.10846938775510195,0.0,True
D1,Wolfsburg,Fora,Over 2.5 golos,14,14.0,0.6428571428571429,0.4791574237499549,0.3876400468214041,0.8365550926279727,0.019841269841269882,-0.025000000000000022,1.510714285714286,0.6619385342789598,-0.028826530612244716,0.6,False
D1,Wolfsburg,Fora,Under 2.5 golos,14,14.0,0.35714285714285715,0.4791574237499549,0.16344490737202735,0.6123599531785959,-0.019841269841269826,-0.10000000000000002,2.605,0.3838771593090211,-0.06964285714285712,0.4,False
D1,Wolfsburg,Fora,Handicap Asiático (AH),14,,,,,,,0.06750000000000002,2.0321428571428575,0.49209138840070293,,,False
D1,Wolfsburg,Fora,Casa marca (>=1),14,14.0,0.7857142857142857,0.4103259033241449,0.5241027622679172,0.9242875166308363,0.009920634920634885,,,,,0.6,True
D1,Wolfsburg,Fora,Clean sheet,14,14.0,0.07142857142857142,0.2575393768188564,0.012721886112291648,0.3146926955395781,-0.1527777777777778,,,,,0.0,False
D1,Wolfsburg,Fora,Ambas marcam (BTTS),14,14.0,0.7142857142857143,0.45175395145262565,0.4535045882751561,0.882788120898909,0.11904761904761907,,,,,0.6,False
D1,Wolfsburg,Fora,Over 1.5 golos,14,14.0,0.7857142857142857,0.4103259033241449,0.5241027622679172,0.9242875166308363,-0.04365079365079372,,,,,0.8,False
D1,Wolfsburg,Fora,Over 3.5 golos,14,14.0,0.5714285714285714,0.4948716593053935,0.3259026690286936,0.7861949006959947,0.16269841269841268,,,,,0.6,False
D1,Wolfsburg,Fora,Cantos total Over 8.5,14,14.0,0.7142857142857143,0.45175395145262565,0.4535045882751561,0.882788120898909,0.11904761904761907,,,,,0.6,False
D1,Wolfsburg,Fora,Cantos total Over 9.5,14,14.0,0.6428571428571429,0.4791574237499549,0.3876400468214041,0.8365550926279727,0.1428571428571429,,,,,0.6,False
D1,Wolfsburg,Fora,Cantos total Over 10.5,14,14.0,0.5714285714285714,0.4948716593053935,0.3259026690286936,0.7861949006959947,0.19841269841269837,,,,,0.4,True
D1,Wolfsburg,Fora,Cantos equipa Over 4.5,14,14.0,0.14285714285714285,0.3499271061118826,0.04009307373792117,0.399419077638637,-0.35714285714285715,,,,,0.0,False
D1,Wolfsburg,Fora,Cantos equipa Over 5.5,14,14.0,0.0,0.0,0.0,0.21531701192718142,-0.3373015873015873,,,,,0.0,False
D1,Wolfsburg,Fora,Equipa ganha cantos,14,14.0,0.14285714285714285,0.3499271061118826,0.04009307373792117,0.399419077638637,-0.29563492063492064,,,,,0.2,False
D1,Wolfsburg,Casa,Vitória (1X2),14,14.0,0.14285714285714285,0.3499271061118826,0.04009307373792117,0.399419077638637,-0.23214285714285715,-0.7164285714285715,2.451428571428571,0.407925407925408,-0.649795918367347,0.0,False
D1,Wolfsburg,Casa,Over 2.5 golos,14,14.0,0.7142857142857143,0.45175395145262565,0.4535045882751561,0.882788120898909,0.09126984126984128,0.20571428571428577,1.667142857142857,0.5998286203941732,0.1908163265306122,0.6,False
D1,Wolfsburg,Casa,Under 2.5 golos,14,14.0,0.2857142857142857,0.45175395145262565,0.11721187910109102,0.546495411724844,-0.09126984126984128,-0.3578571428571428,2.1635714285714287,0.462198745460548,-0.3818367346938776,0.4,False
D1,Wolfsburg,Casa,Handicap Asiático (AH),14,,,,,,,-0.7028571428571428,1.8735714285714287,0.5337399923751429,,,False
D1,Wolfsburg,Casa,Casa marca (>=1),14,14.0,0.7857142857142857,0.4103259033241449,0.5241027622679172,0.9242875166308363,0.009920634920634885,,,,,0.8,False
D1,Wolfsburg,Casa,Clean sheet,14,14.0,0.0,0.0,0.0,0.21531701192718142,-0.22420634920634921,,,,,0.0,False
D1,Wolfsburg,Casa,Ambas marcam (BTTS),14,14.0,0.7857142857142857,0.4103259033241449,0.5241027622679172,0.9242875166308363,0.19047619047619047,,,,,0.8,False
D1,Wolfsburg,Casa,Over 1.5 golos,14,14.0,0.8571428571428571,0.34992710611188266,0.600580922361363,0.9599069262620787,0.02777777777777768,,,,,0.8,False
D1,Wolfsburg,Casa,Over 3.5 golos,14,14.0,0.42857142857142855,0.49487165930539345,0.21380509930400526,0.6740973309713064,0.019841269841269826,,,,,0.2,True
D1,Wolfsburg,Casa,Cantos total Over 8.5,14,14.0,0.8571428571428571,0.34992710611188266,0.600580922361363,0.9599069262620787,0.26190476190476186,,,,,1.0,False
D1,Wolfsburg,Casa,Cantos total Over 9.5,14,14.0,0.8571428571428571,0.34992710611188266,0.600580922361363,0.9599069262620787,0.3571428571428571,,,,,1.0,False
D1,Wolfsburg,Casa,Cantos total Over 10.5,14,14.0,0.7142857142857143,0.45175395145262565,0.4535045882751561,0.882788120898909,0.3412698412698413,,,,,0.8,False
D1,Wolfsburg,Casa,Cantos equipa Over 4.5,14,14.0,0.5,0.5,0.2679886791947528,0.7320113208052473,0.0,,,,,0.6,False
D1,Wolfsburg,Casa,Cantos equipa Over 5.5,14,14.0,0.5,0.5,0.2679886791947528,0.7320113208052473,0.16269841269841268,,,,,0.6,False
D1,Wolfsburg,Casa,Equipa ganha cantos,14,14.0,0.42857142857142855,0.49487165930539345,0.21380509930400526,0.6740973309713064,-0.009920634920634941,,,,,0.6,False
D1,Augsburg,Total,Vitória (1X2),28,28.0,0.32142857142857145,0.46702488680792936,0.1793304754342074,0.5066149544436882,-0.05357142857142855,0.5375,4.352142857142857,0.22977186935828,0.39890306122448993,0.2,False
D1,Augsburg,Total,Over 2.5 golos,28,28.0,0.5714285714285714,0.4948716593053935,0.390704789856154,0.7349170381926877,-0.051587301587301626,-0.04142857142857144,1.6871428571428573,0.5927180355630821,-0.03591836734693876,0.4,True
D1,Augsburg,Total,Under 2.5 golos,28,28.0,0.42857142857142855,0.49487165930539345,0.2650829618073123,0.6092952101438459,0.05158730158730157,-0.07964285714285714,2.2428571428571424,0.44585987261146504,-0.038775510204081876,0.6,False
D1,Augsburg,Total,Handicap Asiático (AH),28,,,,,,,0.032321428571428557,1.9939285714285713,0.5015224789539674,,,False
D1,Augsburg,Total,Casa marca (>=1),28,28.0,0.7142857142857143,0.45175395145262565,0.529403642629825,0.8474618415167003,-0.06150793650793651,,,,,0.8,False
D1,Augsburg,Total,Clean sheet,28,28.0,0.17857142857142858,0.38299304624155744,0.07878385829430107,0.35591791548591095,-0.04563492063492064,,,,,0.2,False
D1,Augsburg,Total,Ambas marcam (BTTS),28,28.0,0.5714285714285714,0.4948716593053935,0.390704789856154,0.7349170381926877,-0.023809523809523836,,,,,0.6,False
D1,Augsburg,Total,Over 1.5 golos,28,28.0,0.8214285714285714,0.38299304624155744,0.644082084514089,0.9212161417056989,-0.00793650793650802,,,,,1.0,False
D1,Augsburg,Total,Over 3.5 golos,28,28.0,0.35714285714285715,0.4791574237499549,0.20705611972458876,0.5417002241777278,-0.05158730158730157,,,,,0.2,True
D1,Augsburg,Total,Cantos total Over 8.5,28,28.0,0.6071428571428571,0.48838551182776224,0.42408726034906297,0.7643454817241996,0.011904761904761862,,,,,0.8,False
D1,Augsburg,Total,Cantos total Over 9.5,28,28.0,0.5357142857142857,0.4987228587060336,0.35812395142101666,0.7046869626034041,0.0357142857142857,,,,,0.8,False
D1,Augsburg,Total,Cantos total Over 10.5,28,28.0,0.42857142857142855,0.49487165930539345,0.2650829618073123,0.6092952101438459,0.055555555555555525,,,,,0.8,False
D1,Augsburg,Total,Cantos equipa Over 4.5,28,28.0,0.42857142857142855,0.49487165930539345,0.2650829618073123,0.6092952101438459,-0.07142857142857145,,,,,0.4,False
D1,Augsburg,Total,Cantos equipa Over 5.5,28,28.0,0.32142857142857145,0.46702488680792936,0.1793304754342074,0.5066149544436882,-0.015873015873015872,,,,,0.4,False
D1,Augsburg,Total,Equipa ganha cantos,28,28.0,0.2857142857142857,0.45175395145262565,0.15253815848329966,0.47059635737017497,-0.1527777777777778,,,,,0.2,False
D1,Bayern Munich,Total,Vitória (1X2),28,28.0,0.8214285714285714,0.38299304624155744,0.644082084514089,0.9212161417056989,0.4464285714285714,0.030714285714285725,1.2510714285714284,0.7993148729660292,0.027665816326530424,0.8,False
D1,Bayern Munich,Total,Over 2.5 golos,28,28.0,0.9642857142857143,0.18557687223952252,0.8228742388150134,0.9936676435024582,0.3412698412698413,0.2228571428571429,1.2714285714285716,0.7865168539325842,0.22602040816326552,0.8,True
D1,Bayern Munich,Total,Under 2.5 golos,28,28.0,0.03571428571428571,0.18557687223952254,0.006332356497541882,0.17712576118498663,-0.3412698412698413,-0.8921428571428571,3.6553571428571425,0.273571079628725,-0.8694515306122449,0.2,False
D1,Bayern Munich,Total,Handicap Asiático (AH),28,,,,,,,0.15803571428571428,1.8757142857142861,0.533130236100533,,,False
D1,Bayern Munich,Total,Casa marca (>=1),28,28.0,1.0,0.0,0.8793527963418923,1.0,0.2242063492063492,,,,,1.0,False
D1,Bayern Munich,Total,Clean sheet,28,28.0,0.35714285714285715,0.4791574237499549,0.20705611972458876,0.5417002241777278,0.13293650793650794,,,,,0.2,True
D1,Bayern Munich,Total,Ambas marcam (BTTS),28,28.0,0.6428571428571429,0.4791574237499549,0.4582997758222724,0.7929438802754113,0.04761904761904767,,,,,0.8,False
D1,Bayern Munich,Total,Over 1.5 golos,28,28.0,1.0,0.0,0.8793527963418923,1.0,0.17063492063492058,,,,,1.0,False
D1,Bayern Munich,Total,Over 3.5 golos,28,28.0,0.75,0.4330127018922193,0.566439747592954,0.8732366505779923,0.3412698412698413,,,,,0.8,False
D1,Bayern Munich,Total,Cantos total Over 8.5,28,28.0,0.5714285714285714,0.4948716593053935,0.390704789856154,0.7349170381926877,-0.023809523809523836,,,,,0.4,True
D1,Bayern Munich,Total,Cantos total Over 9.5,28,28.0,0.5357142857142857,0.4987228587060336,0.35812395142101666,0.7046869626034041,0.0357142857142857,,,,,0.4,False
D1,Bayern Munich,Total,Cantos total Over 10.5,28,28.0,0.39285714285714285,0.4883855118277623,0.23565451827580033,0.575912739650937,0.019841269841269826,,,,,0.4,False
D1,Bayern Munich,Total,Cantos equipa Over 4.5,28,28.0,0.75,0.4330127018922193,0.566439747592954,0.8732366505779923,0.25,,,,,0.6,True
D1,Bayern Munich,Total,Cantos equipa Over 5.5,28,28.0,0.5714285714285714,0.4948716593053935,0.390704789856154,0.7349170381926877,0.23412698412698407,,,,,0.6,False
D1,Bayern Munich,Total,Equipa ganha cantos,28,28.0,0.7142857142857143,0.45175395145262565,0.529403642629825,0.8474618415167003,0.2757936507936508,,,,,0.6,False
D1,Dortmund,Total,Vitória (1X2),28,28.0,0.6785714285714286,0.4670248868079293,0.4933850455563118,0.8206695245657927,0.3035714285714286,0.12642857142857142,2.0382142857142855,0.4906255475731558,0.38307397959183676,0.8,False
D1,Dortmund,Total,Over 2.5 golos,28,28.0,0.5714285714285714,0.4948716593053935,0.390704789856154,0.7349170381926877,-0.051587301587301626,-0.12428571428571429,1.514642857142857,0.6602216458382458,-0.13448979591836752,0.6,False
D1,Dortmund,Total,Under 2.5 golos,28,28.0,0.42857142857142855,0.49487165930539345,0.2650829618073123,0.6092952101438459,0.05158730158730157,0.1014285714285714,2.5328571428571425,0.39481105470953193,0.08551020408163246,0.4,False
D1,Dortmund,Total,Handicap Asiático (AH),28,,,,,,,0.20107142857142857,1.995357142857143,0.5011634150706998,,,False
D1,Dortmund,Total,Casa marca (>=1),28,28.0,1.0,0.0,0.8793527963418923,1.0,0.2242063492063492,,,,,1.0,False
D1,Dortmund,Total,Clean sheet,28,28.0,0.4642857142857143,0.4987228587060336,0.2953130373965958,0.6418760485789833,0.2400793650793651,,,,,0.4,False
D1,Dortmund,Total,Ambas marcam (BTTS),28,28.0,0.5357142857142857,0.4987228587060336,0.35812395142101666,0.7046869626034041,-0.059523809523809534,,,,,0.6,False
D1,Dortmund,Total,Over 1.5 golos,28,28.0,0.8928571428571429,0.3092947870658709,0.7280377463234292,0.9628823079452006,0.06349206349206349,,,,,1.0,False
D1,Dortmund,Total,Over 3.5 golos,28,28.0,0.32142857142857145,0.46702488680792936,0.1793304754342074,0.5066149544436882,-0.08730158730158727,,,,,0.4,False
D1,Dortmund,Total,Cantos total Over 8.5,28,28.0,0.6071428571428571,0.48838551182776224,0.42408726034906297,0.7643454817241996,0.011904761904761862,,,,,0.6,False
D1,Dortmund,Total,Cantos total Over 9.5,28,28.0,0.5,0.5,0.32632846832446344,0.6736715316755366,0.0,,,,,0.6,False
D1,Dortmund,Total,Cantos total Over 10.5,28,28.0,0.39285714285714285,0.4883855118277623,0.23565451827580033,0.575912739650937,0.019841269841269826,,,,,0.6,False
D1,Dortmund,Total,Cantos equipa Over 4.5,28,28.0,0.5357142857142857,0.4987228587060336,0.35812395142101666,0.7046869626034041,0.0357142857142857,,,,,0.6,False
D1,Dortmund,Total,Cantos equipa Over 5.5,28,28.0,0.39285714285714285,0.4883855118277623,0.23565451827580033,0.575912739650937,0.055555555555555525,,,,,0.4,False
D1,Dortmund,Total,Equipa ganha cantos,28,28.0,0.42857142857142855,0.49487165930539345,0.2650829618073123,0.6092952101438459,-0.009920634920634941,,,,,0.6,False
D1,Ein Frankfurt,Total,Vitória (1X2),28,28.0,0.35714285714285715,0.4791574237499549,0.20705611972458876,0.5417002241777278,-0.01785714285714285,-0.3171428571428571,2.9917857142857143,0.3342485376626477,0.06849489795918373,0.4,False
D1,Ein Frankfurt,Total,Over 2.5 golos,28,28.0,0.6428571428571429,0.4791574237499549,0.4582997758222724,0.7929438802754113,0.019841269841269882,-0.02285714285714286,1.5607142857142857,0.6407322654462243,0.0033163265306122014,0.4,True
D1,Ein Frankfurt,Total,Under 2.5 golos,28,28.0,0.35714285714285715,0.4791574237499549,0.20705611972458876,0.5417002241777278,-0.019841269841269826,-0.19571428571428573,2.4535714285714287,0.40756914119359533,-0.12372448979591832,0.6,False
D1,Ein Frankfurt,Total,Handicap Asiático (AH),28,,,,,,,-0.013214285714285718,1.8467857142857143,0.5414813382324503,,,False
D1,Ein Frankfurt,Total,Casa marca (>=1),28,28.0,0.8928571428571429,0.3092947870658709,0.7280377463234292,0.9628823079452006,0.11706349206349209,,,,,0.8,False
D1,Ein Frankfurt,Total,Clean sheet,28,28.0,0.25,0.4330127018922193,0.12676334942200781,0.43356025240704604,0.025793650793650785,,,,,0.6,False
D1,Ein Frankfurt,Total,Ambas marcam (BTTS),28,28.0,0.6785714285714286,0.4670248868079293,0.4933850455563118,0.8206695245657927,0.08333333333333337,,,,,0.4,True
D1,Ein Frankfurt,Total,Over 1.5 golos,28,28.0,0.8571428571428571,0.34992710611188266,0.6850982695512267,0.9430108706929821,0.02777777777777768,,,,,0.6,True
D1,Ein Frankfurt,Total,Over 3.5 golos,28,28.0,0.5357142857142857,0.4987228587060336,0.35812395142101666,0.7046869626034041,0.12698412698412698,,,,,0.2,True
D1,Ein Frankfurt,Total,Cantos total Over 8.5,28,28.0,0.5,0.5,0.32632846832446344,0.6736715316755366,-0.09523809523809523,,,,,0.6,False
D1,Ein Frankfurt,Total,Cantos total Over 9.5,28,28.0,0.42857142857142855,0.49487165930539345,0.2650829618073123,0.6092952101438459,-0.07142857142857145,,,,,0.4,False
D1,Ein Frankfurt,Total,Cantos total Over 10.5,28,28.0,0.25,0.4330127018922193,0.12676334942200781,0.43356025240704604,-0.12301587301587302,,,,,0.4,False
D1,Ein Frankfurt,Total,Cantos equipa Over 4.5,28,28.0,0.5,0.5,0.32632846832446344,0.6736715316755366,0.0,,,,,0.8,False
D1,Ein Frankfurt,Total,Cantos equipa Over 5.5,28,28.0,0.2857142857142857,0.45175395145262565,0.15253815848329966,0.47059635737017497,-0.051587301587301626,,,,,0.2,False
D1,Ein Frankfurt,Total,Equipa ganha cantos,28,28.0,0.42857142857142855,0.49487165930539345,0.2650829618073123,0.6092952101438459,-0.009920634920634941,,,,,0.4,False
D1,FC Koln,Total,Vitória (1X2),28,28.0,0.21428571428571427,0.41032590332414487,0.10212321701189421,0.39538947079273873,-0.16071428571428573,-0.41857142857142854,3.5275,0.28348688873139616,-0.24410714285714286,0.0,True
D1,FC Koln,Total,Over 2.5 golos,28,28.0,0.6071428571428571,0.48838551182776224,0.42408726034906297,0.7643454817241996,-0.015873015873015928,-0.019285714285714264,1.630357142857143,0.6133625410733844,-0.010140306122448983,0.6,False
D1,FC Koln,Total,Under 2.5 golos,28,28.0,0.39285714285714285,0.4883855118277623,0.23565451827580033,0.575912739650937,0.015873015873015872,-0.12357142857142858,2.29,0.4366812227074236,-0.10035714285714292,0.4,False
D1,FC Koln,Total,Handicap Asiático (AH),28,,,,,,,-0.13678571428571426,1.990357142857143,0.5024223936838328,,,False
D1,FC Koln,Total,Casa marca (>=1),28,28.0,0.8571428571428571,0.34992710611188266,0.6850982695512267,0.9430108706929821,0.08134920634920628,,,,,0.8,False
D1,FC Koln,Total,Clean sheet,28,28.0,0.10714285714285714,0.30929478706587094,0.0371176920547995,0.2719622536765708,-0.11706349206349208,,,,,0.0,False
D1,FC Koln,Total,Ambas marcam (BTTS),28,28.0,0.75,0.4330127018922193,0.566439747592954,0.8732366505779923,0.15476190476190477,,,,,0.8,False
D1,FC Koln,Total,Over 1.5 golos,28,28.0,0.8214285714285714,0.38299304624155744,0.644082084514089,0.9212161417056989,-0.00793650793650802,,,,,1.0,False
D1,FC Koln,Total,Over 3.5 golos,28,28.0,0.42857142857142855,0.49487165930539345,0.2650829618073123,0.6092952101438459,0.019841269841269826,,,,,0.4,False
D1,FC Koln,Total,Cantos total Over 8.5,28,28.0,0.6071428571428571,0.48838551182776224,0.42408726034906297,0.7643454817241996,0.011904761904761862,,,,,0.6,False
D1,FC Koln,Total,Cantos total Over 9.5,28,28.0,0.4642857142857143,0.4987228587060336,0.2953130373965958,0.6418760485789833,-0.0357142857142857,,,,,0.4,False
D1,FC Koln,Total,Cantos total Over 10.5,28,28.0,0.39285714285714285,0.4883855118277623,0.23565451827580033,0.575912739650937,0.019841269841269826,,,,,0.4,False
D1,FC Koln,Total,Cantos equipa Over 4.5,28,28.0,0.4642857142857143,0.4987228587060336,0.2953130373965958,0.6418760485789833,-0.0357142857142857,,,,,0.8,False
D1,FC Koln,Total,Cantos equipa Over 5.5,28,28.0,0.25,0.4330127018922193,0.12676334942200781,0.43356025240704604,-0.08730158730158732,,,,,0.6,False
D1,FC Koln,Total,Equipa ganha cantos,28,28.0,0.35714285714285715,0.4791574237499549,0.20705611972458876,0.5417002241777278,-0.08134920634920634,,,,,0.8,False
D1,Freiburg,Total,Vitória (1X2),28,28.0,0.35714285714285715,0.4791574237499549,0.20705611972458876,0.5417002241777278,-0.01785714285714285,-0.2107142857142857,3.2139285714285712,0.3111456828536504,0.14783163265306132,0.2,True
D1,Freiburg,Total,Over 2.5 golos,28,28.0,0.6428571428571429,0.4791574237499549,0.4582997758222724,0.7929438802754113,0.019841269841269882,0.14107142857142857,1.7710714285714284,0.564629965718895,0.13854591836734698,0.6,False
D1,Freiburg,Total,Under 2.5 golos,28,28.0,0.35714285714285715,0.4791574237499549,0.20705611972458876,0.5417002241777278,-0.019841269841269826,-0.27178571428571435,2.0675,0.4836759371221282,-0.2616071428571429,0.4,False
D1,Freiburg,Total,Handicap Asiático (AH),28,,,,,,,-0.005714285714285735,1.8739285714285716,0.5336382694873261,,,False
D1,Freiburg,Total,Casa marca (>=1),28,28.0,0.7142857142857143,0.45175395145262565,0.529403642629825,0.8474618415167003,-0.06150793650793651,,,,,0.6,False
D1,Freiburg,Total,Clean sheet,28,28.0,0.17857142857142858,0.38299304624155744,0.07878385829430107,0.35591791548591095,-0.04563492063492064,,,,,0.0,True
D1,Freiburg,Total,Ambas marcam (BTTS),28,28.0,0.6071428571428571,0.48838551182776224,0.42408726034906297,0.7643454817241996,0.011904761904761862,,,,,0.6,False
D1,Freiburg,Total,Over 1.5 golos,28,28.0,0.8214285714285714,0.38299304624155744,0.644082084514089,0.9212161417056989,-0.00793650793650802,,,,,0.8,False
D1,Freiburg,Total,Over 3.5 golos,28,28.0,0.35714285714285715,0.4791574237499549,0.20705611972458876,0.5417002241777278,-0.05158730158730157,,,,,0.4,False
D1,Freiburg,Total,Cantos total Over 8.5,28,28.0,0.42857142857142855,0.49487165930539345,0.2650829618073123,0.6092952101438459,-0.16666666666666669,,,,,0.4,False
D1,Freiburg,Total,Cantos total Over 9.5,28,28.0,0.39285714285714285,0.4883855118277623,0.23565451827580033,0.575912739650937,-0.10714285714285715,,,,,0.4,False
D1,Freiburg,Total,Cantos total Over 10.5,28,28.0,0.2857142857142857,0.45175395145262565,0.15253815848329966,0.47059635737017497,-0.08730158730158732,,,,,0.4,False
D1,Freiburg,Total,Cantos equipa Over 4.5,28,28.0,0.6428571428571429,0.4791574237499549,0.4582997758222724,0.7929438802754113,0.1428571428571429,,,,,0.8,False
D1,Freiburg,Total,Cantos equipa Over 5.5,28,28.0,0.39285714285714285,0.4883855118277623,0.23565451827580033,0.575912739650937,0.055555555555555525,,,,,0.4,False
D1,Freiburg,Total,Equipa ganha cantos,28,28.0,0.42857142857142855,0.49487165930539345,0.2650829618073123,0.6092952101438459,-0.009920634920634941,,,,,0.6,False
D1,Hamburg,Total,Vitória (1X2),28,28.0,0.25,0.4330127018922193,0.12676334942200781,0.43356025240704604,-0.125,-0.3653571428571429,4.273571428571429,0.23399632291492561,0.06839285714285714,0.2,False
D1,Hamburg,Total,Over 2.5 golos,28,28.0,0.5,0.5,0.32632846832446344,0.6736715316755366,-0.12301587301587302,-0.20642857142857146,1.6785714285714288,0.5957446808510637,-0.16071428571428548,0.4,False
D1,Hamburg,Total,Under 2.5 golos,28,28.0,0.5,0.5,0.32632846832446344,0.6736715316755366,0.12301587301587302,0.03214285714285709,2.273214285714286,0.4399057344854674,0.13660714285714293,0.6,False
D1,Hamburg,Total,Handicap Asiático (AH),28,,,,,,,0.05392857142857139,1.8828571428571428,0.5311077389984825,,,False
D1,Hamburg,Total,Casa marca (>=1),28,28.0,0.6785714285714286,0.4670248868079293,0.4933850455563118,0.8206695245657927,-0.09722222222222221,,,,,0.8,False
D1,Hamburg,Total,Clean sheet,28,28.0,0.21428571428571427,0.41032590332414487,0.10212321701189421,0.39538947079273873,-0.009920634920634941,,,,,0.0,True
D1,Hamburg,Total,Ambas marcam (BTTS),28,28.0,0.6071428571428571,0.48838551182776224,0.42408726034906297,0.7643454817241996,0.011904761904761862,,,,,0.8,False
D1,Hamburg,Total,Over 1.5 golos,28,28.0,0.75,0.4330127018922193,0.566439747592954,0.8732366505779923,-0.07936507936507942,,,,,0.8,False
D1,Hamburg,Total,Over 3.5 golos,28,28.0,0.2857142857142857,0.45175395145262565,0.15253815848329966,0.47059635737017497,-0.12301587301587302,,,,,0.2,False
D1,Hamburg,Total,Cantos total Over 8.5,28,28.0,0.5714285714285714,0.4948716593053935,0.390704789856154,0.7349170381926877,-0.023809523809523836,,,,,1.0,False
D1,Hamburg,Total,Cantos total Over 9.5,28,28.0,0.39285714285714285,0.4883855118277623,0.23565451827580033,0.575912739650937,-0.10714285714285715,,,,,0.6,False
D1,Hamburg,Total,Cantos total Over 10.5,28,28.0,0.2857142857142857,0.45175395145262565,0.15253815848329966,0.47059635737017497,-0.08730158730158732,,,,,0.4,False
D1,Hamburg,Total,Cantos equipa Over 4.5,28,28.0,0.2857142857142857,0.45175395145262565,0.15253815848329966,0.47059635737017497,-0.2142857142857143,,,,,0.2,False
D1,Hamburg,Total,Cantos equipa Over 5.5,28,28.0,0.17857142857142858,0.38299304624155744,0.07878385829430107,0.35591791548591095,-0.15873015873015875,,,,,0.2,False
D1,Hamburg,Total,Equipa ganha cantos,28,28.0,0.25,0.4330127018922193,0.12676334942200781,0.43356025240704604,-0.1884920634920635,,,,,0.2,False
D1,Heidenheim,Total,Vitória (1X2),28,28.0,0.10714285714285714,0.30929478706587094,0.0371176920547995,0.2719622536765708,-0.26785714285714285,-0.5889285714285715,5.045357142857142,0.19820202449210733,-0.4594260204081634,0.0,False
D1,Heidenheim,Total,Over 2.5 golos,28,28.0,0.6785714285714286,0.4670248868079293,0.4933850455563118,0.8206695245657927,0.05555555555555558,0.10714285714285714,1.6135714285714287,0.6197432492253209,0.0949234693877552,0.6,False
D1,Heidenheim,Total,Under 2.5 golos,28,28.0,0.32142857142857145,0.46702488680792936,0.1793304754342074,0.5066149544436882,-0.055555555555555525,-0.2446428571428572,2.3325,0.4287245444801715,-0.25026785714285715,0.4,False
D1,Heidenheim,Total,Handicap Asiático (AH),28,,,,,,,-0.08589285714285713,1.980357142857143,0.5049594229035167,,,False
D1,Heidenheim,Total,Casa marca (>=1),28,28.0,0.6071428571428571,0.48838551182776224,0.42408726034906297,0.7643454817241996,-0.16865079365079372,,,,,0.6,False
D1,Heidenheim,Total,Clean sheet,28,28.0,0.0,0.0,0.0,0.12064720365810762,-0.22420634920634921,,,,,0.0,False
D1,Heidenheim,Total,Ambas marcam (BTTS),28,28.0,0.6071428571428571,0.48838551182776224,0.42408726034906297,0.7643454817241996,0.011904761904761862,,,,,0.6,False
D1,Heidenheim,Total,Over 1.5 golos,28,28.0,0.8928571428571429,0.3092947870658709,0.7280377463234292,0.9628823079452006,0.06349206349206349,,,,,0.8,False
D1,Heidenheim,Total,Over 3.5 golos,28,28.0,0.39285714285714285,0.4883855118277623,0.23565451827580033,0.575912739650937,-0.015873015873015872,,,,,0.6,False
D1,Heidenheim,Total,Cantos total Over 8.5,28,28.0,0.5714285714285714,0.4948716593053935,0.390704789856154,0.7349170381926877,-0.023809523809523836,,,,,0.2,True
D1,Heidenheim,Total,Cantos total Over 9.5,28,28.0,0.39285714285714285,0.4883855118277623,0.23565451827580033,0.575912739650937,-0.10714285714285715,,,,,0.0,True
D1,Heidenheim,Total,Cantos total Over 10.5,28,28.0,0.32142857142857145,0.46702488680792936,0.1793304754342074,0.5066149544436882,-0.05158730158730157,,,,,0.0,True
D1,Heidenheim,Total,Cantos equipa Over 4.5,28,28.0,0.39285714285714285,0.4883855118277623,0.23565451827580033,0.575912739650937,-0.10714285714285715,,,,,0.0,True
D1,Heidenheim,Total,Cantos equipa Over 5.5,28,28.0,0.21428571428571427,0.41032590332414487,0.10212321701189421,0.39538947079273873,-0.12301587301587305,,,,,0.0,True
D1,Heidenheim,Total,Equipa ganha cantos,28,28.0,0.42857142857142855,0.49487165930539345,0.2650829618073123,0.6092952101438459,-0.009920634920634941,,,,,0.4,False
D1,Hoffenheim,Total,Vitória (1X2),28,28.0,0.5357142857142857,0.4987228587060336,0.35812395142101666,0.7046869626034041,0.1607142857142857,0.23107142857142854,2.8200000000000003,0.35460992907801414,0.5107142857142859,0.2,True
D1,Hoffenheim,Total,Over 2.5 golos,28,28.0,0.6785714285714286,0.4670248868079293,0.4933850455563118,0.8206695245657927,0.05555555555555558,0.03464285714285715,1.5314285714285714,0.6529850746268657,0.03918367346938778,0.6,False
D1,Hoffenheim,Total,Under 2.5 golos,28,28.0,0.32142857142857145,0.46702488680792936,0.1793304754342074,0.5066149544436882,-0.055555555555555525,-0.22321428571428573,2.5075000000000003,0.398803589232303,-0.1940178571428569,0.4,False
D1,Hoffenheim,Total,Handicap Asiático (AH),28,,,,,,,0.18964285714285709,1.8860714285714282,0.5302026131414506,,,False
D1,Hoffenheim,Total,Casa marca (>=1),28,28.0,0.8214285714285714,0.38299304624155744,0.644082084514089,0.9212161417056989,0.045634920634920584,,,,,0.6,True
D1,Hoffenheim,Total,Clean sheet,28,28.0,0.21428571428571427,0.41032590332414487,0.10212321701189421,0.39538947079273873,-0.009920634920634941,,,,,0.0,True
D1,Hoffenheim,Total,Ambas marcam (BTTS),28,28.0,0.6428571428571429,0.4791574237499549,0.4582997758222724,0.7929438802754113,0.04761904761904767,,,,,0.6,False
D1,Hoffenheim,Total,Over 1.5 golos,28,28.0,0.8571428571428571,0.34992710611188266,0.6850982695512267,0.9430108706929821,0.02777777777777768,,,,,0.8,False
D1,Hoffenheim,Total,Over 3.5 golos,28,28.0,0.5,0.5,0.32632846832446344,0.6736715316755366,0.09126984126984128,,,,,0.4,False
D1,Hoffenheim,Total,Cantos total Over 8.5,28,28.0,0.75,0.4330127018922193,0.566439747592954,0.8732366505779923,0.15476190476190477,,,,,0.6,True
D1,Hoffenheim,Total,Cantos total Over 9.5,28,28.0,0.6785714285714286,0.4670248868079293,0.4933850455563118,0.8206695245657927,0.1785714285714286,,,,,0.6,False
D1,Hoffenheim,Total,Cantos total Over 10.5,28,28.0,0.5357142857142857,0.4987228587060336,0.35812395142101666,0.7046869626034041,0.16269841269841268,,,,,0.4,False
D1,Hoffenheim,Total,Cantos equipa Over 4.5,28,28.0,0.5714285714285714,0.4948716593053935,0.390704789856154,0.7349170381926877,0.0714285714285714,,,,,0.6,False
D1,Hoffenheim,Total,Cantos equipa Over 5.5,28,28.0,0.4642857142857143,0.4987228587060336,0.2953130373965958,0.6418760485789833,0.12698412698412698,,,,,0.6,False
D1,Hoffenheim,Total,Equipa ganha cantos,28,28.0,0.39285714285714285,0.4883855118277623,0.23565451827580033,0.575912739650937,-0.04563492063492064,,,,,0.8,False
D1,Leverkusen,Total,Vitória (1X2),28,28.0,0.5,0.5,0.32632846832446344,0.6736715316755366,0.125,-0.04035714285714286,2.360714285714286,0.42360060514372155,0.1803571428571431,0.4,False
D1,Leverkusen,Total,Over 2.5 golos,28,28.0,0.5714285714285714,0.4948716593053935,0.390704789856154,0.7349170381926877,-0.051587301587301626,-0.10464285714285713,1.5775000000000001,0.6339144215530903,-0.09857142857142853,0.6,False
D1,Leverkusen,Total,Under 2.5 golos,28,28.0,0.42857142857142855,0.49487165930539345,0.2650829618073123,0.6092952101438459,0.05158730158730157,0.008214285714285714,2.399285714285714,0.41679071152128616,0.028265306122448708,0.4,False
D1,Leverkusen,Total,Handicap Asiático (AH),28,,,,,,,-0.016785714285714275,1.8853571428571427,0.530403485508619,,,False
D1,Leverkusen,Total,Casa marca (>=1),28,28.0,0.8571428571428571,0.34992710611188266,0.6850982695512267,0.9430108706929821,0.08134920634920628,,,,,1.0,False
D1,Leverkusen,Total,Clean sheet,28,28.0,0.25,0.4330127018922193,0.12676334942200781,0.43356025240704604,0.025793650793650785,,,,,0.2,False
D1,Leverkusen,Total,Ambas marcam (BTTS),28,28.0,0.6071428571428571,0.48838551182776224,0.42408726034906297,0.7643454817241996,0.011904761904761862,,,,,0.8,False
D1,Leverkusen,Total,Over 1.5 golos,28,28.0,0.8571428571428571,0.34992710611188266,0.6850982695512267,0.9430108706929821,0.02777777777777768,,,,,0.8,False
D1,Leverkusen,Total,Over 3.5 golos,28,28.0,0.42857142857142855,0.49487165930539345,0.2650829618073123,0.6092952101438459,0.019841269841269826,,,,,0.6,False
D1,Leverkusen,Total,Cantos total Over 8.5,28,28.0,0.6071428571428571,0.48838551182776224,0.42408726034906297,0.7643454817241996,0.011904761904761862,,,,,0.4,True
D1,Leverkusen,Total,Cantos total Over 9.5,28,28.0,0.5357142857142857,0.4987228587060336,0.35812395142101666,0.7046869626034041,0.0357142857142857,,,,,0.2,True
D1,Leverkusen,Total,Cantos total Over 10.5,28,28.0,0.35714285714285715,0.4791574237499549,0.20705611972458876,0.5417002241777278,-0.015873015873015872,,,,,0.2,True
D1,Leverkusen,Total,Cantos equipa Over 4.5,28,28.0,0.5714285714285714,0.4948716593053935,0.390704789856154,0.7349170381926877,0.0714285714285714,,,,,0.6,False
D1,Leverkusen,Total,Cantos equipa Over 5.5,28,28.0,0.39285714285714285,0.4883855118277623,0.23565451827580033,0.575912739650937,0.055555555555555525,,,,,0.4,False
D1,Leverkusen,Total,Equipa ganha cantos,28,28.0,0.6071428571428571,0.48838551182776224,0.42408726034906297,0.7643454817241996,0.1686507936507936,,,,,0.8,False
D1,M'gladbach,Total,Vitória (1X2),28,28.0,0.25,0.4330127018922193,0.12676334942200781,0.43356025240704604,-0.125,-0.4125,3.5246428571428576,0.2837166886209342,-0.11883928571428559,0.4,False
D1,M'gladbach,Total,Over 2.5 golos,28,28.0,0.5714285714285714,0.4948716593053935,0.390704789856154,0.7349170381926877,-0.051587301587301626,-0.08071428571428571,1.6275000000000002,0.6144393241167434,-0.06999999999999995,0.6,False
D1,M'gladbach,Total,Under 2.5 golos,28,28.0,0.42857142857142855,0.49487165930539345,0.2650829618073123,0.6092952101438459,0.05158730158730157,-0.023928571428571428,2.337857142857143,0.42774213260006105,0.0019387755102040494,0.4,False
D1,M'gladbach,Total,Handicap Asiático (AH),28,,,,,,,-0.17017857142857143,1.891785714285714,0.5286010949594111,,,False
D1,M'gladbach,Total,Casa marca (>=1),28,28.0,0.6428571428571429,0.4791574237499549,0.4582997758222724,0.7929438802754113,-0.1329365079365079,,,,,1.0,False
D1,M'gladbach,Total,Clean sheet,28,28.0,0.35714285714285715,0.4791574237499549,0.20705611972458876,0.5417002241777278,0.13293650793650794,,,,,0.4,False
D1,M'gladbach,Total,Ambas marcam (BTTS),28,28.0,0.42857142857142855,0.49487165930539345,0.2650829618073123,0.6092952101438459,-0.16666666666666669,,,,,0.6,False
D1,M'gladbach,Total,Over 1.5 golos,28,28.0,0.75,0.4330127018922193,0.566439747592954,0.8732366505779923,-0.07936507936507942,,,,,0.8,False
D1,M'gladbach,Total,Over 3.5 golos,28,28.0,0.39285714285714285,0.4883855118277623,0.23565451827580033,0.575912739650937,-0.015873015873015872,,,,,0.6,False
D1,M'gladbach,Total,Cantos total Over 8.5,28,28.0,0.5,0.5,0.32632846832446344,0.6736715316755366,-0.09523809523809523,,,,,0.0,True
D1,M'gladbach,Total,Cantos total Over 9.5,28,28.0,0.35714285714285715,0.4791574237499549,0.20705611972458876,0.5417002241777278,-0.14285714285714285,,,,,0.0,True
D1,M'gladbach,Total,Cantos total Over 10.5,28,28.0,0.21428571428571427,0.41032590332414487,0.10212321701189421,0.39538947079273873,-0.15873015873015875,,,,,0.0,True
D1,M'gladbach,Total,Cantos equipa Over 4.5,28,28.0,0.39285714285714285,0.4883855118277623,0.23565451827580033,0.575912739650937,-0.10714285714285715,,,,,0.2,True
D1,M'gladbach,Total,Cantos equipa Over 5.5,28,28.0,0.2857142857142857,0.45175395145262565,0.15253815848329966,0.47059635737017497,-0.051587301587301626,,,,,0.2,False
D1,M'gladbach,Total,Equipa ganha cantos,28,28.0,0.35714285714285715,0.4791574237499549,0.20705611972458876,0.5417002241777278,-0.08134920634920634,,,,,0.2,True
D1,Mainz,Total,Vitória (1X2),28,28.0,0.2857142857142857,0.45175395145262565,0.15253815848329966,0.47059635737017497,-0.0892857142857143,-0.15714285714285717,3.6285714285714277,0.27559055118110243,0.036734693877550795,0.6,False
D1,Mainz,Total,Over 2.5 golos,28,28.0,0.5357142857142857,0.4987228587060336,0.35812395142101666,0.7046869626034041,-0.08730158730158732,-0.09892857142857141,1.691428571428571,0.5912162162162163,-0.0938775510204084,0.6,False
D1,Mainz,Total,Under 2.5 golos,28,28.0,0.4642857142857143,0.4987228587060336,0.2953130373965958,0.6418760485789833,0.08730158730158732,-0.01571428571428572,2.1914285714285717,0.4563233376792698,0.01744897959183689,0.4,False
D1,Mainz,Total,Handicap Asiático (AH),28,,,,,,,-0.10821428571428568,1.8860714285714286,0.5302026131414505,,,False
D1,Mainz,Total,Casa marca (>=1),28,28.0,0.6785714285714286,0.4670248868079293,0.4933850455563118,0.8206695245657927,-0.09722222222222221,,,,,1.0,False
D1,Mainz,Total,Clean sheet,28,28.0,0.10714285714285714,0.30929478706587094,0.0371176920547995,0.2719622536765708,-0.11706349206349208,,,,,0.2,False
D1,Mainz,Total,Ambas marcam (BTTS),28,28.0,0.6071428571428571,0.48838551182776224,0.42408726034906297,0.7643454817241996,0.011904761904761862,,,,,0.8,False
D1,Mainz,Total,Over 1.5 golos,28,28.0,0.8214285714285714,0.38299304624155744,0.644082084514089,0.9212161417056989,-0.00793650793650802,,,,,1.0,False
D1,Mainz,Total,Over 3.5 golos,28,28.0,0.32142857142857145,0.46702488680792936,0.1793304754342074,0.5066149544436882,-0.08730158730158727,,,,,0.2,False
D1,Mainz,Total,Cantos total Over 8.5,28,28.0,0.6071428571428571,0.48838551182776224,0.42408726034906297,0.7643454817241996,0.011904761904761862,,,,,0.6,False
D1,Mainz,Total,Cantos total Over 9.5,28,28.0,0.5,0.5,0.32632846832446344,0.6736715316755366,0.0,,,,,0.6,False
D1,Mainz,Total,Cantos total Over 10.5,28,28.0,0.42857142857142855,0.49487165930539345,0.2650829618073123,0.6092952101438459,0.055555555555555525,,,,,0.4,False
D1,Mainz,Total,Cantos equipa Over 4.5,28,28.0,0.5,0.5,0.32632846832446344,0.6736715316755366,0.0,,,,,0.4,False
D1,Mainz,Total,Cantos equipa Over 5.5,28,28.0,0.35714285714285715,0.4791574237499549,0.20705611972458876,0.5417002241777278,0.019841269841269826,,,,,0.0,True
D1,Mainz,Total,Equipa ganha cantos,28,28.0,0.4642857142857143,0.4987228587060336,0.2953130373965958,0.6418760485789833,0.025793650793650813,,,,,0.2,True
D1,RB Leipzig,Total,Vitória (1X2),28,28.0,0.5714285714285714,0.4948716593053935,0.390704789856154,0.7349170381926877,0.1964285714285714,0.04571428571428567,2.395357142857143,0.4174742806023557,0.3687755102040817,0.8,False
D1,RB Leipzig,Total,Over 2.5 golos,28,28.0,0.6785714285714286,0.4670248868079293,0.4933850455563118,0.8206695245657927,0.05555555555555558,-0.015000000000000022,1.4749999999999999,0.6779661016949153,0.0008928571428570287,0.8,False
D1,RB Leipzig,Total,Under 2.5 golos,28,28.0,0.32142857142857145,0.46702488680792936,0.1793304754342074,0.5066149544436882,-0.055555555555555525,-0.1692857142857143,2.689642857142857,0.37179657416013817,-0.13547193877551034,0.2,False
D1,RB Leipzig,Total,Handicap Asiático (AH),28,,,,,,,0.07892857142857143,1.942857142857143,0.5147058823529411,,,False
D1,RB Leipzig,Total,Casa marca (>=1),28,28.0,0.8928571428571429,0.3092947870658709,0.7280377463234292,0.9628823079452006,0.11706349206349209,,,,,0.8,False
D1,RB Leipzig,Total,Clean sheet,28,28.0,0.35714285714285715,0.4791574237499549,0.20705611972458876,0.5417002241777278,0.13293650793650794,,,,,0.2,True
D1,RB Leipzig,Total,Ambas marcam (BTTS),28,28.0,0.5714285714285714,0.4948716593053935,0.390704789856154,0.7349170381926877,-0.023809523809523836,,,,,0.6,False
D1,RB Leipzig,Total,Over 1.5 golos,28,28.0,0.8571428571428571,0.34992710611188266,0.6850982695512267,0.9430108706929821,0.02777777777777768,,,,,0.8,False
D1,RB Leipzig,Total,Over 3.5 golos,28,28.0,0.42857142857142855,0.49487165930539345,0.2650829618073123,0.6092952101438459,0.019841269841269826,,,,,0.2,True
D1,RB Leipzig,Total,Cantos total Over 8.5,28,28.0,0.5714285714285714,0.4948716593053935,0.390704789856154,0.7349170381926877,-0.023809523809523836,,,,,0.6,False
D1,RB Leipzig,Total,Cantos total Over 9.5,28,28.0,0.5,0.5,0.32632846832446344,0.6736715316755366,0.0,,,,,0.6,False
D1,RB Leipzig,Total,Cantos total Over 10.5,28,28.0,0.32142857142857145,0.46702488680792936,0.1793304754342074,0.5066149544436882,-0.05158730158730157,,,,,0.6,False
D1,RB Leipzig,Total,Cantos equipa Over 4.5,28,28.0,0.6428571428571429,0.4791574237499549,0.4582997758222724,0.7929438802754113,0.1428571428571429,,,,,0.6,False
D1,RB Leipzig,Total,Cantos equipa Over 5.5,28,28.0,0.42857142857142855,0.49487165930539345,0.2650829618073123,0.6092952101438459,0.09126984126984122,,,,,0.6,False
D1,RB Leipzig,Total,Equipa ganha cantos,28,28.0,0.5357142857142857,0.4987228587060336,0.35812395142101666,0.7046869626034041,0.09722222222222221,,,,,0.4,False
D1,St Pauli,Total,Vitória (1X2),28,28.0,0.21428571428571427,0.41032590332414487,0.10212321701189421,0.39538947079273873,-0.16071428571428573,-0.27464285714285713,4.435,0.22547914317925594,-0.04964285714285732,0.2,False
D1,St Pauli,Total,Over 2.5 golos,28,28.0,0.5357142857142857,0.4987228587060336,0.35812395142101666,0.7046869626034041,-0.08730158730158732,0.01642857142857144,1.9467857142857146,0.5136672170243991,0.04292091836734713,0.2,True
D1,St Pauli,Total,Under 2.5 golos,28,28.0,0.4642857142857143,0.4987228587060336,0.2953130373965958,0.6418760485789833,0.08730158730158732,-0.15285714285714286,1.9021428571428571,0.5257228689447991,-0.11686224489795927,0.8,False
D1,St Pauli,Total,Handicap Asiático (AH),28,,,,,,,-0.0667857142857143,1.8810714285714287,0.5316119232959938,,,False
D1,St Pauli,Total,Casa marca (>=1),28,28.0,0.6071428571428571,0.48838551182776224,0.42408726034906297,0.7643454817241996,-0.16865079365079372,,,,,0.6,False
D1,St Pauli,Total,Clean sheet,28,28.0,0.17857142857142858,0.38299304624155744,0.07878385829430107,0.35591791548591095,-0.04563492063492064,,,,,0.4,False
D1,St Pauli,Total,Ambas marcam (BTTS),28,28.0,0.5357142857142857,0.4987228587060336,0.35812395142101666,0.7046869626034041,-0.059523809523809534,,,,,0.4,False
D1,St Pauli,Total,Over 1.5 golos,28,28.0,0.7857142857142857,0.4103259033241449,0.6046105292072612,0.8978767829881058,-0.04365079365079372,,,,,0.6,True
D1,St Pauli,Total,Over 3.5 golos,28,28.0,0.17857142857142858,0.38299304624155744,0.07878385829430107,0.35591791548591095,-0.23015873015873015,,,,,0.0,True
D1,St Pauli,Total,Cantos total Over 8.5,28,28.0,0.6785714285714286,0.4670248868079293,0.4933850455563118,0.8206695245657927,0.08333333333333337,,,,,0.6,False
D1,St Pauli,Total,Cantos total Over 9.5,28,28.0,0.5357142857142857,0.4987228587060336,0.35812395142101666,0.7046869626034041,0.0357142857142857,,,,,0.4,False
D1,St Pauli,Total,Cantos total Over 10.5,28,28.0,0.39285714285714285,0.4883855118277623,0.23565451827580033,0.575912739650937,0.019841269841269826,,,,,0.4,False
D1,St Pauli,Total,Cantos equipa Over 4.5,28,28.0,0.42857142857142855,0.49487165930539345,0.2650829618073123,0.6092952101438459,-0.07142857142857145,,,,,0.2,True
D1,St Pauli,Total,Cantos equipa Over 5.5,28,28.0,0.17857142857142858,0.38299304624155744,0.07878385829430107,0.35591791548591095,-0.15873015873015875,,,,,0.2,False
D1,St Pauli,Total,Equipa ganha cantos,28,28.0,0.42857142857142855,0.49487165930539345,0.2650829618073123,0.6092952101438459,-0.009920634920634941,,,,,0.4,False
D1,Stuttgart,Total,Vitória (1X2),28,28.0,0.5714285714285714,0.4948716593053935,0.390704789856154,0.7349170381926877,0.1964285714285714,0.11571428571428569,2.2192857142857143,0.4505954296749276,0.26816326530612233,0.6,False
D1,Stuttgart,Total,Over 2.5 golos,28,28.0,0.7142857142857143,0.45175395145262565,0.529403642629825,0.8474618415167003,0.09126984126984128,0.09285714285714286,1.5282142857142857,0.6543584949754615,0.0915816326530614,0.6,False
D1,Stuttgart,Total,Under 2.5 golos,28,28.0,0.2857142857142857,0.45175395145262565,0.15253815848329966,0.47059635737017497,-0.09126984126984128,-0.27999999999999997,2.4789285714285714,0.40340008644287567,-0.291734693877551,0.4,False
D1,Stuttgart,Total,Handicap Asiático (AH),28,,,,,,,0.006071428571428569,1.9510714285714286,0.5125388980413692,,,False
D1,Stuttgart,Total,Casa marca (>=1),28,28.0,0.8928571428571429,0.3092947870658709,0.7280377463234292,0.9628823079452006,0.11706349206349209,,,,,0.8,False
D1,Stuttgart,Total,Clean sheet,28,28.0,0.35714285714285715,0.4791574237499549,0.20705611972458876,0.5417002241777278,0.13293650793650794,,,,,0.4,False
D1,Stuttgart,Total,Ambas marcam (BTTS),28,28.0,0.5714285714285714,0.4948716593053935,0.390704789856154,0.7349170381926877,-0.023809523809523836,,,,,0.4,True
D1,Stuttgart,Total,Over 1.5 golos,28,28.0,0.8214285714285714,0.38299304624155744,0.644082084514089,0.9212161417056989,-0.00793650793650802,,,,,0.8,False
D1,Stuttgart,Total,Over 3.5 golos,28,28.0,0.4642857142857143,0.4987228587060336,0.2953130373965958,0.6418760485789833,0.05555555555555558,,,,,0.6,False
D1,Stuttgart,Total,Cantos total Over 8.5,28,28.0,0.5357142857142857,0.4987228587060336,0.35812395142101666,0.7046869626034041,-0.059523809523809534,,,,,0.6,False
D1,Stuttgart,Total,Cantos total Over 9.5,28,28.0,0.5,0.5,0.32632846832446344,0.6736715316755366,0.0,,,,,0.6,False
D1,Stuttgart,Total,Cantos total Over 10.5,28,28.0,0.35714285714285715,0.4791574237499549,0.20705611972458876,0.5417002241777278,-0.015873015873015872,,,,,0.4,False
D1,Stuttgart,Total,Cantos equipa Over 4.5,28,28.0,0.6071428571428571,0.48838551182776224,0.42408726034906297,0.7643454817241996,0.1071428571428571,,,,,1.0,False
D1,Stuttgart,Total,Cantos equipa Over 5.5,28,28.0,0.42857142857142855,0.49487165930539345,0.2650829618073123,0.6092952101438459,0.09126984126984122,,,,,0.4,False
D1,Stuttgart,Total,Equipa ganha cantos,28,28.0,0.5714285714285714,0.4948716593053935,0.390704789856154,0.7349170381926877,0.1329365079365079,,,,,0.8,False
D1,Union Berlin,Total,Vitória (1X2),28,28.0,0.2857142857142857,0.45175395145262565,0.15253815848329966,0.47059635737017497,-0.0892857142857143,-0.06321428571428571,3.870714285714286,0.2583502491234545,0.10591836734693882,0.2,False
D1,Union Berlin,Total,Over 2.5 golos,28,28.0,0.5357142857142857,0.4987228587060336,0.35812395142101666,0.7046869626034041,-0.08730158730158732,-0.048928571428571425,1.8664285714285715,0.5357826253348641,-0.00012755102040806765,0.4,False
D1,Union Berlin,Total,Under 2.5 golos,28,28.0,0.4642857142857143,0.4987228587060336,0.2953130373965958,0.6418760485789833,0.08730158730158732,-0.1564285714285715,1.9732142857142858,0.5067873303167421,-0.08386479591836726,0.6,False
D1,Union Berlin,Total,Handicap Asiático (AH),28,,,,,,,-0.21535714285714286,1.8757142857142857,0.5331302361005331,,,False
D1,Union Berlin,Total,Casa marca (>=1),28,28.0,0.7142857142857143,0.45175395145262565,0.529403642629825,0.8474618415167003,-0.06150793650793651,,,,,0.6,False
D1,Union Berlin,Total,Clean sheet,28,28.0,0.21428571428571427,0.41032590332414487,0.10212321701189421,0.39538947079273873,-0.009920634920634941,,,,,0.2,False
D1,Union Berlin,Total,Ambas marcam (BTTS),28,28.0,0.5714285714285714,0.4948716593053935,0.390704789856154,0.7349170381926877,-0.023809523809523836,,,,,0.4,True
D1,Union Berlin,Total,Over 1.5 golos,28,28.0,0.7142857142857143,0.45175395145262565,0.529403642629825,0.8474618415167003,-0.11507936507936511,,,,,0.6,False
D1,Union Berlin,Total,Over 3.5 golos,28,28.0,0.39285714285714285,0.4883855118277623,0.23565451827580033,0.575912739650937,-0.015873015873015872,,,,,0.4,False
D1,Union Berlin,Total,Cantos total Over 8.5,28,28.0,0.6785714285714286,0.4670248868079293,0.4933850455563118,0.8206695245657927,0.08333333333333337,,,,,0.4,True
D1,Union Berlin,Total,Cantos total Over 9.5,28,28.0,0.5,0.5,0.32632846832446344,0.6736715316755366,0.0,,,,,0.2,True
D1,Union Berlin,Total,Cantos total Over 10.5,28,28.0,0.32142857142857145,0.46702488680792936,0.1793304754342074,0.5066149544436882,-0.05158730158730157,,,,,0.2,False
D1,Union Berlin,Total,Cantos equipa Over 4.5,28,28.0,0.5714285714285714,0.4948716593053935,0.390704789856154,0.7349170381926877,0.0714285714285714,,,,,0.2,True
D1,Union Berlin,Total,Cantos equipa Over 5.5,28,28.0,0.39285714285714285,0.4883855118277623,0.23565451827580033,0.575912739650937,0.055555555555555525,,,,,0.2,True
D1,Union Berlin,Total,Equipa ganha cantos,28,28.0,0.4642857142857143,0.4987228587060336,0.2953130373965958,0.6418760485789833,0.025793650793650813,,,,,0.2,True
D1,Werder Bremen,Total,Vitória (1X2),28,28.0,0.25,0.4330127018922193,0.12676334942200781,0.43356025240704604,-0.125,-0.35928571428571426,4.016785714285715,0.2489552769627456,0.0041964285714286564,0.6,False
D1,Werder Bremen,Total,Over 2.5 golos,28,28.0,0.5357142857142857,0.4987228587060336,0.35812395142101666,0.7046869626034041,-0.08730158730158732,-0.14928571428571427,1.6049999999999998,0.6230529595015577,-0.1401785714285716,0.4,False
D1,Werder Bremen,Total,Under 2.5 golos,28,28.0,0.4642857142857143,0.4987228587060336,0.2953130373965958,0.6418760485789833,0.08730158730158732,0.05464285714285712,2.4,0.4166666666666667,0.11428571428571432,0.6,False
D1,Werder Bremen,Total,Handicap Asiático (AH),28,,,,,,,-0.18285714285714286,1.8703571428571428,0.5346572465151804,,,False
D1,Werder Bremen,Total,Casa marca (>=1),28,28.0,0.6071428571428571,0.48838551182776224,0.42408726034906297,0.7643454817241996,-0.16865079365079372,,,,,0.8,False
D1,Werder Bremen,Total,Clean sheet,28,28.0,0.21428571428571427,0.41032590332414487,0.10212321701189421,0.39538947079273873,-0.009920634920634941,,,,,0.4,False
D1,Werder Bremen,Total,Ambas marcam (BTTS),28,28.0,0.42857142857142855,0.49487165930539345,0.2650829618073123,0.6092952101438459,-0.16666666666666669,,,,,0.4,False
D1,Werder Bremen,Total,Over 1.5 golos,28,28.0,0.7857142857142857,0.4103259033241449,0.6046105292072612,0.8978767829881058,-0.04365079365079372,,,,,0.8,False
D1,Werder Bremen,Total,Over 3.5 golos,28,28.0,0.32142857142857145,0.46702488680792936,0.1793304754342074,0.5066149544436882,-0.08730158730158727,,,,,0.2,False
D1,Werder Bremen,Total,Cantos total Over 8.5,28,28.0,0.5357142857142857,0.4987228587060336,0.35812395142101666,0.7046869626034041,-0.059523809523809534,,,,,0.4,False
D1,Werder Bremen,Total,Cantos total Over 9.5,28,28.0,0.5,0.5,0.32632846832446344,0.6736715316755366,0.0,,,,,0.4,False
D1,Werder Bremen,Total,Cantos total Over 10.5,28,28.0,0.39285714285714285,0.4883855118277623,0.23565451827580033,0.575912739650937,0.019841269841269826,,,,,0.4,False
D1,Werder Bremen,Total,Cantos equipa Over 4.5,28,28.0,0.39285714285714285,0.4883855118277623,0.23565451827580033,0.575912739650937,-0.10714285714285715,,,,,0.2,True
D1,Werder Bremen,Total,Cantos equipa Over 5.5,28,28.0,0.2857142857142857,0.45175395145262565,0.15253815848329966,0.47059635737017497,-0.051587301587301626,,,,,0.2,False
D1,Werder Bremen,Total,Equipa ganha cantos,28,28.0,0.4642857142857143,0.4987228587060336,0.2953130373965958,0.6418760485789833,0.025793650793650813,,,,,0.8,False
D1,Wolfsburg,Total,Vitória (1X2),28,28.0,0.17857142857142858,0.38299304624155744,0.07878385829430107,0.35591791548591095,-0.19642857142857142,-0.5553571428571428,3.812142857142857,0.26231965523702455,-0.3192602040816327,0.0,True
D1,Wolfsburg,Total,Over 2.5 golos,28,28.0,0.6785714285714286,0.4670248868079293,0.4933850455563118,0.8206695245657927,0.05555555555555558,0.09035714285714284,1.5889285714285712,0.6293549112160036,0.078201530612245,0.6,False
D1,Wolfsburg,Total,Under 2.5 golos,28,28.0,0.32142857142857145,0.46702488680792936,0.1793304754342074,0.5066149544436882,-0.055555555555555525,-0.22892857142857143,2.384285714285714,0.4194128220491313,-0.23362244897959183,0.4,False
D1,Wolfsburg,Total,Handicap Asiático (AH),28,,,,,,,-0.3176785714285714,1.9528571428571428,0.5120702267739575,,,False
D1,Wolfsburg,Total,Casa marca (>=1),28,28.0,0.7857142857142857,0.4103259033241449,0.6046105292072612,0.8978767829881058,0.009920634920634885,,,,,0.6,True
D1,Wolfsburg,Total,Clean sheet,28,28.0,0.03571428571428571,0.18557687223952254,0.006332356497541882,0.17712576118498663,-0.1884920634920635,,,,,0.0,False
D1,Wolfsburg,Total,Ambas marcam (BTTS),28,28.0,0.75,0.4330127018922193,0.566439747592954,0.8732366505779923,0.15476190476190477,,,,,0.6,True
D1,Wolfsburg,Total,Over 1.5 golos,28,28.0,0.8214285714285714,0.38299304624155744,0.644082084514089,0.9212161417056989,-0.00793650793650802,,,,,0.8,False
D1,Wolfsburg,Total,Over 3.5 golos,28,28.0,0.5,0.5,0.32632846832446344,0.6736715316755366,0.09126984126984128,,,,,0.4,False
D1,Wolfsburg,Total,Cantos total Over 8.5,28,28.0,0.7857142857142857,0.4103259033241449,0.6046105292072612,0.8978767829881058,0.19047619047619047,,,,,1.0,False
D1,Wolfsburg,Total,Cantos total Over 9.5,28,28.0,0.75,0.4330127018922193,0.566439747592954,0.8732366505779923,0.25,,,,,1.0,False
D1,Wolfsburg,Total,Cantos total Over 10.5,28,28.0,0.6428571428571429,0.4791574237499549,0.4582997758222724,0.7929438802754113,0.2698412698412699,,,,,0.6,False
D1,Wolfsburg,Total,Cantos equipa Over 4.5,28,28.0,0.32142857142857145,0.46702488680792936,0.1793304754342074,0.5066149544436882,-0.17857142857142855,,,,,0.4,False
D1,Wolfsburg,Total,Cantos equipa Over 5.5,28,28.0,0.25,0.4330127018922193,0.12676334942200781,0.43356025240704604,-0.08730158730158732,,,,,0.4,False
D1,Wolfsburg,Total,Equipa ganha cantos,28,28.0,0.2857142857142857,0.45175395145262565,0.15253815848329966,0.47059635737017497,-0.1527777777777778,,,,,0.4,False
