league,team,scope,market,jogos,n_eventos,hit_rate,hit_std,wilson_lo,wilson_hi,edge_vs_liga,roi_unid_por_aposta,odds_avg,prob_impl,value_estimado,form_recent_5,alerta_tendencia_inversa
I1,Atalanta,Fora,Vitória (1X2),15,15.0,0.3333333333333333,0.4714045207910317,0.15176100694691236,0.5828687484878702,-0.03602150537634413,-0.3,2.4966666666666666,0.4005340453938585,-0.16777777777777791,0.4,False
I1,Atalanta,Fora,Over 2.5 golos,15,15.0,0.3333333333333333,0.4714045207910317,0.15176100694691236,0.5828687484878702,-0.13118279569892477,-0.34,1.9246666666666667,0.5195704883962591,-0.35844444444444445,0.4,False
I1,Atalanta,Fora,Under 2.5 golos,15,15.0,0.6666666666666666,0.4714045207910317,0.4171312515121298,0.8482389930530875,0.13118279569892466,0.24266666666666664,1.8393333333333333,0.5436752446538601,0.2262222222222221,0.6,False
I1,Atalanta,Fora,Handicap Asiático (AH),15,,,,,,,-0.03500000000000005,1.8760000000000001,0.5330490405117271,,,False
I1,Atalanta,Fora,Casa marca (>=1),15,15.0,0.8666666666666667,0.339934634239519,0.6211750079348376,0.9626395301086408,0.17956989247311828,,,,,0.8,False
I1,Atalanta,Fora,Clean sheet,15,15.0,0.4,0.4898979485566356,0.19824228082594664,0.6425355724349229,0.08709677419354839,,,,,0.6,False
I1,Atalanta,Fora,Ambas marcam (BTTS),15,15.0,0.5333333333333333,0.49888765156985887,0.3011663015105079,0.7519077474025356,0.06881720430107524,,,,,0.4,False
I1,Atalanta,Fora,Over 1.5 golos,15,15.0,0.8,0.39999999999999997,0.5481406466534955,0.9295257935638959,0.09677419354838712,,,,,0.8,False
I1,Atalanta,Fora,Over 3.5 golos,15,15.0,0.13333333333333333,0.33993463423951903,0.037360469891359285,0.3788249920651624,-0.0956989247311828,,,,,0.0,False
I1,Atalanta,Fora,Cantos total Over 8.5,15,15.0,0.6,0.4898979485566356,0.357464427565077,0.8017577191740534,0.08387096774193548,,,,,0.4,True
I1,Atalanta,Fora,Cantos total Over 9.5,15,15.0,0.4666666666666667,0.49888765156985887,0.24809225259746442,0.6988336984894922,0.06989247311827956,,,,,0.2,True
I1,Atalanta,Fora,Cantos total Over 10.5,15,15.0,0.4,0.4898979485566356,0.19824228082594664,0.6425355724349229,0.11612903225806454,,,,,0.2,True
I1,Atalanta,Fora,Cantos equipa Over 4.5,15,15.0,0.4666666666666667,0.49888765156985887,0.24809225259746442,0.6988336984894922,0.0424731182795699,,,,,0.4,False
I1,Atalanta,Fora,Cantos equipa Over 5.5,15,15.0,0.26666666666666666,0.4422166387140533,0.10897276103182815,0.5195088965768675,-0.04623655913978497,,,,,0.2,False
I1,Atalanta,Fora,Equipa ganha cantos,15,15.0,0.4,0.4898979485566356,0.19824228082594664,0.6425355724349229,-0.05645161290322581,,,,,0.6,False
I1,Atalanta,Casa,Vitória (1X2),16,16.0,0.5625,0.49607837082461076,0.3317819560677652,0.7690163666481449,0.19314516129032255,-0.075625,1.820625,0.5492619292825266,0.024101562500000062,0.8,False
I1,Atalanta,Casa,Over 2.5 golos,16,16.0,0.4375,0.49607837082461076,0.2309836333518552,0.6682180439322348,-0.027016129032258085,-0.22437500000000005,1.796875,0.5565217391304348,-0.2138671875,0.8,False
I1,Atalanta,Casa,Under 2.5 golos,16,16.0,0.5625,0.49607837082461076,0.3317819560677652,0.7690163666481449,0.02701612903225803,0.09812499999999999,1.98,0.5050505050505051,0.11375000000000002,0.2,True
I1,Atalanta,Casa,Handicap Asiático (AH),16,,,,,,,-0.11687500000000003,1.8975,0.5270092226613966,,,False
I1,Atalanta,Casa,Casa marca (>=1),16,16.0,0.8125,0.3903123748998999,0.5699064013154177,0.9340852122641323,0.12540322580645158,,,,,1.0,False
I1,Atalanta,Casa,Clean sheet,16,16.0,0.375,0.4841229182759271,0.18480982554752803,0.6135935290206519,0.062096774193548365,,,,,0.4,False
I1,Atalanta,Casa,Ambas marcam (BTTS),16,16.0,0.5,0.5,0.2799923761135083,0.7200076238864918,0.035483870967741915,,,,,0.6,False
I1,Atalanta,Casa,Over 1.5 golos,16,16.0,0.75,0.4330127018922193,0.5050123107060135,0.8981809801576265,0.04677419354838708,,,,,0.8,False
I1,Atalanta,Casa,Over 3.5 golos,16,16.0,0.1875,0.3903123748998999,0.06591478773586763,0.4300935986845823,-0.04153225806451613,,,,,0.4,False
I1,Atalanta,Casa,Cantos total Over 8.5,16,16.0,0.75,0.4330127018922193,0.5050123107060135,0.8981809801576265,0.2338709677419355,,,,,0.6,True
I1,Atalanta,Casa,Cantos total Over 9.5,16,16.0,0.5625,0.49607837082461076,0.3317819560677652,0.7690163666481449,0.1657258064516129,,,,,0.6,False
I1,Atalanta,Casa,Cantos total Over 10.5,16,16.0,0.5,0.5,0.2799923761135083,0.7200076238864918,0.2161290322580645,,,,,0.6,False
I1,Atalanta,Casa,Cantos equipa Over 4.5,16,16.0,0.75,0.4330127018922193,0.5050123107060135,0.8981809801576265,0.3258064516129032,,,,,0.8,False
I1,Atalanta,Casa,Cantos equipa Over 5.5,16,16.0,0.625,0.4841229182759271,0.38640647097934805,0.8151901744524719,0.31209677419354837,,,,,0.8,False
I1,Atalanta,Casa,Equipa ganha cantos,16,16.0,0.75,0.4330127018922193,0.5050123107060135,0.8981809801576265,0.29354838709677417,,,,,0.6,True
I1,Bologna,Fora,Vitória (1X2),16,16.0,0.5,0.5,0.2799923761135083,0.7200076238864918,0.13064516129032255,0.09374999999999997,2.935625,0.34064296359378327,0.46781249999999996,0.8,False
I1,Bologna,Fora,Over 2.5 golos,16,16.0,0.5625,0.49607837082461076,0.3317819560677652,0.7690163666481449,0.09798387096774192,0.23187500000000003,2.15875,0.46323103647944414,0.21429687500000005,0.6,False
I1,Bologna,Fora,Under 2.5 golos,16,16.0,0.4375,0.49607837082461076,0.2309836333518552,0.6682180439322348,-0.09798387096774197,-0.25937499999999997,1.67875,0.5956813104988831,-0.26554687499999996,0.4,False
I1,Bologna,Fora,Handicap Asiático (AH),16,,,,,,,0.16999999999999993,1.883125,0.5310321938267507,,,False
I1,Bologna,Fora,Casa marca (>=1),16,16.0,0.875,0.33071891388307384,0.6397666856325172,0.9650232506629429,0.18790322580645158,,,,,1.0,False
I1,Bologna,Fora,Clean sheet,16,16.0,0.25,0.4330127018922193,0.10181901984237347,0.4949876892939865,-0.06290322580645163,,,,,0.4,False
I1,Bologna,Fora,Ambas marcam (BTTS),16,16.0,0.625,0.4841229182759271,0.38640647097934805,0.8151901744524719,0.16048387096774192,,,,,0.6,False
I1,Bologna,Fora,Over 1.5 golos,16,16.0,0.75,0.4330127018922193,0.5050123107060135,0.8981809801576265,0.04677419354838708,,,,,0.6,True
I1,Bologna,Fora,Over 3.5 golos,16,16.0,0.375,0.4841229182759271,0.18480982554752803,0.6135935290206519,0.14596774193548387,,,,,0.2,True
I1,Bologna,Fora,Cantos total Over 8.5,16,16.0,0.5625,0.49607837082461076,0.3317819560677652,0.7690163666481449,0.0463709677419355,,,,,0.4,True
I1,Bologna,Fora,Cantos total Over 9.5,16,16.0,0.375,0.4841229182759271,0.18480982554752803,0.6135935290206519,-0.02177419354838711,,,,,0.4,False
I1,Bologna,Fora,Cantos total Over 10.5,16,16.0,0.3125,0.46351240544347894,0.14164435051961052,0.5559606813326594,0.028629032258064513,,,,,0.4,False
I1,Bologna,Fora,Cantos equipa Over 4.5,16,16.0,0.3125,0.46351240544347894,0.14164435051961052,0.5559606813326594,-0.11169354838709677,,,,,0.0,True
I1,Bologna,Fora,Cantos equipa Over 5.5,16,16.0,0.1875,0.3903123748998999,0.06591478773586763,0.4300935986845823,-0.12540322580645163,,,,,0.0,True
I1,Bologna,Fora,Equipa ganha cantos,16,16.0,0.4375,0.49607837082461076,0.2309836333518552,0.6682180439322348,-0.018951612903225834,,,,,0.2,True
I1,Bologna,Casa,Vitória (1X2),15,15.0,0.3333333333333333,0.4714045207910317,0.15176100694691236,0.5828687484878702,-0.03602150537634413,-0.28933333333333333,2.1140000000000003,0.4730368968779564,-0.2953333333333332,0.2,False
I1,Bologna,Casa,Over 2.5 golos,15,15.0,0.4,0.4898979485566356,0.19824228082594664,0.6425355724349229,-0.06451612903225806,-0.1573333333333333,2.1326666666666667,0.4688965301656768,-0.14693333333333325,0.4,False
I1,Bologna,Casa,Under 2.5 golos,15,15.0,0.6,0.4898979485566356,0.357464427565077,0.8017577191740534,0.06451612903225801,0.004000000000000018,1.6833333333333333,0.594059405940594,0.010000000000000009,0.6,False
I1,Bologna,Casa,Handicap Asiático (AH),15,,,,,,,-0.37600000000000006,1.9106666666666665,0.5233775296580601,,,False
I1,Bologna,Casa,Casa marca (>=1),15,15.0,0.6,0.4898979485566356,0.357464427565077,0.8017577191740534,-0.08709677419354844,,,,,0.4,True
I1,Bologna,Casa,Clean sheet,15,15.0,0.3333333333333333,0.4714045207910317,0.15176100694691236,0.5828687484878702,0.02043010752688168,,,,,0.2,False
I1,Bologna,Casa,Ambas marcam (BTTS),15,15.0,0.3333333333333333,0.4714045207910317,0.15176100694691236,0.5828687484878702,-0.13118279569892477,,,,,0.2,False
I1,Bologna,Casa,Over 1.5 golos,15,15.0,0.6666666666666666,0.4714045207910317,0.4171312515121298,0.8482389930530875,-0.03655913978494629,,,,,0.6,False
I1,Bologna,Casa,Over 3.5 golos,15,15.0,0.13333333333333333,0.33993463423951903,0.037360469891359285,0.3788249920651624,-0.0956989247311828,,,,,0.0,False
I1,Bologna,Casa,Cantos total Over 8.5,15,15.0,0.4666666666666667,0.49888765156985887,0.24809225259746442,0.6988336984894922,-0.04946236559139783,,,,,0.4,False
I1,Bologna,Casa,Cantos total Over 9.5,15,15.0,0.3333333333333333,0.4714045207910317,0.15176100694691236,0.5828687484878702,-0.0634408602150538,,,,,0.2,False
I1,Bologna,Casa,Cantos total Over 10.5,15,15.0,0.26666666666666666,0.4422166387140533,0.10897276103182815,0.5195088965768675,-0.017204301075268824,,,,,0.2,False
I1,Bologna,Casa,Cantos equipa Over 4.5,15,15.0,0.5333333333333333,0.49888765156985887,0.3011663015105079,0.7519077474025356,0.10913978494623655,,,,,0.4,False
I1,Bologna,Casa,Cantos equipa Over 5.5,15,15.0,0.3333333333333333,0.4714045207910317,0.15176100694691236,0.5828687484878702,0.02043010752688168,,,,,0.0,True
I1,Bologna,Casa,Equipa ganha cantos,15,15.0,0.5333333333333333,0.49888765156985887,0.3011663015105079,0.7519077474025356,0.07688172043010749,,,,,0.6,False
I1,Cagliari,Fora,Vitória (1X2),16,16.0,0.1875,0.3903123748998999,0.06591478773586763,0.4300935986845823,-0.18185483870967745,-0.23062499999999997,5.45625,0.18327605956471937,0.02304687499999991,0.2,False
I1,Cagliari,Fora,Over 2.5 golos,16,16.0,0.625,0.4841229182759271,0.38640647097934805,0.8151901744524719,0.16048387096774192,0.378125,2.1450000000000005,0.4662004662004661,0.3406250000000002,0.6,False
I1,Cagliari,Fora,Under 2.5 golos,16,16.0,0.375,0.4841229182759271,0.18480982554752803,0.6135935290206519,-0.16048387096774197,-0.338125,1.7062499999999998,0.5860805860805861,-0.36015625000000007,0.4,False
I1,Cagliari,Fora,Handicap Asiático (AH),16,,,,,,,0.17875000000000002,1.8562500000000002,0.5387205387205387,,,False
I1,Cagliari,Fora,Casa marca (>=1),16,16.0,0.6875,0.46351240544347894,0.4440393186673406,0.8583556494803894,0.00040322580645157924,,,,,0.8,False
I1,Cagliari,Fora,Clean sheet,16,16.0,0.0625,0.24206145913796356,0.011119057308331216,0.2832926836802987,-0.25040322580645163,,,,,0.0,False
I1,Cagliari,Fora,Ambas marcam (BTTS),16,16.0,0.6875,0.46351240544347894,0.4440393186673406,0.8583556494803894,0.22298387096774192,,,,,0.8,False
I1,Cagliari,Fora,Over 1.5 golos,16,16.0,0.875,0.33071891388307384,0.6397666856325172,0.9650232506629429,0.17177419354838708,,,,,1.0,False
I1,Cagliari,Fora,Over 3.5 golos,16,16.0,0.1875,0.3903123748998999,0.06591478773586763,0.4300935986845823,-0.04153225806451613,,,,,0.2,False
I1,Cagliari,Fora,Cantos total Over 8.5,16,16.0,0.5,0.5,0.2799923761135083,0.7200076238864918,-0.016129032258064502,,,,,0.4,False
I1,Cagliari,Fora,Cantos total Over 9.5,16,16.0,0.3125,0.46351240544347894,0.14164435051961052,0.5559606813326594,-0.08427419354838711,,,,,0.2,False
I1,Cagliari,Fora,Cantos total Over 10.5,16,16.0,0.25,0.4330127018922193,0.10181901984237347,0.4949876892939865,-0.03387096774193549,,,,,0.2,False
I1,Cagliari,Fora,Cantos equipa Over 4.5,16,16.0,0.25,0.4330127018922193,0.10181901984237347,0.4949876892939865,-0.17419354838709677,,,,,0.2,False
I1,Cagliari,Fora,Cantos equipa Over 5.5,16,16.0,0.125,0.33071891388307384,0.034976749337057134,0.3602333143674828,-0.18790322580645163,,,,,0.0,False
I1,Cagliari,Fora,Equipa ganha cantos,16,16.0,0.3125,0.46351240544347894,0.14164435051961052,0.5559606813326594,-0.14395161290322583,,,,,0.2,False
I1,Cagliari,Casa,Vitória (1X2),15,15.0,0.26666666666666666,0.4422166387140533,0.10897276103182815,0.5195088965768675,-0.10268817204301078,0.08399999999999999,3.922666666666666,0.25492861998640387,0.04604444444444411,0.2,False
I1,Cagliari,Casa,Over 2.5 golos,15,15.0,0.3333333333333333,0.4714045207910317,0.15176100694691236,0.5828687484878702,-0.13118279569892477,-0.2233333333333333,2.228666666666667,0.4486987735566856,-0.25711111111111107,0.4,False
I1,Cagliari,Casa,Under 2.5 golos,15,15.0,0.6666666666666666,0.4714045207910317,0.4171312515121298,0.8482389930530875,0.13118279569892466,0.11199999999999996,1.6413333333333333,0.6092607636068237,0.09422222222222221,0.6,False
I1,Cagliari,Casa,Handicap Asiático (AH),15,,,,,,,-0.07933333333333333,1.872666666666667,0.5339978640085439,,,False
I1,Cagliari,Casa,Casa marca (>=1),15,15.0,0.6,0.4898979485566356,0.357464427565077,0.8017577191740534,-0.08709677419354844,,,,,0.4,True
I1,Cagliari,Casa,Clean sheet,15,15.0,0.3333333333333333,0.4714045207910317,0.15176100694691236,0.5828687484878702,0.02043010752688168,,,,,0.4,False
I1,Cagliari,Casa,Ambas marcam (BTTS),15,15.0,0.3333333333333333,0.4714045207910317,0.15176100694691236,0.5828687484878702,-0.13118279569892477,,,,,0.2,False
I1,Cagliari,Casa,Over 1.5 golos,15,15.0,0.6666666666666666,0.4714045207910317,0.4171312515121298,0.8482389930530875,-0.03655913978494629,,,,,0.6,False
I1,Cagliari,Casa,Over 3.5 golos,15,15.0,0.2,0.4,0.07047420643610411,0.4518593533465045,-0.02903225806451612,,,,,0.2,False
I1,Cagliari,Casa,Cantos total Over 8.5,15,15.0,0.6,0.4898979485566356,0.357464427565077,0.8017577191740534,0.08387096774193548,,,,,0.8,False
I1,Cagliari,Casa,Cantos total Over 9.5,15,15.0,0.26666666666666666,0.4422166387140533,0.10897276103182815,0.5195088965768675,-0.13010752688172045,,,,,0.2,False
I1,Cagliari,Casa,Cantos total Over 10.5,15,15.0,0.2,0.4,0.07047420643610411,0.4518593533465045,-0.08387096774193548,,,,,0.0,True
I1,Cagliari,Casa,Cantos equipa Over 4.5,15,15.0,0.3333333333333333,0.4714045207910317,0.15176100694691236,0.5828687484878702,-0.09086021505376346,,,,,0.4,False
I1,Cagliari,Casa,Cantos equipa Over 5.5,15,15.0,0.3333333333333333,0.4714045207910317,0.15176100694691236,0.5828687484878702,0.02043010752688168,,,,,0.4,False
I1,Cagliari,Casa,Equipa ganha cantos,15,15.0,0.3333333333333333,0.4714045207910317,0.15176100694691236,0.5828687484878702,-0.12311827956989252,,,,,0.4,False
I1,Como,Fora,Vitória (1X2),15,15.0,0.4666666666666667,0.49888765156985887,0.24809225259746442,0.6988336984894922,0.09731182795698923,0.10000000000000006,2.8980000000000006,0.34506556245686676,0.35240000000000027,0.6,False
I1,Como,Fora,Over 2.5 golos,15,15.0,0.4666666666666667,0.49888765156985887,0.24809225259746442,0.6988336984894922,0.002150537634408589,-0.00733333333333337,2.072,0.4826254826254826,-0.03306666666666658,0.4,False
I1,Como,Fora,Under 2.5 golos,15,15.0,0.5333333333333333,0.49888765156985887,0.3011663015105079,0.7519077474025356,-0.0021505376344086446,-0.05933333333333334,1.7313333333333334,0.5775895263765883,-0.07662222222222215,0.6,False
I1,Como,Fora,Handicap Asiático (AH),15,,,,,,,0.17166666666666666,1.8840000000000001,0.5307855626326964,,,False
I1,Como,Fora,Casa marca (>=1),15,15.0,0.6,0.4898979485566356,0.357464427565077,0.8017577191740534,-0.08709677419354844,,,,,0.8,False
I1,Como,Fora,Clean sheet,15,15.0,0.4666666666666667,0.49888765156985887,0.24809225259746442,0.6988336984894922,0.15376344086021504,,,,,0.6,False
I1,Como,Fora,Ambas marcam (BTTS),15,15.0,0.3333333333333333,0.4714045207910317,0.15176100694691236,0.5828687484878702,-0.13118279569892477,,,,,0.4,False
I1,Como,Fora,Over 1.5 golos,15,15.0,0.6666666666666666,0.4714045207910317,0.4171312515121298,0.8482389930530875,-0.03655913978494629,,,,,0.8,False
I1,Como,Fora,Over 3.5 golos,15,15.0,0.13333333333333333,0.33993463423951903,0.037360469891359285,0.3788249920651624,-0.0956989247311828,,,,,0.0,False
I1,Como,Fora,Cantos total Over 8.5,15,15.0,0.4,0.4898979485566356,0.19824228082594664,0.6425355724349229,-0.11612903225806448,,,,,0.2,True
I1,Como,Fora,Cantos total Over 9.5,15,15.0,0.26666666666666666,0.4422166387140533,0.10897276103182815,0.5195088965768675,-0.13010752688172045,,,,,0.0,True
I1,Como,Fora,Cantos total Over 10.5,15,15.0,0.2,0.4,0.07047420643610411,0.4518593533465045,-0.08387096774193548,,,,,0.0,True
I1,Como,Fora,Cantos equipa Over 4.5,15,15.0,0.2,0.4,0.07047420643610411,0.4518593533465045,-0.22419354838709676,,,,,0.0,True
I1,Como,Fora,Cantos equipa Over 5.5,15,15.0,0.13333333333333333,0.33993463423951903,0.037360469891359285,0.3788249920651624,-0.1795698924731183,,,,,0.0,False
I1,Como,Fora,Equipa ganha cantos,15,15.0,0.3333333333333333,0.4714045207910317,0.15176100694691236,0.5828687484878702,-0.12311827956989252,,,,,0.2,False
I1,Como,Casa,Vitória (1X2),16,16.0,0.5625,0.49607837082461076,0.3317819560677652,0.7690163666481449,0.19314516129032255,0.04249999999999998,1.879375,0.5320917858330562,0.05714843749999998,0.6,False
I1,Como,Casa,Over 2.5 golos,16,16.0,0.4375,0.49607837082461076,0.2309836333518552,0.6682180439322348,-0.027016129032258085,-0.14375,1.961875,0.5097164702134438,-0.14167968750000004,0.8,False
I1,Como,Casa,Under 2.5 golos,16,16.0,0.5625,0.49607837082461076,0.3317819560677652,0.7690163666481449,0.02701612903225803,0.012500000000000011,1.81,0.5524861878453039,0.018124999999999947,0.2,True
I1,Como,Casa,Handicap Asiático (AH),16,,,,,,,0.04375000000000001,1.876875,0.5328005328005327,,,False
I1,Como,Casa,Casa marca (>=1),16,16.0,0.875,0.33071891388307384,0.6397666856325172,0.9650232506629429,0.18790322580645158,,,,,0.8,False
I1,Como,Casa,Clean sheet,16,16.0,0.5,0.5,0.2799923761135083,0.7200076238864918,0.18709677419354837,,,,,0.4,False
I1,Como,Casa,Ambas marcam (BTTS),16,16.0,0.5,0.5,0.2799923761135083,0.7200076238864918,0.035483870967741915,,,,,0.6,False
I1,Como,Casa,Over 1.5 golos,16,16.0,0.8125,0.3903123748998999,0.5699064013154177,0.9340852122641323,0.10927419354838708,,,,,0.8,False
I1,Como,Casa,Over 3.5 golos,16,16.0,0.3125,0.46351240544347894,0.14164435051961052,0.5559606813326594,0.08346774193548387,,,,,0.4,False
I1,Como,Casa,Cantos total Over 8.5,16,16.0,0.125,0.33071891388307384,0.034976749337057134,0.3602333143674828,-0.3911290322580645,,,,,0.0,False
I1,Como,Casa,Cantos total Over 9.5,16,16.0,0.125,0.33071891388307384,0.034976749337057134,0.3602333143674828,-0.2717741935483871,,,,,0.0,False
I1,Como,Casa,Cantos total Over 10.5,16,16.0,0.0625,0.24206145913796356,0.011119057308331216,0.2832926836802987,-0.2213709677419355,,,,,0.0,False
I1,Como,Casa,Cantos equipa Over 4.5,16,16.0,0.4375,0.49607837082461076,0.2309836333518552,0.6682180439322348,0.013306451612903225,,,,,0.8,False
I1,Como,Casa,Cantos equipa Over 5.5,16,16.0,0.375,0.4841229182759271,0.18480982554752803,0.6135935290206519,0.062096774193548365,,,,,0.6,False
I1,Como,Casa,Equipa ganha cantos,16,16.0,0.8125,0.3903123748998999,0.5699064013154177,0.9340852122641323,0.35604838709677417,,,,,1.0,False
I1,Cremonese,Fora,Vitória (1X2),16,16.0,0.25,0.4330127018922193,0.10181901984237347,0.4949876892939865,-0.11935483870967745,0.54375,6.5806249999999995,0.1519612498812803,0.6451562499999999,0.2,False
I1,Cremonese,Fora,Over 2.5 golos,16,16.0,0.4375,0.49607837082461076,0.2309836333518552,0.6682180439322348,-0.027016129032258085,-0.189375,2.018125,0.49550944564880767,-0.1170703125,0.6,False
I1,Cremonese,Fora,Under 2.5 golos,16,16.0,0.5625,0.49607837082461076,0.3317819560677652,0.7690163666481449,0.02701612903225803,-0.05500000000000001,1.8312499999999998,0.5460750853242321,0.030078124999999956,0.4,True
I1,Cremonese,Fora,Handicap Asiático (AH),16,,,,,,,0.026250000000000023,2.0318750000000003,0.49215625961242687,,,False
I1,Cremonese,Fora,Casa marca (>=1),16,16.0,0.5,0.5,0.2799923761135083,0.7200076238864918,-0.18709677419354842,,,,,0.6,False
I1,Cremonese,Fora,Clean sheet,16,16.0,0.25,0.4330127018922193,0.10181901984237347,0.4949876892939865,-0.06290322580645163,,,,,0.2,False
I1,Cremonese,Fora,Ambas marcam (BTTS),16,16.0,0.375,0.4841229182759271,0.18480982554752803,0.6135935290206519,-0.08951612903225808,,,,,0.4,False
I1,Cremonese,Fora,Over 1.5 golos,16,16.0,0.625,0.4841229182759271,0.38640647097934805,0.8151901744524719,-0.07822580645161292,,,,,0.8,False
I1,Cremonese,Fora,Over 3.5 golos,16,16.0,0.1875,0.3903123748998999,0.06591478773586763,0.4300935986845823,-0.04153225806451613,,,,,0.0,True
I1,Cremonese,Fora,Cantos total Over 8.5,16,16.0,0.6875,0.46351240544347894,0.4440393186673406,0.8583556494803894,0.1713709677419355,,,,,0.4,True
I1,Cremonese,Fora,Cantos total Over 9.5,16,16.0,0.5625,0.49607837082461076,0.3317819560677652,0.7690163666481449,0.1657258064516129,,,,,0.4,True
I1,Cremonese,Fora,Cantos total Over 10.5,16,16.0,0.375,0.4841229182759271,0.18480982554752803,0.6135935290206519,0.09112903225806451,,,,,0.2,True
I1,Cremonese,Fora,Cantos equipa Over 4.5,16,16.0,0.3125,0.46351240544347894,0.14164435051961052,0.5559606813326594,-0.11169354838709677,,,,,0.2,False
I1,Cremonese,Fora,Cantos equipa Over 5.5,16,16.0,0.125,0.33071891388307384,0.034976749337057134,0.3602333143674828,-0.18790322580645163,,,,,0.0,False
I1,Cremonese,Fora,Equipa ganha cantos,16,16.0,0.1875,0.3903123748998999,0.06591478773586763,0.4300935986845823,-0.26895161290322583,,,,,0.2,False
I1,Cremonese,Casa,Vitória (1X2),15,15.0,0.13333333333333333,0.33993463423951903,0.037360469891359285,0.3788249920651624,-0.23602150537634412,-0.6679999999999999,4.425333333333334,0.2259716782163302,-0.4099555555555555,0.0,False
I1,Cremonese,Casa,Over 2.5 golos,15,15.0,0.4,0.4898979485566356,0.19824228082594664,0.6425355724349229,-0.06451612903225806,-0.19200000000000003,2.0826666666666664,0.48015364916773373,-0.16693333333333338,0.4,False
I1,Cremonese,Casa,Under 2.5 golos,15,15.0,0.6,0.4898979485566356,0.357464427565077,0.8017577191740534,0.06451612903225801,0.037333333333333364,1.7413333333333334,0.5742725880551302,0.04479999999999995,0.6,False
I1,Cremonese,Casa,Handicap Asiático (AH),15,,,,,,,-0.23166666666666672,1.904,0.5252100840336135,,,False
I1,Cremonese,Casa,Casa marca (>=1),15,15.0,0.6,0.4898979485566356,0.357464427565077,0.8017577191740534,-0.08709677419354844,,,,,0.4,True
I1,Cremonese,Casa,Clean sheet,15,15.0,0.26666666666666666,0.4422166387140533,0.10897276103182815,0.5195088965768675,-0.04623655913978497,,,,,0.2,False
I1,Cremonese,Casa,Ambas marcam (BTTS),15,15.0,0.5333333333333333,0.49888765156985887,0.3011663015105079,0.7519077474025356,0.06881720430107524,,,,,0.4,False
I1,Cremonese,Casa,Over 1.5 golos,15,15.0,0.8,0.39999999999999997,0.5481406466534955,0.9295257935638959,0.09677419354838712,,,,,0.8,False
I1,Cremonese,Casa,Over 3.5 golos,15,15.0,0.26666666666666666,0.4422166387140533,0.10897276103182815,0.5195088965768675,0.03763440860215053,,,,,0.2,False
I1,Cremonese,Casa,Cantos total Over 8.5,15,15.0,0.6,0.4898979485566356,0.357464427565077,0.8017577191740534,0.08387096774193548,,,,,0.6,False
I1,Cremonese,Casa,Cantos total Over 9.5,15,15.0,0.4,0.4898979485566356,0.19824228082594664,0.6425355724349229,0.0032258064516129115,,,,,0.6,False
I1,Cremonese,Casa,Cantos total Over 10.5,15,15.0,0.26666666666666666,0.4422166387140533,0.10897276103182815,0.5195088965768675,-0.017204301075268824,,,,,0.4,False
I1,Cremonese,Casa,Cantos equipa Over 4.5,15,15.0,0.3333333333333333,0.4714045207910317,0.15176100694691236,0.5828687484878702,-0.09086021505376346,,,,,0.4,False
I1,Cremonese,Casa,Cantos equipa Over 5.5,15,15.0,0.13333333333333333,0.33993463423951903,0.037360469891359285,0.3788249920651624,-0.1795698924731183,,,,,0.4,False
I1,Cremonese,Casa,Equipa ganha cantos,15,15.0,0.13333333333333333,0.33993463423951903,0.037360469891359285,0.3788249920651624,-0.3231182795698925,,,,,0.0,False
I1,Fiorentina,Fora,Vitória (1X2),16,16.0,0.25,0.4330127018922193,0.10181901984237347,0.4949876892939865,-0.11935483870967745,-0.264375,3.445625,0.2902231090150553,-0.13859374999999996,0.6,False
I1,Fiorentina,Fora,Over 2.5 golos,16,16.0,0.625,0.4841229182759271,0.38640647097934805,0.8151901744524719,0.16048387096774192,0.245,2.0412500000000002,0.48989589712186155,0.2757812500000001,0.8,False
I1,Fiorentina,Fora,Under 2.5 golos,16,16.0,0.375,0.4841229182759271,0.18480982554752803,0.6135935290206519,-0.16048387096774197,-0.36624999999999996,1.760625,0.5679801206957756,-0.33976562499999996,0.2,True
I1,Fiorentina,Fora,Handicap Asiático (AH),16,,,,,,,-0.1925,2.018125,0.49550944564880767,,,False
I1,Fiorentina,Fora,Casa marca (>=1),16,16.0,0.625,0.4841229182759271,0.38640647097934805,0.8151901744524719,-0.06209677419354842,,,,,0.8,False
I1,Fiorentina,Fora,Clean sheet,16,16.0,0.1875,0.3903123748998999,0.06591478773586763,0.4300935986845823,-0.12540322580645163,,,,,0.2,False
I1,Fiorentina,Fora,Ambas marcam (BTTS),16,16.0,0.5625,0.49607837082461076,0.3317819560677652,0.7690163666481449,0.09798387096774192,,,,,0.6,False
I1,Fiorentina,Fora,Over 1.5 golos,16,16.0,0.75,0.4330127018922193,0.5050123107060135,0.8981809801576265,0.04677419354838708,,,,,0.8,False
I1,Fiorentina,Fora,Over 3.5 golos,16,16.0,0.25,0.4330127018922193,0.10181901984237347,0.4949876892939865,0.02096774193548387,,,,,0.2,False
I1,Fiorentina,Fora,Cantos total Over 8.5,16,16.0,0.5625,0.49607837082461076,0.3317819560677652,0.7690163666481449,0.0463709677419355,,,,,0.4,True
I1,Fiorentina,Fora,Cantos total Over 9.5,16,16.0,0.5,0.5,0.2799923761135083,0.7200076238864918,0.10322580645161289,,,,,0.4,False
I1,Fiorentina,Fora,Cantos total Over 10.5,16,16.0,0.125,0.33071891388307384,0.034976749337057134,0.3602333143674828,-0.1588709677419355,,,,,0.0,False
I1,Fiorentina,Fora,Cantos equipa Over 4.5,16,16.0,0.375,0.4841229182759271,0.18480982554752803,0.6135935290206519,-0.049193548387096775,,,,,0.2,True
I1,Fiorentina,Fora,Cantos equipa Over 5.5,16,16.0,0.25,0.4330127018922193,0.10181901984237347,0.4949876892939865,-0.06290322580645163,,,,,0.2,False
I1,Fiorentina,Fora,Equipa ganha cantos,16,16.0,0.375,0.4841229182759271,0.18480982554752803,0.6135935290206519,-0.08145161290322583,,,,,0.2,True
I1,Fiorentina,Casa,Vitória (1X2),15,15.0,0.2,0.4,0.07047420643610411,0.4518593533465045,-0.16935483870967744,-0.63,2.5453333333333332,0.39287585123101104,-0.49093333333333333,0.2,False
I1,Fiorentina,Casa,Over 2.5 golos,15,15.0,0.5333333333333333,0.49888765156985887,0.3011663015105079,0.7519077474025356,0.06881720430107524,0.11999999999999993,2.0206666666666666,0.4948861761794787,0.07768888888888892,0.4,False
I1,Fiorentina,Casa,Under 2.5 golos,15,15.0,0.4666666666666667,0.49888765156985887,0.24809225259746442,0.6988336984894922,-0.0688172043010753,-0.14266666666666675,1.7646666666666664,0.5666792595391009,-0.17648888888888892,0.6,False
I1,Fiorentina,Casa,Handicap Asiático (AH),15,,,,,,,-0.23,1.8513333333333333,0.5401512423478574,,,False
I1,Fiorentina,Casa,Casa marca (>=1),15,15.0,0.8666666666666667,0.339934634239519,0.6211750079348376,0.9626395301086408,0.17956989247311828,,,,,0.8,False
I1,Fiorentina,Casa,Clean sheet,15,15.0,0.2,0.4,0.07047420643610411,0.4518593533465045,-0.11290322580645162,,,,,0.4,False
I1,Fiorentina,Casa,Ambas marcam (BTTS),15,15.0,0.7333333333333333,0.44221663871405337,0.48049110342313245,0.8910272389681717,0.2688172043010752,,,,,0.6,False
I1,Fiorentina,Casa,Over 1.5 golos,15,15.0,0.7333333333333333,0.44221663871405337,0.48049110342313245,0.8910272389681717,0.03010752688172036,,,,,0.6,False
I1,Fiorentina,Casa,Over 3.5 golos,15,15.0,0.26666666666666666,0.4422166387140533,0.10897276103182815,0.5195088965768675,0.03763440860215053,,,,,0.2,False
I1,Fiorentina,Casa,Cantos total Over 8.5,15,15.0,0.5333333333333333,0.49888765156985887,0.3011663015105079,0.7519077474025356,0.017204301075268824,,,,,0.4,False
I1,Fiorentina,Casa,Cantos total Over 9.5,15,15.0,0.5333333333333333,0.49888765156985887,0.3011663015105079,0.7519077474025356,0.13655913978494622,,,,,0.4,False
I1,Fiorentina,Casa,Cantos total Over 10.5,15,15.0,0.4,0.4898979485566356,0.19824228082594664,0.6425355724349229,0.11612903225806454,,,,,0.4,False
I1,Fiorentina,Casa,Cantos equipa Over 4.5,15,15.0,0.6,0.4898979485566356,0.357464427565077,0.8017577191740534,0.1758064516129032,,,,,0.6,False
I1,Fiorentina,Casa,Cantos equipa Over 5.5,15,15.0,0.5333333333333333,0.49888765156985887,0.3011663015105079,0.7519077474025356,0.2204301075268817,,,,,0.6,False
I1,Fiorentina,Casa,Equipa ganha cantos,15,15.0,0.6,0.4898979485566356,0.357464427565077,0.8017577191740534,0.14354838709677414,,,,,0.8,False
I1,Genoa,Fora,Vitória (1X2),15,15.0,0.2,0.4,0.07047420643610411,0.4518593533465045,-0.16935483870967744,-0.42533333333333334,4.970000000000001,0.20120724346076457,-0.005999999999999894,0.2,False
I1,Genoa,Fora,Over 2.5 golos,15,15.0,0.5333333333333333,0.49888765156985887,0.3011663015105079,0.7519077474025356,0.06881720430107524,0.32000000000000006,2.335333333333333,0.4282043962318014,0.2455111111111108,0.2,True
I1,Genoa,Fora,Under 2.5 golos,15,15.0,0.4666666666666667,0.49888765156985887,0.24809225259746442,0.6988336984894922,-0.0688172043010753,-0.2073333333333333,1.6,0.625,-0.2533333333333333,0.8,False
I1,Genoa,Fora,Handicap Asiático (AH),15,,,,,,,-0.1513333333333333,1.901333333333333,0.5259467040673212,,,False
I1,Genoa,Fora,Casa marca (>=1),15,15.0,0.7333333333333333,0.44221663871405337,0.48049110342313245,0.8910272389681717,0.04623655913978486,,,,,0.4,True
I1,Genoa,Fora,Clean sheet,15,15.0,0.2,0.4,0.07047420643610411,0.4518593533465045,-0.11290322580645162,,,,,0.4,False
I1,Genoa,Fora,Ambas marcam (BTTS),15,15.0,0.6666666666666666,0.4714045207910317,0.4171312515121298,0.8482389930530875,0.20215053763440854,,,,,0.2,True
I1,Genoa,Fora,Over 1.5 golos,15,15.0,0.8666666666666667,0.339934634239519,0.6211750079348376,0.9626395301086408,0.16344086021505377,,,,,0.8,False
I1,Genoa,Fora,Over 3.5 golos,15,15.0,0.2,0.4,0.07047420643610411,0.4518593533465045,-0.02903225806451612,,,,,0.2,False
I1,Genoa,Fora,Cantos total Over 8.5,15,15.0,0.6,0.4898979485566356,0.357464427565077,0.8017577191740534,0.08387096774193548,,,,,0.6,False
I1,Genoa,Fora,Cantos total Over 9.5,15,15.0,0.6,0.4898979485566356,0.357464427565077,0.8017577191740534,0.20322580645161287,,,,,0.6,False
I1,Genoa,Fora,Cantos total Over 10.5,15,15.0,0.26666666666666666,0.4422166387140533,0.10897276103182815,0.5195088965768675,-0.017204301075268824,,,,,0.4,False
I1,Genoa,Fora,Cantos equipa Over 4.5,15,15.0,0.3333333333333333,0.4714045207910317,0.15176100694691236,0.5828687484878702,-0.09086021505376346,,,,,0.4,False
I1,Genoa,Fora,Cantos equipa Over 5.5,15,15.0,0.2,0.4,0.07047420643610411,0.4518593533465045,-0.11290322580645162,,,,,0.2,False
I1,Genoa,Fora,Equipa ganha cantos,15,15.0,0.2,0.4,0.07047420643610411,0.4518593533465045,-0.2564516129032258,,,,,0.2,False
I1,Genoa,Casa,Vitória (1X2),16,16.0,0.3125,0.46351240544347894,0.14164435051961052,0.5559606813326594,-0.05685483870967745,-0.155625,3.0175,0.33140016570008285,-0.05703124999999998,0.6,False
I1,Genoa,Casa,Over 2.5 golos,16,16.0,0.5625,0.49607837082461076,0.3317819560677652,0.7690163666481449,0.09798387096774192,0.34187499999999993,2.3762499999999998,0.4208311415044714,0.3366406249999998,0.8,False
I1,Genoa,Casa,Under 2.5 golos,16,16.0,0.4375,0.49607837082461076,0.2309836333518552,0.6682180439322348,-0.09798387096774197,-0.31875,1.5550000000000002,0.6430868167202571,-0.3196874999999999,0.2,True
I1,Genoa,Casa,Handicap Asiático (AH),16,,,,,,,-0.23250000000000004,1.891875,0.5285761480013215,,,False
I1,Genoa,Casa,Casa marca (>=1),16,16.0,0.5625,0.49607837082461076,0.3317819560677652,0.7690163666481449,-0.12459677419354842,,,,,0.8,False
I1,Genoa,Casa,Clean sheet,16,16.0,0.25,0.4330127018922193,0.10181901984237347,0.4949876892939865,-0.06290322580645163,,,,,0.2,False
I1,Genoa,Casa,Ambas marcam (BTTS),16,16.0,0.4375,0.49607837082461076,0.2309836333518552,0.6682180439322348,-0.027016129032258085,,,,,0.6,False
I1,Genoa,Casa,Over 1.5 golos,16,16.0,0.75,0.4330127018922193,0.5050123107060135,0.8981809801576265,0.04677419354838708,,,,,1.0,False
I1,Genoa,Casa,Over 3.5 golos,16,16.0,0.1875,0.3903123748998999,0.06591478773586763,0.4300935986845823,-0.04153225806451613,,,,,0.4,False
I1,Genoa,Casa,Cantos total Over 8.5,16,16.0,0.375,0.4841229182759271,0.18480982554752803,0.6135935290206519,-0.1411290322580645,,,,,0.2,True
I1,Genoa,Casa,Cantos total Over 9.5,16,16.0,0.25,0.4330127018922193,0.10181901984237347,0.4949876892939865,-0.1467741935483871,,,,,0.0,True
I1,Genoa,Casa,Cantos total Over 10.5,16,16.0,0.0625,0.24206145913796356,0.011119057308331216,0.2832926836802987,-0.2213709677419355,,,,,0.0,False
I1,Genoa,Casa,Cantos equipa Over 4.5,16,16.0,0.3125,0.46351240544347894,0.14164435051961052,0.5559606813326594,-0.11169354838709677,,,,,0.4,False
I1,Genoa,Casa,Cantos equipa Over 5.5,16,16.0,0.25,0.4330127018922193,0.10181901984237347,0.4949876892939865,-0.06290322580645163,,,,,0.2,False
I1,Genoa,Casa,Equipa ganha cantos,16,16.0,0.375,0.4841229182759271,0.18480982554752803,0.6135935290206519,-0.08145161290322583,,,,,0.6,False
I1,Inter,Fora,Vitória (1X2),15,15.0,0.7333333333333333,0.44221663871405337,0.48049110342313245,0.8910272389681717,0.36397849462365583,0.1426666666666667,1.7440000000000004,0.5733944954128439,0.2789333333333335,0.6,False
I1,Inter,Fora,Over 2.5 golos,15,15.0,0.3333333333333333,0.4714045207910317,0.15176100694691236,0.5828687484878702,-0.13118279569892477,-0.3486666666666666,1.848,0.5411255411255411,-0.384,0.2,False
I1,Inter,Fora,Under 2.5 golos,15,15.0,0.6666666666666666,0.4714045207910317,0.4171312515121298,0.8482389930530875,0.13118279569892466,0.3246666666666667,1.9326666666666668,0.5174197999310106,0.2884444444444445,0.8,False
I1,Inter,Fora,Handicap Asiático (AH),15,,,,,,,0.1673333333333333,1.8953333333333333,0.5276116778051354,,,False
I1,Inter,Fora,Casa marca (>=1),15,15.0,0.9333333333333333,0.2494438257849294,0.7018292244757601,0.9881334113938052,0.24623655913978493,,,,,0.8,False
I1,Inter,Fora,Clean sheet,15,15.0,0.6,0.4898979485566356,0.357464427565077,0.8017577191740534,0.28709677419354834,,,,,0.6,False
I1,Inter,Fora,Ambas marcam (BTTS),15,15.0,0.3333333333333333,0.4714045207910317,0.15176100694691236,0.5828687484878702,-0.13118279569892477,,,,,0.2,False
I1,Inter,Fora,Over 1.5 golos,15,15.0,0.7333333333333333,0.44221663871405337,0.48049110342313245,0.8910272389681717,0.03010752688172036,,,,,0.8,False
I1,Inter,Fora,Over 3.5 golos,15,15.0,0.2,0.4,0.07047420643610411,0.4518593533465045,-0.02903225806451612,,,,,0.2,False
I1,Inter,Fora,Cantos total Over 8.5,15,15.0,0.4666666666666667,0.49888765156985887,0.24809225259746442,0.6988336984894922,-0.04946236559139783,,,,,0.4,False
I1,Inter,Fora,Cantos total Over 9.5,15,15.0,0.4,0.4898979485566356,0.19824228082594664,0.6425355724349229,0.0032258064516129115,,,,,0.4,False
I1,Inter,Fora,Cantos total Over 10.5,15,15.0,0.3333333333333333,0.4714045207910317,0.15176100694691236,0.5828687484878702,0.04946236559139783,,,,,0.4,False
I1,Inter,Fora,Cantos equipa Over 4.5,15,15.0,0.8,0.39999999999999997,0.5481406466534955,0.9295257935638959,0.37580645161290327,,,,,1.0,False
I1,Inter,Fora,Cantos equipa Over 5.5,15,15.0,0.6,0.4898979485566356,0.357464427565077,0.8017577191740534,0.28709677419354834,,,,,0.8,False
I1,Inter,Fora,Equipa ganha cantos,15,15.0,0.9333333333333333,0.2494438257849294,0.7018292244757601,0.9881334113938052,0.4768817204301075,,,,,1.0,False
I1,Inter,Casa,Vitória (1X2),16,16.0,0.75,0.4330127018922193,0.5050123107060135,0.8981809801576265,0.38064516129032255,0.04124999999999997,1.44625,0.6914433880726015,0.08468750000000003,0.8,False
I1,Inter,Casa,Over 2.5 golos,16,16.0,0.6875,0.46351240544347894,0.4440393186673406,0.8583556494803894,0.22298387096774192,0.175,1.699375,0.5884516366311143,0.16832031250000012,0.6,False
I1,Inter,Casa,Under 2.5 golos,16,16.0,0.3125,0.46351240544347894,0.14164435051961052,0.5559606813326594,-0.22298387096774197,-0.3275,2.135,0.468384074941452,-0.33281250000000007,0.4,False
I1,Inter,Casa,Handicap Asiático (AH),16,,,,,,,0.169375,1.88875,0.5294506949040371,,,False
I1,Inter,Casa,Casa marca (>=1),16,16.0,0.9375,0.24206145913796356,0.7167073163197013,0.9888809426916687,0.2504032258064516,,,,,1.0,False
I1,Inter,Casa,Clean sheet,16,16.0,0.375,0.4841229182759271,0.18480982554752803,0.6135935290206519,0.062096774193548365,,,,,0.2,True
I1,Inter,Casa,Ambas marcam (BTTS),16,16.0,0.5625,0.49607837082461076,0.3317819560677652,0.7690163666481449,0.09798387096774192,,,,,0.8,False
I1,Inter,Casa,Over 1.5 golos,16,16.0,0.875,0.33071891388307384,0.6397666856325172,0.9650232506629429,0.17177419354838708,,,,,1.0,False
I1,Inter,Casa,Over 3.5 golos,16,16.0,0.5,0.5,0.2799923761135083,0.7200076238864918,0.2709677419354839,,,,,0.6,False
I1,Inter,Casa,Cantos total Over 8.5,16,16.0,0.6875,0.46351240544347894,0.4440393186673406,0.8583556494803894,0.1713709677419355,,,,,0.6,False
I1,Inter,Casa,Cantos total Over 9.5,16,16.0,0.6875,0.46351240544347894,0.4440393186673406,0.8583556494803894,0.2907258064516129,,,,,0.6,False
I1,Inter,Casa,Cantos total Over 10.5,16,16.0,0.5625,0.49607837082461076,0.3317819560677652,0.7690163666481449,0.2786290322580645,,,,,0.6,False
I1,Inter,Casa,Cantos equipa Over 4.5,16,16.0,0.75,0.4330127018922193,0.5050123107060135,0.8981809801576265,0.3258064516129032,,,,,0.6,True
I1,Inter,Casa,Cantos equipa Over 5.5,16,16.0,0.75,0.4330127018922193,0.5050123107060135,0.8981809801576265,0.43709677419354837,,,,,0.6,True
I1,Inter,Casa,Equipa ganha cantos,16,16.0,0.9375,0.24206145913796356,0.7167073163197013,0.9888809426916687,0.48104838709677417,,,,,0.8,False
I1,Juventus,Fora,Vitória (1X2),15,15.0,0.4666666666666667,0.49888765156985887,0.24809225259746442,0.6988336984894922,0.09731182795698923,-0.20266666666666666,2.1193333333333335,0.47184649260773825,-0.010977777777777753,0.4,False
I1,Juventus,Fora,Over 2.5 golos,15,15.0,0.4,0.4898979485566356,0.19824228082594664,0.6425355724349229,-0.06451612903225806,-0.17600000000000005,2.0820000000000003,0.48030739673390965,-0.1671999999999999,0.6,False
I1,Juventus,Fora,Under 2.5 golos,15,15.0,0.6,0.4898979485566356,0.357464427565077,0.8017577191740534,0.06451612903225801,0.020666666666666642,1.7193333333333334,0.5816207832493214,0.03160000000000007,0.4,True
I1,Juventus,Fora,Handicap Asiático (AH),15,,,,,,,-0.20266666666666666,1.861333333333333,0.5372492836676218,,,False
I1,Juventus,Fora,Casa marca (>=1),15,15.0,0.8,0.39999999999999997,0.5481406466534955,0.9295257935638959,0.11290322580645162,,,,,0.8,False
I1,Juventus,Fora,Clean sheet,15,15.0,0.3333333333333333,0.4714045207910317,0.15176100694691236,0.5828687484878702,0.02043010752688168,,,,,0.2,False
I1,Juventus,Fora,Ambas marcam (BTTS),15,15.0,0.4666666666666667,0.49888765156985887,0.24809225259746442,0.6988336984894922,0.002150537634408589,,,,,0.6,False
I1,Juventus,Fora,Over 1.5 golos,15,15.0,0.6666666666666666,0.4714045207910317,0.4171312515121298,0.8482389930530875,-0.03655913978494629,,,,,0.6,False
I1,Juventus,Fora,Over 3.5 golos,15,15.0,0.2,0.4,0.07047420643610411,0.4518593533465045,-0.02903225806451612,,,,,0.6,False
I1,Juventus,Fora,Cantos total Over 8.5,15,15.0,0.3333333333333333,0.4714045207910317,0.15176100694691236,0.5828687484878702,-0.1827956989247312,,,,,0.2,False
I1,Juventus,Fora,Cantos total Over 9.5,15,15.0,0.26666666666666666,0.4422166387140533,0.10897276103182815,0.5195088965768675,-0.13010752688172045,,,,,0.2,False
I1,Juventus,Fora,Cantos total Over 10.5,15,15.0,0.06666666666666667,0.24944382578492943,0.011866588606194882,0.2981707755242399,-0.21720430107526884,,,,,0.2,False
I1,Juventus,Fora,Cantos equipa Over 4.5,15,15.0,0.3333333333333333,0.4714045207910317,0.15176100694691236,0.5828687484878702,-0.09086021505376346,,,,,0.4,False
I1,Juventus,Fora,Cantos equipa Over 5.5,15,15.0,0.2,0.4,0.07047420643610411,0.4518593533465045,-0.11290322580645162,,,,,0.4,False
I1,Juventus,Fora,Equipa ganha cantos,15,15.0,0.4666666666666667,0.49888765156985887,0.24809225259746442,0.6988336984894922,0.01021505376344084,,,,,0.4,False
I1,Juventus,Casa,Vitória (1X2),16,16.0,0.5625,0.49607837082461076,0.3317819560677652,0.7690163666481449,0.19314516129032255,-0.07812499999999999,1.675,0.5970149253731343,-0.05781249999999993,0.4,True
I1,Juventus,Casa,Over 2.5 golos,16,16.0,0.5,0.5,0.2799923761135083,0.7200076238864918,0.035483870967741915,0.010624999999999996,1.95125,0.5124919923126201,-0.024374999999999925,0.4,False
I1,Juventus,Casa,Under 2.5 golos,16,16.0,0.5,0.5,0.2799923761135083,0.7200076238864918,-0.03548387096774197,-0.05499999999999998,1.855,0.5390835579514824,-0.0724999999999999,0.6,False
I1,Juventus,Casa,Handicap Asiático (AH),16,,,,,,,0.017499999999999988,1.8743750000000001,0.53351117039013,,,False
I1,Juventus,Casa,Casa marca (>=1),16,16.0,0.8125,0.3903123748998999,0.5699064013154177,0.9340852122641323,0.12540322580645158,,,,,0.8,False
I1,Juventus,Casa,Clean sheet,16,16.0,0.4375,0.49607837082461076,0.2309836333518552,0.6682180439322348,0.12459677419354837,,,,,0.4,False
I1,Juventus,Casa,Ambas marcam (BTTS),16,16.0,0.5,0.5,0.2799923761135083,0.7200076238864918,0.035483870967741915,,,,,0.4,False
I1,Juventus,Casa,Over 1.5 golos,16,16.0,0.875,0.33071891388307384,0.6397666856325172,0.9650232506629429,0.17177419354838708,,,,,1.0,False
I1,Juventus,Casa,Over 3.5 golos,16,16.0,0.3125,0.46351240544347894,0.14164435051961052,0.5559606813326594,0.08346774193548387,,,,,0.4,False
I1,Juventus,Casa,Cantos total Over 8.5,16,16.0,0.625,0.4841229182759271,0.38640647097934805,0.8151901744524719,0.1088709677419355,,,,,0.8,False
I1,Juventus,Casa,Cantos total Over 9.5,16,16.0,0.4375,0.49607837082461076,0.2309836333518552,0.6682180439322348,0.04072580645161289,,,,,0.4,False
I1,Juventus,Casa,Cantos total Over 10.5,16,16.0,0.375,0.4841229182759271,0.18480982554752803,0.6135935290206519,0.09112903225806451,,,,,0.2,True
I1,Juventus,Casa,Cantos equipa Over 4.5,16,16.0,0.6875,0.46351240544347894,0.4440393186673406,0.8583556494803894,0.2633064516129032,,,,,0.8,False
I1,Juventus,Casa,Cantos equipa Over 5.5,16,16.0,0.5625,0.49607837082461076,0.3317819560677652,0.7690163666481449,0.24959677419354837,,,,,0.6,False
I1,Juventus,Casa,Equipa ganha cantos,16,16.0,0.5,0.5,0.2799923761135083,0.7200076238864918,0.043548387096774166,,,,,0.6,False
I1,Lazio,Fora,Vitória (1X2),15,15.0,0.26666666666666666,0.4422166387140533,0.10897276103182815,0.5195088965768675,-0.10268817204301078,-0.32133333333333336,3.514,0.28457598178713717,-0.0629333333333334,0.2,False
I1,Lazio,Fora,Over 2.5 golos,15,15.0,0.13333333333333333,0.33993463423951903,0.037360469891359285,0.3788249920651624,-0.3311827956989247,-0.7073333333333334,2.1700000000000004,0.46082949308755755,-0.7106666666666666,0.2,False
I1,Lazio,Fora,Under 2.5 golos,15,15.0,0.8666666666666667,0.339934634239519,0.6211750079348376,0.9626395301086408,0.3311827956989247,0.4693333333333333,1.688,0.5924170616113744,0.4629333333333334,0.8,False
I1,Lazio,Fora,Handicap Asiático (AH),15,,,,,,,-0.09599999999999999,2.0140000000000002,0.4965243296921549,,,False
I1,Lazio,Fora,Casa marca (>=1),15,15.0,0.4,0.4898979485566356,0.19824228082594664,0.6425355724349229,-0.2870967741935484,,,,,0.4,False
I1,Lazio,Fora,Clean sheet,15,15.0,0.5333333333333333,0.49888765156985887,0.3011663015105079,0.7519077474025356,0.2204301075268817,,,,,0.6,False
I1,Lazio,Fora,Ambas marcam (BTTS),15,15.0,0.13333333333333333,0.33993463423951903,0.037360469891359285,0.3788249920651624,-0.3311827956989247,,,,,0.2,False
I1,Lazio,Fora,Over 1.5 golos,15,15.0,0.4666666666666667,0.49888765156985887,0.24809225259746442,0.6988336984894922,-0.23655913978494625,,,,,0.6,False
I1,Lazio,Fora,Over 3.5 golos,15,15.0,0.06666666666666667,0.24944382578492943,0.011866588606194882,0.2981707755242399,-0.16236559139784945,,,,,0.2,False
I1,Lazio,Fora,Cantos total Over 8.5,15,15.0,0.3333333333333333,0.4714045207910317,0.15176100694691236,0.5828687484878702,-0.1827956989247312,,,,,0.6,False
I1,Lazio,Fora,Cantos total Over 9.5,15,15.0,0.2,0.4,0.07047420643610411,0.4518593533465045,-0.1967741935483871,,,,,0.2,False
I1,Lazio,Fora,Cantos total Over 10.5,15,15.0,0.13333333333333333,0.33993463423951903,0.037360469891359285,0.3788249920651624,-0.15053763440860216,,,,,0.2,False
I1,Lazio,Fora,Cantos equipa Over 4.5,15,15.0,0.26666666666666666,0.4422166387140533,0.10897276103182815,0.5195088965768675,-0.1575268817204301,,,,,0.4,False
I1,Lazio,Fora,Cantos equipa Over 5.5,15,15.0,0.26666666666666666,0.4422166387140533,0.10897276103182815,0.5195088965768675,-0.04623655913978497,,,,,0.4,False
I1,Lazio,Fora,Equipa ganha cantos,15,15.0,0.3333333333333333,0.4714045207910317,0.15176100694691236,0.5828687484878702,-0.12311827956989252,,,,,0.4,False
I1,Lazio,Casa,Vitória (1X2),16,16.0,0.4375,0.49607837082461076,0.2309836333518552,0.6682180439322348,0.06814516129032255,0.005625000000000047,2.401875,0.4163413999479573,0.050820312499999964,0.6,False
I1,Lazio,Casa,Over 2.5 golos,16,16.0,0.375,0.4841229182759271,0.18480982554752803,0.6135935290206519,-0.08951612903225808,-0.161875,2.20625,0.453257790368272,-0.17265625000000007,0.4,False
I1,Lazio,Casa,Under 2.5 golos,16,16.0,0.625,0.4841229182759271,0.38640647097934805,0.8151901744524719,0.08951612903225803,0.03125,1.6487500000000002,0.6065200909780136,0.030468750000000044,0.6,False
I1,Lazio,Casa,Handicap Asiático (AH),16,,,,,,,-0.09749999999999999,1.8718750000000002,0.5342237061769616,,,False
I1,Lazio,Casa,Casa marca (>=1),16,16.0,0.6875,0.46351240544347894,0.4440393186673406,0.8583556494803894,0.00040322580645157924,,,,,0.8,False
I1,Lazio,Casa,Clean sheet,16,16.0,0.375,0.4841229182759271,0.18480982554752803,0.6135935290206519,0.062096774193548365,,,,,0.2,True
I1,Lazio,Casa,Ambas marcam (BTTS),16,16.0,0.375,0.4841229182759271,0.18480982554752803,0.6135935290206519,-0.08951612903225808,,,,,0.6,False
I1,Lazio,Casa,Over 1.5 golos,16,16.0,0.75,0.4330127018922193,0.5050123107060135,0.8981809801576265,0.04677419354838708,,,,,0.8,False
I1,Lazio,Casa,Over 3.5 golos,16,16.0,0.25,0.4330127018922193,0.10181901984237347,0.4949876892939865,0.02096774193548387,,,,,0.2,False
I1,Lazio,Casa,Cantos total Over 8.5,16,16.0,0.5625,0.49607837082461076,0.3317819560677652,0.7690163666481449,0.0463709677419355,,,,,0.6,False
I1,Lazio,Casa,Cantos total Over 9.5,16,16.0,0.3125,0.46351240544347894,0.14164435051961052,0.5559606813326594,-0.08427419354838711,,,,,0.2,False
I1,Lazio,Casa,Cantos total Over 10.5,16,16.0,0.0625,0.24206145913796356,0.011119057308331216,0.2832926836802987,-0.2213709677419355,,,,,0.0,False
I1,Lazio,Casa,Cantos equipa Over 4.5,16,16.0,0.5,0.5,0.2799923761135083,0.7200076238864918,0.07580645161290323,,,,,0.6,False
I1,Lazio,Casa,Cantos equipa Over 5.5,16,16.0,0.375,0.4841229182759271,0.18480982554752803,0.6135935290206519,0.062096774193548365,,,,,0.2,True
I1,Lazio,Casa,Equipa ganha cantos,16,16.0,0.625,0.4841229182759271,0.38640647097934805,0.8151901744524719,0.16854838709677417,,,,,0.6,False
I1,Lecce,Fora,Vitória (1X2),15,15.0,0.2,0.4,0.07047420643610411,0.4518593533465045,-0.16935483870967744,-0.088,7.624666666666668,0.13115327446008565,0.5249333333333339,0.2,False
I1,Lecce,Fora,Over 2.5 golos,15,15.0,0.26666666666666666,0.4422166387140533,0.10897276103182815,0.5195088965768675,-0.19784946236559142,-0.46466666666666673,2.1033333333333335,0.4754358161648177,-0.4391111111111111,0.4,False
I1,Lecce,Fora,Under 2.5 golos,15,15.0,0.7333333333333333,0.44221663871405337,0.48049110342313245,0.8910272389681717,0.1978494623655913,0.2746666666666666,1.7506666666666666,0.5712109672505712,0.2838222222222222,0.6,False
I1,Lecce,Fora,Handicap Asiático (AH),15,,,,,,,0.05966666666666666,1.9173333333333333,0.521557719054242,,,False
I1,Lecce,Fora,Casa marca (>=1),15,15.0,0.5333333333333333,0.49888765156985887,0.3011663015105079,0.7519077474025356,-0.1537634408602151,,,,,0.6,False
I1,Lecce,Fora,Clean sheet,15,15.0,0.26666666666666666,0.4422166387140533,0.10897276103182815,0.5195088965768675,-0.04623655913978497,,,,,0.2,False
I1,Lecce,Fora,Ambas marcam (BTTS),15,15.0,0.3333333333333333,0.4714045207910317,0.15176100694691236,0.5828687484878702,-0.13118279569892477,,,,,0.4,False
I1,Lecce,Fora,Over 1.5 golos,15,15.0,0.5333333333333333,0.49888765156985887,0.3011663015105079,0.7519077474025356,-0.1698924731182796,,,,,0.6,False
I1,Lecce,Fora,Over 3.5 golos,15,15.0,0.2,0.4,0.07047420643610411,0.4518593533465045,-0.02903225806451612,,,,,0.2,False
I1,Lecce,Fora,Cantos total Over 8.5,15,15.0,0.8666666666666667,0.339934634239519,0.6211750079348376,0.9626395301086408,0.3505376344086022,,,,,0.8,False
I1,Lecce,Fora,Cantos total Over 9.5,15,15.0,0.8666666666666667,0.339934634239519,0.6211750079348376,0.9626395301086408,0.4698924731182796,,,,,0.8,False
I1,Lecce,Fora,Cantos total Over 10.5,15,15.0,0.5333333333333333,0.49888765156985887,0.3011663015105079,0.7519077474025356,0.24946236559139784,,,,,0.6,False
I1,Lecce,Fora,Cantos equipa Over 4.5,15,15.0,0.4,0.4898979485566356,0.19824228082594664,0.6425355724349229,-0.024193548387096753,,,,,0.4,False
I1,Lecce,Fora,Cantos equipa Over 5.5,15,15.0,0.3333333333333333,0.4714045207910317,0.15176100694691236,0.5828687484878702,0.02043010752688168,,,,,0.4,False
I1,Lecce,Fora,Equipa ganha cantos,15,15.0,0.26666666666666666,0.4422166387140533,0.10897276103182815,0.5195088965768675,-0.18978494623655917,,,,,0.2,False
I1,Lecce,Casa,Vitória (1X2),16,16.0,0.25,0.4330127018922193,0.10181901984237347,0.4949876892939865,-0.11935483870967745,-0.339375,4.053125,0.24672320740169623,0.013281249999999911,0.4,False
I1,Lecce,Casa,Over 2.5 golos,16,16.0,0.5,0.5,0.2799923761135083,0.7200076238864918,0.035483870967741915,0.240625,2.395625,0.4174276024002087,0.19781249999999995,0.6,False
I1,Lecce,Casa,Under 2.5 golos,16,16.0,0.5,0.5,0.2799923761135083,0.7200076238864918,-0.03548387096774197,-0.19875000000000004,1.5618750000000001,0.6402561024409763,-0.21906249999999994,0.4,False
I1,Lecce,Casa,Handicap Asiático (AH),16,,,,,,,-0.11750000000000001,1.88625,0.5301524188204109,,,False
I1,Lecce,Casa,Casa marca (>=1),16,16.0,0.4375,0.49607837082461076,0.2309836333518552,0.6682180439322348,-0.24959677419354842,,,,,0.4,False
I1,Lecce,Casa,Clean sheet,16,16.0,0.25,0.4330127018922193,0.10181901984237347,0.4949876892939865,-0.06290322580645163,,,,,0.2,False
I1,Lecce,Casa,Ambas marcam (BTTS),16,16.0,0.375,0.4841229182759271,0.18480982554752803,0.6135935290206519,-0.08951612903225808,,,,,0.4,False
I1,Lecce,Casa,Over 1.5 golos,16,16.0,0.6875,0.46351240544347894,0.4440393186673406,0.8583556494803894,-0.015725806451612923,,,,,0.8,False
I1,Lecce,Casa,Over 3.5 golos,16,16.0,0.0625,0.24206145913796356,0.011119057308331216,0.2832926836802987,-0.16653225806451613,,,,,0.0,False
I1,Lecce,Casa,Cantos total Over 8.5,16,16.0,0.5625,0.49607837082461076,0.3317819560677652,0.7690163666481449,0.0463709677419355,,,,,0.2,True
I1,Lecce,Casa,Cantos total Over 9.5,16,16.0,0.4375,0.49607837082461076,0.2309836333518552,0.6682180439322348,0.04072580645161289,,,,,0.2,True
I1,Lecce,Casa,Cantos total Over 10.5,16,16.0,0.3125,0.46351240544347894,0.14164435051961052,0.5559606813326594,0.028629032258064513,,,,,0.2,False
I1,Lecce,Casa,Cantos equipa Over 4.5,16,16.0,0.3125,0.46351240544347894,0.14164435051961052,0.5559606813326594,-0.11169354838709677,,,,,0.2,False
I1,Lecce,Casa,Cantos equipa Over 5.5,16,16.0,0.3125,0.46351240544347894,0.14164435051961052,0.5559606813326594,-0.00040322580645163475,,,,,0.2,False
I1,Lecce,Casa,Equipa ganha cantos,16,16.0,0.3125,0.46351240544347894,0.14164435051961052,0.5559606813326594,-0.14395161290322583,,,,,0.4,False
I1,Milan,Fora,Vitória (1X2),16,16.0,0.5625,0.49607837082461076,0.3317819560677652,0.7690163666481449,0.19314516129032255,0.16437500000000005,2.211875,0.45210511443910706,0.2441796875000002,0.6,False
I1,Milan,Fora,Over 2.5 golos,16,16.0,0.375,0.4841229182759271,0.18480982554752803,0.6135935290206519,-0.08951612903225808,-0.24500000000000002,2.019375,0.49520272361497986,-0.24273437499999995,0.4,False
I1,Milan,Fora,Under 2.5 golos,16,16.0,0.625,0.4841229182759271,0.38640647097934805,0.8151901744524719,0.08951612903225803,0.099375,1.759375,0.5683836589698047,0.09960937499999978,0.6,False
I1,Milan,Fora,Handicap Asiático (AH),16,,,,,,,0.106875,1.8824999999999998,0.5312084993359895,,,False
I1,Milan,Fora,Casa marca (>=1),16,16.0,0.8125,0.3903123748998999,0.5699064013154177,0.9340852122641323,0.12540322580645158,,,,,0.6,True
I1,Milan,Fora,Clean sheet,16,16.0,0.4375,0.49607837082461076,0.2309836333518552,0.6682180439322348,0.12459677419354837,,,,,0.4,False
I1,Milan,Fora,Ambas marcam (BTTS),16,16.0,0.4375,0.49607837082461076,0.2309836333518552,0.6682180439322348,-0.027016129032258085,,,,,0.2,True
I1,Milan,Fora,Over 1.5 golos,16,16.0,0.6875,0.46351240544347894,0.4440393186673406,0.8583556494803894,-0.015725806451612923,,,,,0.6,False
I1,Milan,Fora,Over 3.5 golos,16,16.0,0.1875,0.3903123748998999,0.06591478773586763,0.4300935986845823,-0.04153225806451613,,,,,0.0,True
I1,Milan,Fora,Cantos total Over 8.5,16,16.0,0.5,0.5,0.2799923761135083,0.7200076238864918,-0.016129032258064502,,,,,0.4,False
I1,Milan,Fora,Cantos total Over 9.5,16,16.0,0.4375,0.49607837082461076,0.2309836333518552,0.6682180439322348,0.04072580645161289,,,,,0.4,False
I1,Milan,Fora,Cantos total Over 10.5,16,16.0,0.3125,0.46351240544347894,0.14164435051961052,0.5559606813326594,0.028629032258064513,,,,,0.2,False
I1,Milan,Fora,Cantos equipa Over 4.5,16,16.0,0.3125,0.46351240544347894,0.14164435051961052,0.5559606813326594,-0.11169354838709677,,,,,0.4,False
I1,Milan,Fora,Cantos equipa Over 5.5,16,16.0,0.1875,0.3903123748998999,0.06591478773586763,0.4300935986845823,-0.12540322580645163,,,,,0.4,False
I1,Milan,Fora,Equipa ganha cantos,16,16.0,0.375,0.4841229182759271,0.18480982554752803,0.6135935290206519,-0.08145161290322583,,,,,0.4,False
I1,Milan,Casa,Vitória (1X2),15,15.0,0.6,0.4898979485566356,0.357464427565077,0.8017577191740534,0.23064516129032253,0.128,1.7293333333333332,0.5782575173477256,0.037599999999999856,0.6,False
I1,Milan,Casa,Over 2.5 golos,15,15.0,0.4666666666666667,0.49888765156985887,0.24809225259746442,0.6988336984894922,0.002150537634408589,-0.15533333333333335,1.8913333333333335,0.5287275290800141,-0.11737777777777769,0.2,True
I1,Milan,Casa,Under 2.5 golos,15,15.0,0.5333333333333333,0.49888765156985887,0.3011663015105079,0.7519077474025356,-0.0021505376344086446,-0.03800000000000002,1.881333333333333,0.5315379163713679,0.00337777777777748,0.8,False
I1,Milan,Casa,Handicap Asiático (AH),15,,,,,,,-0.148,1.8893333333333333,0.529287226534933,,,False
I1,Milan,Casa,Casa marca (>=1),15,15.0,0.9333333333333333,0.2494438257849294,0.7018292244757601,0.9881334113938052,0.24623655913978493,,,,,0.8,False
I1,Milan,Casa,Clean sheet,15,15.0,0.4,0.4898979485566356,0.19824228082594664,0.6425355724349229,0.08709677419354839,,,,,0.4,False
I1,Milan,Casa,Ambas marcam (BTTS),15,15.0,0.5333333333333333,0.49888765156985887,0.3011663015105079,0.7519077474025356,0.06881720430107524,,,,,0.4,False
I1,Milan,Casa,Over 1.5 golos,15,15.0,0.6,0.4898979485566356,0.357464427565077,0.8017577191740534,-0.10322580645161294,,,,,0.4,True
I1,Milan,Casa,Over 3.5 golos,15,15.0,0.2,0.4,0.07047420643610411,0.4518593533465045,-0.02903225806451612,,,,,0.2,False
I1,Milan,Casa,Cantos total Over 8.5,15,15.0,0.5333333333333333,0.49888765156985887,0.3011663015105079,0.7519077474025356,0.017204301075268824,,,,,0.4,False
I1,Milan,Casa,Cantos total Over 9.5,15,15.0,0.5333333333333333,0.49888765156985887,0.3011663015105079,0.7519077474025356,0.13655913978494622,,,,,0.4,False
I1,Milan,Casa,Cantos total Over 10.5,15,15.0,0.3333333333333333,0.4714045207910317,0.15176100694691236,0.5828687484878702,0.04946236559139783,,,,,0.2,False
I1,Milan,Casa,Cantos equipa Over 4.5,15,15.0,0.6,0.4898979485566356,0.357464427565077,0.8017577191740534,0.1758064516129032,,,,,0.4,True
I1,Milan,Casa,Cantos equipa Over 5.5,15,15.0,0.5333333333333333,0.49888765156985887,0.3011663015105079,0.7519077474025356,0.2204301075268817,,,,,0.2,True
I1,Milan,Casa,Equipa ganha cantos,15,15.0,0.5333333333333333,0.49888765156985887,0.3011663015105079,0.7519077474025356,0.07688172043010749,,,,,0.4,False
I1,Napoli,Fora,Vitória (1X2),16,16.0,0.5625,0.49607837082461076,0.3317819560677652,0.7690163666481449,0.19314516129032255,0.08625000000000001,2.401875,0.4163413999479573,0.3510546875,0.6,False
I1,Napoli,Fora,Over 2.5 golos,16,16.0,0.4375,0.49607837082461076,0.2309836333518552,0.6682180439322348,-0.027016129032258085,-0.010625000000000023,2.265625,0.4413793103448276,-0.0087890625,0.8,False
I1,Napoli,Fora,Under 2.5 golos,16,16.0,0.5625,0.49607837082461076,0.3317819560677652,0.7690163666481449,0.02701612903225803,-0.091875,1.6143750000000001,0.6194347657762291,-0.0919140624999999,0.2,True
I1,Napoli,Fora,Handicap Asiático (AH),16,,,,,,,0.2528125,2.0687499999999996,0.4833836858006043,,,False
I1,Napoli,Fora,Casa marca (>=1),16,16.0,0.75,0.4330127018922193,0.5050123107060135,0.8981809801576265,0.06290322580645158,,,,,0.8,False
I1,Napoli,Fora,Clean sheet,16,16.0,0.375,0.4841229182759271,0.18480982554752803,0.6135935290206519,0.062096774193548365,,,,,0.2,True
I1,Napoli,Fora,Ambas marcam (BTTS),16,16.0,0.375,0.4841229182759271,0.18480982554752803,0.6135935290206519,-0.08951612903225808,,,,,0.6,False
I1,Napoli,Fora,Over 1.5 golos,16,16.0,0.6875,0.46351240544347894,0.4440393186673406,0.8583556494803894,-0.015725806451612923,,,,,0.8,False
I1,Napoli,Fora,Over 3.5 golos,16,16.0,0.1875,0.3903123748998999,0.06591478773586763,0.4300935986845823,-0.04153225806451613,,,,,0.2,False
I1,Napoli,Fora,Cantos total Over 8.5,16,16.0,0.3125,0.46351240544347894,0.14164435051961052,0.5559606813326594,-0.2036290322580645,,,,,0.2,False
I1,Napoli,Fora,Cantos total Over 9.5,16,16.0,0.1875,0.3903123748998999,0.06591478773586763,0.4300935986845823,-0.2092741935483871,,,,,0.0,True
I1,Napoli,Fora,Cantos total Over 10.5,16,16.0,0.1875,0.3903123748998999,0.06591478773586763,0.4300935986845823,-0.09637096774193549,,,,,0.0,True
I1,Napoli,Fora,Cantos equipa Over 4.5,16,16.0,0.5,0.5,0.2799923761135083,0.7200076238864918,0.07580645161290323,,,,,0.4,False
I1,Napoli,Fora,Cantos equipa Over 5.5,16,16.0,0.3125,0.46351240544347894,0.14164435051961052,0.5559606813326594,-0.00040322580645163475,,,,,0.2,False
I1,Napoli,Fora,Equipa ganha cantos,16,16.0,0.5625,0.49607837082461076,0.3317819560677652,0.7690163666481449,0.10604838709677417,,,,,0.4,True
I1,Napoli,Casa,Vitória (1X2),15,15.0,0.7333333333333333,0.44221663871405337,0.48049110342313245,0.8910272389681717,0.36397849462365583,0.3446666666666667,1.8013333333333332,0.5551443375277573,0.3209777777777776,0.8,False
I1,Napoli,Casa,Over 2.5 golos,15,15.0,0.6666666666666666,0.4714045207910317,0.4171312515121298,0.8482389930530875,0.20215053763440854,0.42133333333333334,2.0906666666666665,0.4783163265306123,0.39377777777777756,0.8,False
I1,Napoli,Casa,Under 2.5 golos,15,15.0,0.3333333333333333,0.4714045207910317,0.15176100694691236,0.5828687484878702,-0.20215053763440866,-0.40733333333333327,1.7213333333333338,0.5809450038729665,-0.42622222222222206,0.2,False
I1,Napoli,Casa,Handicap Asiático (AH),15,,,,,,,-0.15833333333333333,1.9166666666666665,0.5217391304347826,,,False
I1,Napoli,Casa,Casa marca (>=1),15,15.0,0.8666666666666667,0.339934634239519,0.6211750079348376,0.9626395301086408,0.17956989247311828,,,,,1.0,False
I1,Napoli,Casa,Clean sheet,15,15.0,0.3333333333333333,0.4714045207910317,0.15176100694691236,0.5828687484878702,0.02043010752688168,,,,,0.2,False
I1,Napoli,Casa,Ambas marcam (BTTS),15,15.0,0.6666666666666666,0.4714045207910317,0.4171312515121298,0.8482389930530875,0.20215053763440854,,,,,0.8,False
I1,Napoli,Casa,Over 1.5 golos,15,15.0,0.6666666666666666,0.4714045207910317,0.4171312515121298,0.8482389930530875,-0.03655913978494629,,,,,0.8,False
I1,Napoli,Casa,Over 3.5 golos,15,15.0,0.3333333333333333,0.4714045207910317,0.15176100694691236,0.5828687484878702,0.10430107526881718,,,,,0.2,False
I1,Napoli,Casa,Cantos total Over 8.5,15,15.0,0.4,0.4898979485566356,0.19824228082594664,0.6425355724349229,-0.11612903225806448,,,,,0.4,False
I1,Napoli,Casa,Cantos total Over 9.5,15,15.0,0.26666666666666666,0.4422166387140533,0.10897276103182815,0.5195088965768675,-0.13010752688172045,,,,,0.4,False
I1,Napoli,Casa,Cantos total Over 10.5,15,15.0,0.26666666666666666,0.4422166387140533,0.10897276103182815,0.5195088965768675,-0.017204301075268824,,,,,0.4,False
I1,Napoli,Casa,Cantos equipa Over 4.5,15,15.0,0.6666666666666666,0.4714045207910317,0.4171312515121298,0.8482389930530875,0.24247311827956985,,,,,0.4,True
I1,Napoli,Casa,Cantos equipa Over 5.5,15,15.0,0.4666666666666667,0.49888765156985887,0.24809225259746442,0.6988336984894922,0.15376344086021504,,,,,0.4,False
I1,Napoli,Casa,Equipa ganha cantos,15,15.0,0.8,0.39999999999999997,0.5481406466534955,0.9295257935638959,0.3435483870967742,,,,,0.6,True
I1,Parma,Fora,Vitória (1X2),16,16.0,0.3125,0.46351240544347894,0.14164435051961052,0.5559606813326594,-0.05685483870967745,0.53625,5.28625,0.18917001655237645,0.6519531249999999,0.4,False
I1,Parma,Fora,Over 2.5 golos,16,16.0,0.3125,0.46351240544347894,0.14164435051961052,0.5559606813326594,-0.15201612903225808,-0.30562500000000004,2.1206250000000004,0.4715590922487473,-0.33730468749999987,0.2,False
I1,Parma,Fora,Under 2.5 golos,16,16.0,0.6875,0.46351240544347894,0.4440393186673406,0.8583556494803894,0.15201612903225803,0.19875,1.720625,0.5811841627315656,0.18292968749999994,0.8,False
I1,Parma,Fora,Handicap Asiático (AH),16,,,,,,,0.244375,1.870625,0.5345806882726362,,,False
I1,Parma,Fora,Casa marca (>=1),16,16.0,0.5625,0.49607837082461076,0.3317819560677652,0.7690163666481449,-0.12459677419354842,,,,,0.8,False
I1,Parma,Fora,Clean sheet,16,16.0,0.4375,0.49607837082461076,0.2309836333518552,0.6682180439322348,0.12459677419354837,,,,,0.6,False
I1,Parma,Fora,Ambas marcam (BTTS),16,16.0,0.375,0.4841229182759271,0.18480982554752803,0.6135935290206519,-0.08951612903225808,,,,,0.4,False
I1,Parma,Fora,Over 1.5 golos,16,16.0,0.5625,0.49607837082461076,0.3317819560677652,0.7690163666481449,-0.14072580645161292,,,,,0.4,True
I1,Parma,Fora,Over 3.5 golos,16,16.0,0.125,0.33071891388307384,0.034976749337057134,0.3602333143674828,-0.10403225806451613,,,,,0.2,False
I1,Parma,Fora,Cantos total Over 8.5,16,16.0,0.5,0.5,0.2799923761135083,0.7200076238864918,-0.016129032258064502,,,,,0.6,False
I1,Parma,Fora,Cantos total Over 9.5,16,16.0,0.25,0.4330127018922193,0.10181901984237347,0.4949876892939865,-0.1467741935483871,,,,,0.0,True
I1,Parma,Fora,Cantos total Over 10.5,16,16.0,0.25,0.4330127018922193,0.10181901984237347,0.4949876892939865,-0.03387096774193549,,,,,0.0,True
I1,Parma,Fora,Cantos equipa Over 4.5,16,16.0,0.375,0.4841229182759271,0.18480982554752803,0.6135935290206519,-0.049193548387096775,,,,,0.4,False
I1,Parma,Fora,Cantos equipa Over 5.5,16,16.0,0.25,0.4330127018922193,0.10181901984237347,0.4949876892939865,-0.06290322580645163,,,,,0.2,False
I1,Parma,Fora,Equipa ganha cantos,16,16.0,0.3125,0.46351240544347894,0.14164435051961052,0.5559606813326594,-0.14395161290322583,,,,,0.4,False
I1,Parma,Casa,Vitória (1X2),15,15.0,0.2,0.4,0.07047420643610411,0.4518593533465045,-0.16935483870967744,-0.47333333333333333,3.7193333333333336,0.26886538806237675,-0.2561333333333332,0.2,False
I1,Parma,Casa,Over 2.5 golos,15,15.0,0.3333333333333333,0.4714045207910317,0.15176100694691236,0.5828687484878702,-0.13118279569892477,-0.26399999999999996,2.162,0.46253469010175763,-0.2793333333333333,0.4,False
I1,Parma,Casa,Under 2.5 golos,15,15.0,0.6666666666666666,0.4714045207910317,0.4171312515121298,0.8482389930530875,0.13118279569892466,0.14133333333333334,1.6906666666666665,0.5914826498422714,0.12711111111111095,0.6,False
I1,Parma,Casa,Handicap Asiático (AH),15,,,,,,,-0.1553333333333333,1.8760000000000001,0.5330490405117271,,,False
I1,Parma,Casa,Casa marca (>=1),15,15.0,0.5333333333333333,0.49888765156985887,0.3011663015105079,0.7519077474025356,-0.1537634408602151,,,,,0.6,False
I1,Parma,Casa,Clean sheet,15,15.0,0.2,0.4,0.07047420643610411,0.4518593533465045,-0.11290322580645162,,,,,0.2,False
I1,Parma,Casa,Ambas marcam (BTTS),15,15.0,0.4666666666666667,0.49888765156985887,0.24809225259746442,0.6988336984894922,0.002150537634408589,,,,,0.6,False
I1,Parma,Casa,Over 1.5 golos,15,15.0,0.6666666666666666,0.4714045207910317,0.4171312515121298,0.8482389930530875,-0.03655913978494629,,,,,0.8,False
I1,Parma,Casa,Over 3.5 golos,15,15.0,0.2,0.4,0.07047420643610411,0.4518593533465045,-0.02903225806451612,,,,,0.2,False
I1,Parma,Casa,Cantos total Over 8.5,15,15.0,0.4,0.4898979485566356,0.19824228082594664,0.6425355724349229,-0.11612903225806448,,,,,0.6,False
I1,Parma,Casa,Cantos total Over 9.5,15,15.0,0.3333333333333333,0.4714045207910317,0.15176100694691236,0.5828687484878702,-0.0634408602150538,,,,,0.4,False
I1,Parma,Casa,Cantos total Over 10.5,15,15.0,0.26666666666666666,0.4422166387140533,0.10897276103182815,0.5195088965768675,-0.017204301075268824,,,,,0.2,False
I1,Parma,Casa,Cantos equipa Over 4.5,15,15.0,0.4,0.4898979485566356,0.19824228082594664,0.6425355724349229,-0.024193548387096753,,,,,0.8,False
I1,Parma,Casa,Cantos equipa Over 5.5,15,15.0,0.2,0.4,0.07047420643610411,0.4518593533465045,-0.11290322580645162,,,,,0.6,False
I1,Parma,Casa,Equipa ganha cantos,15,15.0,0.4666666666666667,0.49888765156985887,0.24809225259746442,0.6988336984894922,0.01021505376344084,,,,,1.0,False
I1,Pisa,Fora,Vitória (1X2),15,15.0,0.0,0.0,0.0,0.20388926630434784,-0.36935483870967745,-1.0,7.208666666666667,0.13872190881346527,-1.0,0.0,False
I1,Pisa,Fora,Over 2.5 golos,15,15.0,0.6666666666666666,0.4714045207910317,0.4171312515121298,0.8482389930530875,0.20215053763440854,0.30600000000000005,2.0353333333333334,0.491320013101867,0.3568888888888888,0.6,False
I1,Pisa,Fora,Under 2.5 golos,15,15.0,0.3333333333333333,0.4714045207910317,0.15176100694691236,0.5828687484878702,-0.20215053763440866,-0.4186666666666667,1.840666666666667,0.5432814197754436,-0.3864444444444445,0.4,False
I1,Pisa,Fora,Handicap Asiático (AH),15,,,,,,,0.078,1.8533333333333333,0.539568345323741,,,False
I1,Pisa,Fora,Casa marca (>=1),15,15.0,0.6,0.4898979485566356,0.357464427565077,0.8017577191740534,-0.08709677419354844,,,,,0.2,True
I1,Pisa,Fora,Clean sheet,15,15.0,0.06666666666666667,0.24944382578492943,0.011866588606194882,0.2981707755242399,-0.24623655913978498,,,,,0.2,False
I1,Pisa,Fora,Ambas marcam (BTTS),15,15.0,0.6,0.4898979485566356,0.357464427565077,0.8017577191740534,0.1354838709677419,,,,,0.2,True
I1,Pisa,Fora,Over 1.5 golos,15,15.0,0.8,0.39999999999999997,0.5481406466534955,0.9295257935638959,0.09677419354838712,,,,,0.6,True
I1,Pisa,Fora,Over 3.5 golos,15,15.0,0.6666666666666666,0.4714045207910317,0.4171312515121298,0.8482389930530875,0.4376344086021505,,,,,0.6,False
I1,Pisa,Fora,Cantos total Over 8.5,15,15.0,0.4,0.4898979485566356,0.19824228082594664,0.6425355724349229,-0.11612903225806448,,,,,0.4,False
I1,Pisa,Fora,Cantos total Over 9.5,15,15.0,0.3333333333333333,0.4714045207910317,0.15176100694691236,0.5828687484878702,-0.0634408602150538,,,,,0.4,False
I1,Pisa,Fora,Cantos total Over 10.5,15,15.0,0.3333333333333333,0.4714045207910317,0.15176100694691236,0.5828687484878702,0.04946236559139783,,,,,0.4,False
I1,Pisa,Fora,Cantos equipa Over 4.5,15,15.0,0.26666666666666666,0.4422166387140533,0.10897276103182815,0.5195088965768675,-0.1575268817204301,,,,,0.2,False
I1,Pisa,Fora,Cantos equipa Over 5.5,15,15.0,0.2,0.4,0.07047420643610411,0.4518593533465045,-0.11290322580645162,,,,,0.0,True
I1,Pisa,Fora,Equipa ganha cantos,15,15.0,0.2,0.4,0.07047420643610411,0.4518593533465045,-0.2564516129032258,,,,,0.0,True
I1,Pisa,Casa,Vitória (1X2),16,16.0,0.125,0.33071891388307384,0.034976749337057134,0.3602333143674828,-0.24435483870967745,-0.703125,4.24625,0.2355019134530468,-0.46921875,0.2,False
I1,Pisa,Casa,Over 2.5 golos,16,16.0,0.25,0.4330127018922193,0.10181901984237347,0.4949876892939865,-0.21451612903225808,-0.456875,2.14625,0.46592894583576,-0.46343749999999995,0.6,False
I1,Pisa,Casa,Under 2.5 golos,16,16.0,0.75,0.4330127018922193,0.5050123107060135,0.8981809801576265,0.21451612903225803,0.2725,1.690625,0.5914972273567467,0.2679687500000001,0.4,True
I1,Pisa,Casa,Handicap Asiático (AH),16,,,,,,,-0.2953125,1.8975,0.5270092226613966,,,False
I1,Pisa,Casa,Casa marca (>=1),16,16.0,0.3125,0.46351240544347894,0.14164435051961052,0.5559606813326594,-0.3745967741935484,,,,,0.6,False
I1,Pisa,Casa,Clean sheet,16,16.0,0.25,0.4330127018922193,0.10181901984237347,0.4949876892939865,-0.06290322580645163,,,,,0.0,True
I1,Pisa,Casa,Ambas marcam (BTTS),16,16.0,0.25,0.4330127018922193,0.10181901984237347,0.4949876892939865,-0.21451612903225808,,,,,0.6,False
I1,Pisa,Casa,Over 1.5 golos,16,16.0,0.4375,0.49607837082461076,0.2309836333518552,0.6682180439322348,-0.2657258064516129,,,,,0.6,False
I1,Pisa,Casa,Over 3.5 golos,16,16.0,0.125,0.33071891388307384,0.034976749337057134,0.3602333143674828,-0.10403225806451613,,,,,0.4,False
I1,Pisa,Casa,Cantos total Over 8.5,16,16.0,0.5,0.5,0.2799923761135083,0.7200076238864918,-0.016129032258064502,,,,,0.2,True
I1,Pisa,Casa,Cantos total Over 9.5,16,16.0,0.4375,0.49607837082461076,0.2309836333518552,0.6682180439322348,0.04072580645161289,,,,,0.2,True
I1,Pisa,Casa,Cantos total Over 10.5,16,16.0,0.25,0.4330127018922193,0.10181901984237347,0.4949876892939865,-0.03387096774193549,,,,,0.2,False
I1,Pisa,Casa,Cantos equipa Over 4.5,16,16.0,0.25,0.4330127018922193,0.10181901984237347,0.4949876892939865,-0.17419354838709677,,,,,0.2,False
I1,Pisa,Casa,Cantos equipa Over 5.5,16,16.0,0.25,0.4330127018922193,0.10181901984237347,0.4949876892939865,-0.06290322580645163,,,,,0.2,False
I1,Pisa,Casa,Equipa ganha cantos,16,16.0,0.375,0.4841229182759271,0.18480982554752803,0.6135935290206519,-0.08145161290322583,,,,,0.4,False
I1,Roma,Fora,Vitória (1X2),16,16.0,0.4375,0.49607837082461076,0.2309836333518552,0.6682180439322348,0.06814516129032255,-0.12562499999999993,2.669375,0.3746195270428471,0.16785156249999988,0.0,True
I1,Roma,Fora,Over 2.5 golos,16,16.0,0.4375,0.49607837082461076,0.2309836333518552,0.6682180439322348,-0.027016129032258085,-0.05437500000000006,2.149375,0.46525152660657165,-0.05964843749999993,0.8,False
I1,Roma,Fora,Under 2.5 golos,16,16.0,0.5625,0.49607837082461076,0.3317819560677652,0.7690163666481449,0.02701612903225803,-0.06062500000000004,1.666875,0.5999250093738282,-0.062382812499999885,0.2,True
I1,Roma,Fora,Handicap Asiático (AH),16,,,,,,,-0.144375,1.8587500000000001,0.5379959650302623,,,False
I1,Roma,Fora,Casa marca (>=1),16,16.0,0.75,0.4330127018922193,0.5050123107060135,0.8981809801576265,0.06290322580645158,,,,,0.8,False
I1,Roma,Fora,Clean sheet,16,16.0,0.3125,0.46351240544347894,0.14164435051961052,0.5559606813326594,-0.00040322580645163475,,,,,0.0,True
I1,Roma,Fora,Ambas marcam (BTTS),16,16.0,0.4375,0.49607837082461076,0.2309836333518552,0.6682180439322348,-0.027016129032258085,,,,,0.8,False
I1,Roma,Fora,Over 1.5 golos,16,16.0,0.5625,0.49607837082461076,0.3317819560677652,0.7690163666481449,-0.14072580645161292,,,,,0.8,False
I1,Roma,Fora,Over 3.5 golos,16,16.0,0.1875,0.3903123748998999,0.06591478773586763,0.4300935986845823,-0.04153225806451613,,,,,0.4,False
I1,Roma,Fora,Cantos total Over 8.5,16,16.0,0.4375,0.49607837082461076,0.2309836333518552,0.6682180439322348,-0.0786290322580645,,,,,0.6,False
I1,Roma,Fora,Cantos total Over 9.5,16,16.0,0.3125,0.46351240544347894,0.14164435051961052,0.5559606813326594,-0.08427419354838711,,,,,0.4,False
I1,Roma,Fora,Cantos total Over 10.5,16,16.0,0.3125,0.46351240544347894,0.14164435051961052,0.5559606813326594,0.028629032258064513,,,,,0.4,False
I1,Roma,Fora,Cantos equipa Over 4.5,16,16.0,0.5,0.5,0.2799923761135083,0.7200076238864918,0.07580645161290323,,,,,0.4,False
I1,Roma,Fora,Cantos equipa Over 5.5,16,16.0,0.375,0.4841229182759271,0.18480982554752803,0.6135935290206519,0.062096774193548365,,,,,0.4,False
I1,Roma,Fora,Equipa ganha cantos,16,16.0,0.5,0.5,0.2799923761135083,0.7200076238864918,0.043548387096774166,,,,,0.4,False
I1,Roma,Casa,Vitória (1X2),15,15.0,0.6666666666666666,0.4714045207910317,0.4171312515121298,0.8482389930530875,0.2973118279569892,0.07533333333333334,1.9073333333333333,0.5242922055225445,0.27155555555555555,0.6,False
I1,Roma,Casa,Over 2.5 golos,15,15.0,0.26666666666666666,0.4422166387140533,0.10897276103182815,0.5195088965768675,-0.19784946236559142,-0.4313333333333334,2.1086666666666667,0.47423332279481506,-0.4376888888888889,0.4,False
I1,Roma,Casa,Under 2.5 golos,15,15.0,0.7333333333333333,0.44221663871405337,0.48049110342313245,0.8910272389681717,0.1978494623655913,0.24733333333333332,1.6953333333333334,0.5898545025560362,0.24324444444444437,0.6,False
I1,Roma,Casa,Handicap Asiático (AH),15,,,,,,,0.252,1.8260000000000003,0.5476451259583789,,,False
I1,Roma,Casa,Casa marca (>=1),15,15.0,0.8,0.39999999999999997,0.5481406466534955,0.9295257935638959,0.11290322580645162,,,,,1.0,False
I1,Roma,Casa,Clean sheet,15,15.0,0.5333333333333333,0.49888765156985887,0.3011663015105079,0.7519077474025356,0.2204301075268817,,,,,0.6,False
I1,Roma,Casa,Ambas marcam (BTTS),15,15.0,0.26666666666666666,0.4422166387140533,0.10897276103182815,0.5195088965768675,-0.19784946236559142,,,,,0.4,False
I1,Roma,Casa,Over 1.5 golos,15,15.0,0.6,0.4898979485566356,0.357464427565077,0.8017577191740534,-0.10322580645161294,,,,,0.8,False
I1,Roma,Casa,Over 3.5 golos,15,15.0,0.13333333333333333,0.33993463423951903,0.037360469891359285,0.3788249920651624,-0.0956989247311828,,,,,0.2,False
I1,Roma,Casa,Cantos total Over 8.5,15,15.0,0.4666666666666667,0.49888765156985887,0.24809225259746442,0.6988336984894922,-0.04946236559139783,,,,,0.4,False
I1,Roma,Casa,Cantos total Over 9.5,15,15.0,0.26666666666666666,0.4422166387140533,0.10897276103182815,0.5195088965768675,-0.13010752688172045,,,,,0.4,False
I1,Roma,Casa,Cantos total Over 10.5,15,15.0,0.2,0.4,0.07047420643610411,0.4518593533465045,-0.08387096774193548,,,,,0.2,False
I1,Roma,Casa,Cantos equipa Over 4.5,15,15.0,0.6666666666666666,0.4714045207910317,0.4171312515121298,0.8482389930530875,0.24247311827956985,,,,,0.8,False
I1,Roma,Casa,Cantos equipa Over 5.5,15,15.0,0.5333333333333333,0.49888765156985887,0.3011663015105079,0.7519077474025356,0.2204301075268817,,,,,0.6,False
I1,Roma,Casa,Equipa ganha cantos,15,15.0,0.8,0.39999999999999997,0.5481406466534955,0.9295257935638959,0.3435483870967742,,,,,1.0,False
I1,Sassuolo,Fora,Vitória (1X2),15,15.0,0.3333333333333333,0.4714045207910317,0.15176100694691236,0.5828687484878702,-0.03602150537634413,0.2313333333333333,5.199333333333334,0.19233235030132068,0.733111111111111,0.4,False
I1,Sassuolo,Fora,Over 2.5 golos,15,15.0,0.5333333333333333,0.49888765156985887,0.3011663015105079,0.7519077474025356,0.06881720430107524,0.05000000000000003,1.9719999999999998,0.5070993914807302,0.05173333333333319,0.6,False
I1,Sassuolo,Fora,Under 2.5 golos,15,15.0,0.4666666666666667,0.49888765156985887,0.24809225259746442,0.6988336984894922,-0.0688172043010753,-0.1553333333333333,1.8326666666666669,0.5456529647144416,-0.14475555555555553,0.4,False
I1,Sassuolo,Fora,Handicap Asiático (AH),15,,,,,,,0.254,2.01,0.49751243781094534,,,False
I1,Sassuolo,Fora,Casa marca (>=1),15,15.0,0.7333333333333333,0.44221663871405337,0.48049110342313245,0.8910272389681717,0.04623655913978486,,,,,0.8,False
I1,Sassuolo,Fora,Clean sheet,15,15.0,0.2,0.4,0.07047420643610411,0.4518593533465045,-0.11290322580645162,,,,,0.0,True
I1,Sassuolo,Fora,Ambas marcam (BTTS),15,15.0,0.6,0.4898979485566356,0.357464427565077,0.8017577191740534,0.1354838709677419,,,,,0.8,False
I1,Sassuolo,Fora,Over 1.5 golos,15,15.0,0.8,0.39999999999999997,0.5481406466534955,0.9295257935638959,0.09677419354838712,,,,,0.8,False
I1,Sassuolo,Fora,Over 3.5 golos,15,15.0,0.2,0.4,0.07047420643610411,0.4518593533465045,-0.02903225806451612,,,,,0.2,False
I1,Sassuolo,Fora,Cantos total Over 8.5,15,15.0,0.5333333333333333,0.49888765156985887,0.3011663015105079,0.7519077474025356,0.017204301075268824,,,,,0.6,False
I1,Sassuolo,Fora,Cantos total Over 9.5,15,15.0,0.4,0.4898979485566356,0.19824228082594664,0.6425355724349229,0.0032258064516129115,,,,,0.4,False
I1,Sassuolo,Fora,Cantos total Over 10.5,15,15.0,0.2,0.4,0.07047420643610411,0.4518593533465045,-0.08387096774193548,,,,,0.4,False
I1,Sassuolo,Fora,Cantos equipa Over 4.5,15,15.0,0.26666666666666666,0.4422166387140533,0.10897276103182815,0.5195088965768675,-0.1575268817204301,,,,,0.6,False
I1,Sassuolo,Fora,Cantos equipa Over 5.5,15,15.0,0.2,0.4,0.07047420643610411,0.4518593533465045,-0.11290322580645162,,,,,0.4,False
I1,Sassuolo,Fora,Equipa ganha cantos,15,15.0,0.26666666666666666,0.4422166387140533,0.10897276103182815,0.5195088965768675,-0.18978494623655917,,,,,0.4,False
I1,Sassuolo,Casa,Vitória (1X2),16,16.0,0.4375,0.49607837082461076,0.2309836333518552,0.6682180439322348,0.06814516129032255,0.12187500000000001,3.215,0.3110419906687403,0.40656249999999994,0.6,False
I1,Sassuolo,Casa,Over 2.5 golos,16,16.0,0.5625,0.49607837082461076,0.3317819560677652,0.7690163666481449,0.09798387096774192,0.161875,2.04625,0.48869883934025654,0.1510156250000001,0.8,False
I1,Sassuolo,Casa,Under 2.5 golos,16,16.0,0.4375,0.49607837082461076,0.2309836333518552,0.6682180439322348,-0.09798387096774197,-0.231875,1.746875,0.5724508050089445,-0.23574218749999998,0.2,True
I1,Sassuolo,Casa,Handicap Asiático (AH),16,,,,,,,-0.16812500000000002,1.9,0.5263157894736842,,,False
I1,Sassuolo,Casa,Casa marca (>=1),16,16.0,0.625,0.4841229182759271,0.38640647097934805,0.8151901744524719,-0.06209677419354842,,,,,0.6,False
I1,Sassuolo,Casa,Clean sheet,16,16.0,0.1875,0.3903123748998999,0.06591478773586763,0.4300935986845823,-0.12540322580645163,,,,,0.2,False
I1,Sassuolo,Casa,Ambas marcam (BTTS),16,16.0,0.4375,0.49607837082461076,0.2309836333518552,0.6682180439322348,-0.027016129032258085,,,,,0.4,False
I1,Sassuolo,Casa,Over 1.5 golos,16,16.0,0.6875,0.46351240544347894,0.4440393186673406,0.8583556494803894,-0.015725806451612923,,,,,0.8,False
I1,Sassuolo,Casa,Over 3.5 golos,16,16.0,0.25,0.4330127018922193,0.10181901984237347,0.4949876892939865,0.02096774193548387,,,,,0.2,False
I1,Sassuolo,Casa,Cantos total Over 8.5,16,16.0,0.5625,0.49607837082461076,0.3317819560677652,0.7690163666481449,0.0463709677419355,,,,,0.8,False
I1,Sassuolo,Casa,Cantos total Over 9.5,16,16.0,0.5625,0.49607837082461076,0.3317819560677652,0.7690163666481449,0.1657258064516129,,,,,0.8,False
I1,Sassuolo,Casa,Cantos total Over 10.5,16,16.0,0.375,0.4841229182759271,0.18480982554752803,0.6135935290206519,0.09112903225806451,,,,,0.8,False
I1,Sassuolo,Casa,Cantos equipa Over 4.5,16,16.0,0.4375,0.49607837082461076,0.2309836333518552,0.6682180439322348,0.013306451612903225,,,,,0.6,False
I1,Sassuolo,Casa,Cantos equipa Over 5.5,16,16.0,0.25,0.4330127018922193,0.10181901984237347,0.4949876892939865,-0.06290322580645163,,,,,0.4,False
I1,Sassuolo,Casa,Equipa ganha cantos,16,16.0,0.25,0.4330127018922193,0.10181901984237347,0.4949876892939865,-0.20645161290322583,,,,,0.4,False
I1,Torino,Fora,Vitória (1X2),16,16.0,0.25,0.4330127018922193,0.10181901984237347,0.4949876892939865,-0.11935483870967745,-0.050625,4.949375,0.20204571284253062,0.23734374999999996,0.2,False
I1,Torino,Fora,Over 2.5 golos,16,16.0,0.625,0.4841229182759271,0.38640647097934805,0.8151901744524719,0.16048387096774192,0.31375,2.0925000000000002,0.4778972520908004,0.30781250000000027,0.8,False
I1,Torino,Fora,Under 2.5 golos,16,16.0,0.375,0.4841229182759271,0.18480982554752803,0.6135935290206519,-0.16048387096774197,-0.354375,1.7293749999999999,0.5782435851102278,-0.35148437500000007,0.2,True
I1,Torino,Fora,Handicap Asiático (AH),16,,,,,,,0.10281249999999999,2.0875,0.47904191616766467,,,False
I1,Torino,Fora,Casa marca (>=1),16,16.0,0.625,0.4841229182759271,0.38640647097934805,0.8151901744524719,-0.06209677419354842,,,,,0.8,False
I1,Torino,Fora,Clean sheet,16,16.0,0.375,0.4841229182759271,0.18480982554752803,0.6135935290206519,0.062096774193548365,,,,,0.2,True
I1,Torino,Fora,Ambas marcam (BTTS),16,16.0,0.375,0.4841229182759271,0.18480982554752803,0.6135935290206519,-0.08951612903225808,,,,,0.6,False
I1,Torino,Fora,Over 1.5 golos,16,16.0,0.6875,0.46351240544347894,0.4440393186673406,0.8583556494803894,-0.015725806451612923,,,,,0.8,False
I1,Torino,Fora,Over 3.5 golos,16,16.0,0.3125,0.46351240544347894,0.14164435051961052,0.5559606813326594,0.08346774193548387,,,,,0.4,False
I1,Torino,Fora,Cantos total Over 8.5,16,16.0,0.5,0.5,0.2799923761135083,0.7200076238864918,-0.016129032258064502,,,,,0.6,False
I1,Torino,Fora,Cantos total Over 9.5,16,16.0,0.4375,0.49607837082461076,0.2309836333518552,0.6682180439322348,0.04072580645161289,,,,,0.6,False
I1,Torino,Fora,Cantos total Over 10.5,16,16.0,0.375,0.4841229182759271,0.18480982554752803,0.6135935290206519,0.09112903225806451,,,,,0.4,False
I1,Torino,Fora,Cantos equipa Over 4.5,16,16.0,0.3125,0.46351240544347894,0.14164435051961052,0.5559606813326594,-0.11169354838709677,,,,,0.2,False
I1,Torino,Fora,Cantos equipa Over 5.5,16,16.0,0.1875,0.3903123748998999,0.06591478773586763,0.4300935986845823,-0.12540322580645163,,,,,0.2,False
I1,Torino,Fora,Equipa ganha cantos,16,16.0,0.375,0.4841229182759271,0.18480982554752803,0.6135935290206519,-0.08145161290322583,,,,,0.6,False
I1,Torino,Casa,Vitória (1X2),15,15.0,0.4,0.4898979485566356,0.19824228082594664,0.6425355724349229,0.030645161290322576,0.07533333333333334,2.8986666666666676,0.3449862005519778,0.1594666666666671,0.6,False
I1,Torino,Casa,Over 2.5 golos,15,15.0,0.6,0.4898979485566356,0.357464427565077,0.8017577191740534,0.1354838709677419,0.3359999999999999,2.2493333333333334,0.44457617071724953,0.34960000000000013,0.4,True
I1,Torino,Casa,Under 2.5 golos,15,15.0,0.4,0.4898979485566356,0.19824228082594664,0.6425355724349229,-0.13548387096774195,-0.362,1.613333333333333,0.6198347107438018,-0.3546666666666668,0.6,False
I1,Torino,Casa,Handicap Asiático (AH),15,,,,,,,-0.15633333333333332,1.8973333333333329,0.5270555165144063,,,False
I1,Torino,Casa,Casa marca (>=1),15,15.0,0.8,0.39999999999999997,0.5481406466534955,0.9295257935638959,0.11290322580645162,,,,,0.8,False
I1,Torino,Casa,Clean sheet,15,15.0,0.3333333333333333,0.4714045207910317,0.15176100694691236,0.5828687484878702,0.02043010752688168,,,,,0.4,False
I1,Torino,Casa,Ambas marcam (BTTS),15,15.0,0.5333333333333333,0.49888765156985887,0.3011663015105079,0.7519077474025356,0.06881720430107524,,,,,0.4,False
I1,Torino,Casa,Over 1.5 golos,15,15.0,0.7333333333333333,0.44221663871405337,0.48049110342313245,0.8910272389681717,0.03010752688172036,,,,,0.8,False
I1,Torino,Casa,Over 3.5 golos,15,15.0,0.26666666666666666,0.4422166387140533,0.10897276103182815,0.5195088965768675,0.03763440860215053,,,,,0.2,False
I1,Torino,Casa,Cantos total Over 8.5,15,15.0,0.5333333333333333,0.49888765156985887,0.3011663015105079,0.7519077474025356,0.017204301075268824,,,,,0.6,False
I1,Torino,Casa,Cantos total Over 9.5,15,15.0,0.4,0.4898979485566356,0.19824228082594664,0.6425355724349229,0.0032258064516129115,,,,,0.4,False
I1,Torino,Casa,Cantos total Over 10.5,15,15.0,0.26666666666666666,0.4422166387140533,0.10897276103182815,0.5195088965768675,-0.017204301075268824,,,,,0.4,False
I1,Torino,Casa,Cantos equipa Over 4.5,15,15.0,0.3333333333333333,0.4714045207910317,0.15176100694691236,0.5828687484878702,-0.09086021505376346,,,,,0.2,False
I1,Torino,Casa,Cantos equipa Over 5.5,15,15.0,0.3333333333333333,0.4714045207910317,0.15176100694691236,0.5828687484878702,0.02043010752688168,,,,,0.2,False
I1,Torino,Casa,Equipa ganha cantos,15,15.0,0.4666666666666667,0.49888765156985887,0.24809225259746442,0.6988336984894922,0.01021505376344084,,,,,0.4,False
I1,Udinese,Fora,Vitória (1X2),15,15.0,0.4,0.4898979485566356,0.19824228082594664,0.6425355724349229,0.030645161290322576,0.6280000000000001,4.261333333333334,0.23466833541927407,0.7045333333333337,0.4,False
I1,Udinese,Fora,Over 2.5 golos,15,15.0,0.5333333333333333,0.49888765156985887,0.3011663015105079,0.7519077474025356,0.06881720430107524,0.13933333333333334,2.1546666666666665,0.46410891089108913,0.14915555555555549,0.6,False
I1,Udinese,Fora,Under 2.5 golos,15,15.0,0.4666666666666667,0.49888765156985887,0.24809225259746442,0.6988336984894922,-0.0688172043010753,-0.226,1.7000000000000002,0.588235294117647,-0.20666666666666655,0.4,False
I1,Udinese,Fora,Handicap Asiático (AH),15,,,,,,,0.172,2.098,0.47664442326024786,,,False
I1,Udinese,Fora,Casa marca (>=1),15,15.0,0.8,0.39999999999999997,0.5481406466534955,0.9295257935638959,0.11290322580645162,,,,,0.8,False
I1,Udinese,Fora,Clean sheet,15,15.0,0.2,0.4,0.07047420643610411,0.4518593533465045,-0.11290322580645162,,,,,0.2,False
I1,Udinese,Fora,Ambas marcam (BTTS),15,15.0,0.6,0.4898979485566356,0.357464427565077,0.8017577191740534,0.1354838709677419,,,,,0.6,False
I1,Udinese,Fora,Over 1.5 golos,15,15.0,0.8,0.39999999999999997,0.5481406466534955,0.9295257935638959,0.09677419354838712,,,,,0.8,False
I1,Udinese,Fora,Over 3.5 golos,15,15.0,0.3333333333333333,0.4714045207910317,0.15176100694691236,0.5828687484878702,0.10430107526881718,,,,,0.4,False
I1,Udinese,Fora,Cantos total Over 8.5,15,15.0,0.6,0.4898979485566356,0.357464427565077,0.8017577191740534,0.08387096774193548,,,,,0.6,False
I1,Udinese,Fora,Cantos total Over 9.5,15,15.0,0.4666666666666667,0.49888765156985887,0.24809225259746442,0.6988336984894922,0.06989247311827956,,,,,0.6,False
I1,Udinese,Fora,Cantos total Over 10.5,15,15.0,0.4666666666666667,0.49888765156985887,0.24809225259746442,0.6988336984894922,0.1827956989247312,,,,,0.6,False
I1,Udinese,Fora,Cantos equipa Over 4.5,15,15.0,0.4,0.4898979485566356,0.19824228082594664,0.6425355724349229,-0.024193548387096753,,,,,0.4,False
I1,Udinese,Fora,Cantos equipa Over 5.5,15,15.0,0.3333333333333333,0.4714045207910317,0.15176100694691236,0.5828687484878702,0.02043010752688168,,,,,0.4,False
I1,Udinese,Fora,Equipa ganha cantos,15,15.0,0.4666666666666667,0.49888765156985887,0.24809225259746442,0.6988336984894922,0.01021505376344084,,,,,0.4,False
I1,Udinese,Casa,Vitória (1X2),16,16.0,0.3125,0.46351240544347894,0.14164435051961052,0.5559606813326594,-0.05685483870967745,0.10374999999999998,3.6075,0.2772002772002772,0.1273437500000001,0.4,False
I1,Udinese,Casa,Over 2.5 golos,16,16.0,0.4375,0.49607837082461076,0.2309836333518552,0.6682180439322348,-0.027016129032258085,-0.04187499999999997,2.11625,0.47253396337861786,-0.07414062500000007,0.4,False
I1,Udinese,Casa,Under 2.5 golos,16,16.0,0.5625,0.49607837082461076,0.3317819560677652,0.7690163666481449,0.02701612903225803,-0.018125000000000002,1.703125,0.5871559633027523,-0.0419921875,0.6,False
I1,Udinese,Casa,Handicap Asiático (AH),16,,,,,,,-0.043125,1.875,0.5333333333333333,,,False
I1,Udinese,Casa,Casa marca (>=1),16,16.0,0.6875,0.46351240544347894,0.4440393186673406,0.8583556494803894,0.00040322580645157924,,,,,0.6,False
I1,Udinese,Casa,Clean sheet,16,16.0,0.3125,0.46351240544347894,0.14164435051961052,0.5559606813326594,-0.00040322580645163475,,,,,0.6,False
I1,Udinese,Casa,Ambas marcam (BTTS),16,16.0,0.4375,0.49607837082461076,0.2309836333518552,0.6682180439322348,-0.027016129032258085,,,,,0.2,True
I1,Udinese,Casa,Over 1.5 golos,16,16.0,0.625,0.4841229182759271,0.38640647097934805,0.8151901744524719,-0.07822580645161292,,,,,0.4,True
I1,Udinese,Casa,Over 3.5 golos,16,16.0,0.125,0.33071891388307384,0.034976749337057134,0.3602333143674828,-0.10403225806451613,,,,,0.0,False
I1,Udinese,Casa,Cantos total Over 8.5,16,16.0,0.5,0.5,0.2799923761135083,0.7200076238864918,-0.016129032258064502,,,,,0.4,False
I1,Udinese,Casa,Cantos total Over 9.5,16,16.0,0.3125,0.46351240544347894,0.14164435051961052,0.5559606813326594,-0.08427419354838711,,,,,0.4,False
I1,Udinese,Casa,Cantos total Over 10.5,16,16.0,0.3125,0.46351240544347894,0.14164435051961052,0.5559606813326594,0.028629032258064513,,,,,0.4,False
I1,Udinese,Casa,Cantos equipa Over 4.5,16,16.0,0.5625,0.49607837082461076,0.3317819560677652,0.7690163666481449,0.13830645161290323,,,,,0.6,False
I1,Udinese,Casa,Cantos equipa Over 5.5,16,16.0,0.3125,0.46351240544347894,0.14164435051961052,0.5559606813326594,-0.00040322580645163475,,,,,0.4,False
I1,Udinese,Casa,Equipa ganha cantos,16,16.0,0.5,0.5,0.2799923761135083,0.7200076238864918,0.043548387096774166,,,,,0.6,False
I1,Verona,Fora,Vitória (1X2),16,16.0,0.125,0.33071891388307384,0.034976749337057134,0.3602333143674828,-0.24435483870967745,-0.330625,5.440625,0.18380241240666284,-0.319921875,0.2,False
I1,Verona,Fora,Over 2.5 golos,16,16.0,0.625,0.4841229182759271,0.38640647097934805,0.8151901744524719,0.16048387096774192,0.36312500000000003,2.19625,0.45532157085941943,0.37265625000000013,0.8,False
I1,Verona,Fora,Under 2.5 golos,16,16.0,0.375,0.4841229182759271,0.18480982554752803,0.6135935290206519,-0.16048387096774197,-0.384375,1.6675,0.5997001499250375,-0.37468750000000006,0.2,True
I1,Verona,Fora,Handicap Asiático (AH),16,,,,,,,-0.22499999999999998,1.87375,0.533689126084056,,,False
I1,Verona,Fora,Casa marca (>=1),16,16.0,0.4375,0.49607837082461076,0.2309836333518552,0.6682180439322348,-0.24959677419354842,,,,,0.4,False
I1,Verona,Fora,Clean sheet,16,16.0,0.1875,0.3903123748998999,0.06591478773586763,0.4300935986845823,-0.12540322580645163,,,,,0.0,True
I1,Verona,Fora,Ambas marcam (BTTS),16,16.0,0.4375,0.49607837082461076,0.2309836333518552,0.6682180439322348,-0.027016129032258085,,,,,0.4,False
I1,Verona,Fora,Over 1.5 golos,16,16.0,0.75,0.4330127018922193,0.5050123107060135,0.8981809801576265,0.04677419354838708,,,,,0.8,False
I1,Verona,Fora,Over 3.5 golos,16,16.0,0.25,0.4330127018922193,0.10181901984237347,0.4949876892939865,0.02096774193548387,,,,,0.2,False
I1,Verona,Fora,Cantos total Over 8.5,16,16.0,0.625,0.4841229182759271,0.38640647097934805,0.8151901744524719,0.1088709677419355,,,,,0.6,False
I1,Verona,Fora,Cantos total Over 9.5,16,16.0,0.3125,0.46351240544347894,0.14164435051961052,0.5559606813326594,-0.08427419354838711,,,,,0.4,False
I1,Verona,Fora,Cantos total Over 10.5,16,16.0,0.25,0.4330127018922193,0.10181901984237347,0.4949876892939865,-0.03387096774193549,,,,,0.4,False
I1,Verona,Fora,Cantos equipa Over 4.5,16,16.0,0.1875,0.3903123748998999,0.06591478773586763,0.4300935986845823,-0.23669354838709677,,,,,0.2,False
I1,Verona,Fora,Cantos equipa Over 5.5,16,16.0,0.125,0.33071891388307384,0.034976749337057134,0.3602333143674828,-0.18790322580645163,,,,,0.0,False
I1,Verona,Fora,Equipa ganha cantos,16,16.0,0.3125,0.46351240544347894,0.14164435051961052,0.5559606813326594,-0.14395161290322583,,,,,0.2,False
I1,Verona,Casa,Vitória (1X2),15,15.0,0.06666666666666667,0.24944382578492943,0.011866588606194882,0.2981707755242399,-0.3026881720430108,-0.6613333333333333,3.8426666666666667,0.260235947258848,-0.7438222222222222,0.0,False
I1,Verona,Casa,Over 2.5 golos,15,15.0,0.5333333333333333,0.49888765156985887,0.3011663015105079,0.7519077474025356,0.06881720430107524,0.19800000000000004,2.2753333333333337,0.4394960445355991,0.21351111111111143,0.4,False
I1,Verona,Casa,Under 2.5 golos,15,15.0,0.4666666666666667,0.49888765156985887,0.24809225259746442,0.6988336984894922,-0.0688172043010753,-0.26133333333333336,1.614,0.6195786864931846,-0.2467999999999999,0.6,False
I1,Verona,Casa,Handicap Asiático (AH),15,,,,,,,-0.4843333333333334,1.9093333333333333,0.5237430167597765,,,False
I1,Verona,Casa,Casa marca (>=1),15,15.0,0.5333333333333333,0.49888765156985887,0.3011663015105079,0.7519077474025356,-0.1537634408602151,,,,,0.4,False
I1,Verona,Casa,Clean sheet,15,15.0,0.13333333333333333,0.33993463423951903,0.037360469891359285,0.3788249920651624,-0.1795698924731183,,,,,0.2,False
I1,Verona,Casa,Ambas marcam (BTTS),15,15.0,0.5333333333333333,0.49888765156985887,0.3011663015105079,0.7519077474025356,0.06881720430107524,,,,,0.4,False
I1,Verona,Casa,Over 1.5 golos,15,15.0,0.6666666666666666,0.4714045207910317,0.4171312515121298,0.8482389930530875,-0.03655913978494629,,,,,0.6,False
I1,Verona,Casa,Over 3.5 golos,15,15.0,0.26666666666666666,0.4422166387140533,0.10897276103182815,0.5195088965768675,0.03763440860215053,,,,,0.2,False
I1,Verona,Casa,Cantos total Over 8.5,15,15.0,0.5333333333333333,0.49888765156985887,0.3011663015105079,0.7519077474025356,0.017204301075268824,,,,,0.6,False
I1,Verona,Casa,Cantos total Over 9.5,15,15.0,0.4666666666666667,0.49888765156985887,0.24809225259746442,0.6988336984894922,0.06989247311827956,,,,,0.6,False
I1,Verona,Casa,Cantos total Over 10.5,15,15.0,0.3333333333333333,0.4714045207910317,0.15176100694691236,0.5828687484878702,0.04946236559139783,,,,,0.4,False
I1,Verona,Casa,Cantos equipa Over 4.5,15,15.0,0.3333333333333333,0.4714045207910317,0.15176100694691236,0.5828687484878702,-0.09086021505376346,,,,,0.4,False
I1,Verona,Casa,Cantos equipa Over 5.5,15,15.0,0.2,0.4,0.07047420643610411,0.4518593533465045,-0.11290322580645162,,,,,0.4,False
I1,Verona,Casa,Equipa ganha cantos,15,15.0,0.5333333333333333,0.49888765156985887,0.3011663015105079,0.7519077474025356,0.07688172043010749,,,,,0.6,False
I1,Atalanta,Total,Vitória (1X2),31,31.0,0.45161290322580644,0.4976531813077907,0.29161482836586106,0.6222812039633085,0.08225806451612899,-0.18419354838709678,2.147741935483871,0.4656052868729348,-0.030052029136316327,0.4,False
I1,Atalanta,Total,Over 2.5 golos,31,31.0,0.3870967741935484,0.48708609259811286,0.23732875351271562,0.5617619885886803,-0.07741935483870971,-0.2803225806451613,1.858709677419355,0.5380076362374175,-0.28049947970863687,0.6,False
I1,Atalanta,Total,Under 2.5 golos,31,31.0,0.6129032258064516,0.48708609259811286,0.43823801141131963,0.7626712464872842,0.07741935483870965,0.16806451612903223,1.911935483870968,0.5230302007761093,0.17183142559833509,0.4,True
I1,Atalanta,Total,Handicap Asiático (AH),31,,,,,,,-0.07725806451612904,1.8870967741935485,0.5299145299145299,,,False
I1,Atalanta,Total,Casa marca (>=1),31,31.0,0.8387096774193549,0.36779852422552833,0.6736529727502113,0.9290748009456007,0.15161290322580645,,,,,1.0,False
I1,Atalanta,Total,Clean sheet,31,31.0,0.3870967741935484,0.48708609259811286,0.23732875351271562,0.5617619885886803,0.07419354838709674,,,,,0.4,False
I1,Atalanta,Total,Ambas marcam (BTTS),31,31.0,0.5161290322580645,0.49973978660740864,0.3484011828697317,0.6803001396872116,0.05161290322580642,,,,,0.6,False
I1,Atalanta,Total,Over 1.5 golos,31,31.0,0.7741935483870968,0.4181123031230878,0.6018723994130262,0.886050084055012,0.07096774193548383,,,,,0.8,False
I1,Atalanta,Total,Over 3.5 golos,31,31.0,0.16129032258064516,0.3677985242255284,0.07092519905439935,0.32634702724978865,-0.06774193548387097,,,,,0.2,False
I1,Atalanta,Total,Cantos total Over 8.5,31,31.0,0.6774193548387096,0.46746376600611095,0.501406855599508,0.8143076925268695,0.16129032258064513,,,,,0.4,True
I1,Atalanta,Total,Cantos total Over 9.5,31,31.0,0.5161290322580645,0.49973978660740864,0.3484011828697317,0.6803001396872116,0.11935483870967739,,,,,0.4,False
I1,Atalanta,Total,Cantos total Over 10.5,31,31.0,0.45161290322580644,0.4976531813077907,0.29161482836586106,0.6222812039633085,0.16774193548387095,,,,,0.4,False
I1,Atalanta,Total,Cantos equipa Over 4.5,31,31.0,0.6129032258064516,0.48708609259811286,0.43823801141131963,0.7626712464872842,0.18870967741935485,,,,,0.6,False
I1,Atalanta,Total,Cantos equipa Over 5.5,31,31.0,0.45161290322580644,0.4976531813077907,0.29161482836586106,0.6222812039633085,0.1387096774193548,,,,,0.4,False
I1,Atalanta,Total,Equipa ganha cantos,31,31.0,0.5806451612903226,0.4934535013154308,0.4076596435202097,0.7358469692645074,0.12419354838709679,,,,,0.8,False
I1,Bologna,Total,Vitória (1X2),31,31.0,0.41935483870967744,0.4934535013154308,0.26415303073549257,0.5923403564797902,0.04999999999999999,-0.09161290322580648,2.5380645161290323,0.3940010167768175,0.0643496357960458,0.6,False
I1,Bologna,Total,Over 2.5 golos,31,31.0,0.4838709677419355,0.49973978660740864,0.3196998603127883,0.6515988171302682,0.019354838709677413,0.04354838709677423,2.146129032258065,0.4659552081767623,0.038449531737773324,0.4,False
I1,Bologna,Total,Under 2.5 golos,31,31.0,0.5161290322580645,0.49973978660740864,0.3484011828697317,0.6803001396872116,-0.01935483870967747,-0.13193548387096773,1.6809677419354843,0.5948954135482631,-0.13240374609781458,0.6,False
I1,Bologna,Total,Handicap Asiático (AH),31,,,,,,,-0.09419354838709676,1.8964516129032258,0.5273005613199524,,,False
I1,Bologna,Total,Casa marca (>=1),31,31.0,0.7419354838709677,0.43756967633066246,0.567535275722849,0.8629845626313023,0.05483870967741933,,,,,0.8,False
I1,Bologna,Total,Clean sheet,31,31.0,0.2903225806451613,0.4539112025635577,0.16095620718432874,0.4659265995754067,-0.022580645161290325,,,,,0.4,False
I1,Bologna,Total,Ambas marcam (BTTS),31,31.0,0.4838709677419355,0.49973978660740864,0.3196998603127883,0.6515988171302682,0.019354838709677413,,,,,0.4,False
I1,Bologna,Total,Over 1.5 golos,31,31.0,0.7096774193548387,0.45391120256355766,0.5340734004245933,0.8390437928156712,0.006451612903225823,,,,,0.6,False
I1,Bologna,Total,Over 3.5 golos,31,31.0,0.25806451612903225,0.43756967633066246,0.1370154373686976,0.432464724277151,0.02903225806451612,,,,,0.0,True
I1,Bologna,Total,Cantos total Over 8.5,31,31.0,0.5161290322580645,0.49973978660740864,0.3484011828697317,0.6803001396872116,0.0,,,,,0.4,False
I1,Bologna,Total,Cantos total Over 9.5,31,31.0,0.3548387096774194,0.4784644185223008,0.21116447741565816,0.5305236195718509,-0.04193548387096774,,,,,0.4,False
I1,Bologna,Total,Cantos total Over 10.5,31,31.0,0.2903225806451613,0.4539112025635577,0.16095620718432874,0.4659265995754067,0.006451612903225823,,,,,0.4,False
I1,Bologna,Total,Cantos equipa Over 4.5,31,31.0,0.41935483870967744,0.4934535013154308,0.26415303073549257,0.5923403564797902,-0.0048387096774193394,,,,,0.2,True
I1,Bologna,Total,Cantos equipa Over 5.5,31,31.0,0.25806451612903225,0.43756967633066246,0.1370154373686976,0.432464724277151,-0.054838709677419384,,,,,0.0,True
I1,Bologna,Total,Equipa ganha cantos,31,31.0,0.4838709677419355,0.49973978660740864,0.3196998603127883,0.6515988171302682,0.027419354838709664,,,,,0.6,False
I1,Cagliari,Total,Vitória (1X2),31,31.0,0.22580645161290322,0.4181123031230877,0.113949915944988,0.3981276005869738,-0.14354838709677423,-0.07838709677419355,4.714193548387097,0.21212535924456,0.06449531737773162,0.0,True
I1,Cagliari,Total,Over 2.5 golos,31,31.0,0.4838709677419355,0.49973978660740864,0.3196998603127883,0.6515988171302682,0.019354838709677413,0.0870967741935484,2.185483870967742,0.4575645756457564,0.057492195629552656,0.6,False
I1,Cagliari,Total,Under 2.5 golos,31,31.0,0.5161290322580645,0.49973978660740864,0.3484011828697317,0.6803001396872116,-0.01935483870967747,-0.1203225806451613,1.6748387096774195,0.5970724191063174,-0.13556711758584805,0.4,False
I1,Cagliari,Total,Handicap Asiático (AH),31,,,,,,,0.053870967741935456,1.864193548387097,0.536424987021976,,,False
I1,Cagliari,Total,Casa marca (>=1),31,31.0,0.6451612903225806,0.4784644185223008,0.46947638042814893,0.7888355225843419,-0.041935483870967794,,,,,0.8,False
I1,Cagliari,Total,Clean sheet,31,31.0,0.1935483870967742,0.39507899077148034,0.09186883586347631,0.3628060355545985,-0.11935483870967745,,,,,0.0,True
I1,Cagliari,Total,Ambas marcam (BTTS),31,31.0,0.5161290322580645,0.49973978660740864,0.3484011828697317,0.6803001396872116,0.05161290322580642,,,,,0.8,False
I1,Cagliari,Total,Over 1.5 golos,31,31.0,0.7741935483870968,0.4181123031230878,0.6018723994130262,0.886050084055012,0.07096774193548383,,,,,0.8,False
I1,Cagliari,Total,Over 3.5 golos,31,31.0,0.1935483870967742,0.39507899077148034,0.09186883586347631,0.3628060355545985,-0.03548387096774194,,,,,0.2,False
I1,Cagliari,Total,Cantos total Over 8.5,31,31.0,0.5483870967741935,0.49765318130779074,0.37771879603669134,0.7083851716341388,0.032258064516129004,,,,,0.4,False
I1,Cagliari,Total,Cantos total Over 9.5,31,31.0,0.2903225806451613,0.4539112025635577,0.16095620718432874,0.4659265995754067,-0.1064516129032258,,,,,0.0,True
I1,Cagliari,Total,Cantos total Over 10.5,31,31.0,0.22580645161290322,0.4181123031230877,0.113949915944988,0.3981276005869738,-0.05806451612903227,,,,,0.0,True
I1,Cagliari,Total,Cantos equipa Over 4.5,31,31.0,0.2903225806451613,0.4539112025635577,0.16095620718432874,0.4659265995754067,-0.13387096774193546,,,,,0.2,False
I1,Cagliari,Total,Cantos equipa Over 5.5,31,31.0,0.22580645161290322,0.4181123031230877,0.113949915944988,0.3981276005869738,-0.08709677419354842,,,,,0.0,True
I1,Cagliari,Total,Equipa ganha cantos,31,31.0,0.3225806451612903,0.46746376600611095,0.18569230747313034,0.4985931444004919,-0.13387096774193552,,,,,0.2,False
I1,Como,Total,Vitória (1X2),31,31.0,0.5161290322580645,0.49973978660740864,0.3484011828697317,0.6803001396872116,0.14677419354838706,0.07032258064516131,2.372258064516129,0.4215392983410389,0.22439125910509872,0.8,False
I1,Como,Total,Over 2.5 golos,31,31.0,0.45161290322580644,0.4976531813077907,0.29161482836586106,0.6222812039633085,-0.012903225806451646,-0.07774193548387097,2.01516129032258,0.4962381943332801,-0.08992715920915739,0.8,False
I1,Como,Total,Under 2.5 golos,31,31.0,0.5483870967741935,0.49765318130779074,0.37771879603669134,0.7083851716341388,0.012903225806451535,-0.022258064516129022,1.7719354838709676,0.5643546331694885,-0.028293444328824413,0.2,True
I1,Como,Total,Handicap Asiático (AH),31,,,,,,,0.10564516129032259,1.8803225806451613,0.5318236404185966,,,False
I1,Como,Total,Casa marca (>=1),31,31.0,0.7419354838709677,0.43756967633066246,0.567535275722849,0.8629845626313023,0.05483870967741933,,,,,0.8,False
I1,Como,Total,Clean sheet,31,31.0,0.4838709677419355,0.49973978660740864,0.3196998603127883,0.6515988171302682,0.17096774193548386,,,,,0.4,False
I1,Como,Total,Ambas marcam (BTTS),31,31.0,0.41935483870967744,0.4934535013154308,0.26415303073549257,0.5923403564797902,-0.04516129032258065,,,,,0.6,False
I1,Como,Total,Over 1.5 golos,31,31.0,0.7419354838709677,0.43756967633066246,0.567535275722849,0.8629845626313023,0.03870967741935483,,,,,0.8,False
I1,Como,Total,Over 3.5 golos,31,31.0,0.22580645161290322,0.4181123031230877,0.113949915944988,0.3981276005869738,-0.0032258064516129115,,,,,0.4,False
I1,Como,Total,Cantos total Over 8.5,31,31.0,0.25806451612903225,0.43756967633066246,0.1370154373686976,0.432464724277151,-0.25806451612903225,,,,,0.0,True
I1,Como,Total,Cantos total Over 9.5,31,31.0,0.1935483870967742,0.39507899077148034,0.09186883586347631,0.3628060355545985,-0.20322580645161292,,,,,0.0,True
I1,Como,Total,Cantos total Over 10.5,31,31.0,0.12903225806451613,0.33523564017462143,0.05134201164644764,0.28852756954385356,-0.15483870967741936,,,,,0.0,False
I1,Como,Total,Cantos equipa Over 4.5,31,31.0,0.3225806451612903,0.46746376600611095,0.18569230747313034,0.4985931444004919,-0.10161290322580646,,,,,0.6,False
I1,Como,Total,Cantos equipa Over 5.5,31,31.0,0.25806451612903225,0.43756967633066246,0.1370154373686976,0.432464724277151,-0.054838709677419384,,,,,0.4,False
I1,Como,Total,Equipa ganha cantos,31,31.0,0.5806451612903226,0.4934535013154308,0.4076596435202097,0.7358469692645074,0.12419354838709679,,,,,0.8,False
I1,Cremonese,Total,Vitória (1X2),31,31.0,0.1935483870967742,0.39507899077148034,0.09186883586347631,0.3628060355545985,-0.17580645161290326,-0.042580645161290315,5.537741935483871,0.1805790178831479,0.0718210197710718,0.2,False
I1,Cremonese,Total,Over 2.5 golos,31,31.0,0.41935483870967744,0.4934535013154308,0.26415303073549257,0.5923403564797902,-0.04516129032258065,-0.19064516129032258,2.0493548387096774,0.4879584448292146,-0.14059313215400626,0.6,False
I1,Cremonese,Total,Under 2.5 golos,31,31.0,0.5806451612903226,0.4934535013154308,0.4076596435202097,0.7358469692645074,0.04516129032258065,-0.010322580645161271,1.787741935483871,0.5593648502345723,0.03804370447450589,0.4,True
I1,Cremonese,Total,Handicap Asiático (AH),31,,,,,,,-0.09854838709677417,1.97,0.5076142131979695,,,False
I1,Cremonese,Total,Casa marca (>=1),31,31.0,0.5483870967741935,0.49765318130779074,0.37771879603669134,0.7083851716341388,-0.13870967741935492,,,,,0.8,False
I1,Cremonese,Total,Clean sheet,31,31.0,0.25806451612903225,0.43756967633066246,0.1370154373686976,0.432464724277151,-0.054838709677419384,,,,,0.2,False
I1,Cremonese,Total,Ambas marcam (BTTS),31,31.0,0.45161290322580644,0.4976531813077907,0.29161482836586106,0.6222812039633085,-0.012903225806451646,,,,,0.6,False
I1,Cremonese,Total,Over 1.5 golos,31,31.0,0.7096774193548387,0.45391120256355766,0.5340734004245933,0.8390437928156712,0.006451612903225823,,,,,1.0,False
I1,Cremonese,Total,Over 3.5 golos,31,31.0,0.22580645161290322,0.4181123031230877,0.113949915944988,0.3981276005869738,-0.0032258064516129115,,,,,0.2,False
I1,Cremonese,Total,Cantos total Over 8.5,31,31.0,0.6451612903225806,0.4784644185223008,0.46947638042814893,0.7888355225843419,0.12903225806451613,,,,,0.4,True
I1,Cremonese,Total,Cantos total Over 9.5,31,31.0,0.4838709677419355,0.49973978660740864,0.3196998603127883,0.6515988171302682,0.08709677419354839,,,,,0.4,False
I1,Cremonese,Total,Cantos total Over 10.5,31,31.0,0.3225806451612903,0.46746376600611095,0.18569230747313034,0.4985931444004919,0.03870967741935483,,,,,0.2,False
I1,Cremonese,Total,Cantos equipa Over 4.5,31,31.0,0.3225806451612903,0.46746376600611095,0.18569230747313034,0.4985931444004919,-0.10161290322580646,,,,,0.2,False
I1,Cremonese,Total,Cantos equipa Over 5.5,31,31.0,0.12903225806451613,0.33523564017462143,0.05134201164644764,0.28852756954385356,-0.1838709677419355,,,,,0.2,False
I1,Cremonese,Total,Equipa ganha cantos,31,31.0,0.16129032258064516,0.3677985242255284,0.07092519905439935,0.32634702724978865,-0.29516129032258065,,,,,0.0,True
I1,Fiorentina,Total,Vitória (1X2),31,31.0,0.22580645161290322,0.4181123031230877,0.113949915944988,0.3981276005869738,-0.14354838709677423,-0.4412903225806451,3.0100000000000002,0.3322259136212624,-0.32032258064516117,0.4,False
I1,Fiorentina,Total,Over 2.5 golos,31,31.0,0.5806451612903226,0.4934535013154308,0.4076596435202097,0.7358469692645074,0.11612903225806454,0.18451612903225803,2.031290322580645,0.49229791964427505,0.1794588969823101,0.4,True
I1,Fiorentina,Total,Under 2.5 golos,31,31.0,0.41935483870967744,0.4934535013154308,0.26415303073549257,0.5923403564797902,-0.11612903225806454,-0.25806451612903225,1.7625806451612904,0.5673499267935578,-0.26085327783558787,0.6,False
I1,Fiorentina,Total,Handicap Asiático (AH),31,,,,,,,-0.21064516129032257,1.9374193548387095,0.5161505161505162,,,False
I1,Fiorentina,Total,Casa marca (>=1),31,31.0,0.7419354838709677,0.43756967633066246,0.567535275722849,0.8629845626313023,0.05483870967741933,,,,,0.6,False
I1,Fiorentina,Total,Clean sheet,31,31.0,0.1935483870967742,0.39507899077148034,0.09186883586347631,0.3628060355545985,-0.11935483870967745,,,,,0.4,False
I1,Fiorentina,Total,Ambas marcam (BTTS),31,31.0,0.6451612903225806,0.4784644185223008,0.46947638042814893,0.7888355225843419,0.18064516129032254,,,,,0.4,True
I1,Fiorentina,Total,Over 1.5 golos,31,31.0,0.7419354838709677,0.43756967633066246,0.567535275722849,0.8629845626313023,0.03870967741935483,,,,,0.6,False
I1,Fiorentina,Total,Over 3.5 golos,31,31.0,0.25806451612903225,0.43756967633066246,0.1370154373686976,0.432464724277151,0.02903225806451612,,,,,0.2,False
I1,Fiorentina,Total,Cantos total Over 8.5,31,31.0,0.5483870967741935,0.49765318130779074,0.37771879603669134,0.7083851716341388,0.032258064516129004,,,,,0.4,False
I1,Fiorentina,Total,Cantos total Over 9.5,31,31.0,0.5161290322580645,0.49973978660740864,0.3484011828697317,0.6803001396872116,0.11935483870967739,,,,,0.4,False
I1,Fiorentina,Total,Cantos total Over 10.5,31,31.0,0.25806451612903225,0.43756967633066246,0.1370154373686976,0.432464724277151,-0.025806451612903236,,,,,0.0,True
I1,Fiorentina,Total,Cantos equipa Over 4.5,31,31.0,0.4838709677419355,0.49973978660740864,0.3196998603127883,0.6515988171302682,0.05967741935483872,,,,,0.4,False
I1,Fiorentina,Total,Cantos equipa Over 5.5,31,31.0,0.3870967741935484,0.48708609259811286,0.23732875351271562,0.5617619885886803,0.07419354838709674,,,,,0.4,False
I1,Fiorentina,Total,Equipa ganha cantos,31,31.0,0.4838709677419355,0.49973978660740864,0.3196998603127883,0.6515988171302682,0.027419354838709664,,,,,0.4,False
I1,Genoa,Total,Vitória (1X2),31,31.0,0.25806451612903225,0.43756967633066246,0.1370154373686976,0.432464724277151,-0.1112903225806452,-0.2861290322580644,3.9622580645161296,0.2523813400635024,0.02251821019771083,0.4,False
I1,Genoa,Total,Over 2.5 golos,31,31.0,0.5483870967741935,0.49765318130779074,0.37771879603669134,0.7083851716341388,0.08387096774193542,0.3312903225806451,2.3564516129032262,0.4243668720054756,0.2922476586888658,0.2,True
I1,Genoa,Total,Under 2.5 golos,31,31.0,0.45161290322580644,0.4976531813077907,0.29161482836586106,0.6222812039633085,-0.08387096774193553,-0.26483870967741935,1.5767741935483872,0.6342062193126022,-0.28790842872008315,0.8,False
I1,Genoa,Total,Handicap Asiático (AH),31,,,,,,,-0.1932258064516129,1.896451612903226,0.5273005613199523,,,False
I1,Genoa,Total,Casa marca (>=1),31,31.0,0.6451612903225806,0.4784644185223008,0.46947638042814893,0.7888355225843419,-0.041935483870967794,,,,,0.4,True
I1,Genoa,Total,Clean sheet,31,31.0,0.22580645161290322,0.4181123031230877,0.113949915944988,0.3981276005869738,-0.08709677419354842,,,,,0.2,False
I1,Genoa,Total,Ambas marcam (BTTS),31,31.0,0.5483870967741935,0.49765318130779074,0.37771879603669134,0.7083851716341388,0.08387096774193542,,,,,0.2,True
I1,Genoa,Total,Over 1.5 golos,31,31.0,0.8064516129032258,0.39507899077148034,0.6371939644454012,0.9081311641365236,0.10322580645161283,,,,,1.0,False
I1,Genoa,Total,Over 3.5 golos,31,31.0,0.1935483870967742,0.39507899077148034,0.09186883586347631,0.3628060355545985,-0.03548387096774194,,,,,0.0,True
I1,Genoa,Total,Cantos total Over 8.5,31,31.0,0.4838709677419355,0.49973978660740864,0.3196998603127883,0.6515988171302682,-0.032258064516129004,,,,,0.6,False
I1,Genoa,Total,Cantos total Over 9.5,31,31.0,0.41935483870967744,0.4934535013154308,0.26415303073549257,0.5923403564797902,0.022580645161290325,,,,,0.4,False
I1,Genoa,Total,Cantos total Over 10.5,31,31.0,0.16129032258064516,0.3677985242255284,0.07092519905439935,0.32634702724978865,-0.12258064516129033,,,,,0.2,False
I1,Genoa,Total,Cantos equipa Over 4.5,31,31.0,0.3225806451612903,0.46746376600611095,0.18569230747313034,0.4985931444004919,-0.10161290322580646,,,,,0.4,False
I1,Genoa,Total,Cantos equipa Over 5.5,31,31.0,0.22580645161290322,0.4181123031230877,0.113949915944988,0.3981276005869738,-0.08709677419354842,,,,,0.2,False
I1,Genoa,Total,Equipa ganha cantos,31,31.0,0.2903225806451613,0.4539112025635577,0.16095620718432874,0.4659265995754067,-0.16612903225806452,,,,,0.2,False
I1,Inter,Total,Vitória (1X2),31,31.0,0.7419354838709677,0.43756967633066246,0.567535275722849,0.8629845626313023,0.3725806451612903,0.09032258064516126,1.5903225806451613,0.6288032454361054,0.17991675338189395,0.4,True
I1,Inter,Total,Over 2.5 golos,31,31.0,0.5161290322580645,0.49973978660740864,0.3484011828697317,0.6803001396872116,0.05161290322580642,-0.07838709677419356,1.7712903225806456,0.5645601894008376,-0.08578563995837651,0.2,True
I1,Inter,Total,Under 2.5 golos,31,31.0,0.4838709677419355,0.49973978660740864,0.3196998603127883,0.6515988171302682,-0.05161290322580647,-0.011935483870967737,2.0370967741935484,0.4908946951702296,-0.01430801248699265,0.8,False
I1,Inter,Total,Handicap Asiático (AH),31,,,,,,,0.16838709677419353,1.8919354838709677,0.5285592497868713,,,False
I1,Inter,Total,Casa marca (>=1),31,31.0,0.9354838709677419,0.2456701001891584,0.7928101168125355,0.9821255922249368,0.24838709677419346,,,,,0.8,False
I1,Inter,Total,Clean sheet,31,31.0,0.4838709677419355,0.49973978660740864,0.3196998603127883,0.6515988171302682,0.17096774193548386,,,,,0.2,True
I1,Inter,Total,Ambas marcam (BTTS),31,31.0,0.45161290322580644,0.4976531813077907,0.29161482836586106,0.6222812039633085,-0.012903225806451646,,,,,0.6,False
I1,Inter,Total,Over 1.5 golos,31,31.0,0.8064516129032258,0.39507899077148034,0.6371939644454012,0.9081311641365236,0.10322580645161283,,,,,0.8,False
I1,Inter,Total,Over 3.5 golos,31,31.0,0.3548387096774194,0.4784644185223008,0.21116447741565816,0.5305236195718509,0.12580645161290324,,,,,0.2,True
I1,Inter,Total,Cantos total Over 8.5,31,31.0,0.5806451612903226,0.4934535013154308,0.4076596435202097,0.7358469692645074,0.06451612903225812,,,,,0.4,True
I1,Inter,Total,Cantos total Over 9.5,31,31.0,0.5483870967741935,0.49765318130779074,0.37771879603669134,0.7083851716341388,0.1516129032258064,,,,,0.4,False
I1,Inter,Total,Cantos total Over 10.5,31,31.0,0.45161290322580644,0.4976531813077907,0.29161482836586106,0.6222812039633085,0.16774193548387095,,,,,0.4,False
I1,Inter,Total,Cantos equipa Over 4.5,31,31.0,0.7741935483870968,0.4181123031230878,0.6018723994130262,0.886050084055012,0.35,,,,,0.8,False
I1,Inter,Total,Cantos equipa Over 5.5,31,31.0,0.6774193548387096,0.46746376600611095,0.501406855599508,0.8143076925268695,0.364516129032258,,,,,0.6,False
I1,Inter,Total,Equipa ganha cantos,31,31.0,0.9354838709677419,0.2456701001891584,0.7928101168125355,0.9821255922249368,0.47903225806451605,,,,,0.8,False
I1,Juventus,Total,Vitória (1X2),31,31.0,0.5161290322580645,0.49973978660740864,0.3484011828697317,0.6803001396872116,0.14677419354838706,-0.13838709677419353,1.89,0.5291005291005292,-0.024516129032258194,0.6,False
I1,Juventus,Total,Over 2.5 golos,31,31.0,0.45161290322580644,0.4976531813077907,0.29161482836586106,0.6222812039633085,-0.012903225806451646,-0.07967741935483873,2.0145161290322577,0.4963971176941554,-0.09021852237252881,0.4,False
I1,Juventus,Total,Under 2.5 golos,31,31.0,0.5483870967741935,0.49765318130779074,0.37771879603669134,0.7083851716341388,0.012903225806451535,-0.018387096774193545,1.7893548387096774,0.5588606453939067,-0.018740894901144833,0.6,False
I1,Juventus,Total,Handicap Asiático (AH),31,,,,,,,-0.08903225806451612,1.8680645161290323,0.5353134173717837,,,False
I1,Juventus,Total,Casa marca (>=1),31,31.0,0.8064516129032258,0.39507899077148034,0.6371939644454012,0.9081311641365236,0.11935483870967734,,,,,1.0,False
I1,Juventus,Total,Clean sheet,31,31.0,0.3870967741935484,0.48708609259811286,0.23732875351271562,0.5617619885886803,0.07419354838709674,,,,,0.6,False
I1,Juventus,Total,Ambas marcam (BTTS),31,31.0,0.4838709677419355,0.49973978660740864,0.3196998603127883,0.6515988171302682,0.019354838709677413,,,,,0.4,False
I1,Juventus,Total,Over 1.5 golos,31,31.0,0.7741935483870968,0.4181123031230878,0.6018723994130262,0.886050084055012,0.07096774193548383,,,,,0.8,False
I1,Juventus,Total,Over 3.5 golos,31,31.0,0.25806451612903225,0.43756967633066246,0.1370154373686976,0.432464724277151,0.02903225806451612,,,,,0.4,False
I1,Juventus,Total,Cantos total Over 8.5,31,31.0,0.4838709677419355,0.49973978660740864,0.3196998603127883,0.6515988171302682,-0.032258064516129004,,,,,0.4,False
I1,Juventus,Total,Cantos total Over 9.5,31,31.0,0.3548387096774194,0.4784644185223008,0.21116447741565816,0.5305236195718509,-0.04193548387096774,,,,,0.4,False
I1,Juventus,Total,Cantos total Over 10.5,31,31.0,0.22580645161290322,0.4181123031230877,0.113949915944988,0.3981276005869738,-0.05806451612903227,,,,,0.2,False
I1,Juventus,Total,Cantos equipa Over 4.5,31,31.0,0.5161290322580645,0.49973978660740864,0.3484011828697317,0.6803001396872116,0.09193548387096773,,,,,0.6,False
I1,Juventus,Total,Cantos equipa Over 5.5,31,31.0,0.3870967741935484,0.48708609259811286,0.23732875351271562,0.5617619885886803,0.07419354838709674,,,,,0.4,False
I1,Juventus,Total,Equipa ganha cantos,31,31.0,0.4838709677419355,0.49973978660740864,0.3196998603127883,0.6515988171302682,0.027419354838709664,,,,,0.4,False
I1,Lazio,Total,Vitória (1X2),31,31.0,0.3548387096774194,0.4784644185223008,0.21116447741565816,0.5305236195718509,-0.014516129032258074,-0.15258064516129033,2.94,0.3401360544217687,0.04322580645161289,0.6,False
I1,Lazio,Total,Over 2.5 golos,31,31.0,0.25806451612903225,0.43756967633066246,0.1370154373686976,0.432464724277151,-0.20645161290322583,-0.4258064516129032,2.1887096774193546,0.4568901989683125,-0.43517169614984397,0.2,False
I1,Lazio,Total,Under 2.5 golos,31,31.0,0.7419354838709677,0.43756967633066246,0.567535275722849,0.8629845626313023,0.20645161290322578,0.24322580645161293,1.6677419354838707,0.5996131528046422,0.23735691987512997,0.8,False
I1,Lazio,Total,Handicap Asiático (AH),31,,,,,,,-0.09677419354838707,1.9406451612903224,0.5152925531914894,,,False
I1,Lazio,Total,Casa marca (>=1),31,31.0,0.5483870967741935,0.49765318130779074,0.37771879603669134,0.7083851716341388,-0.13870967741935492,,,,,0.8,False
I1,Lazio,Total,Clean sheet,31,31.0,0.45161290322580644,0.4976531813077907,0.29161482836586106,0.6222812039633085,0.1387096774193548,,,,,0.4,False
I1,Lazio,Total,Ambas marcam (BTTS),31,31.0,0.25806451612903225,0.43756967633066246,0.1370154373686976,0.432464724277151,-0.20645161290322583,,,,,0.4,False
I1,Lazio,Total,Over 1.5 golos,31,31.0,0.6129032258064516,0.48708609259811286,0.43823801141131963,0.7626712464872842,-0.0903225806451613,,,,,0.8,False
I1,Lazio,Total,Over 3.5 golos,31,31.0,0.16129032258064516,0.3677985242255284,0.07092519905439935,0.32634702724978865,-0.06774193548387097,,,,,0.0,True
I1,Lazio,Total,Cantos total Over 8.5,31,31.0,0.45161290322580644,0.4976531813077907,0.29161482836586106,0.6222812039633085,-0.06451612903225806,,,,,0.6,False
I1,Lazio,Total,Cantos total Over 9.5,31,31.0,0.25806451612903225,0.43756967633066246,0.1370154373686976,0.432464724277151,-0.13870967741935486,,,,,0.4,False
I1,Lazio,Total,Cantos total Over 10.5,31,31.0,0.0967741935483871,0.2956500448358606,0.03346403609464399,0.24900289998177033,-0.1870967741935484,,,,,0.2,False
I1,Lazio,Total,Cantos equipa Over 4.5,31,31.0,0.3870967741935484,0.48708609259811286,0.23732875351271562,0.5617619885886803,-0.0370967741935484,,,,,0.4,False
I1,Lazio,Total,Cantos equipa Over 5.5,31,31.0,0.3225806451612903,0.46746376600611095,0.18569230747313034,0.4985931444004919,0.009677419354838679,,,,,0.4,False
I1,Lazio,Total,Equipa ganha cantos,31,31.0,0.4838709677419355,0.49973978660740864,0.3196998603127883,0.6515988171302682,0.027419354838709664,,,,,0.4,False
I1,Lecce,Total,Vitória (1X2),31,31.0,0.22580645161290322,0.4181123031230877,0.113949915944988,0.3981276005869738,-0.14354838709677423,-0.21774193548387097,5.781290322580646,0.1729717665439125,0.3054526534859523,0.2,False
I1,Lecce,Total,Over 2.5 golos,31,31.0,0.3870967741935484,0.48708609259811286,0.23732875351271562,0.5617619885886803,-0.07741935483870971,-0.10064516129032258,2.2541935483870965,0.4436176302232399,-0.12740894901144661,0.8,False
I1,Lecce,Total,Under 2.5 golos,31,31.0,0.6129032258064516,0.48708609259811286,0.43823801141131963,0.7626712464872842,0.07741935483870965,0.030322580645161246,1.653225806451613,0.6048780487804878,0.013267429760666083,0.2,True
I1,Lecce,Total,Handicap Asiático (AH),31,,,,,,,-0.03177419354838709,1.901290322580645,0.5259586019681032,,,False
I1,Lecce,Total,Casa marca (>=1),31,31.0,0.4838709677419355,0.49973978660740864,0.3196998603127883,0.6515988171302682,-0.20322580645161292,,,,,0.6,False
I1,Lecce,Total,Clean sheet,31,31.0,0.25806451612903225,0.43756967633066246,0.1370154373686976,0.432464724277151,-0.054838709677419384,,,,,0.0,True
I1,Lecce,Total,Ambas marcam (BTTS),31,31.0,0.3548387096774194,0.4784644185223008,0.21116447741565816,0.5305236195718509,-0.10967741935483871,,,,,0.6,False
I1,Lecce,Total,Over 1.5 golos,31,31.0,0.6129032258064516,0.48708609259811286,0.43823801141131963,0.7626712464872842,-0.0903225806451613,,,,,0.8,False
I1,Lecce,Total,Over 3.5 golos,31,31.0,0.12903225806451613,0.33523564017462143,0.05134201164644764,0.28852756954385356,-0.1,,,,,0.2,False
I1,Lecce,Total,Cantos total Over 8.5,31,31.0,0.7096774193548387,0.45391120256355766,0.5340734004245933,0.8390437928156712,0.19354838709677424,,,,,0.4,True
I1,Lecce,Total,Cantos total Over 9.5,31,31.0,0.6451612903225806,0.4784644185223008,0.46947638042814893,0.7888355225843419,0.24838709677419352,,,,,0.4,True
I1,Lecce,Total,Cantos total Over 10.5,31,31.0,0.41935483870967744,0.4934535013154308,0.26415303073549257,0.5923403564797902,0.13548387096774195,,,,,0.4,False
I1,Lecce,Total,Cantos equipa Over 4.5,31,31.0,0.3548387096774194,0.4784644185223008,0.21116447741565816,0.5305236195718509,-0.0693548387096774,,,,,0.2,True
I1,Lecce,Total,Cantos equipa Over 5.5,31,31.0,0.3225806451612903,0.46746376600611095,0.18569230747313034,0.4985931444004919,0.009677419354838679,,,,,0.2,False
I1,Lecce,Total,Equipa ganha cantos,31,31.0,0.2903225806451613,0.4539112025635577,0.16095620718432874,0.4659265995754067,-0.16612903225806452,,,,,0.0,True
I1,Milan,Total,Vitória (1X2),31,31.0,0.5806451612903226,0.4934535013154308,0.4076596435202097,0.7358469692645074,0.21129032258064517,0.1467741935483871,1.9783870967741934,0.5054622533833361,0.14874089490114462,0.6,False
I1,Milan,Total,Over 2.5 golos,31,31.0,0.41935483870967744,0.4934535013154308,0.26415303073549257,0.5923403564797902,-0.04516129032258065,-0.20161290322580644,1.95741935483871,0.5108767303889254,-0.17914672216441196,0.2,True
I1,Milan,Total,Under 2.5 golos,31,31.0,0.5806451612903226,0.4934535013154308,0.4076596435202097,0.7358469692645074,0.04516129032258065,0.03290322580645162,1.8183870967741933,0.5499379102359412,0.0558376690946929,0.8,False
I1,Milan,Total,Handicap Asiático (AH),31,,,,,,,-0.016451612903225808,1.8858064516129034,0.5302771125555935,,,False
I1,Milan,Total,Casa marca (>=1),31,31.0,0.8709677419354839,0.33523564017462143,0.7114724304561464,0.9486579883535523,0.18387096774193545,,,,,0.6,True
I1,Milan,Total,Clean sheet,31,31.0,0.41935483870967744,0.4934535013154308,0.26415303073549257,0.5923403564797902,0.1064516129032258,,,,,0.4,False
I1,Milan,Total,Ambas marcam (BTTS),31,31.0,0.4838709677419355,0.49973978660740864,0.3196998603127883,0.6515988171302682,0.019354838709677413,,,,,0.2,True
I1,Milan,Total,Over 1.5 golos,31,31.0,0.6451612903225806,0.4784644185223008,0.46947638042814893,0.7888355225843419,-0.058064516129032295,,,,,0.4,True
I1,Milan,Total,Over 3.5 golos,31,31.0,0.1935483870967742,0.39507899077148034,0.09186883586347631,0.3628060355545985,-0.03548387096774194,,,,,0.2,False
I1,Milan,Total,Cantos total Over 8.5,31,31.0,0.5161290322580645,0.49973978660740864,0.3484011828697317,0.6803001396872116,0.0,,,,,0.6,False
I1,Milan,Total,Cantos total Over 9.5,31,31.0,0.4838709677419355,0.49973978660740864,0.3196998603127883,0.6515988171302682,0.08709677419354839,,,,,0.6,False
I1,Milan,Total,Cantos total Over 10.5,31,31.0,0.3225806451612903,0.46746376600611095,0.18569230747313034,0.4985931444004919,0.03870967741935483,,,,,0.2,False
I1,Milan,Total,Cantos equipa Over 4.5,31,31.0,0.45161290322580644,0.4976531813077907,0.29161482836586106,0.6222812039633085,0.027419354838709664,,,,,0.4,False
I1,Milan,Total,Cantos equipa Over 5.5,31,31.0,0.3548387096774194,0.4784644185223008,0.21116447741565816,0.5305236195718509,0.04193548387096774,,,,,0.4,False
I1,Milan,Total,Equipa ganha cantos,31,31.0,0.45161290322580644,0.4976531813077907,0.29161482836586106,0.6222812039633085,-0.004838709677419395,,,,,0.4,False
I1,Napoli,Total,Vitória (1X2),31,31.0,0.6451612903225806,0.4784644185223008,0.46947638042814893,0.7888355225843419,0.2758064516129032,0.21129032258064517,2.111290322580645,0.47364400305576776,0.36212278876170645,1.0,False
I1,Napoli,Total,Over 2.5 golos,31,31.0,0.5483870967741935,0.49765318130779074,0.37771879603669134,0.7083851716341388,0.08387096774193542,0.19838709677419356,2.180967741935484,0.458512054429818,0.19601456815816864,0.6,False
I1,Napoli,Total,Under 2.5 golos,31,31.0,0.45161290322580644,0.4976531813077907,0.29161482836586106,0.6222812039633085,-0.08387096774193553,-0.2445161290322581,1.6661290322580646,0.6001936108422071,-0.2475546305931321,0.4,False
I1,Napoli,Total,Handicap Asiático (AH),31,,,,,,,0.053870967741935526,1.9951612903225808,0.5012126111560226,,,False
I1,Napoli,Total,Casa marca (>=1),31,31.0,0.8064516129032258,0.39507899077148034,0.6371939644454012,0.9081311641365236,0.11935483870967734,,,,,1.0,False
I1,Napoli,Total,Clean sheet,31,31.0,0.3548387096774194,0.4784644185223008,0.21116447741565816,0.5305236195718509,0.04193548387096774,,,,,0.4,False
I1,Napoli,Total,Ambas marcam (BTTS),31,31.0,0.5161290322580645,0.49973978660740864,0.3484011828697317,0.6803001396872116,0.05161290322580642,,,,,0.6,False
I1,Napoli,Total,Over 1.5 golos,31,31.0,0.6774193548387096,0.46746376600611095,0.501406855599508,0.8143076925268695,-0.02580645161290329,,,,,0.6,False
I1,Napoli,Total,Over 3.5 golos,31,31.0,0.25806451612903225,0.43756967633066246,0.1370154373686976,0.432464724277151,0.02903225806451612,,,,,0.0,True
I1,Napoli,Total,Cantos total Over 8.5,31,31.0,0.3548387096774194,0.4784644185223008,0.21116447741565816,0.5305236195718509,-0.16129032258064513,,,,,0.6,False
I1,Napoli,Total,Cantos total Over 9.5,31,31.0,0.22580645161290322,0.4181123031230877,0.113949915944988,0.3981276005869738,-0.1709677419354839,,,,,0.4,False
I1,Napoli,Total,Cantos total Over 10.5,31,31.0,0.22580645161290322,0.4181123031230877,0.113949915944988,0.3981276005869738,-0.05806451612903227,,,,,0.4,False
I1,Napoli,Total,Cantos equipa Over 4.5,31,31.0,0.5806451612903226,0.4934535013154308,0.4076596435202097,0.7358469692645074,0.15645161290322585,,,,,0.8,False
I1,Napoli,Total,Cantos equipa Over 5.5,31,31.0,0.3870967741935484,0.48708609259811286,0.23732875351271562,0.5617619885886803,0.07419354838709674,,,,,0.6,False
I1,Napoli,Total,Equipa ganha cantos,31,31.0,0.6774193548387096,0.46746376600611095,0.501406855599508,0.8143076925268695,0.2209677419354838,,,,,0.8,False
I1,Parma,Total,Vitória (1X2),31,31.0,0.25806451612903225,0.43756967633066246,0.1370154373686976,0.432464724277151,-0.1112903225806452,0.047741935483870984,4.5280645161290325,0.2208449098810287,0.1685327783558792,0.0,True
I1,Parma,Total,Over 2.5 golos,31,31.0,0.3225806451612903,0.46746376600611095,0.18569230747313034,0.4985931444004919,-0.14193548387096777,-0.28548387096774186,2.140645161290323,0.4671488848704038,-0.3094693028095733,0.2,False
I1,Parma,Total,Under 2.5 golos,31,31.0,0.6774193548387096,0.46746376600611095,0.501406855599508,0.8143076925268695,0.14193548387096766,0.1709677419354839,1.7061290322580647,0.5861221402911703,0.1557648283038502,0.8,False
I1,Parma,Total,Handicap Asiático (AH),31,,,,,,,0.050967741935483896,1.8732258064516132,0.53383847081109,,,False
I1,Parma,Total,Casa marca (>=1),31,31.0,0.5483870967741935,0.49765318130779074,0.37771879603669134,0.7083851716341388,-0.13870967741935492,,,,,0.6,False
I1,Parma,Total,Clean sheet,31,31.0,0.3225806451612903,0.46746376600611095,0.18569230747313034,0.4985931444004919,0.009677419354838679,,,,,0.2,False
I1,Parma,Total,Ambas marcam (BTTS),31,31.0,0.41935483870967744,0.4934535013154308,0.26415303073549257,0.5923403564797902,-0.04516129032258065,,,,,0.6,False
I1,Parma,Total,Over 1.5 golos,31,31.0,0.6129032258064516,0.48708609259811286,0.43823801141131963,0.7626712464872842,-0.0903225806451613,,,,,0.8,False
I1,Parma,Total,Over 3.5 golos,31,31.0,0.16129032258064516,0.3677985242255284,0.07092519905439935,0.32634702724978865,-0.06774193548387097,,,,,0.2,False
I1,Parma,Total,Cantos total Over 8.5,31,31.0,0.45161290322580644,0.4976531813077907,0.29161482836586106,0.6222812039633085,-0.06451612903225806,,,,,0.6,False
I1,Parma,Total,Cantos total Over 9.5,31,31.0,0.2903225806451613,0.4539112025635577,0.16095620718432874,0.4659265995754067,-0.1064516129032258,,,,,0.0,True
I1,Parma,Total,Cantos total Over 10.5,31,31.0,0.25806451612903225,0.43756967633066246,0.1370154373686976,0.432464724277151,-0.025806451612903236,,,,,0.0,True
I1,Parma,Total,Cantos equipa Over 4.5,31,31.0,0.3870967741935484,0.48708609259811286,0.23732875351271562,0.5617619885886803,-0.0370967741935484,,,,,0.4,False
I1,Parma,Total,Cantos equipa Over 5.5,31,31.0,0.22580645161290322,0.4181123031230877,0.113949915944988,0.3981276005869738,-0.08709677419354842,,,,,0.4,False
I1,Parma,Total,Equipa ganha cantos,31,31.0,0.3870967741935484,0.48708609259811286,0.23732875351271562,0.5617619885886803,-0.06935483870967746,,,,,0.6,False
I1,Pisa,Total,Vitória (1X2),31,31.0,0.06451612903225806,0.24567010018915833,0.017874407775063144,0.20718988318746434,-0.3048387096774194,-0.8467741935483871,5.67967741935484,0.1760663372522292,-0.6335691987513007,0.2,False
I1,Pisa,Total,Over 2.5 golos,31,31.0,0.45161290322580644,0.4976531813077907,0.29161482836586106,0.6222812039633085,-0.012903225806451646,-0.08774193548387096,2.09258064516129,0.4778788345922615,-0.05496357960457865,0.6,False
I1,Pisa,Total,Under 2.5 golos,31,31.0,0.5483870967741935,0.49765318130779074,0.37771879603669134,0.7083851716341388,0.012903225806451535,-0.06193548387096773,1.763225806451613,0.5671423344310281,-0.03306971904266387,0.4,False
I1,Pisa,Total,Handicap Asiático (AH),31,,,,,,,-0.11467741935483872,1.8761290322580648,0.5330123796423658,,,False
I1,Pisa,Total,Casa marca (>=1),31,31.0,0.45161290322580644,0.4976531813077907,0.29161482836586106,0.6222812039633085,-0.23548387096774198,,,,,0.2,True
I1,Pisa,Total,Clean sheet,31,31.0,0.16129032258064516,0.3677985242255284,0.07092519905439935,0.32634702724978865,-0.15161290322580648,,,,,0.0,True
I1,Pisa,Total,Ambas marcam (BTTS),31,31.0,0.41935483870967744,0.4934535013154308,0.26415303073549257,0.5923403564797902,-0.04516129032258065,,,,,0.2,True
I1,Pisa,Total,Over 1.5 golos,31,31.0,0.6129032258064516,0.48708609259811286,0.43823801141131963,0.7626712464872842,-0.0903225806451613,,,,,0.6,False
I1,Pisa,Total,Over 3.5 golos,31,31.0,0.3870967741935484,0.48708609259811286,0.23732875351271562,0.5617619885886803,0.15806451612903225,,,,,0.6,False
I1,Pisa,Total,Cantos total Over 8.5,31,31.0,0.45161290322580644,0.4976531813077907,0.29161482836586106,0.6222812039633085,-0.06451612903225806,,,,,0.2,True
I1,Pisa,Total,Cantos total Over 9.5,31,31.0,0.3870967741935484,0.48708609259811286,0.23732875351271562,0.5617619885886803,-0.009677419354838734,,,,,0.2,True
I1,Pisa,Total,Cantos total Over 10.5,31,31.0,0.2903225806451613,0.4539112025635577,0.16095620718432874,0.4659265995754067,0.006451612903225823,,,,,0.2,False
I1,Pisa,Total,Cantos equipa Over 4.5,31,31.0,0.25806451612903225,0.43756967633066246,0.1370154373686976,0.432464724277151,-0.16612903225806452,,,,,0.2,False
I1,Pisa,Total,Cantos equipa Over 5.5,31,31.0,0.22580645161290322,0.4181123031230877,0.113949915944988,0.3981276005869738,-0.08709677419354842,,,,,0.2,False
I1,Pisa,Total,Equipa ganha cantos,31,31.0,0.2903225806451613,0.4539112025635577,0.16095620718432874,0.4659265995754067,-0.16612903225806452,,,,,0.2,False
I1,Roma,Total,Vitória (1X2),31,31.0,0.5483870967741935,0.49765318130779074,0.37771879603669134,0.7083851716341388,0.17903225806451606,-0.028387096774193522,2.3006451612903227,0.43466068424004484,0.26164412070759635,0.2,True
I1,Roma,Total,Over 2.5 golos,31,31.0,0.3548387096774194,0.4784644185223008,0.21116447741565816,0.5305236195718509,-0.10967741935483871,-0.23677419354838708,2.1296774193548385,0.46955468039987885,-0.24430801248699274,0.8,False
I1,Roma,Total,Under 2.5 golos,31,31.0,0.6451612903225806,0.4784644185223008,0.46947638042814893,0.7888355225843419,0.10967741935483866,0.08838709677419347,1.6806451612903226,0.5950095969289827,0.08428720083246621,0.2,True
I1,Roma,Total,Handicap Asiático (AH),31,,,,,,,0.04741935483870967,1.8429032258064517,0.5426220899702433,,,False
I1,Roma,Total,Casa marca (>=1),31,31.0,0.7741935483870968,0.4181123031230878,0.6018723994130262,0.886050084055012,0.08709677419354833,,,,,1.0,False
I1,Roma,Total,Clean sheet,31,31.0,0.41935483870967744,0.4934535013154308,0.26415303073549257,0.5923403564797902,0.1064516129032258,,,,,0.2,True
I1,Roma,Total,Ambas marcam (BTTS),31,31.0,0.3548387096774194,0.4784644185223008,0.21116447741565816,0.5305236195718509,-0.10967741935483871,,,,,0.8,False
I1,Roma,Total,Over 1.5 golos,31,31.0,0.5806451612903226,0.4934535013154308,0.4076596435202097,0.7358469692645074,-0.1225806451612903,,,,,0.8,False
I1,Roma,Total,Over 3.5 golos,31,31.0,0.16129032258064516,0.3677985242255284,0.07092519905439935,0.32634702724978865,-0.06774193548387097,,,,,0.4,False
I1,Roma,Total,Cantos total Over 8.5,31,31.0,0.45161290322580644,0.4976531813077907,0.29161482836586106,0.6222812039633085,-0.06451612903225806,,,,,0.6,False
I1,Roma,Total,Cantos total Over 9.5,31,31.0,0.2903225806451613,0.4539112025635577,0.16095620718432874,0.4659265995754067,-0.1064516129032258,,,,,0.4,False
I1,Roma,Total,Cantos total Over 10.5,31,31.0,0.25806451612903225,0.43756967633066246,0.1370154373686976,0.432464724277151,-0.025806451612903236,,,,,0.4,False
I1,Roma,Total,Cantos equipa Over 4.5,31,31.0,0.5806451612903226,0.4934535013154308,0.4076596435202097,0.7358469692645074,0.15645161290322585,,,,,0.4,True
I1,Roma,Total,Cantos equipa Over 5.5,31,31.0,0.45161290322580644,0.4976531813077907,0.29161482836586106,0.6222812039633085,0.1387096774193548,,,,,0.4,False
I1,Roma,Total,Equipa ganha cantos,31,31.0,0.6451612903225806,0.4784644185223008,0.46947638042814893,0.7888355225843419,0.1887096774193548,,,,,0.6,False
I1,Sassuolo,Total,Vitória (1X2),31,31.0,0.3870967741935484,0.48708609259811286,0.23732875351271562,0.5617619885886803,0.01774193548387093,0.17483870967741935,4.175161290322581,0.2395117051688171,0.6161914672216442,0.4,False
I1,Sassuolo,Total,Over 2.5 golos,31,31.0,0.5483870967741935,0.49765318130779074,0.37771879603669134,0.7083851716341388,0.08387096774193542,0.107741935483871,2.0103225806451612,0.49743260590500643,0.10243496357960447,0.6,False
I1,Sassuolo,Total,Under 2.5 golos,31,31.0,0.45161290322580644,0.4976531813077907,0.29161482836586106,0.6222812039633085,-0.08387096774193553,-0.19483870967741931,1.7883870967741933,0.5591630591630592,-0.19234131113423525,0.4,False
I1,Sassuolo,Total,Handicap Asiático (AH),31,,,,,,,0.03612903225806454,1.9532258064516128,0.5119735755573906,,,False
I1,Sassuolo,Total,Casa marca (>=1),31,31.0,0.6774193548387096,0.46746376600611095,0.501406855599508,0.8143076925268695,-0.00967741935483879,,,,,0.8,False
I1,Sassuolo,Total,Clean sheet,31,31.0,0.1935483870967742,0.39507899077148034,0.09186883586347631,0.3628060355545985,-0.11935483870967745,,,,,0.0,True
I1,Sassuolo,Total,Ambas marcam (BTTS),31,31.0,0.5161290322580645,0.49973978660740864,0.3484011828697317,0.6803001396872116,0.05161290322580642,,,,,0.8,False
I1,Sassuolo,Total,Over 1.5 golos,31,31.0,0.7419354838709677,0.43756967633066246,0.567535275722849,0.8629845626313023,0.03870967741935483,,,,,0.8,False
I1,Sassuolo,Total,Over 3.5 golos,31,31.0,0.22580645161290322,0.4181123031230877,0.113949915944988,0.3981276005869738,-0.0032258064516129115,,,,,0.0,True
I1,Sassuolo,Total,Cantos total Over 8.5,31,31.0,0.5483870967741935,0.49765318130779074,0.37771879603669134,0.7083851716341388,0.032258064516129004,,,,,0.6,False
I1,Sassuolo,Total,Cantos total Over 9.5,31,31.0,0.4838709677419355,0.49973978660740864,0.3196998603127883,0.6515988171302682,0.08709677419354839,,,,,0.6,False
I1,Sassuolo,Total,Cantos total Over 10.5,31,31.0,0.2903225806451613,0.4539112025635577,0.16095620718432874,0.4659265995754067,0.006451612903225823,,,,,0.6,False
I1,Sassuolo,Total,Cantos equipa Over 4.5,31,31.0,0.3548387096774194,0.4784644185223008,0.21116447741565816,0.5305236195718509,-0.0693548387096774,,,,,0.4,False
I1,Sassuolo,Total,Cantos equipa Over 5.5,31,31.0,0.22580645161290322,0.4181123031230877,0.113949915944988,0.3981276005869738,-0.08709677419354842,,,,,0.4,False
I1,Sassuolo,Total,Equipa ganha cantos,31,31.0,0.25806451612903225,0.43756967633066246,0.1370154373686976,0.432464724277151,-0.19838709677419358,,,,,0.4,False
I1,Torino,Total,Vitória (1X2),31,31.0,0.3225806451612903,0.46746376600611095,0.18569230747313034,0.4985931444004919,-0.04677419354838713,0.010322580645161328,3.957096774193548,0.25271052417053885,0.27648283038501553,0.6,False
I1,Torino,Total,Over 2.5 golos,31,31.0,0.6129032258064516,0.48708609259811286,0.43823801141131963,0.7626712464872842,0.14838709677419354,0.32451612903225807,2.168387096774194,0.4611722701576911,0.3290114464099898,0.6,False
I1,Torino,Total,Under 2.5 golos,31,31.0,0.3870967741935484,0.48708609259811286,0.23732875351271562,0.5617619885886803,-0.1483870967741936,-0.3580645161290323,1.6732258064516132,0.5976479660690186,-0.35229968782518206,0.4,False
I1,Torino,Total,Handicap Asiático (AH),31,,,,,,,-0.022580645161290342,1.9954838709677418,0.5011315874555448,,,False
I1,Torino,Total,Casa marca (>=1),31,31.0,0.7096774193548387,0.45391120256355766,0.5340734004245933,0.8390437928156712,0.022580645161290325,,,,,1.0,False
I1,Torino,Total,Clean sheet,31,31.0,0.3548387096774194,0.4784644185223008,0.21116447741565816,0.5305236195718509,0.04193548387096774,,,,,0.4,False
I1,Torino,Total,Ambas marcam (BTTS),31,31.0,0.45161290322580644,0.4976531813077907,0.29161482836586106,0.6222812039633085,-0.012903225806451646,,,,,0.6,False
I1,Torino,Total,Over 1.5 golos,31,31.0,0.7096774193548387,0.45391120256355766,0.5340734004245933,0.8390437928156712,0.006451612903225823,,,,,0.8,False
I1,Torino,Total,Over 3.5 golos,31,31.0,0.2903225806451613,0.4539112025635577,0.16095620718432874,0.4659265995754067,0.06129032258064518,,,,,0.4,False
I1,Torino,Total,Cantos total Over 8.5,31,31.0,0.5161290322580645,0.49973978660740864,0.3484011828697317,0.6803001396872116,0.0,,,,,0.8,False
I1,Torino,Total,Cantos total Over 9.5,31,31.0,0.41935483870967744,0.4934535013154308,0.26415303073549257,0.5923403564797902,0.022580645161290325,,,,,0.6,False
I1,Torino,Total,Cantos total Over 10.5,31,31.0,0.3225806451612903,0.46746376600611095,0.18569230747313034,0.4985931444004919,0.03870967741935483,,,,,0.4,False
I1,Torino,Total,Cantos equipa Over 4.5,31,31.0,0.3225806451612903,0.46746376600611095,0.18569230747313034,0.4985931444004919,-0.10161290322580646,,,,,0.4,False
I1,Torino,Total,Cantos equipa Over 5.5,31,31.0,0.25806451612903225,0.43756967633066246,0.1370154373686976,0.432464724277151,-0.054838709677419384,,,,,0.4,False
I1,Torino,Total,Equipa ganha cantos,31,31.0,0.41935483870967744,0.4934535013154308,0.26415303073549257,0.5923403564797902,-0.0370967741935484,,,,,0.4,False
I1,Udinese,Total,Vitória (1X2),31,31.0,0.3548387096774194,0.4784644185223008,0.21116447741565816,0.5305236195718509,-0.014516129032258074,0.3574193548387097,3.9238709677419354,0.2548503781650773,0.3923413111342353,0.4,False
I1,Udinese,Total,Over 2.5 golos,31,31.0,0.4838709677419355,0.49973978660740864,0.3196998603127883,0.6515988171302682,0.019354838709677413,0.045806451612903254,2.1348387096774197,0.4684194620731338,0.03298647242455788,0.4,False
I1,Udinese,Total,Under 2.5 golos,31,31.0,0.5161290322580645,0.49973978660740864,0.3484011828697317,0.6803001396872116,-0.01935483870967747,-0.1187096774193548,1.7016129032258065,0.5876777251184834,-0.12174817898022894,0.6,False
I1,Udinese,Total,Handicap Asiático (AH),31,,,,,,,0.06096774193548386,1.9829032258064516,0.5043110460387181,,,False
I1,Udinese,Total,Casa marca (>=1),31,31.0,0.7419354838709677,0.43756967633066246,0.567535275722849,0.8629845626313023,0.05483870967741933,,,,,0.6,False
I1,Udinese,Total,Clean sheet,31,31.0,0.25806451612903225,0.43756967633066246,0.1370154373686976,0.432464724277151,-0.054838709677419384,,,,,0.6,False
I1,Udinese,Total,Ambas marcam (BTTS),31,31.0,0.5161290322580645,0.49973978660740864,0.3484011828697317,0.6803001396872116,0.05161290322580642,,,,,0.2,True
I1,Udinese,Total,Over 1.5 golos,31,31.0,0.7096774193548387,0.45391120256355766,0.5340734004245933,0.8390437928156712,0.006451612903225823,,,,,0.6,False
I1,Udinese,Total,Over 3.5 golos,31,31.0,0.22580645161290322,0.4181123031230877,0.113949915944988,0.3981276005869738,-0.0032258064516129115,,,,,0.2,False
I1,Udinese,Total,Cantos total Over 8.5,31,31.0,0.5483870967741935,0.49765318130779074,0.37771879603669134,0.7083851716341388,0.032258064516129004,,,,,0.2,True
I1,Udinese,Total,Cantos total Over 9.5,31,31.0,0.3870967741935484,0.48708609259811286,0.23732875351271562,0.5617619885886803,-0.009677419354838734,,,,,0.2,True
I1,Udinese,Total,Cantos total Over 10.5,31,31.0,0.3870967741935484,0.48708609259811286,0.23732875351271562,0.5617619885886803,0.10322580645161289,,,,,0.2,True
I1,Udinese,Total,Cantos equipa Over 4.5,31,31.0,0.4838709677419355,0.49973978660740864,0.3196998603127883,0.6515988171302682,0.05967741935483872,,,,,0.4,False
I1,Udinese,Total,Cantos equipa Over 5.5,31,31.0,0.3225806451612903,0.46746376600611095,0.18569230747313034,0.4985931444004919,0.009677419354838679,,,,,0.2,False
I1,Udinese,Total,Equipa ganha cantos,31,31.0,0.4838709677419355,0.49973978660740864,0.3196998603127883,0.6515988171302682,0.027419354838709664,,,,,0.4,False
I1,Verona,Total,Vitória (1X2),31,31.0,0.0967741935483871,0.2956500448358606,0.03346403609464399,0.24900289998177033,-0.2725806451612903,-0.4906451612903226,4.667419354838708,0.21425115764738412,-0.5483142559833508,0.2,False
I1,Verona,Total,Over 2.5 golos,31,31.0,0.5806451612903226,0.4934535013154308,0.4076596435202097,0.7358469692645074,0.11612903225806454,0.283225806451613,2.234516129032258,0.447524180742024,0.29746097814776284,0.4,True
I1,Verona,Total,Under 2.5 golos,31,31.0,0.41935483870967744,0.4934535013154308,0.26415303073549257,0.5923403564797902,-0.11612903225806454,-0.3248387096774193,1.6416129032258064,0.609157005305561,-0.3115816857440167,0.6,False
I1,Verona,Total,Handicap Asiático (AH),31,,,,,,,-0.35048387096774186,1.890967741935484,0.5288297509382462,,,False
I1,Verona,Total,Casa marca (>=1),31,31.0,0.4838709677419355,0.49973978660740864,0.3196998603127883,0.6515988171302682,-0.20322580645161292,,,,,0.4,False
I1,Verona,Total,Clean sheet,31,31.0,0.16129032258064516,0.3677985242255284,0.07092519905439935,0.32634702724978865,-0.15161290322580648,,,,,0.0,True
I1,Verona,Total,Ambas marcam (BTTS),31,31.0,0.4838709677419355,0.49973978660740864,0.3196998603127883,0.6515988171302682,0.019354838709677413,,,,,0.4,False
I1,Verona,Total,Over 1.5 golos,31,31.0,0.7096774193548387,0.45391120256355766,0.5340734004245933,0.8390437928156712,0.006451612903225823,,,,,0.6,False
I1,Verona,Total,Over 3.5 golos,31,31.0,0.25806451612903225,0.43756967633066246,0.1370154373686976,0.432464724277151,0.02903225806451612,,,,,0.0,True
I1,Verona,Total,Cantos total Over 8.5,31,31.0,0.5806451612903226,0.4934535013154308,0.4076596435202097,0.7358469692645074,0.06451612903225812,,,,,0.2,True
I1,Verona,Total,Cantos total Over 9.5,31,31.0,0.3870967741935484,0.48708609259811286,0.23732875351271562,0.5617619885886803,-0.009677419354838734,,,,,0.2,True
I1,Verona,Total,Cantos total Over 10.5,31,31.0,0.2903225806451613,0.4539112025635577,0.16095620718432874,0.4659265995754067,0.006451612903225823,,,,,0.0,True
I1,Verona,Total,Cantos equipa Over 4.5,31,31.0,0.25806451612903225,0.43756967633066246,0.1370154373686976,0.432464724277151,-0.16612903225806452,,,,,0.2,False
I1,Verona,Total,Cantos equipa Over 5.5,31,31.0,0.16129032258064516,0.3677985242255284,0.07092519905439935,0.32634702724978865,-0.15161290322580648,,,,,0.2,False
I1,Verona,Total,Equipa ganha cantos,31,31.0,0.41935483870967744,0.4934535013154308,0.26415303073549257,0.5923403564797902,-0.0370967741935484,,,,,0.6,False
