league,team,scope,market,jogos,n_eventos,hit_rate,hit_std,wilson_lo,wilson_hi,edge_vs_liga,roi_unid_por_aposta,odds_avg,prob_impl,value_estimado,form_recent_5,alerta_tendencia_inversa
P1,AVS,Fora,Vitória (1X2),14,14.0,0.0,0.0,0.0,0.21531701192718142,-0.37,-1.0,8.938571428571427,0.11187470033562412,-1.0,0.0,False
P1,AVS,Fora,Over 2.5 golos,14,14.0,0.7142857142857143,0.45175395145262565,0.4535045882751561,0.882788120898909,0.15428571428571425,0.3450000000000001,1.8900000000000001,0.5291005291005291,0.3500000000000001,0.6,False
P1,AVS,Fora,Under 2.5 golos,14,14.0,0.2857142857142857,0.45175395145262565,0.11721187910109102,0.546495411724844,-0.1542857142857143,-0.44499999999999995,2.002857142857143,0.49928673323823103,-0.42775510204081624,0.4,False
P1,AVS,Fora,Handicap Asiático (AH),14,,,,,,,-0.3792857142857143,2.033571428571429,0.4917456972251492,,,False
P1,AVS,Fora,Casa marca (>=1),14,14.0,0.35714285714285715,0.4791574237499549,0.16344490737202735,0.6123599531785959,-0.3448571428571428,,,,,0.2,True
P1,AVS,Fora,Clean sheet,14,14.0,0.14285714285714285,0.3499271061118826,0.04009307373792117,0.399419077638637,-0.15514285714285714,,,,,0.4,False
P1,AVS,Fora,Ambas marcam (BTTS),14,14.0,0.35714285714285715,0.4791574237499549,0.16344490737202735,0.6123599531785959,-0.11085714285714288,,,,,0.2,True
P1,AVS,Fora,Over 1.5 golos,14,14.0,0.8571428571428571,0.34992710611188266,0.600580922361363,0.9599069262620787,0.09714285714285709,,,,,0.6,True
P1,AVS,Fora,Over 3.5 golos,14,14.0,0.5,0.5,0.2679886791947528,0.7320113208052473,0.2,,,,,0.2,True
P1,AVS,Fora,Cantos total Over 8.5,14,14.0,0.7142857142857143,0.45175395145262565,0.4535045882751561,0.882788120898909,0.15028571428571436,,,,,0.6,False
P1,AVS,Fora,Cantos total Over 9.5,14,14.0,0.5,0.5,0.2679886791947528,0.7320113208052473,0.03999999999999998,,,,,0.4,False
P1,AVS,Fora,Cantos total Over 10.5,14,14.0,0.42857142857142855,0.49487165930539345,0.21380509930400526,0.6740973309713064,0.07257142857142856,,,,,0.4,False
P1,AVS,Fora,Cantos equipa Over 4.5,14,14.0,0.35714285714285715,0.4791574237499549,0.16344490737202735,0.6123599531785959,-0.11685714285714283,,,,,0.2,True
P1,AVS,Fora,Cantos equipa Over 5.5,14,14.0,0.21428571428571427,0.41032590332414487,0.07571248336916371,0.4758972377320828,-0.11371428571428574,,,,,0.2,False
P1,AVS,Fora,Equipa ganha cantos,14,14.0,0.21428571428571427,0.41032590332414487,0.07571248336916371,0.4758972377320828,-0.24771428571428575,,,,,0.0,True
P1,AVS,Casa,Vitória (1X2),14,14.0,0.07142857142857142,0.2575393768188564,0.012721886112291648,0.3146926955395781,-0.2985714285714286,-0.7100000000000001,4.546428571428572,0.2199528672427337,-0.6752551020408164,0.2,False
P1,AVS,Casa,Over 2.5 golos,14,14.0,0.5,0.5,0.2679886791947528,0.7320113208052473,-0.06000000000000005,-0.015000000000000029,2.09,0.47846889952153115,0.04499999999999993,0.4,False
P1,AVS,Casa,Under 2.5 golos,14,14.0,0.5,0.5,0.2679886791947528,0.7320113208052473,0.06,-0.20142857142857137,1.7064285714285712,0.5860192549183759,-0.1467857142857143,0.6,False
P1,AVS,Casa,Handicap Asiático (AH),14,,,,,,,-0.4589285714285714,1.875,0.5333333333333333,,,False
P1,AVS,Casa,Casa marca (>=1),14,14.0,0.42857142857142855,0.49487165930539345,0.21380509930400526,0.6740973309713064,-0.2734285714285714,,,,,0.2,True
P1,AVS,Casa,Clean sheet,14,14.0,0.14285714285714285,0.3499271061118826,0.04009307373792117,0.399419077638637,-0.15514285714285714,,,,,0.4,False
P1,AVS,Casa,Ambas marcam (BTTS),14,14.0,0.35714285714285715,0.4791574237499549,0.16344490737202735,0.6123599531785959,-0.11085714285714288,,,,,0.0,True
P1,AVS,Casa,Over 1.5 golos,14,14.0,0.7142857142857143,0.45175395145262565,0.4535045882751561,0.882788120898909,-0.04571428571428571,,,,,0.4,True
P1,AVS,Casa,Over 3.5 golos,14,14.0,0.2857142857142857,0.45175395145262565,0.11721187910109102,0.546495411724844,-0.01428571428571429,,,,,0.2,False
P1,AVS,Casa,Cantos total Over 8.5,14,14.0,0.42857142857142855,0.49487165930539345,0.21380509930400526,0.6740973309713064,-0.1354285714285714,,,,,0.6,False
P1,AVS,Casa,Cantos total Over 9.5,14,14.0,0.42857142857142855,0.49487165930539345,0.21380509930400526,0.6740973309713064,-0.03142857142857147,,,,,0.6,False
P1,AVS,Casa,Cantos total Over 10.5,14,14.0,0.35714285714285715,0.4791574237499549,0.16344490737202735,0.6123599531785959,0.0011428571428571677,,,,,0.4,False
P1,AVS,Casa,Cantos equipa Over 4.5,14,14.0,0.35714285714285715,0.4791574237499549,0.16344490737202735,0.6123599531785959,-0.11685714285714283,,,,,0.4,False
P1,AVS,Casa,Cantos equipa Over 5.5,14,14.0,0.21428571428571427,0.41032590332414487,0.07571248336916371,0.4758972377320828,-0.11371428571428574,,,,,0.4,False
P1,AVS,Casa,Equipa ganha cantos,14,14.0,0.21428571428571427,0.41032590332414487,0.07571248336916371,0.4758972377320828,-0.24771428571428575,,,,,0.0,True
P1,Alverca,Fora,Vitória (1X2),14,14.0,0.21428571428571427,0.41032590332414487,0.07571248336916371,0.4758972377320828,-0.15571428571428572,-0.4178571428571428,5.807857142857144,0.17218054359857332,0.2445408163265308,0.2,False
P1,Alverca,Fora,Over 2.5 golos,14,14.0,0.6428571428571429,0.4791574237499549,0.3876400468214041,0.8365550926279727,0.08285714285714285,0.32214285714285706,2.0471428571428567,0.48848569434752276,0.31602040816326515,0.6,False
P1,Alverca,Fora,Under 2.5 golos,14,14.0,0.35714285714285715,0.4791574237499549,0.16344490737202735,0.6123599531785959,-0.08285714285714285,-0.33,1.782857142857143,0.5608974358974359,-0.363265306122449,0.4,False
P1,Alverca,Fora,Handicap Asiático (AH),14,,,,,,,0.3503571428571428,2.0064285714285717,0.4983980064079743,,,False
P1,Alverca,Fora,Casa marca (>=1),14,14.0,0.7857142857142857,0.4103259033241449,0.5241027622679172,0.9242875166308363,0.08371428571428574,,,,,1.0,False
P1,Alverca,Fora,Clean sheet,14,14.0,0.07142857142857142,0.2575393768188564,0.012721886112291648,0.3146926955395781,-0.22657142857142856,,,,,0.0,False
P1,Alverca,Fora,Ambas marcam (BTTS),14,14.0,0.7142857142857143,0.45175395145262565,0.4535045882751561,0.882788120898909,0.24628571428571427,,,,,1.0,False
P1,Alverca,Fora,Over 1.5 golos,14,14.0,0.9285714285714286,0.25753937681885636,0.6853073044604219,0.9872781138877085,0.1685714285714286,,,,,1.0,False
P1,Alverca,Fora,Over 3.5 golos,14,14.0,0.35714285714285715,0.4791574237499549,0.16344490737202735,0.6123599531785959,0.05714285714285716,,,,,0.2,True
P1,Alverca,Fora,Cantos total Over 8.5,14,14.0,0.6428571428571429,0.4791574237499549,0.3876400468214041,0.8365550926279727,0.07885714285714296,,,,,1.0,False
P1,Alverca,Fora,Cantos total Over 9.5,14,14.0,0.6428571428571429,0.4791574237499549,0.3876400468214041,0.8365550926279727,0.18285714285714288,,,,,1.0,False
P1,Alverca,Fora,Cantos total Over 10.5,14,14.0,0.2857142857142857,0.45175395145262565,0.11721187910109102,0.546495411724844,-0.07028571428571428,,,,,0.6,False
P1,Alverca,Fora,Cantos equipa Over 4.5,14,14.0,0.42857142857142855,0.49487165930539345,0.21380509930400526,0.6740973309713064,-0.04542857142857143,,,,,0.6,False
P1,Alverca,Fora,Cantos equipa Over 5.5,14,14.0,0.21428571428571427,0.41032590332414487,0.07571248336916371,0.4758972377320828,-0.11371428571428574,,,,,0.4,False
P1,Alverca,Fora,Equipa ganha cantos,14,14.0,0.2857142857142857,0.45175395145262565,0.11721187910109102,0.546495411724844,-0.17628571428571432,,,,,0.4,False
P1,Alverca,Casa,Vitória (1X2),14,14.0,0.35714285714285715,0.4791574237499549,0.16344490737202735,0.6123599531785959,-0.012857142857142845,-0.006428571428571418,4.430000000000001,0.2257336343115124,0.5821428571428573,0.2,True
P1,Alverca,Casa,Over 2.5 golos,14,14.0,0.42857142857142855,0.49487165930539345,0.21380509930400526,0.6740973309713064,-0.1314285714285715,-0.15857142857142859,2.0900000000000003,0.47846889952153104,-0.1042857142857142,0.4,False
P1,Alverca,Casa,Under 2.5 golos,14,14.0,0.5714285714285714,0.4948716593053935,0.3259026690286936,0.7861949006959947,0.1314285714285714,-0.06857142857142857,1.727142857142857,0.5789909015715468,-0.013061224489795964,0.6,False
P1,Alverca,Casa,Handicap Asiático (AH),14,,,,,,,-0.06428571428571428,1.8614285714285717,0.5372217958557175,,,False
P1,Alverca,Casa,Casa marca (>=1),14,14.0,0.7142857142857143,0.45175395145262565,0.4535045882751561,0.882788120898909,0.012285714285714344,,,,,0.8,False
P1,Alverca,Casa,Clean sheet,14,14.0,0.35714285714285715,0.4791574237499549,0.16344490737202735,0.6123599531785959,0.059142857142857164,,,,,0.2,True
P1,Alverca,Casa,Ambas marcam (BTTS),14,14.0,0.42857142857142855,0.49487165930539345,0.21380509930400526,0.6740973309713064,-0.03942857142857148,,,,,0.8,False
P1,Alverca,Casa,Over 1.5 golos,14,14.0,0.7142857142857143,0.45175395145262565,0.4535045882751561,0.882788120898909,-0.04571428571428571,,,,,0.8,False
P1,Alverca,Casa,Over 3.5 golos,14,14.0,0.14285714285714285,0.3499271061118826,0.04009307373792117,0.399419077638637,-0.15714285714285714,,,,,0.2,False
P1,Alverca,Casa,Cantos total Over 8.5,14,14.0,0.21428571428571427,0.41032590332414487,0.07571248336916371,0.4758972377320828,-0.34971428571428564,,,,,0.2,False
P1,Alverca,Casa,Cantos total Over 9.5,14,14.0,0.21428571428571427,0.41032590332414487,0.07571248336916371,0.4758972377320828,-0.24571428571428575,,,,,0.2,False
P1,Alverca,Casa,Cantos total Over 10.5,14,14.0,0.21428571428571427,0.41032590332414487,0.07571248336916371,0.4758972377320828,-0.1417142857142857,,,,,0.2,False
P1,Alverca,Casa,Cantos equipa Over 4.5,14,14.0,0.42857142857142855,0.49487165930539345,0.21380509930400526,0.6740973309713064,-0.04542857142857143,,,,,0.6,False
P1,Alverca,Casa,Cantos equipa Over 5.5,14,14.0,0.21428571428571427,0.41032590332414487,0.07571248336916371,0.4758972377320828,-0.11371428571428574,,,,,0.4,False
P1,Alverca,Casa,Equipa ganha cantos,14,14.0,0.5714285714285714,0.4948716593053935,0.3259026690286936,0.7861949006959947,0.10942857142857138,,,,,1.0,False
P1,Arouca,Fora,Vitória (1X2),14,14.0,0.2857142857142857,0.45175395145262565,0.11721187910109102,0.546495411724844,-0.0842857142857143,-0.2185714285714286,5.242857142857143,0.19073569482288827,0.49795918367346936,0.4,False
P1,Arouca,Fora,Over 2.5 golos,14,14.0,0.6428571428571429,0.4791574237499549,0.3876400468214041,0.8365550926279727,0.08285714285714285,0.19857142857142854,1.9407142857142856,0.5152741994847259,0.24760204081632642,0.6,False
P1,Arouca,Fora,Under 2.5 golos,14,14.0,0.35714285714285715,0.4791574237499549,0.16344490737202735,0.6123599531785959,-0.08285714285714285,-0.39714285714285713,1.8457142857142854,0.541795665634675,-0.3408163265306122,0.4,False
P1,Arouca,Fora,Handicap Asiático (AH),14,,,,,,,-0.11714285714285719,1.8785714285714283,0.5323193916349811,,,False
P1,Arouca,Fora,Casa marca (>=1),14,14.0,0.7142857142857143,0.45175395145262565,0.4535045882751561,0.882788120898909,0.012285714285714344,,,,,0.8,False
P1,Arouca,Fora,Clean sheet,14,14.0,0.2857142857142857,0.45175395145262565,0.11721187910109102,0.546495411724844,-0.012285714285714289,,,,,0.4,False
P1,Arouca,Fora,Ambas marcam (BTTS),14,14.0,0.5,0.5,0.2679886791947528,0.7320113208052473,0.03199999999999997,,,,,0.4,False
P1,Arouca,Fora,Over 1.5 golos,14,14.0,0.7142857142857143,0.45175395145262565,0.4535045882751561,0.882788120898909,-0.04571428571428571,,,,,0.6,False
P1,Arouca,Fora,Over 3.5 golos,14,14.0,0.5,0.5,0.2679886791947528,0.7320113208052473,0.2,,,,,0.4,False
P1,Arouca,Fora,Cantos total Over 8.5,14,14.0,0.35714285714285715,0.4791574237499549,0.16344490737202735,0.6123599531785959,-0.2068571428571428,,,,,0.4,False
P1,Arouca,Fora,Cantos total Over 9.5,14,14.0,0.35714285714285715,0.4791574237499549,0.16344490737202735,0.6123599531785959,-0.10285714285714287,,,,,0.4,False
P1,Arouca,Fora,Cantos total Over 10.5,14,14.0,0.14285714285714285,0.3499271061118826,0.04009307373792117,0.399419077638637,-0.21314285714285713,,,,,0.0,False
P1,Arouca,Fora,Cantos equipa Over 4.5,14,14.0,0.2857142857142857,0.45175395145262565,0.11721187910109102,0.546495411724844,-0.18828571428571428,,,,,0.4,False
P1,Arouca,Fora,Cantos equipa Over 5.5,14,14.0,0.14285714285714285,0.3499271061118826,0.04009307373792117,0.399419077638637,-0.18514285714285716,,,,,0.2,False
P1,Arouca,Fora,Equipa ganha cantos,14,14.0,0.42857142857142855,0.49487165930539345,0.21380509930400526,0.6740973309713064,-0.033428571428571474,,,,,0.4,False
P1,Arouca,Casa,Vitória (1X2),14,14.0,0.35714285714285715,0.4791574237499549,0.16344490737202735,0.6123599531785959,-0.012857142857142845,-0.13142857142857142,4.329285714285715,0.23098498597591155,0.5461734693877554,0.6,False
P1,Arouca,Casa,Over 2.5 golos,14,14.0,0.7142857142857143,0.45175395145262565,0.4535045882751561,0.882788120898909,0.15428571428571425,0.3142857142857142,1.9178571428571425,0.5214152700186221,0.3698979591836733,1.0,False
P1,Arouca,Casa,Under 2.5 golos,14,14.0,0.2857142857142857,0.45175395145262565,0.11721187910109102,0.546495411724844,-0.1542857142857143,-0.5271428571428571,1.8428571428571427,0.5426356589147288,-0.47346938775510217,0.0,True
P1,Arouca,Casa,Handicap Asiático (AH),14,,,,,,,0.1667857142857143,1.8764285714285716,0.5329272934906737,,,False
P1,Arouca,Casa,Casa marca (>=1),14,14.0,0.7142857142857143,0.45175395145262565,0.4535045882751561,0.882788120898909,0.012285714285714344,,,,,1.0,False
P1,Arouca,Casa,Clean sheet,14,14.0,0.14285714285714285,0.3499271061118826,0.04009307373792117,0.399419077638637,-0.15514285714285714,,,,,0.2,False
P1,Arouca,Casa,Ambas marcam (BTTS),14,14.0,0.5714285714285714,0.4948716593053935,0.3259026690286936,0.7861949006959947,0.10342857142857137,,,,,0.8,False
P1,Arouca,Casa,Over 1.5 golos,14,14.0,0.9285714285714286,0.25753937681885636,0.6853073044604219,0.9872781138877085,0.1685714285714286,,,,,1.0,False
P1,Arouca,Casa,Over 3.5 golos,14,14.0,0.5,0.5,0.2679886791947528,0.7320113208052473,0.2,,,,,0.4,False
P1,Arouca,Casa,Cantos total Over 8.5,14,14.0,0.5714285714285714,0.4948716593053935,0.3259026690286936,0.7861949006959947,0.007428571428571451,,,,,0.4,True
P1,Arouca,Casa,Cantos total Over 9.5,14,14.0,0.5,0.5,0.2679886791947528,0.7320113208052473,0.03999999999999998,,,,,0.4,False
P1,Arouca,Casa,Cantos total Over 10.5,14,14.0,0.5,0.5,0.2679886791947528,0.7320113208052473,0.14400000000000002,,,,,0.4,False
P1,Arouca,Casa,Cantos equipa Over 4.5,14,14.0,0.2857142857142857,0.45175395145262565,0.11721187910109102,0.546495411724844,-0.18828571428571428,,,,,0.0,True
P1,Arouca,Casa,Cantos equipa Over 5.5,14,14.0,0.14285714285714285,0.3499271061118826,0.04009307373792117,0.399419077638637,-0.18514285714285716,,,,,0.0,False
P1,Arouca,Casa,Equipa ganha cantos,14,14.0,0.35714285714285715,0.4791574237499549,0.16344490737202735,0.6123599531785959,-0.10485714285714287,,,,,0.2,True
P1,Benfica,Fora,Vitória (1X2),14,14.0,0.7142857142857143,0.45175395145262565,0.4535045882751561,0.882788120898909,0.3442857142857143,-0.049999999999999996,1.5242857142857142,0.6560449859418932,0.0887755102040817,0.6,False
P1,Benfica,Fora,Over 2.5 golos,14,14.0,0.6428571428571429,0.4791574237499549,0.3876400468214041,0.8365550926279727,0.08285714285714285,0.14928571428571427,1.7435714285714288,0.5735354362965996,0.12086734693877577,0.6,False
P1,Benfica,Fora,Under 2.5 golos,14,14.0,0.35714285714285715,0.4791574237499549,0.16344490737202735,0.6123599531785959,-0.08285714285714285,-0.23214285714285715,2.0435714285714286,0.4893393918210416,-0.2701530612244898,0.4,False
P1,Benfica,Fora,Handicap Asiático (AH),14,,,,,,,-0.13999999999999999,2.0214285714285714,0.49469964664310956,,,False
P1,Benfica,Fora,Casa marca (>=1),14,14.0,0.8571428571428571,0.34992710611188266,0.600580922361363,0.9599069262620787,0.15514285714285714,,,,,0.8,False
P1,Benfica,Fora,Clean sheet,14,14.0,0.5,0.5,0.2679886791947528,0.7320113208052473,0.202,,,,,0.2,True
P1,Benfica,Fora,Ambas marcam (BTTS),14,14.0,0.5,0.5,0.2679886791947528,0.7320113208052473,0.03199999999999997,,,,,0.8,False
P1,Benfica,Fora,Over 1.5 golos,14,14.0,0.7857142857142857,0.4103259033241449,0.5241027622679172,0.9242875166308363,0.02571428571428569,,,,,0.8,False
P1,Benfica,Fora,Over 3.5 golos,14,14.0,0.14285714285714285,0.3499271061118826,0.04009307373792117,0.399419077638637,-0.15714285714285714,,,,,0.0,False
P1,Benfica,Fora,Cantos total Over 8.5,14,14.0,0.5,0.5,0.2679886791947528,0.7320113208052473,-0.06399999999999995,,,,,0.6,False
P1,Benfica,Fora,Cantos total Over 9.5,14,14.0,0.35714285714285715,0.4791574237499549,0.16344490737202735,0.6123599531785959,-0.10285714285714287,,,,,0.6,False
P1,Benfica,Fora,Cantos total Over 10.5,14,14.0,0.35714285714285715,0.4791574237499549,0.16344490737202735,0.6123599531785959,0.0011428571428571677,,,,,0.6,False
P1,Benfica,Fora,Cantos equipa Over 4.5,14,14.0,0.5714285714285714,0.4948716593053935,0.3259026690286936,0.7861949006959947,0.09742857142857142,,,,,0.8,False
P1,Benfica,Fora,Cantos equipa Over 5.5,14,14.0,0.5,0.5,0.2679886791947528,0.7320113208052473,0.172,,,,,0.8,False
P1,Benfica,Fora,Equipa ganha cantos,14,14.0,0.5714285714285714,0.4948716593053935,0.3259026690286936,0.7861949006959947,0.10942857142857138,,,,,0.8,False
P1,Benfica,Casa,Vitória (1X2),14,14.0,0.6428571428571429,0.4791574237499549,0.3876400468214041,0.8365550926279727,0.2728571428571429,-0.2278571428571428,1.3785714285714286,0.7253886010362695,-0.11377551020408161,0.8,False
P1,Benfica,Casa,Over 2.5 golos,14,14.0,0.7142857142857143,0.45175395145262565,0.4535045882751561,0.882788120898909,0.15428571428571425,0.12714285714285714,1.6421428571428567,0.6089604175728579,0.17295918367346919,1.0,False
P1,Benfica,Casa,Under 2.5 golos,14,14.0,0.2857142857142857,0.45175395145262565,0.11721187910109102,0.546495411724844,-0.1542857142857143,-0.41428571428571426,2.2735714285714286,0.43983663210807417,-0.3504081632653062,0.0,True
P1,Benfica,Casa,Handicap Asiático (AH),14,,,,,,,-0.13964285714285718,1.8557142857142854,0.5388760585065436,,,False
P1,Benfica,Casa,Casa marca (>=1),14,14.0,1.0,0.0,0.7846829880728186,1.0,0.29800000000000004,,,,,1.0,False
P1,Benfica,Casa,Clean sheet,14,14.0,0.42857142857142855,0.49487165930539345,0.21380509930400526,0.6740973309713064,0.13057142857142856,,,,,0.6,False
P1,Benfica,Casa,Ambas marcam (BTTS),14,14.0,0.5714285714285714,0.4948716593053935,0.3259026690286936,0.7861949006959947,0.10342857142857137,,,,,0.4,True
P1,Benfica,Casa,Over 1.5 golos,14,14.0,0.9285714285714286,0.25753937681885636,0.6853073044604219,0.9872781138877085,0.1685714285714286,,,,,1.0,False
P1,Benfica,Casa,Over 3.5 golos,14,14.0,0.35714285714285715,0.4791574237499549,0.16344490737202735,0.6123599531785959,0.05714285714285716,,,,,0.4,False
P1,Benfica,Casa,Cantos total Over 8.5,14,14.0,0.6428571428571429,0.4791574237499549,0.3876400468214041,0.8365550926279727,0.07885714285714296,,,,,0.8,False
P1,Benfica,Casa,Cantos total Over 9.5,14,14.0,0.5714285714285714,0.4948716593053935,0.3259026690286936,0.7861949006959947,0.11142857142857138,,,,,0.8,False
P1,Benfica,Casa,Cantos total Over 10.5,14,14.0,0.2857142857142857,0.45175395145262565,0.11721187910109102,0.546495411724844,-0.07028571428571428,,,,,0.4,False
P1,Benfica,Casa,Cantos equipa Over 4.5,14,14.0,0.7142857142857143,0.45175395145262565,0.4535045882751561,0.882788120898909,0.24028571428571432,,,,,0.8,False
P1,Benfica,Casa,Cantos equipa Over 5.5,14,14.0,0.6428571428571429,0.4791574237499549,0.3876400468214041,0.8365550926279727,0.3148571428571429,,,,,0.8,False
P1,Benfica,Casa,Equipa ganha cantos,14,14.0,0.7857142857142857,0.4103259033241449,0.5241027622679172,0.9242875166308363,0.3237142857142857,,,,,0.8,False
P1,Casa Pia,Fora,Vitória (1X2),14,14.0,0.21428571428571427,0.41032590332414487,0.07571248336916371,0.4758972377320828,-0.15571428571428572,-0.3,6.03,0.16583747927031509,0.29214285714285704,0.0,True
P1,Casa Pia,Fora,Over 2.5 golos,14,14.0,0.5714285714285714,0.4948716593053935,0.3259026690286936,0.7861949006959947,0.011428571428571344,0.11714285714285715,2.030714285714286,0.4924375659514596,0.16040816326530627,0.4,True
P1,Casa Pia,Fora,Under 2.5 golos,14,14.0,0.42857142857142855,0.49487165930539345,0.21380509930400526,0.6740973309713064,-0.011428571428571455,-0.2792857142857143,1.8000000000000003,0.5555555555555555,-0.22857142857142854,0.6,False
P1,Casa Pia,Fora,Handicap Asiático (AH),14,,,,,,,-0.22857142857142856,1.8614285714285719,0.5372217958557175,,,False
P1,Casa Pia,Fora,Casa marca (>=1),14,14.0,0.42857142857142855,0.49487165930539345,0.21380509930400526,0.6740973309713064,-0.2734285714285714,,,,,0.0,True
P1,Casa Pia,Fora,Clean sheet,14,14.0,0.2857142857142857,0.45175395145262565,0.11721187910109102,0.546495411724844,-0.012285714285714289,,,,,0.4,False
P1,Casa Pia,Fora,Ambas marcam (BTTS),14,14.0,0.2857142857142857,0.45175395145262565,0.11721187910109102,0.546495411724844,-0.18228571428571433,,,,,0.0,True
P1,Casa Pia,Fora,Over 1.5 golos,14,14.0,0.7857142857142857,0.4103259033241449,0.5241027622679172,0.9242875166308363,0.02571428571428569,,,,,0.6,True
P1,Casa Pia,Fora,Over 3.5 golos,14,14.0,0.35714285714285715,0.4791574237499549,0.16344490737202735,0.6123599531785959,0.05714285714285716,,,,,0.2,True
P1,Casa Pia,Fora,Cantos total Over 8.5,14,14.0,0.7142857142857143,0.45175395145262565,0.4535045882751561,0.882788120898909,0.15028571428571436,,,,,0.8,False
P1,Casa Pia,Fora,Cantos total Over 9.5,14,14.0,0.5714285714285714,0.4948716593053935,0.3259026690286936,0.7861949006959947,0.11142857142857138,,,,,0.6,False
P1,Casa Pia,Fora,Cantos total Over 10.5,14,14.0,0.42857142857142855,0.49487165930539345,0.21380509930400526,0.6740973309713064,0.07257142857142856,,,,,0.4,False
P1,Casa Pia,Fora,Cantos equipa Over 4.5,14,14.0,0.42857142857142855,0.49487165930539345,0.21380509930400526,0.6740973309713064,-0.04542857142857143,,,,,0.6,False
P1,Casa Pia,Fora,Cantos equipa Over 5.5,14,14.0,0.35714285714285715,0.4791574237499549,0.16344490737202735,0.6123599531785959,0.029142857142857137,,,,,0.4,False
P1,Casa Pia,Fora,Equipa ganha cantos,14,14.0,0.2857142857142857,0.45175395145262565,0.11721187910109102,0.546495411724844,-0.17628571428571432,,,,,0.4,False
P1,Casa Pia,Casa,Vitória (1X2),13,13.0,0.15384615384615385,0.36080121229410994,0.04325726318273798,0.4223517050863101,-0.21615384615384614,0.03000000000000001,4.476923076923077,0.2233676975945017,-0.31124260355029576,0.4,False
P1,Casa Pia,Casa,Over 2.5 golos,13,13.0,0.38461538461538464,0.4865042554105199,0.17709446581236818,0.6447751902773147,-0.17538461538461542,-0.18923076923076926,2.143846153846154,0.46645138141370646,-0.17544378698224838,0.6,False
P1,Casa Pia,Casa,Under 2.5 golos,13,13.0,0.6153846153846154,0.4865042554105199,0.3552248097226855,0.8229055341876319,0.17538461538461542,0.05307692307692309,1.6984615384615382,0.588768115942029,0.04520710059171584,0.4,True
P1,Casa Pia,Casa,Handicap Asiático (AH),13,,,,,,,-0.07653846153846154,1.8976923076923076,0.526955816781516,,,False
P1,Casa Pia,Casa,Casa marca (>=1),13,13.0,0.6923076923076923,0.46153846153846156,0.4236888781333764,0.873195028383819,-0.009692307692307667,,,,,1.0,False
P1,Casa Pia,Casa,Clean sheet,13,13.0,0.07692307692307693,0.2664693550105965,0.013710066379696304,0.3331453392824736,-0.22107692307692306,,,,,0.0,False
P1,Casa Pia,Casa,Ambas marcam (BTTS),13,13.0,0.6923076923076923,0.46153846153846156,0.4236888781333764,0.873195028383819,0.22430769230769226,,,,,1.0,False
P1,Casa Pia,Casa,Over 1.5 golos,13,13.0,0.9230769230769231,0.26646935501059643,0.6668546607175265,0.9862899336203037,0.16307692307692312,,,,,1.0,False
P1,Casa Pia,Casa,Over 3.5 golos,13,13.0,0.3076923076923077,0.46153846153846156,0.1268049716161809,0.5763111218666236,0.0076923076923077205,,,,,0.4,False
P1,Casa Pia,Casa,Cantos total Over 8.5,13,13.0,0.5384615384615384,0.4985185152621431,0.29143432431832045,0.7679424569851186,-0.02553846153846151,,,,,0.6,False
P1,Casa Pia,Casa,Cantos total Over 9.5,13,13.0,0.46153846153846156,0.4985185152621431,0.23205754301488138,0.7085656756816795,0.001538461538461544,,,,,0.6,False
P1,Casa Pia,Casa,Cantos total Over 10.5,13,13.0,0.3076923076923077,0.46153846153846156,0.1268049716161809,0.5763111218666236,-0.048307692307692274,,,,,0.4,False
P1,Casa Pia,Casa,Cantos equipa Over 4.5,13,13.0,0.3076923076923077,0.46153846153846156,0.1268049716161809,0.5763111218666236,-0.16630769230769227,,,,,0.0,True
P1,Casa Pia,Casa,Cantos equipa Over 5.5,13,13.0,0.15384615384615385,0.36080121229410994,0.04325726318273798,0.4223517050863101,-0.17415384615384616,,,,,0.0,True
P1,Casa Pia,Casa,Equipa ganha cantos,13,13.0,0.23076923076923078,0.42132504423474315,0.08179379092465708,0.5025687399512693,-0.23123076923076924,,,,,0.0,True
P1,Estoril,Fora,Vitória (1X2),14,14.0,0.2857142857142857,0.45175395145262565,0.11721187910109102,0.546495411724844,-0.0842857142857143,-0.19785714285714287,4.760714285714285,0.2100525131282821,0.36020408163265283,0.4,False
P1,Estoril,Fora,Over 2.5 golos,14,14.0,0.7857142857142857,0.4103259033241449,0.5241027622679172,0.9242875166308363,0.22571428571428565,0.4457142857142857,1.8335714285714284,0.5453837164004676,0.4406632653061222,0.8,False
P1,Estoril,Fora,Under 2.5 golos,14,14.0,0.21428571428571427,0.41032590332414487,0.07571248336916371,0.4758972377320828,-0.22571428571428573,-0.5721428571428572,2.004285714285714,0.49893086243763374,-0.5705102040816328,0.2,False
P1,Estoril,Fora,Handicap Asiático (AH),14,,,,,,,0.06999999999999999,2.0507142857142857,0.4876349703935911,,,False
P1,Estoril,Fora,Casa marca (>=1),14,14.0,0.6428571428571429,0.4791574237499549,0.3876400468214041,0.8365550926279727,-0.05914285714285705,,,,,0.6,False
P1,Estoril,Fora,Clean sheet,14,14.0,0.21428571428571427,0.41032590332414487,0.07571248336916371,0.4758972377320828,-0.08371428571428571,,,,,0.2,False
P1,Estoril,Fora,Ambas marcam (BTTS),14,14.0,0.42857142857142855,0.49487165930539345,0.21380509930400526,0.6740973309713064,-0.03942857142857148,,,,,0.4,False
P1,Estoril,Fora,Over 1.5 golos,14,14.0,0.8571428571428571,0.34992710611188266,0.600580922361363,0.9599069262620787,0.09714285714285709,,,,,0.8,False
P1,Estoril,Fora,Over 3.5 golos,14,14.0,0.6428571428571429,0.4791574237499549,0.3876400468214041,0.8365550926279727,0.3428571428571429,,,,,0.4,True
P1,Estoril,Fora,Cantos total Over 8.5,14,14.0,0.5,0.5,0.2679886791947528,0.7320113208052473,-0.06399999999999995,,,,,0.6,False
P1,Estoril,Fora,Cantos total Over 9.5,14,14.0,0.35714285714285715,0.4791574237499549,0.16344490737202735,0.6123599531785959,-0.10285714285714287,,,,,0.4,False
P1,Estoril,Fora,Cantos total Over 10.5,14,14.0,0.2857142857142857,0.45175395145262565,0.11721187910109102,0.546495411724844,-0.07028571428571428,,,,,0.4,False
P1,Estoril,Fora,Cantos equipa Over 4.5,14,14.0,0.35714285714285715,0.4791574237499549,0.16344490737202735,0.6123599531785959,-0.11685714285714283,,,,,0.4,False
P1,Estoril,Fora,Cantos equipa Over 5.5,14,14.0,0.2857142857142857,0.45175395145262565,0.11721187910109102,0.546495411724844,-0.042285714285714315,,,,,0.2,False
P1,Estoril,Fora,Equipa ganha cantos,14,14.0,0.35714285714285715,0.4791574237499549,0.16344490737202735,0.6123599531785959,-0.10485714285714287,,,,,0.0,True
P1,Estoril,Casa,Vitória (1X2),14,14.0,0.42857142857142855,0.49487165930539345,0.21380509930400526,0.6740973309713064,0.05857142857142855,0.17642857142857146,2.7835714285714284,0.359250705671029,0.1929591836734692,0.4,False
P1,Estoril,Casa,Over 2.5 golos,14,14.0,0.5714285714285714,0.4948716593053935,0.3259026690286936,0.7861949006959947,0.011428571428571344,0.10071428571428569,1.9171428571428568,0.5216095380029807,0.09551020408163247,0.8,False
P1,Estoril,Casa,Under 2.5 golos,14,14.0,0.42857142857142855,0.49487165930539345,0.21380509930400526,0.6740973309713064,-0.011428571428571455,-0.19500000000000003,1.8421428571428573,0.5428460643660333,-0.21051020408163268,0.2,True
P1,Estoril,Casa,Handicap Asiático (AH),14,,,,,,,-0.04071428571428572,1.8685714285714288,0.5351681957186544,,,False
P1,Estoril,Casa,Casa marca (>=1),14,14.0,0.7857142857142857,0.4103259033241449,0.5241027622679172,0.9242875166308363,0.08371428571428574,,,,,0.8,False
P1,Estoril,Casa,Clean sheet,14,14.0,0.14285714285714285,0.3499271061118826,0.04009307373792117,0.399419077638637,-0.15514285714285714,,,,,0.2,False
P1,Estoril,Casa,Ambas marcam (BTTS),14,14.0,0.7142857142857143,0.45175395145262565,0.4535045882751561,0.882788120898909,0.24628571428571427,,,,,0.8,False
P1,Estoril,Casa,Over 1.5 golos,14,14.0,0.7142857142857143,0.45175395145262565,0.4535045882751561,0.882788120898909,-0.04571428571428571,,,,,0.8,False
P1,Estoril,Casa,Over 3.5 golos,14,14.0,0.5,0.5,0.2679886791947528,0.7320113208052473,0.2,,,,,0.6,False
P1,Estoril,Casa,Cantos total Over 8.5,14,14.0,0.6428571428571429,0.4791574237499549,0.3876400468214041,0.8365550926279727,0.07885714285714296,,,,,0.6,False
P1,Estoril,Casa,Cantos total Over 9.5,14,14.0,0.5,0.5,0.2679886791947528,0.7320113208052473,0.03999999999999998,,,,,0.2,True
P1,Estoril,Casa,Cantos total Over 10.5,14,14.0,0.42857142857142855,0.49487165930539345,0.21380509930400526,0.6740973309713064,0.07257142857142856,,,,,0.2,True
P1,Estoril,Casa,Cantos equipa Over 4.5,14,14.0,0.42857142857142855,0.49487165930539345,0.21380509930400526,0.6740973309713064,-0.04542857142857143,,,,,0.4,False
P1,Estoril,Casa,Cantos equipa Over 5.5,14,14.0,0.2857142857142857,0.45175395145262565,0.11721187910109102,0.546495411724844,-0.042285714285714315,,,,,0.2,False
P1,Estoril,Casa,Equipa ganha cantos,14,14.0,0.42857142857142855,0.49487165930539345,0.21380509930400526,0.6740973309713064,-0.033428571428571474,,,,,0.6,False
P1,Estrela,Fora,Vitória (1X2),14,14.0,0.14285714285714285,0.3499271061118826,0.04009307373792117,0.399419077638637,-0.22714285714285715,-0.33285714285714285,6.894285714285715,0.14504765851636964,-0.015102040816326379,0.0,False
P1,Estrela,Fora,Over 2.5 golos,14,14.0,0.5,0.5,0.2679886791947528,0.7320113208052473,-0.06000000000000005,-0.08642857142857145,2.014285714285714,0.49645390070921996,0.0071428571428568954,0.4,False
P1,Estrela,Fora,Under 2.5 golos,14,14.0,0.5,0.5,0.2679886791947528,0.7320113208052473,0.06,-0.1878571428571428,1.832142857142857,0.5458089668615984,-0.08392857142857135,0.6,False
P1,Estrela,Fora,Handicap Asiático (AH),14,,,,,,,-0.09821428571428571,1.8371428571428576,0.5443234836702954,,,False
P1,Estrela,Fora,Casa marca (>=1),14,14.0,0.5,0.5,0.2679886791947528,0.7320113208052473,-0.20199999999999996,,,,,0.6,False
P1,Estrela,Fora,Clean sheet,14,14.0,0.21428571428571427,0.41032590332414487,0.07571248336916371,0.4758972377320828,-0.08371428571428571,,,,,0.2,False
P1,Estrela,Fora,Ambas marcam (BTTS),14,14.0,0.5,0.5,0.2679886791947528,0.7320113208052473,0.03199999999999997,,,,,0.6,False
P1,Estrela,Fora,Over 1.5 golos,14,14.0,0.7857142857142857,0.4103259033241449,0.5241027622679172,0.9242875166308363,0.02571428571428569,,,,,0.8,False
P1,Estrela,Fora,Over 3.5 golos,14,14.0,0.35714285714285715,0.4791574237499549,0.16344490737202735,0.6123599531785959,0.05714285714285716,,,,,0.0,True
P1,Estrela,Fora,Cantos total Over 8.5,14,14.0,0.5,0.5,0.2679886791947528,0.7320113208052473,-0.06399999999999995,,,,,1.0,False
P1,Estrela,Fora,Cantos total Over 9.5,14,14.0,0.5,0.5,0.2679886791947528,0.7320113208052473,0.03999999999999998,,,,,1.0,False
P1,Estrela,Fora,Cantos total Over 10.5,14,14.0,0.5,0.5,0.2679886791947528,0.7320113208052473,0.14400000000000002,,,,,1.0,False
P1,Estrela,Fora,Cantos equipa Over 4.5,14,14.0,0.21428571428571427,0.41032590332414487,0.07571248336916371,0.4758972377320828,-0.2597142857142857,,,,,0.4,False
P1,Estrela,Fora,Cantos equipa Over 5.5,14,14.0,0.21428571428571427,0.41032590332414487,0.07571248336916371,0.4758972377320828,-0.11371428571428574,,,,,0.4,False
P1,Estrela,Fora,Equipa ganha cantos,14,14.0,0.21428571428571427,0.41032590332414487,0.07571248336916371,0.4758972377320828,-0.24771428571428575,,,,,0.4,False
P1,Estrela,Casa,Vitória (1X2),14,14.0,0.2857142857142857,0.45175395145262565,0.11721187910109102,0.546495411724844,-0.0842857142857143,-0.29,3.7528571428571422,0.26646364674533696,0.07224489795918343,0.4,False
P1,Estrela,Casa,Over 2.5 golos,14,14.0,0.5714285714285714,0.4948716593053935,0.3259026690286936,0.7861949006959947,0.011428571428571344,0.1985714285714286,2.123571428571428,0.4709048099562732,0.2134693877551017,0.6,False
P1,Estrela,Casa,Under 2.5 golos,14,14.0,0.42857142857142855,0.49487165930539345,0.21380509930400526,0.6740973309713064,-0.011428571428571455,-0.26928571428571424,1.6892857142857145,0.5919661733615221,-0.27602040816326523,0.4,False
P1,Estrela,Casa,Handicap Asiático (AH),14,,,,,,,0.05857142857142857,1.8985714285714288,0.5267118133935289,,,False
P1,Estrela,Casa,Casa marca (>=1),14,14.0,0.6428571428571429,0.4791574237499549,0.3876400468214041,0.8365550926279727,-0.05914285714285705,,,,,0.6,False
P1,Estrela,Casa,Clean sheet,14,14.0,0.2857142857142857,0.45175395145262565,0.11721187910109102,0.546495411724844,-0.012285714285714289,,,,,0.4,False
P1,Estrela,Casa,Ambas marcam (BTTS),14,14.0,0.42857142857142855,0.49487165930539345,0.21380509930400526,0.6740973309713064,-0.03942857142857148,,,,,0.2,True
P1,Estrela,Casa,Over 1.5 golos,14,14.0,0.7857142857142857,0.4103259033241449,0.5241027622679172,0.9242875166308363,0.02571428571428569,,,,,0.8,False
P1,Estrela,Casa,Over 3.5 golos,14,14.0,0.42857142857142855,0.49487165930539345,0.21380509930400526,0.6740973309713064,0.12857142857142856,,,,,0.6,False
P1,Estrela,Casa,Cantos total Over 8.5,14,14.0,0.42857142857142855,0.49487165930539345,0.21380509930400526,0.6740973309713064,-0.1354285714285714,,,,,0.2,True
P1,Estrela,Casa,Cantos total Over 9.5,14,14.0,0.21428571428571427,0.41032590332414487,0.07571248336916371,0.4758972377320828,-0.24571428571428575,,,,,0.0,True
P1,Estrela,Casa,Cantos total Over 10.5,14,14.0,0.14285714285714285,0.3499271061118826,0.04009307373792117,0.399419077638637,-0.21314285714285713,,,,,0.0,False
P1,Estrela,Casa,Cantos equipa Over 4.5,14,14.0,0.5,0.5,0.2679886791947528,0.7320113208052473,0.026000000000000023,,,,,0.4,False
P1,Estrela,Casa,Cantos equipa Over 5.5,14,14.0,0.21428571428571427,0.41032590332414487,0.07571248336916371,0.4758972377320828,-0.11371428571428574,,,,,0.2,False
P1,Estrela,Casa,Equipa ganha cantos,14,14.0,0.42857142857142855,0.49487165930539345,0.21380509930400526,0.6740973309713064,-0.033428571428571474,,,,,0.4,False
P1,Famalicao,Fora,Vitória (1X2),14,14.0,0.35714285714285715,0.4791574237499549,0.16344490737202735,0.6123599531785959,-0.012857142857142845,-0.15071428571428575,3.6092857142857144,0.2770631308133782,0.289030612244898,0.2,True
P1,Famalicao,Fora,Over 2.5 golos,14,14.0,0.2857142857142857,0.45175395145262565,0.11721187910109102,0.546495411724844,-0.27428571428571435,-0.41000000000000003,2.047142857142857,0.4884856943475227,-0.4151020408163266,0.6,False
P1,Famalicao,Fora,Under 2.5 golos,14,14.0,0.7142857142857143,0.45175395145262565,0.4535045882751561,0.882788120898909,0.2742857142857143,0.2457142857142857,1.7292857142857143,0.5782734407269723,0.23520408163265327,0.4,True
P1,Famalicao,Fora,Handicap Asiático (AH),14,,,,,,,0.17071428571428574,2.0092857142857143,0.4976892996800569,,,False
P1,Famalicao,Fora,Casa marca (>=1),14,14.0,0.6428571428571429,0.4791574237499549,0.3876400468214041,0.8365550926279727,-0.05914285714285705,,,,,0.4,True
P1,Famalicao,Fora,Clean sheet,14,14.0,0.35714285714285715,0.4791574237499549,0.16344490737202735,0.6123599531785959,0.059142857142857164,,,,,0.2,True
P1,Famalicao,Fora,Ambas marcam (BTTS),14,14.0,0.35714285714285715,0.4791574237499549,0.16344490737202735,0.6123599531785959,-0.11085714285714288,,,,,0.4,False
P1,Famalicao,Fora,Over 1.5 golos,14,14.0,0.42857142857142855,0.49487165930539345,0.21380509930400526,0.6740973309713064,-0.33142857142857146,,,,,0.6,False
P1,Famalicao,Fora,Over 3.5 golos,14,14.0,0.21428571428571427,0.41032590332414487,0.07571248336916371,0.4758972377320828,-0.08571428571428572,,,,,0.4,False
P1,Famalicao,Fora,Cantos total Over 8.5,14,14.0,0.6428571428571429,0.4791574237499549,0.3876400468214041,0.8365550926279727,0.07885714285714296,,,,,0.6,False
P1,Famalicao,Fora,Cantos total Over 9.5,14,14.0,0.5,0.5,0.2679886791947528,0.7320113208052473,0.03999999999999998,,,,,0.6,False
P1,Famalicao,Fora,Cantos total Over 10.5,14,14.0,0.42857142857142855,0.49487165930539345,0.21380509930400526,0.6740973309713064,0.07257142857142856,,,,,0.4,False
P1,Famalicao,Fora,Cantos equipa Over 4.5,14,14.0,0.42857142857142855,0.49487165930539345,0.21380509930400526,0.6740973309713064,-0.04542857142857143,,,,,0.4,False
P1,Famalicao,Fora,Cantos equipa Over 5.5,14,14.0,0.35714285714285715,0.4791574237499549,0.16344490737202735,0.6123599531785959,0.029142857142857137,,,,,0.2,True
P1,Famalicao,Fora,Equipa ganha cantos,14,14.0,0.42857142857142855,0.49487165930539345,0.21380509930400526,0.6740973309713064,-0.033428571428571474,,,,,0.2,True
P1,Famalicao,Casa,Vitória (1X2),14,14.0,0.5714285714285714,0.4948716593053935,0.3259026690286936,0.7861949006959947,0.2014285714285714,0.007857142857142816,2.5228571428571427,0.3963759909399774,0.44163265306122423,1.0,False
P1,Famalicao,Casa,Over 2.5 golos,14,14.0,0.5,0.5,0.2679886791947528,0.7320113208052473,-0.06000000000000005,-0.037857142857142874,1.9621428571428567,0.5096468875136514,-0.01892857142857174,0.4,False
P1,Famalicao,Casa,Under 2.5 golos,14,14.0,0.5,0.5,0.2679886791947528,0.7320113208052473,0.06,-0.12214285714285712,1.787857142857143,0.5593288054334797,-0.10607142857142848,0.6,False
P1,Famalicao,Casa,Handicap Asiático (AH),14,,,,,,,0.20392857142857143,1.8349999999999997,0.5449591280653951,,,False
P1,Famalicao,Casa,Casa marca (>=1),14,14.0,0.7857142857142857,0.4103259033241449,0.5241027622679172,0.9242875166308363,0.08371428571428574,,,,,1.0,False
P1,Famalicao,Casa,Clean sheet,14,14.0,0.6428571428571429,0.4791574237499549,0.3876400468214041,0.8365550926279727,0.3448571428571429,,,,,0.8,False
P1,Famalicao,Casa,Ambas marcam (BTTS),14,14.0,0.2857142857142857,0.45175395145262565,0.11721187910109102,0.546495411724844,-0.18228571428571433,,,,,0.2,False
P1,Famalicao,Casa,Over 1.5 golos,14,14.0,0.6428571428571429,0.4791574237499549,0.3876400468214041,0.8365550926279727,-0.1171428571428571,,,,,0.6,False
P1,Famalicao,Casa,Over 3.5 golos,14,14.0,0.21428571428571427,0.41032590332414487,0.07571248336916371,0.4758972377320828,-0.08571428571428572,,,,,0.2,False
P1,Famalicao,Casa,Cantos total Over 8.5,14,14.0,0.7142857142857143,0.45175395145262565,0.4535045882751561,0.882788120898909,0.15028571428571436,,,,,0.6,False
P1,Famalicao,Casa,Cantos total Over 9.5,14,14.0,0.5,0.5,0.2679886791947528,0.7320113208052473,0.03999999999999998,,,,,0.4,False
P1,Famalicao,Casa,Cantos total Over 10.5,14,14.0,0.5,0.5,0.2679886791947528,0.7320113208052473,0.14400000000000002,,,,,0.4,False
P1,Famalicao,Casa,Cantos equipa Over 4.5,14,14.0,0.5714285714285714,0.4948716593053935,0.3259026690286936,0.7861949006959947,0.09742857142857142,,,,,0.8,False
P1,Famalicao,Casa,Cantos equipa Over 5.5,14,14.0,0.35714285714285715,0.4791574237499549,0.16344490737202735,0.6123599531785959,0.029142857142857137,,,,,0.6,False
P1,Famalicao,Casa,Equipa ganha cantos,14,14.0,0.5,0.5,0.2679886791947528,0.7320113208052473,0.03799999999999998,,,,,0.6,False
P1,Gil Vicente,Fora,Vitória (1X2),14,14.0,0.2857142857142857,0.45175395145262565,0.11721187910109102,0.546495411724844,-0.0842857142857143,-0.0128571428571429,3.61,0.2770083102493075,0.03142857142857136,0.2,False
P1,Gil Vicente,Fora,Over 2.5 golos,14,14.0,0.5,0.5,0.2679886791947528,0.7320113208052473,-0.06000000000000005,0.047857142857142855,2.1878571428571427,0.45706823375775385,0.09392857142857136,0.8,False
P1,Gil Vicente,Fora,Under 2.5 golos,14,14.0,0.5,0.5,0.2679886791947528,0.7320113208052473,0.06,-0.20642857142857146,1.6435714285714285,0.6084311169056932,-0.17821428571428577,0.2,True
P1,Gil Vicente,Fora,Handicap Asiático (AH),14,,,,,,,-0.12571428571428572,1.8571428571428574,0.5384615384615383,,,False
P1,Gil Vicente,Fora,Casa marca (>=1),14,14.0,0.7142857142857143,0.45175395145262565,0.4535045882751561,0.882788120898909,0.012285714285714344,,,,,0.6,False
P1,Gil Vicente,Fora,Clean sheet,14,14.0,0.35714285714285715,0.4791574237499549,0.16344490737202735,0.6123599531785959,0.059142857142857164,,,,,0.0,True
P1,Gil Vicente,Fora,Ambas marcam (BTTS),14,14.0,0.5,0.5,0.2679886791947528,0.7320113208052473,0.03199999999999997,,,,,0.6,False
P1,Gil Vicente,Fora,Over 1.5 golos,14,14.0,0.7142857142857143,0.45175395145262565,0.4535045882751561,0.882788120898909,-0.04571428571428571,,,,,0.8,False
P1,Gil Vicente,Fora,Over 3.5 golos,14,14.0,0.2857142857142857,0.45175395145262565,0.11721187910109102,0.546495411724844,-0.01428571428571429,,,,,0.4,False
P1,Gil Vicente,Fora,Cantos total Over 8.5,14,14.0,0.6428571428571429,0.4791574237499549,0.3876400468214041,0.8365550926279727,0.07885714285714296,,,,,0.6,False
P1,Gil Vicente,Fora,Cantos total Over 9.5,14,14.0,0.5,0.5,0.2679886791947528,0.7320113208052473,0.03999999999999998,,,,,0.4,False
P1,Gil Vicente,Fora,Cantos total Over 10.5,14,14.0,0.5,0.5,0.2679886791947528,0.7320113208052473,0.14400000000000002,,,,,0.4,False
P1,Gil Vicente,Fora,Cantos equipa Over 4.5,14,14.0,0.6428571428571429,0.4791574237499549,0.3876400468214041,0.8365550926279727,0.16885714285714293,,,,,0.6,False
P1,Gil Vicente,Fora,Cantos equipa Over 5.5,14,14.0,0.6428571428571429,0.4791574237499549,0.3876400468214041,0.8365550926279727,0.3148571428571429,,,,,0.6,False
P1,Gil Vicente,Fora,Equipa ganha cantos,14,14.0,0.7142857142857143,0.45175395145262565,0.4535045882751561,0.882788120898909,0.2522857142857143,,,,,0.6,False
P1,Gil Vicente,Casa,Vitória (1X2),14,14.0,0.5714285714285714,0.4948716593053935,0.3259026690286936,0.7861949006959947,0.2014285714285714,0.27499999999999997,2.9885714285714284,0.33460803059273425,0.7077551020408162,0.6,False
P1,Gil Vicente,Casa,Over 2.5 golos,14,14.0,0.5,0.5,0.2679886791947528,0.7320113208052473,-0.06000000000000005,0.01642857142857144,2.1478571428571427,0.46558031260392424,0.07392857142857134,1.0,False
P1,Gil Vicente,Casa,Under 2.5 golos,14,14.0,0.5,0.5,0.2679886791947528,0.7320113208052473,0.06,-0.18857142857142856,1.6714285714285715,0.5982905982905983,-0.16428571428571426,0.0,True
P1,Gil Vicente,Casa,Handicap Asiático (AH),14,,,,,,,0.25035714285714283,1.8585714285714285,0.5380476556495004,,,False
P1,Gil Vicente,Casa,Casa marca (>=1),14,14.0,0.8571428571428571,0.34992710611188266,0.600580922361363,0.9599069262620787,0.15514285714285714,,,,,1.0,False
P1,Gil Vicente,Casa,Clean sheet,14,14.0,0.42857142857142855,0.49487165930539345,0.21380509930400526,0.6740973309713064,0.13057142857142856,,,,,0.4,False
P1,Gil Vicente,Casa,Ambas marcam (BTTS),14,14.0,0.42857142857142855,0.49487165930539345,0.21380509930400526,0.6740973309713064,-0.03942857142857148,,,,,0.6,False
P1,Gil Vicente,Casa,Over 1.5 golos,14,14.0,0.8571428571428571,0.34992710611188266,0.600580922361363,0.9599069262620787,0.09714285714285709,,,,,1.0,False
P1,Gil Vicente,Casa,Over 3.5 golos,14,14.0,0.21428571428571427,0.41032590332414487,0.07571248336916371,0.4758972377320828,-0.08571428571428572,,,,,0.4,False
P1,Gil Vicente,Casa,Cantos total Over 8.5,14,14.0,0.5,0.5,0.2679886791947528,0.7320113208052473,-0.06399999999999995,,,,,0.4,False
P1,Gil Vicente,Casa,Cantos total Over 9.5,14,14.0,0.5,0.5,0.2679886791947528,0.7320113208052473,0.03999999999999998,,,,,0.4,False
P1,Gil Vicente,Casa,Cantos total Over 10.5,14,14.0,0.42857142857142855,0.49487165930539345,0.21380509930400526,0.6740973309713064,0.07257142857142856,,,,,0.2,True
P1,Gil Vicente,Casa,Cantos equipa Over 4.5,14,14.0,0.5,0.5,0.2679886791947528,0.7320113208052473,0.026000000000000023,,,,,0.4,False
P1,Gil Vicente,Casa,Cantos equipa Over 5.5,14,14.0,0.2857142857142857,0.45175395145262565,0.11721187910109102,0.546495411724844,-0.042285714285714315,,,,,0.0,True
P1,Gil Vicente,Casa,Equipa ganha cantos,14,14.0,0.7142857142857143,0.45175395145262565,0.4535045882751561,0.882788120898909,0.2522857142857143,,,,,0.6,False
P1,Guimaraes,Fora,Vitória (1X2),13,13.0,0.23076923076923078,0.42132504423474315,0.08179379092465708,0.5025687399512693,-0.1392307692307692,-0.4423076923076923,3.5453846153846156,0.28205684530266867,-0.1818343195266271,0.0,True
P1,Guimaraes,Fora,Over 2.5 golos,13,13.0,0.38461538461538464,0.4865042554105199,0.17709446581236818,0.6447751902773147,-0.17538461538461542,-0.2853846153846154,2.078461538461539,0.48112509252405616,-0.2005917159763312,0.8,False
P1,Guimaraes,Fora,Under 2.5 golos,13,13.0,0.6153846153846154,0.4865042554105199,0.3552248097226855,0.8229055341876319,0.17538461538461542,-0.015384615384615382,1.712307692307692,0.5840071877807728,0.053727810650887387,0.2,True
P1,Guimaraes,Fora,Handicap Asiático (AH),13,,,,,,,-0.4669230769230769,1.833076923076923,0.5455308434746119,,,False
P1,Guimaraes,Fora,Casa marca (>=1),13,13.0,0.46153846153846156,0.4985185152621431,0.23205754301488138,0.7085656756816795,-0.2404615384615384,,,,,0.6,False
P1,Guimaraes,Fora,Clean sheet,13,13.0,0.3076923076923077,0.46153846153846156,0.1268049716161809,0.5763111218666236,0.009692307692307722,,,,,0.0,True
P1,Guimaraes,Fora,Ambas marcam (BTTS),13,13.0,0.23076923076923078,0.42132504423474315,0.08179379092465708,0.5025687399512693,-0.23723076923076925,,,,,0.6,False
P1,Guimaraes,Fora,Over 1.5 golos,13,13.0,0.7692307692307693,0.42132504423474315,0.49743126004873084,0.918206209075343,0.009230769230769265,,,,,1.0,False
P1,Guimaraes,Fora,Over 3.5 golos,13,13.0,0.23076923076923078,0.42132504423474315,0.08179379092465708,0.5025687399512693,-0.0692307692307692,,,,,0.6,False
P1,Guimaraes,Fora,Cantos total Over 8.5,13,13.0,0.38461538461538464,0.4865042554105199,0.17709446581236818,0.6447751902773147,-0.1793846153846153,,,,,0.2,True
P1,Guimaraes,Fora,Cantos total Over 9.5,13,13.0,0.3076923076923077,0.46153846153846156,0.1268049716161809,0.5763111218666236,-0.1523076923076923,,,,,0.2,False
P1,Guimaraes,Fora,Cantos total Over 10.5,13,13.0,0.23076923076923078,0.42132504423474315,0.08179379092465708,0.5025687399512693,-0.1252307692307692,,,,,0.2,False
P1,Guimaraes,Fora,Cantos equipa Over 4.5,13,13.0,0.38461538461538464,0.4865042554105199,0.17709446581236818,0.6447751902773147,-0.08938461538461534,,,,,0.4,False
P1,Guimaraes,Fora,Cantos equipa Over 5.5,13,13.0,0.3076923076923077,0.46153846153846156,0.1268049716161809,0.5763111218666236,-0.020307692307692304,,,,,0.4,False
P1,Guimaraes,Fora,Equipa ganha cantos,13,13.0,0.5384615384615384,0.4985185152621431,0.29143432431832045,0.7679424569851186,0.07646153846153841,,,,,0.8,False
P1,Guimaraes,Casa,Vitória (1X2),15,15.0,0.4666666666666667,0.49888765156985887,0.24809225259746442,0.6988336984894922,0.09666666666666668,-0.13799999999999998,3.007333333333334,0.3325205054311682,0.40342222222222257,0.6,False
P1,Guimaraes,Casa,Over 2.5 golos,15,15.0,0.6,0.4898979485566356,0.357464427565077,0.8017577191740534,0.039999999999999925,0.25133333333333335,2.0933333333333333,0.47770700636942676,0.256,0.6,False
P1,Guimaraes,Casa,Under 2.5 golos,15,15.0,0.4,0.4898979485566356,0.19824228082594664,0.6425355724349229,-0.03999999999999998,-0.33,1.6913333333333331,0.5912495072920774,-0.3234666666666668,0.4,False
P1,Guimaraes,Casa,Handicap Asiático (AH),15,,,,,,,0.038333333333333344,1.8633333333333333,0.5366726296958855,,,False
P1,Guimaraes,Casa,Casa marca (>=1),15,15.0,0.8,0.39999999999999997,0.5481406466534955,0.9295257935638959,0.09800000000000009,,,,,1.0,False
P1,Guimaraes,Casa,Clean sheet,15,15.0,0.26666666666666666,0.4422166387140533,0.10897276103182815,0.5195088965768675,-0.031333333333333324,,,,,0.4,False
P1,Guimaraes,Casa,Ambas marcam (BTTS),15,15.0,0.6,0.4898979485566356,0.357464427565077,0.8017577191740534,0.13199999999999995,,,,,0.6,False
P1,Guimaraes,Casa,Over 1.5 golos,15,15.0,0.8,0.39999999999999997,0.5481406466534955,0.9295257935638959,0.040000000000000036,,,,,0.8,False
P1,Guimaraes,Casa,Over 3.5 golos,15,15.0,0.26666666666666666,0.4422166387140533,0.10897276103182815,0.5195088965768675,-0.033333333333333326,,,,,0.2,False
P1,Guimaraes,Casa,Cantos total Over 8.5,15,15.0,0.5333333333333333,0.49888765156985887,0.3011663015105079,0.7519077474025356,-0.03066666666666662,,,,,0.8,False
P1,Guimaraes,Casa,Cantos total Over 9.5,15,15.0,0.4666666666666667,0.49888765156985887,0.24809225259746442,0.6988336984894922,0.006666666666666654,,,,,0.8,False
P1,Guimaraes,Casa,Cantos total Over 10.5,15,15.0,0.3333333333333333,0.4714045207910317,0.15176100694691236,0.5828687484878702,-0.02266666666666667,,,,,0.6,False
P1,Guimaraes,Casa,Cantos equipa Over 4.5,15,15.0,0.4,0.4898979485566356,0.19824228082594664,0.6425355724349229,-0.07399999999999995,,,,,0.4,False
P1,Guimaraes,Casa,Cantos equipa Over 5.5,15,15.0,0.3333333333333333,0.4714045207910317,0.15176100694691236,0.5828687484878702,0.005333333333333301,,,,,0.2,False
P1,Guimaraes,Casa,Equipa ganha cantos,15,15.0,0.4666666666666667,0.49888765156985887,0.24809225259746442,0.6988336984894922,0.004666666666666652,,,,,0.4,False
P1,Moreirense,Fora,Vitória (1X2),14,14.0,0.2857142857142857,0.45175395145262565,0.11721187910109102,0.546495411724844,-0.0842857142857143,-0.14999999999999997,5.092142857142858,0.1963809790994529,0.4548979591836737,0.2,False
P1,Moreirense,Fora,Over 2.5 golos,14,14.0,0.5,0.5,0.2679886791947528,0.7320113208052473,-0.06000000000000005,-0.0050000000000000044,2.1942857142857144,0.45572916666666663,0.0971428571428572,0.6,False
P1,Moreirense,Fora,Under 2.5 golos,14,14.0,0.5,0.5,0.2679886791947528,0.7320113208052473,0.06,-0.23500000000000001,1.6749999999999996,0.5970149253731345,-0.1625000000000002,0.4,False
P1,Moreirense,Fora,Handicap Asiático (AH),14,,,,,,,-0.07678571428571428,1.825,0.547945205479452,,,False
P1,Moreirense,Fora,Casa marca (>=1),14,14.0,0.6428571428571429,0.4791574237499549,0.3876400468214041,0.8365550926279727,-0.05914285714285705,,,,,0.6,False
P1,Moreirense,Fora,Clean sheet,14,14.0,0.2857142857142857,0.45175395145262565,0.11721187910109102,0.546495411724844,-0.012285714285714289,,,,,0.0,True
P1,Moreirense,Fora,Ambas marcam (BTTS),14,14.0,0.42857142857142855,0.49487165930539345,0.21380509930400526,0.6740973309713064,-0.03942857142857148,,,,,0.6,False
P1,Moreirense,Fora,Over 1.5 golos,14,14.0,0.7857142857142857,0.4103259033241449,0.5241027622679172,0.9242875166308363,0.02571428571428569,,,,,0.8,False
P1,Moreirense,Fora,Over 3.5 golos,14,14.0,0.14285714285714285,0.3499271061118826,0.04009307373792117,0.399419077638637,-0.15714285714285714,,,,,0.0,False
P1,Moreirense,Fora,Cantos total Over 8.5,14,14.0,0.21428571428571427,0.41032590332414487,0.07571248336916371,0.4758972377320828,-0.34971428571428564,,,,,0.2,False
P1,Moreirense,Fora,Cantos total Over 9.5,14,14.0,0.21428571428571427,0.41032590332414487,0.07571248336916371,0.4758972377320828,-0.24571428571428575,,,,,0.2,False
P1,Moreirense,Fora,Cantos total Over 10.5,14,14.0,0.0,0.0,0.0,0.21531701192718142,-0.356,,,,,0.0,False
P1,Moreirense,Fora,Cantos equipa Over 4.5,14,14.0,0.2857142857142857,0.45175395145262565,0.11721187910109102,0.546495411724844,-0.18828571428571428,,,,,0.4,False
P1,Moreirense,Fora,Cantos equipa Over 5.5,14,14.0,0.14285714285714285,0.3499271061118826,0.04009307373792117,0.399419077638637,-0.18514285714285716,,,,,0.2,False
P1,Moreirense,Fora,Equipa ganha cantos,14,14.0,0.35714285714285715,0.4791574237499549,0.16344490737202735,0.6123599531785959,-0.10485714285714287,,,,,0.2,True
P1,Moreirense,Casa,Vitória (1X2),14,14.0,0.42857142857142855,0.49487165930539345,0.21380509930400526,0.6740973309713064,0.05857142857142855,0.053571428571428506,4.2492857142857146,0.23533366952428977,0.8211224489795919,0.0,True
P1,Moreirense,Casa,Over 2.5 golos,14,14.0,0.5714285714285714,0.4948716593053935,0.3259026690286936,0.7861949006959947,0.011428571428571344,0.18500000000000005,2.1199999999999997,0.47169811320754723,0.2114285714285713,0.4,True
P1,Moreirense,Casa,Under 2.5 golos,14,14.0,0.42857142857142855,0.49487165930539345,0.21380509930400526,0.6740973309713064,-0.011428571428571455,-0.30071428571428577,1.6907142857142856,0.5914659907055345,-0.27540816326530626,0.6,False
P1,Moreirense,Casa,Handicap Asiático (AH),14,,,,,,,0.10214285714285712,1.8485714285714285,0.5409582689335394,,,False
P1,Moreirense,Casa,Casa marca (>=1),14,14.0,0.7142857142857143,0.45175395145262565,0.4535045882751561,0.882788120898909,0.012285714285714344,,,,,0.4,True
P1,Moreirense,Casa,Clean sheet,14,14.0,0.21428571428571427,0.41032590332414487,0.07571248336916371,0.4758972377320828,-0.08371428571428571,,,,,0.0,True
P1,Moreirense,Casa,Ambas marcam (BTTS),14,14.0,0.5,0.5,0.2679886791947528,0.7320113208052473,0.03199999999999997,,,,,0.4,False
P1,Moreirense,Casa,Over 1.5 golos,14,14.0,0.7142857142857143,0.45175395145262565,0.4535045882751561,0.882788120898909,-0.04571428571428571,,,,,0.6,False
P1,Moreirense,Casa,Over 3.5 golos,14,14.0,0.21428571428571427,0.41032590332414487,0.07571248336916371,0.4758972377320828,-0.08571428571428572,,,,,0.0,True
P1,Moreirense,Casa,Cantos total Over 8.5,14,14.0,0.7857142857142857,0.4103259033241449,0.5241027622679172,0.9242875166308363,0.22171428571428575,,,,,1.0,False
P1,Moreirense,Casa,Cantos total Over 9.5,14,14.0,0.5,0.5,0.2679886791947528,0.7320113208052473,0.03999999999999998,,,,,0.6,False
P1,Moreirense,Casa,Cantos total Over 10.5,14,14.0,0.21428571428571427,0.41032590332414487,0.07571248336916371,0.4758972377320828,-0.1417142857142857,,,,,0.4,False
P1,Moreirense,Casa,Cantos equipa Over 4.5,14,14.0,0.35714285714285715,0.4791574237499549,0.16344490737202735,0.6123599531785959,-0.11685714285714283,,,,,0.0,True
P1,Moreirense,Casa,Cantos equipa Over 5.5,14,14.0,0.21428571428571427,0.41032590332414487,0.07571248336916371,0.4758972377320828,-0.11371428571428574,,,,,0.0,True
P1,Moreirense,Casa,Equipa ganha cantos,14,14.0,0.2857142857142857,0.45175395145262565,0.11721187910109102,0.546495411724844,-0.17628571428571432,,,,,0.0,True
P1,Nacional,Fora,Vitória (1X2),14,14.0,0.14285714285714285,0.3499271061118826,0.04009307373792117,0.399419077638637,-0.22714285714285715,-0.2778571428571429,5.371428571428571,0.18617021276595747,-0.23265306122448992,0.0,False
P1,Nacional,Fora,Over 2.5 golos,14,14.0,0.35714285714285715,0.4791574237499549,0.16344490737202735,0.6123599531785959,-0.2028571428571429,-0.3221428571428571,1.9392857142857143,0.5156537753222836,-0.3073979591836735,0.6,False
P1,Nacional,Fora,Under 2.5 golos,14,14.0,0.6428571428571429,0.4791574237499549,0.3876400468214041,0.8365550926279727,0.2028571428571429,0.1628571428571428,1.8578571428571429,0.5382545174932718,0.19433673469387758,0.4,True
P1,Nacional,Fora,Handicap Asiático (AH),14,,,,,,,-0.0025000000000000022,1.840714285714286,0.5432673651532789,,,False
P1,Nacional,Fora,Casa marca (>=1),14,14.0,0.7142857142857143,0.45175395145262565,0.4535045882751561,0.882788120898909,0.012285714285714344,,,,,0.6,False
P1,Nacional,Fora,Clean sheet,14,14.0,0.14285714285714285,0.3499271061118826,0.04009307373792117,0.399419077638637,-0.15514285714285714,,,,,0.0,False
P1,Nacional,Fora,Ambas marcam (BTTS),14,14.0,0.5714285714285714,0.4948716593053935,0.3259026690286936,0.7861949006959947,0.10342857142857137,,,,,0.6,False
P1,Nacional,Fora,Over 1.5 golos,14,14.0,0.7142857142857143,0.45175395145262565,0.4535045882751561,0.882788120898909,-0.04571428571428571,,,,,0.8,False
P1,Nacional,Fora,Over 3.5 golos,14,14.0,0.07142857142857142,0.2575393768188564,0.012721886112291648,0.3146926955395781,-0.22857142857142856,,,,,0.0,False
P1,Nacional,Fora,Cantos total Over 8.5,14,14.0,0.6428571428571429,0.4791574237499549,0.3876400468214041,0.8365550926279727,0.07885714285714296,,,,,0.8,False
P1,Nacional,Fora,Cantos total Over 9.5,14,14.0,0.5714285714285714,0.4948716593053935,0.3259026690286936,0.7861949006959947,0.11142857142857138,,,,,0.8,False
P1,Nacional,Fora,Cantos total Over 10.5,14,14.0,0.5,0.5,0.2679886791947528,0.7320113208052473,0.14400000000000002,,,,,0.8,False
P1,Nacional,Fora,Cantos equipa Over 4.5,14,14.0,0.5,0.5,0.2679886791947528,0.7320113208052473,0.026000000000000023,,,,,0.6,False
P1,Nacional,Fora,Cantos equipa Over 5.5,14,14.0,0.2857142857142857,0.45175395145262565,0.11721187910109102,0.546495411724844,-0.042285714285714315,,,,,0.4,False
P1,Nacional,Fora,Equipa ganha cantos,14,14.0,0.2857142857142857,0.45175395145262565,0.11721187910109102,0.546495411724844,-0.17628571428571432,,,,,0.2,False
P1,Nacional,Casa,Vitória (1X2),14,14.0,0.2857142857142857,0.45175395145262565,0.11721187910109102,0.546495411724844,-0.0842857142857143,-0.3671428571428571,3.9942857142857138,0.25035765379113023,0.14122448979591806,0.2,False
P1,Nacional,Casa,Over 2.5 golos,14,14.0,0.5714285714285714,0.4948716593053935,0.3259026690286936,0.7861949006959947,0.011428571428571344,0.11857142857142852,1.9335714285714283,0.5171776874769118,0.10489795918367317,0.2,True
P1,Nacional,Casa,Under 2.5 golos,14,14.0,0.42857142857142855,0.49487165930539345,0.21380509930400526,0.6740973309713064,-0.011428571428571455,-0.21285714285714286,1.8464285714285715,0.5415860735009671,-0.2086734693877551,0.8,False
P1,Nacional,Casa,Handicap Asiático (AH),14,,,,,,,-0.042857142857142864,1.855714285714286,0.5388760585065434,,,False
P1,Nacional,Casa,Casa marca (>=1),14,14.0,0.6428571428571429,0.4791574237499549,0.3876400468214041,0.8365550926279727,-0.05914285714285705,,,,,0.4,True
P1,Nacional,Casa,Clean sheet,14,14.0,0.21428571428571427,0.41032590332414487,0.07571248336916371,0.4758972377320828,-0.08371428571428571,,,,,0.4,False
P1,Nacional,Casa,Ambas marcam (BTTS),14,14.0,0.5,0.5,0.2679886791947528,0.7320113208052473,0.03199999999999997,,,,,0.2,True
P1,Nacional,Casa,Over 1.5 golos,14,14.0,0.7142857142857143,0.45175395145262565,0.4535045882751561,0.882788120898909,-0.04571428571428571,,,,,0.4,True
P1,Nacional,Casa,Over 3.5 golos,14,14.0,0.35714285714285715,0.4791574237499549,0.16344490737202735,0.6123599531785959,0.05714285714285716,,,,,0.0,True
P1,Nacional,Casa,Cantos total Over 8.5,14,14.0,0.8571428571428571,0.34992710611188266,0.600580922361363,0.9599069262620787,0.29314285714285715,,,,,1.0,False
P1,Nacional,Casa,Cantos total Over 9.5,14,14.0,0.7142857142857143,0.45175395145262565,0.4535045882751561,0.882788120898909,0.2542857142857143,,,,,0.6,False
P1,Nacional,Casa,Cantos total Over 10.5,14,14.0,0.5714285714285714,0.4948716593053935,0.3259026690286936,0.7861949006959947,0.2154285714285714,,,,,0.6,False
P1,Nacional,Casa,Cantos equipa Over 4.5,14,14.0,0.42857142857142855,0.49487165930539345,0.21380509930400526,0.6740973309713064,-0.04542857142857143,,,,,0.8,False
P1,Nacional,Casa,Cantos equipa Over 5.5,14,14.0,0.14285714285714285,0.3499271061118826,0.04009307373792117,0.399419077638637,-0.18514285714285716,,,,,0.2,False
P1,Nacional,Casa,Equipa ganha cantos,14,14.0,0.21428571428571427,0.41032590332414487,0.07571248336916371,0.4758972377320828,-0.24771428571428575,,,,,0.4,False
P1,Porto,Fora,Vitória (1X2),14,14.0,0.8571428571428571,0.34992710611188266,0.600580922361363,0.9599069262620787,0.4871428571428571,0.3950000000000001,1.7242857142857144,0.579950289975145,0.47795918367346935,0.6,True
P1,Porto,Fora,Over 2.5 golos,14,14.0,0.5714285714285714,0.4948716593053935,0.3259026690286936,0.7861949006959947,0.011428571428571344,0.07857142857142856,1.8957142857142855,0.5275056518462699,0.08326530612244887,0.6,False
P1,Porto,Fora,Under 2.5 golos,14,14.0,0.42857142857142855,0.49487165930539345,0.21380509930400526,0.6740973309713064,-0.011428571428571455,-0.21428571428571425,1.8478571428571426,0.5411673753382297,-0.20806122448979603,0.4,False
P1,Porto,Fora,Handicap Asiático (AH),14,,,,,,,0.23214285714285715,1.853571428571429,0.539499036608863,,,False
P1,Porto,Fora,Casa marca (>=1),14,14.0,1.0,0.0,0.7846829880728186,1.0,0.29800000000000004,,,,,1.0,False
P1,Porto,Fora,Clean sheet,14,14.0,0.6428571428571429,0.4791574237499549,0.3876400468214041,0.8365550926279727,0.3448571428571429,,,,,0.4,True
P1,Porto,Fora,Ambas marcam (BTTS),14,14.0,0.35714285714285715,0.4791574237499549,0.16344490737202735,0.6123599531785959,-0.11085714285714288,,,,,0.6,False
P1,Porto,Fora,Over 1.5 golos,14,14.0,0.7142857142857143,0.45175395145262565,0.4535045882751561,0.882788120898909,-0.04571428571428571,,,,,0.6,False
P1,Porto,Fora,Over 3.5 golos,14,14.0,0.14285714285714285,0.3499271061118826,0.04009307373792117,0.399419077638637,-0.15714285714285714,,,,,0.2,False
P1,Porto,Fora,Cantos total Over 8.5,14,14.0,0.5,0.5,0.2679886791947528,0.7320113208052473,-0.06399999999999995,,,,,0.6,False
P1,Porto,Fora,Cantos total Over 9.5,14,14.0,0.35714285714285715,0.4791574237499549,0.16344490737202735,0.6123599531785959,-0.10285714285714287,,,,,0.6,False
P1,Porto,Fora,Cantos total Over 10.5,14,14.0,0.21428571428571427,0.41032590332414487,0.07571248336916371,0.4758972377320828,-0.1417142857142857,,,,,0.2,False
P1,Porto,Fora,Cantos equipa Over 4.5,14,14.0,0.5714285714285714,0.4948716593053935,0.3259026690286936,0.7861949006959947,0.09742857142857142,,,,,0.6,False
P1,Porto,Fora,Cantos equipa Over 5.5,14,14.0,0.42857142857142855,0.49487165930539345,0.21380509930400526,0.6740973309713064,0.10057142857142853,,,,,0.4,False
P1,Porto,Fora,Equipa ganha cantos,14,14.0,0.7142857142857143,0.45175395145262565,0.4535045882751561,0.882788120898909,0.2522857142857143,,,,,0.6,False
P1,Porto,Casa,Vitória (1X2),14,14.0,0.7857142857142857,0.4103259033241449,0.5241027622679172,0.9242875166308363,0.4157142857142857,-0.010714285714285707,1.3907142857142856,0.719054956343092,0.09270408163265298,0.6,True
P1,Porto,Casa,Over 2.5 golos,14,14.0,0.5714285714285714,0.4948716593053935,0.3259026690286936,0.7861949006959947,0.011428571428571344,0.004999999999999989,1.7249999999999999,0.5797101449275363,-0.014285714285714346,0.6,False
P1,Porto,Casa,Under 2.5 golos,14,14.0,0.42857142857142855,0.49487165930539345,0.21380509930400526,0.6740973309713064,-0.011428571428571455,-0.04714285714285715,2.0907142857142853,0.47830543218312277,-0.103979591836735,0.4,False
P1,Porto,Casa,Handicap Asiático (AH),14,,,,,,,-0.15321428571428575,1.8764285714285713,0.5329272934906738,,,False
P1,Porto,Casa,Casa marca (>=1),14,14.0,0.9285714285714286,0.25753937681885636,0.6853073044604219,0.9872781138877085,0.22657142857142865,,,,,1.0,False
P1,Porto,Casa,Clean sheet,14,14.0,0.6428571428571429,0.4791574237499549,0.3876400468214041,0.8365550926279727,0.3448571428571429,,,,,0.4,True
P1,Porto,Casa,Ambas marcam (BTTS),14,14.0,0.35714285714285715,0.4791574237499549,0.16344490737202735,0.6123599531785959,-0.11085714285714288,,,,,0.6,False
P1,Porto,Casa,Over 1.5 golos,14,14.0,0.7142857142857143,0.45175395145262565,0.4535045882751561,0.882788120898909,-0.04571428571428571,,,,,0.8,False
P1,Porto,Casa,Over 3.5 golos,14,14.0,0.2857142857142857,0.45175395145262565,0.11721187910109102,0.546495411724844,-0.01428571428571429,,,,,0.4,False
P1,Porto,Casa,Cantos total Over 8.5,14,14.0,0.5,0.5,0.2679886791947528,0.7320113208052473,-0.06399999999999995,,,,,0.4,False
P1,Porto,Casa,Cantos total Over 9.5,14,14.0,0.2857142857142857,0.45175395145262565,0.11721187910109102,0.546495411724844,-0.17428571428571432,,,,,0.2,False
P1,Porto,Casa,Cantos total Over 10.5,14,14.0,0.21428571428571427,0.41032590332414487,0.07571248336916371,0.4758972377320828,-0.1417142857142857,,,,,0.2,False
P1,Porto,Casa,Cantos equipa Over 4.5,14,14.0,0.5714285714285714,0.4948716593053935,0.3259026690286936,0.7861949006959947,0.09742857142857142,,,,,0.4,True
P1,Porto,Casa,Cantos equipa Over 5.5,14,14.0,0.35714285714285715,0.4791574237499549,0.16344490737202735,0.6123599531785959,0.029142857142857137,,,,,0.2,True
P1,Porto,Casa,Equipa ganha cantos,14,14.0,0.7142857142857143,0.45175395145262565,0.4535045882751561,0.882788120898909,0.2522857142857143,,,,,0.8,False
P1,Rio Ave,Fora,Vitória (1X2),14,14.0,0.2857142857142857,0.45175395145262565,0.11721187910109102,0.546495411724844,-0.0842857142857143,-0.08785714285714288,6.507857142857143,0.1536604104928109,0.8593877551020406,0.4,False
P1,Rio Ave,Fora,Over 2.5 golos,14,14.0,0.6428571428571429,0.4791574237499549,0.3876400468214041,0.8365550926279727,0.08285714285714285,0.20928571428571424,1.837142857142857,0.5443234836702956,0.18102040816326515,0.6,False
P1,Rio Ave,Fora,Under 2.5 golos,14,14.0,0.35714285714285715,0.4791574237499549,0.16344490737202735,0.6123599531785959,-0.08285714285714285,-0.24,2.004285714285714,0.49893086243763374,-0.2841836734693879,0.4,False
P1,Rio Ave,Fora,Handicap Asiático (AH),14,,,,,,,0.31428571428571433,1.8785714285714283,0.5323193916349811,,,False
P1,Rio Ave,Fora,Casa marca (>=1),14,14.0,0.6428571428571429,0.4791574237499549,0.3876400468214041,0.8365550926279727,-0.05914285714285705,,,,,0.4,True
P1,Rio Ave,Fora,Clean sheet,14,14.0,0.14285714285714285,0.3499271061118826,0.04009307373792117,0.399419077638637,-0.15514285714285714,,,,,0.2,False
P1,Rio Ave,Fora,Ambas marcam (BTTS),14,14.0,0.5714285714285714,0.4948716593053935,0.3259026690286936,0.7861949006959947,0.10342857142857137,,,,,0.2,True
P1,Rio Ave,Fora,Over 1.5 golos,14,14.0,0.7857142857142857,0.4103259033241449,0.5241027622679172,0.9242875166308363,0.02571428571428569,,,,,0.6,True
P1,Rio Ave,Fora,Over 3.5 golos,14,14.0,0.35714285714285715,0.4791574237499549,0.16344490737202735,0.6123599531785959,0.05714285714285716,,,,,0.2,True
P1,Rio Ave,Fora,Cantos total Over 8.5,14,14.0,0.8571428571428571,0.34992710611188266,0.600580922361363,0.9599069262620787,0.29314285714285715,,,,,0.8,False
P1,Rio Ave,Fora,Cantos total Over 9.5,14,14.0,0.7142857142857143,0.45175395145262565,0.4535045882751561,0.882788120898909,0.2542857142857143,,,,,0.8,False
P1,Rio Ave,Fora,Cantos total Over 10.5,14,14.0,0.5,0.5,0.2679886791947528,0.7320113208052473,0.14400000000000002,,,,,0.4,False
P1,Rio Ave,Fora,Cantos equipa Over 4.5,14,14.0,0.35714285714285715,0.4791574237499549,0.16344490737202735,0.6123599531785959,-0.11685714285714283,,,,,0.4,False
P1,Rio Ave,Fora,Cantos equipa Over 5.5,14,14.0,0.21428571428571427,0.41032590332414487,0.07571248336916371,0.4758972377320828,-0.11371428571428574,,,,,0.2,False
P1,Rio Ave,Fora,Equipa ganha cantos,14,14.0,0.14285714285714285,0.3499271061118826,0.04009307373792117,0.399419077638637,-0.3191428571428572,,,,,0.0,False
P1,Rio Ave,Casa,Vitória (1X2),14,14.0,0.21428571428571427,0.41032590332414487,0.07571248336916371,0.4758972377320828,-0.15571428571428572,-0.5107142857142858,3.596428571428572,0.2780536246276067,-0.2293367346938774,0.2,False
P1,Rio Ave,Casa,Over 2.5 golos,14,14.0,0.6428571428571429,0.4791574237499549,0.3876400468214041,0.8365550926279727,0.08285714285714285,0.2607142857142857,1.9664285714285712,0.5085361423901199,0.26413265306122446,0.8,False
P1,Rio Ave,Casa,Under 2.5 golos,14,14.0,0.35714285714285715,0.4791574237499549,0.16344490737202735,0.6123599531785959,-0.08285714285714285,-0.3621428571428571,1.7914285714285716,0.5582137161084529,-0.36020408163265305,0.2,True
P1,Rio Ave,Casa,Handicap Asiático (AH),14,,,,,,,-0.21857142857142858,1.8664285714285713,0.5357826253348642,,,False
P1,Rio Ave,Casa,Casa marca (>=1),14,14.0,0.5714285714285714,0.4948716593053935,0.3259026690286936,0.7861949006959947,-0.13057142857142856,,,,,0.6,False
P1,Rio Ave,Casa,Clean sheet,14,14.0,0.14285714285714285,0.3499271061118826,0.04009307373792117,0.399419077638637,-0.15514285714285714,,,,,0.2,False
P1,Rio Ave,Casa,Ambas marcam (BTTS),14,14.0,0.5,0.5,0.2679886791947528,0.7320113208052473,0.03199999999999997,,,,,0.6,False
P1,Rio Ave,Casa,Over 1.5 golos,14,14.0,0.8571428571428571,0.34992710611188266,0.600580922361363,0.9599069262620787,0.09714285714285709,,,,,0.8,False
P1,Rio Ave,Casa,Over 3.5 golos,14,14.0,0.21428571428571427,0.41032590332414487,0.07571248336916371,0.4758972377320828,-0.08571428571428572,,,,,0.0,True
P1,Rio Ave,Casa,Cantos total Over 8.5,14,14.0,0.7142857142857143,0.45175395145262565,0.4535045882751561,0.882788120898909,0.15028571428571436,,,,,0.8,False
P1,Rio Ave,Casa,Cantos total Over 9.5,14,14.0,0.7142857142857143,0.45175395145262565,0.4535045882751561,0.882788120898909,0.2542857142857143,,,,,0.8,False
P1,Rio Ave,Casa,Cantos total Over 10.5,14,14.0,0.5714285714285714,0.4948716593053935,0.3259026690286936,0.7861949006959947,0.2154285714285714,,,,,0.4,True
P1,Rio Ave,Casa,Cantos equipa Over 4.5,14,14.0,0.6428571428571429,0.4791574237499549,0.3876400468214041,0.8365550926279727,0.16885714285714293,,,,,1.0,False
P1,Rio Ave,Casa,Cantos equipa Over 5.5,14,14.0,0.5,0.5,0.2679886791947528,0.7320113208052473,0.172,,,,,0.6,False
P1,Rio Ave,Casa,Equipa ganha cantos,14,14.0,0.2857142857142857,0.45175395145262565,0.11721187910109102,0.546495411724844,-0.17628571428571432,,,,,0.6,False
P1,Santa Clara,Fora,Vitória (1X2),14,14.0,0.14285714285714285,0.3499271061118826,0.04009307373792117,0.399419077638637,-0.22714285714285715,-0.6778571428571428,3.8928571428571423,0.25688073394495414,-0.44387755102040827,0.2,False
P1,Santa Clara,Fora,Over 2.5 golos,14,14.0,0.35714285714285715,0.4791574237499549,0.16344490737202735,0.6123599531785959,-0.2028571428571429,-0.16214285714285712,2.391428571428572,0.41816009557945033,-0.14591836734693853,0.4,False
P1,Santa Clara,Fora,Under 2.5 golos,14,14.0,0.6428571428571429,0.4791574237499549,0.3876400468214041,0.8365550926279727,0.2028571428571429,-0.022857142857142878,1.5421428571428568,0.648448355720241,-0.008622448979591968,0.6,False
P1,Santa Clara,Fora,Handicap Asiático (AH),14,,,,,,,-0.27785714285714286,2.079285714285714,0.48093438680865686,,,False
P1,Santa Clara,Fora,Casa marca (>=1),14,14.0,0.6428571428571429,0.4791574237499549,0.3876400468214041,0.8365550926279727,-0.05914285714285705,,,,,0.8,False
P1,Santa Clara,Fora,Clean sheet,14,14.0,0.14285714285714285,0.3499271061118826,0.04009307373792117,0.399419077638637,-0.15514285714285714,,,,,0.2,False
P1,Santa Clara,Fora,Ambas marcam (BTTS),14,14.0,0.5,0.5,0.2679886791947528,0.7320113208052473,0.03199999999999997,,,,,0.6,False
P1,Santa Clara,Fora,Over 1.5 golos,14,14.0,0.5714285714285714,0.4948716593053935,0.3259026690286936,0.7861949006959947,-0.1885714285714286,,,,,0.6,False
P1,Santa Clara,Fora,Over 3.5 golos,14,14.0,0.21428571428571427,0.41032590332414487,0.07571248336916371,0.4758972377320828,-0.08571428571428572,,,,,0.4,False
P1,Santa Clara,Fora,Cantos total Over 8.5,14,14.0,0.6428571428571429,0.4791574237499549,0.3876400468214041,0.8365550926279727,0.07885714285714296,,,,,0.8,False
P1,Santa Clara,Fora,Cantos total Over 9.5,14,14.0,0.5,0.5,0.2679886791947528,0.7320113208052473,0.03999999999999998,,,,,0.6,False
P1,Santa Clara,Fora,Cantos total Over 10.5,14,14.0,0.2857142857142857,0.45175395145262565,0.11721187910109102,0.546495411724844,-0.07028571428571428,,,,,0.4,False
P1,Santa Clara,Fora,Cantos equipa Over 4.5,14,14.0,0.6428571428571429,0.4791574237499549,0.3876400468214041,0.8365550926279727,0.16885714285714293,,,,,0.8,False
P1,Santa Clara,Fora,Cantos equipa Over 5.5,14,14.0,0.35714285714285715,0.4791574237499549,0.16344490737202735,0.6123599531785959,0.029142857142857137,,,,,0.6,False
P1,Santa Clara,Fora,Equipa ganha cantos,14,14.0,0.5714285714285714,0.4948716593053935,0.3259026690286936,0.7861949006959947,0.10942857142857138,,,,,0.6,False
P1,Santa Clara,Casa,Vitória (1X2),14,14.0,0.35714285714285715,0.4791574237499549,0.16344490737202735,0.6123599531785959,-0.012857142857142845,-0.2642857142857143,3.1785714285714284,0.3146067415730337,0.13520408163265318,0.4,False
P1,Santa Clara,Casa,Over 2.5 golos,14,14.0,0.35714285714285715,0.4791574237499549,0.16344490737202735,0.6123599531785959,-0.2028571428571429,-0.20714285714285713,2.3428571428571425,0.426829268292683,-0.16326530612244905,0.4,False
P1,Santa Clara,Casa,Under 2.5 golos,14,14.0,0.6428571428571429,0.4791574237499549,0.3876400468214041,0.8365550926279727,0.2028571428571429,-0.027142857142857135,1.547857142857143,0.646054453161052,-0.004948979591836489,0.6,False
P1,Santa Clara,Casa,Handicap Asiático (AH),14,,,,,,,-0.12785714285714284,1.862142857142857,0.5370157268891447,,,False
P1,Santa Clara,Casa,Casa marca (>=1),14,14.0,0.6428571428571429,0.4791574237499549,0.3876400468214041,0.8365550926279727,-0.05914285714285705,,,,,0.8,False
P1,Santa Clara,Casa,Clean sheet,14,14.0,0.42857142857142855,0.49487165930539345,0.21380509930400526,0.6740973309713064,0.13057142857142856,,,,,0.4,False
P1,Santa Clara,Casa,Ambas marcam (BTTS),14,14.0,0.35714285714285715,0.4791574237499549,0.16344490737202735,0.6123599531785959,-0.11085714285714288,,,,,0.4,False
P1,Santa Clara,Casa,Over 1.5 golos,14,14.0,0.5,0.5,0.2679886791947528,0.7320113208052473,-0.26,,,,,0.6,False
P1,Santa Clara,Casa,Over 3.5 golos,14,14.0,0.07142857142857142,0.2575393768188564,0.012721886112291648,0.3146926955395781,-0.22857142857142856,,,,,0.2,False
P1,Santa Clara,Casa,Cantos total Over 8.5,14,14.0,0.5,0.5,0.2679886791947528,0.7320113208052473,-0.06399999999999995,,,,,0.6,False
P1,Santa Clara,Casa,Cantos total Over 9.5,14,14.0,0.42857142857142855,0.49487165930539345,0.21380509930400526,0.6740973309713064,-0.03142857142857147,,,,,0.6,False
P1,Santa Clara,Casa,Cantos total Over 10.5,14,14.0,0.42857142857142855,0.49487165930539345,0.21380509930400526,0.6740973309713064,0.07257142857142856,,,,,0.6,False
P1,Santa Clara,Casa,Cantos equipa Over 4.5,14,14.0,0.5,0.5,0.2679886791947528,0.7320113208052473,0.026000000000000023,,,,,0.6,False
P1,Santa Clara,Casa,Cantos equipa Over 5.5,14,14.0,0.5,0.5,0.2679886791947528,0.7320113208052473,0.172,,,,,0.6,False
P1,Santa Clara,Casa,Equipa ganha cantos,14,14.0,0.42857142857142855,0.49487165930539345,0.21380509930400526,0.6740973309713064,-0.033428571428571474,,,,,0.4,False
P1,Sp Braga,Fora,Vitória (1X2),14,14.0,0.5,0.5,0.2679886791947528,0.7320113208052473,0.13,-0.1957142857142857,2.3457142857142856,0.42630937880633374,0.17285714285714282,0.8,False
P1,Sp Braga,Fora,Over 2.5 golos,14,14.0,0.6428571428571429,0.4791574237499549,0.3876400468214041,0.8365550926279727,0.08285714285714285,0.2035714285714286,1.8735714285714287,0.5337399923751429,0.2044387755102044,0.6,False
P1,Sp Braga,Fora,Under 2.5 golos,14,14.0,0.35714285714285715,0.4791574237499549,0.16344490737202735,0.6123599531785959,-0.08285714285714285,-0.33642857142857135,1.855,0.5390835579514824,-0.3374999999999999,0.4,False
P1,Sp Braga,Fora,Handicap Asiático (AH),14,,,,,,,-0.006071428571428553,1.8442857142857143,0.5422153369481022,,,False
P1,Sp Braga,Fora,Casa marca (>=1),14,14.0,0.9285714285714286,0.25753937681885636,0.6853073044604219,0.9872781138877085,0.22657142857142865,,,,,1.0,False
P1,Sp Braga,Fora,Clean sheet,14,14.0,0.35714285714285715,0.4791574237499549,0.16344490737202735,0.6123599531785959,0.059142857142857164,,,,,0.6,False
P1,Sp Braga,Fora,Ambas marcam (BTTS),14,14.0,0.5714285714285714,0.4948716593053935,0.3259026690286936,0.7861949006959947,0.10342857142857137,,,,,0.4,True
P1,Sp Braga,Fora,Over 1.5 golos,14,14.0,0.7857142857142857,0.4103259033241449,0.5241027622679172,0.9242875166308363,0.02571428571428569,,,,,0.6,True
P1,Sp Braga,Fora,Over 3.5 golos,14,14.0,0.2857142857142857,0.45175395145262565,0.11721187910109102,0.546495411724844,-0.01428571428571429,,,,,0.2,False
P1,Sp Braga,Fora,Cantos total Over 8.5,14,14.0,0.42857142857142855,0.49487165930539345,0.21380509930400526,0.6740973309713064,-0.1354285714285714,,,,,0.6,False
P1,Sp Braga,Fora,Cantos total Over 9.5,14,14.0,0.35714285714285715,0.4791574237499549,0.16344490737202735,0.6123599531785959,-0.10285714285714287,,,,,0.4,False
P1,Sp Braga,Fora,Cantos total Over 10.5,14,14.0,0.35714285714285715,0.4791574237499549,0.16344490737202735,0.6123599531785959,0.0011428571428571677,,,,,0.4,False
P1,Sp Braga,Fora,Cantos equipa Over 4.5,14,14.0,0.8571428571428571,0.34992710611188266,0.600580922361363,0.9599069262620787,0.3831428571428571,,,,,0.8,False
P1,Sp Braga,Fora,Cantos equipa Over 5.5,14,14.0,0.5,0.5,0.2679886791947528,0.7320113208052473,0.172,,,,,0.6,False
P1,Sp Braga,Fora,Equipa ganha cantos,14,14.0,0.9285714285714286,0.25753937681885636,0.6853073044604219,0.9872781138877085,0.4665714285714286,,,,,1.0,False
P1,Sp Braga,Casa,Vitória (1X2),13,13.0,0.5384615384615384,0.4985185152621431,0.29143432431832045,0.7679424569851186,0.16846153846153844,-0.24538461538461537,1.8407692307692307,0.5432511491851233,-0.008816568047337325,0.6,False
P1,Sp Braga,Casa,Over 2.5 golos,13,13.0,0.7692307692307693,0.42132504423474315,0.49743126004873084,0.918206209075343,0.20923076923076922,0.4169230769230769,1.8653846153846154,0.5360824742268041,0.4349112426035504,1.0,False
P1,Sp Braga,Casa,Under 2.5 golos,13,13.0,0.23076923076923078,0.42132504423474315,0.08179379092465708,0.5025687399512693,-0.20923076923076922,-0.5838461538461538,1.8838461538461537,0.5308289097590854,-0.5652662721893491,0.0,True
P1,Sp Braga,Casa,Handicap Asiático (AH),13,,,,,,,-0.012307692307692335,1.880769230769231,0.5316973415132924,,,False
P1,Sp Braga,Casa,Casa marca (>=1),13,13.0,0.8461538461538461,0.36080121229410994,0.5776482949136899,0.9567427368172621,0.1441538461538462,,,,,1.0,False
P1,Sp Braga,Casa,Clean sheet,13,13.0,0.38461538461538464,0.4865042554105199,0.17709446581236818,0.6447751902773147,0.08661538461538465,,,,,0.4,False
P1,Sp Braga,Casa,Ambas marcam (BTTS),13,13.0,0.46153846153846156,0.4985185152621431,0.23205754301488138,0.7085656756816795,-0.006461538461538463,,,,,0.6,False
P1,Sp Braga,Casa,Over 1.5 golos,13,13.0,0.7692307692307693,0.42132504423474315,0.49743126004873084,0.918206209075343,0.009230769230769265,,,,,1.0,False
P1,Sp Braga,Casa,Over 3.5 golos,13,13.0,0.46153846153846156,0.4985185152621431,0.23205754301488138,0.7085656756816795,0.16153846153846158,,,,,0.6,False
P1,Sp Braga,Casa,Cantos total Over 8.5,13,13.0,0.38461538461538464,0.4865042554105199,0.17709446581236818,0.6447751902773147,-0.1793846153846153,,,,,0.4,False
P1,Sp Braga,Casa,Cantos total Over 9.5,13,13.0,0.3076923076923077,0.46153846153846156,0.1268049716161809,0.5763111218666236,-0.1523076923076923,,,,,0.4,False
P1,Sp Braga,Casa,Cantos total Over 10.5,13,13.0,0.23076923076923078,0.42132504423474315,0.08179379092465708,0.5025687399512693,-0.1252307692307692,,,,,0.2,False
P1,Sp Braga,Casa,Cantos equipa Over 4.5,13,13.0,0.6923076923076923,0.46153846153846156,0.4236888781333764,0.873195028383819,0.2183076923076923,,,,,0.6,False
P1,Sp Braga,Casa,Cantos equipa Over 5.5,13,13.0,0.38461538461538464,0.4865042554105199,0.17709446581236818,0.6447751902773147,0.05661538461538462,,,,,0.6,False
P1,Sp Braga,Casa,Equipa ganha cantos,13,13.0,0.6923076923076923,0.46153846153846156,0.4236888781333764,0.873195028383819,0.23030769230769227,,,,,0.6,False
P1,Sp Lisbon,Fora,Vitória (1X2),14,14.0,0.7142857142857143,0.45175395145262565,0.4535045882751561,0.882788120898909,0.3442857142857143,-0.06785714285714287,1.6035714285714284,0.623608017817372,0.14540816326530615,0.6,False
P1,Sp Lisbon,Fora,Over 2.5 golos,14,14.0,0.6428571428571429,0.4791574237499549,0.3876400468214041,0.8365550926279727,0.08285714285714285,0.08071428571428572,1.7435714285714285,0.5735354362965998,0.12086734693877554,0.8,False
P1,Sp Lisbon,Fora,Under 2.5 golos,14,14.0,0.35714285714285715,0.4791574237499549,0.16344490737202735,0.6123599531785959,-0.08285714285714285,-0.3142857142857142,2.052857142857143,0.48712595685455806,-0.2668367346938775,0.2,True
P1,Sp Lisbon,Fora,Handicap Asiático (AH),14,,,,,,,0.06642857142857145,1.8471428571428574,0.5413766434648104,,,False
P1,Sp Lisbon,Fora,Casa marca (>=1),14,14.0,1.0,0.0,0.7846829880728186,1.0,0.29800000000000004,,,,,1.0,False
P1,Sp Lisbon,Fora,Clean sheet,14,14.0,0.2857142857142857,0.45175395145262565,0.11721187910109102,0.546495411724844,-0.012285714285714289,,,,,0.2,False
P1,Sp Lisbon,Fora,Ambas marcam (BTTS),14,14.0,0.7142857142857143,0.45175395145262565,0.4535045882751561,0.882788120898909,0.24628571428571427,,,,,0.8,False
P1,Sp Lisbon,Fora,Over 1.5 golos,14,14.0,0.9285714285714286,0.25753937681885636,0.6853073044604219,0.9872781138877085,0.1685714285714286,,,,,1.0,False
P1,Sp Lisbon,Fora,Over 3.5 golos,14,14.0,0.2857142857142857,0.45175395145262565,0.11721187910109102,0.546495411724844,-0.01428571428571429,,,,,0.4,False
P1,Sp Lisbon,Fora,Cantos total Over 8.5,14,14.0,0.7857142857142857,0.4103259033241449,0.5241027622679172,0.9242875166308363,0.22171428571428575,,,,,0.8,False
P1,Sp Lisbon,Fora,Cantos total Over 9.5,14,14.0,0.5714285714285714,0.4948716593053935,0.3259026690286936,0.7861949006959947,0.11142857142857138,,,,,0.4,True
P1,Sp Lisbon,Fora,Cantos total Over 10.5,14,14.0,0.5714285714285714,0.4948716593053935,0.3259026690286936,0.7861949006959947,0.2154285714285714,,,,,0.4,True
P1,Sp Lisbon,Fora,Cantos equipa Over 4.5,14,14.0,0.7857142857142857,0.4103259033241449,0.5241027622679172,0.9242875166308363,0.3117142857142857,,,,,0.8,False
P1,Sp Lisbon,Fora,Cantos equipa Over 5.5,14,14.0,0.6428571428571429,0.4791574237499549,0.3876400468214041,0.8365550926279727,0.3148571428571429,,,,,0.6,False
P1,Sp Lisbon,Fora,Equipa ganha cantos,14,14.0,0.6428571428571429,0.4791574237499549,0.3876400468214041,0.8365550926279727,0.18085714285714288,,,,,0.6,False
P1,Sp Lisbon,Casa,Vitória (1X2),13,13.0,0.8461538461538461,0.36080121229410994,0.5776482949136899,0.9567427368172621,0.47615384615384615,-0.00538461538461539,1.2592307692307694,0.7941356139279169,0.06550295857988164,1.0,False
P1,Sp Lisbon,Casa,Over 2.5 golos,13,13.0,0.7692307692307693,0.42132504423474315,0.49743126004873084,0.918206209075343,0.20923076923076922,0.15153846153846157,1.506153846153846,0.6639427987742595,0.1585798816568047,0.8,False
P1,Sp Lisbon,Casa,Under 2.5 golos,13,13.0,0.23076923076923078,0.42132504423474315,0.08179379092465708,0.5025687399512693,-0.20923076923076922,-0.4423076923076923,2.5484615384615386,0.39239360096589193,-0.4118934911242603,0.2,False
P1,Sp Lisbon,Casa,Handicap Asiático (AH),13,,,,,,,0.15846153846153843,1.896923076923077,0.527169505271695,,,False
P1,Sp Lisbon,Casa,Casa marca (>=1),13,13.0,1.0,0.0,0.7718981569447084,1.0,0.29800000000000004,,,,,1.0,False
P1,Sp Lisbon,Casa,Clean sheet,13,13.0,0.6923076923076923,0.46153846153846156,0.4236888781333764,0.873195028383819,0.3943076923076923,,,,,0.6,False
P1,Sp Lisbon,Casa,Ambas marcam (BTTS),13,13.0,0.3076923076923077,0.46153846153846156,0.1268049716161809,0.5763111218666236,-0.16030769230769232,,,,,0.4,False
P1,Sp Lisbon,Casa,Over 1.5 golos,13,13.0,0.9230769230769231,0.26646935501059643,0.6668546607175265,0.9862899336203037,0.16307692307692312,,,,,0.8,False
P1,Sp Lisbon,Casa,Over 3.5 golos,13,13.0,0.38461538461538464,0.4865042554105199,0.17709446581236818,0.6447751902773147,0.08461538461538465,,,,,0.2,True
P1,Sp Lisbon,Casa,Cantos total Over 8.5,13,13.0,0.6153846153846154,0.4865042554105199,0.3552248097226855,0.8229055341876319,0.05138461538461547,,,,,0.8,False
P1,Sp Lisbon,Casa,Cantos total Over 9.5,13,13.0,0.46153846153846156,0.4985185152621431,0.23205754301488138,0.7085656756816795,0.001538461538461544,,,,,0.8,False
P1,Sp Lisbon,Casa,Cantos total Over 10.5,13,13.0,0.23076923076923078,0.42132504423474315,0.08179379092465708,0.5025687399512693,-0.1252307692307692,,,,,0.6,False
P1,Sp Lisbon,Casa,Cantos equipa Over 4.5,13,13.0,0.7692307692307693,0.42132504423474315,0.49743126004873084,0.918206209075343,0.2952307692307693,,,,,0.6,True
P1,Sp Lisbon,Casa,Cantos equipa Over 5.5,13,13.0,0.6153846153846154,0.4865042554105199,0.3552248097226855,0.8229055341876319,0.2873846153846154,,,,,0.6,False
P1,Sp Lisbon,Casa,Equipa ganha cantos,13,13.0,0.8461538461538461,0.36080121229410994,0.5776482949136899,0.9567427368172621,0.3841538461538461,,,,,0.8,False
P1,Tondela,Fora,Vitória (1X2),13,13.0,0.23076923076923078,0.42132504423474315,0.08179379092465708,0.5025687399512693,-0.1392307692307692,0.04153846153846154,5.130769230769231,0.19490254872563717,0.18402366863905328,0.2,False
P1,Tondela,Fora,Over 2.5 golos,13,13.0,0.6923076923076923,0.46153846153846156,0.4236888781333764,0.873195028383819,0.13230769230769224,0.35461538461538455,2.02,0.49504950495049505,0.3984615384615384,0.6,False
P1,Tondela,Fora,Under 2.5 golos,13,13.0,0.3076923076923077,0.46153846153846156,0.1268049716161809,0.5763111218666236,-0.1323076923076923,-0.5,1.764615384615385,0.5666957279860505,-0.45704142011834314,0.4,False
P1,Tondela,Fora,Handicap Asiático (AH),13,,,,,,,-0.18615384615384614,2.073076923076923,0.4823747680890539,,,False
P1,Tondela,Fora,Casa marca (>=1),13,13.0,0.46153846153846156,0.4985185152621431,0.23205754301488138,0.7085656756816795,-0.2404615384615384,,,,,0.4,False
P1,Tondela,Fora,Clean sheet,13,13.0,0.15384615384615385,0.36080121229410994,0.04325726318273798,0.4223517050863101,-0.14415384615384613,,,,,0.2,False
P1,Tondela,Fora,Ambas marcam (BTTS),13,13.0,0.3076923076923077,0.46153846153846156,0.1268049716161809,0.5763111218666236,-0.16030769230769232,,,,,0.2,False
P1,Tondela,Fora,Over 1.5 golos,13,13.0,0.7692307692307693,0.42132504423474315,0.49743126004873084,0.918206209075343,0.009230769230769265,,,,,0.8,False
P1,Tondela,Fora,Over 3.5 golos,13,13.0,0.3076923076923077,0.46153846153846156,0.1268049716161809,0.5763111218666236,0.0076923076923077205,,,,,0.4,False
P1,Tondela,Fora,Cantos total Over 8.5,13,13.0,0.46153846153846156,0.4985185152621431,0.23205754301488138,0.7085656756816795,-0.10246153846153838,,,,,0.2,True
P1,Tondela,Fora,Cantos total Over 9.5,13,13.0,0.38461538461538464,0.4865042554105199,0.17709446581236818,0.6447751902773147,-0.07538461538461538,,,,,0.0,True
P1,Tondela,Fora,Cantos total Over 10.5,13,13.0,0.38461538461538464,0.4865042554105199,0.17709446581236818,0.6447751902773147,0.028615384615384654,,,,,0.0,True
P1,Tondela,Fora,Cantos equipa Over 4.5,13,13.0,0.23076923076923078,0.42132504423474315,0.08179379092465708,0.5025687399512693,-0.2432307692307692,,,,,0.0,True
P1,Tondela,Fora,Cantos equipa Over 5.5,13,13.0,0.23076923076923078,0.42132504423474315,0.08179379092465708,0.5025687399512693,-0.09723076923076923,,,,,0.0,True
P1,Tondela,Fora,Equipa ganha cantos,13,13.0,0.38461538461538464,0.4865042554105199,0.17709446581236818,0.6447751902773147,-0.07738461538461539,,,,,0.2,True
P1,Tondela,Casa,Vitória (1X2),14,14.0,0.07142857142857142,0.2575393768188564,0.012721886112291648,0.3146926955395781,-0.2985714285714286,-0.8492857142857143,4.523571428571429,0.22106426654034422,-0.6768877551020408,0.0,False
P1,Tondela,Casa,Over 2.5 golos,14,14.0,0.35714285714285715,0.4791574237499549,0.16344490737202735,0.6123599531785959,-0.2028571428571429,-0.25285714285714284,2.072857142857143,0.4824259131633356,-0.25969387755102036,0.2,True
P1,Tondela,Casa,Under 2.5 golos,14,14.0,0.6428571428571429,0.4791574237499549,0.3876400468214041,0.8365550926279727,0.2028571428571429,0.11071428571428572,1.7349999999999999,0.5763688760806917,0.11535714285714294,0.8,False
P1,Tondela,Casa,Handicap Asiático (AH),14,,,,,,,-0.46464285714285714,1.8757142857142857,0.5331302361005331,,,False
P1,Tondela,Casa,Casa marca (>=1),14,14.0,0.35714285714285715,0.4791574237499549,0.16344490737202735,0.6123599531785959,-0.3448571428571428,,,,,0.4,False
P1,Tondela,Casa,Clean sheet,14,14.0,0.21428571428571427,0.41032590332414487,0.07571248336916371,0.4758972377320828,-0.08371428571428571,,,,,0.4,False
P1,Tondela,Casa,Ambas marcam (BTTS),14,14.0,0.35714285714285715,0.4791574237499549,0.16344490737202735,0.6123599531785959,-0.11085714285714288,,,,,0.4,False
P1,Tondela,Casa,Over 1.5 golos,14,14.0,0.5,0.5,0.2679886791947528,0.7320113208052473,-0.26,,,,,0.4,False
P1,Tondela,Casa,Over 3.5 golos,14,14.0,0.21428571428571427,0.41032590332414487,0.07571248336916371,0.4758972377320828,-0.08571428571428572,,,,,0.2,False
P1,Tondela,Casa,Cantos total Over 8.5,14,14.0,0.5714285714285714,0.4948716593053935,0.3259026690286936,0.7861949006959947,0.007428571428571451,,,,,0.8,False
P1,Tondela,Casa,Cantos total Over 9.5,14,14.0,0.5,0.5,0.2679886791947528,0.7320113208052473,0.03999999999999998,,,,,0.8,False
P1,Tondela,Casa,Cantos total Over 10.5,14,14.0,0.42857142857142855,0.49487165930539345,0.21380509930400526,0.6740973309713064,0.07257142857142856,,,,,0.8,False
P1,Tondela,Casa,Cantos equipa Over 4.5,14,14.0,0.2857142857142857,0.45175395145262565,0.11721187910109102,0.546495411724844,-0.18828571428571428,,,,,0.4,False
P1,Tondela,Casa,Cantos equipa Over 5.5,14,14.0,0.21428571428571427,0.41032590332414487,0.07571248336916371,0.4758972377320828,-0.11371428571428574,,,,,0.4,False
P1,Tondela,Casa,Equipa ganha cantos,14,14.0,0.42857142857142855,0.49487165930539345,0.21380509930400526,0.6740973309713064,-0.033428571428571474,,,,,0.6,False
P1,AVS,Total,Vitória (1X2),28,28.0,0.03571428571428571,0.18557687223952254,0.006332356497541882,0.17712576118498663,-0.3342857142857143,-0.8550000000000001,6.7425,0.14831294030404155,-0.7591964285714285,0.0,False
P1,AVS,Total,Over 2.5 golos,28,28.0,0.6071428571428571,0.48838551182776224,0.42408726034906297,0.7643454817241996,0.04714285714285704,0.16500000000000004,1.9900000000000002,0.5025125628140703,0.20821428571428569,0.2,True
P1,AVS,Total,Under 2.5 golos,28,28.0,0.39285714285714285,0.4883855118277623,0.23565451827580033,0.575912739650937,-0.04714285714285715,-0.32321428571428573,1.8546428571428575,0.5391873676102444,-0.27139030612244885,0.8,False
P1,AVS,Total,Handicap Asiático (AH),28,,,,,,,-0.41910714285714284,1.954285714285714,0.5116959064327486,,,False
P1,AVS,Total,Casa marca (>=1),28,28.0,0.39285714285714285,0.4883855118277623,0.23565451827580033,0.575912739650937,-0.3091428571428571,,,,,0.0,True
P1,AVS,Total,Clean sheet,28,28.0,0.14285714285714285,0.3499271061118826,0.056989129307017855,0.3149017304487733,-0.15514285714285714,,,,,0.6,False
P1,AVS,Total,Ambas marcam (BTTS),28,28.0,0.35714285714285715,0.4791574237499549,0.20705611972458876,0.5417002241777278,-0.11085714285714288,,,,,0.0,True
P1,AVS,Total,Over 1.5 golos,28,28.0,0.7857142857142857,0.4103259033241449,0.6046105292072612,0.8978767829881058,0.02571428571428569,,,,,0.2,True
P1,AVS,Total,Over 3.5 golos,28,28.0,0.39285714285714285,0.4883855118277623,0.23565451827580033,0.575912739650937,0.09285714285714286,,,,,0.0,True
P1,AVS,Total,Cantos total Over 8.5,28,28.0,0.5714285714285714,0.4948716593053935,0.390704789856154,0.7349170381926877,0.007428571428571451,,,,,0.6,False
P1,AVS,Total,Cantos total Over 9.5,28,28.0,0.4642857142857143,0.4987228587060336,0.2953130373965958,0.6418760485789833,0.004285714285714282,,,,,0.6,False
P1,AVS,Total,Cantos total Over 10.5,28,28.0,0.39285714285714285,0.4883855118277623,0.23565451827580033,0.575912739650937,0.036857142857142866,,,,,0.4,False
P1,AVS,Total,Cantos equipa Over 4.5,28,28.0,0.35714285714285715,0.4791574237499549,0.20705611972458876,0.5417002241777278,-0.11685714285714283,,,,,0.4,False
P1,AVS,Total,Cantos equipa Over 5.5,28,28.0,0.21428571428571427,0.41032590332414487,0.10212321701189421,0.39538947079273873,-0.11371428571428574,,,,,0.4,False
P1,AVS,Total,Equipa ganha cantos,28,28.0,0.21428571428571427,0.41032590332414487,0.10212321701189421,0.39538947079273873,-0.24771428571428575,,,,,0.0,True
P1,Alverca,Total,Vitória (1X2),28,28.0,0.2857142857142857,0.45175395145262565,0.15253815848329966,0.47059635737017497,-0.0842857142857143,-0.21214285714285713,5.1189285714285715,0.19535338031117003,0.4625510204081631,0.2,False
P1,Alverca,Total,Over 2.5 golos,28,28.0,0.5357142857142857,0.4987228587060336,0.35812395142101666,0.7046869626034041,-0.024285714285714355,0.08178571428571428,2.0685714285714285,0.4834254143646409,0.10816326530612241,0.6,False
P1,Alverca,Total,Under 2.5 golos,28,28.0,0.4642857142857143,0.4987228587060336,0.2953130373965958,0.6418760485789833,0.0242857142857143,-0.1992857142857143,1.7549999999999997,0.5698005698005699,-0.18517857142857153,0.4,False
P1,Alverca,Total,Handicap Asiático (AH),28,,,,,,,0.1430357142857143,1.9339285714285714,0.5170821791320406,,,False
P1,Alverca,Total,Casa marca (>=1),28,28.0,0.75,0.4330127018922193,0.566439747592954,0.8732366505779923,0.04800000000000004,,,,,0.8,False
P1,Alverca,Total,Clean sheet,28,28.0,0.21428571428571427,0.41032590332414487,0.10212321701189421,0.39538947079273873,-0.08371428571428571,,,,,0.2,False
P1,Alverca,Total,Ambas marcam (BTTS),28,28.0,0.5714285714285714,0.4948716593053935,0.390704789856154,0.7349170381926877,0.10342857142857137,,,,,0.8,False
P1,Alverca,Total,Over 1.5 golos,28,28.0,0.8214285714285714,0.38299304624155744,0.644082084514089,0.9212161417056989,0.06142857142857139,,,,,0.8,False
P1,Alverca,Total,Over 3.5 golos,28,28.0,0.25,0.4330127018922193,0.12676334942200781,0.43356025240704604,-0.04999999999999999,,,,,0.4,False
P1,Alverca,Total,Cantos total Over 8.5,28,28.0,0.42857142857142855,0.49487165930539345,0.2650829618073123,0.6092952101438459,-0.1354285714285714,,,,,0.6,False
P1,Alverca,Total,Cantos total Over 9.5,28,28.0,0.42857142857142855,0.49487165930539345,0.2650829618073123,0.6092952101438459,-0.03142857142857147,,,,,0.6,False
P1,Alverca,Total,Cantos total Over 10.5,28,28.0,0.25,0.4330127018922193,0.12676334942200781,0.43356025240704604,-0.10599999999999998,,,,,0.4,False
P1,Alverca,Total,Cantos equipa Over 4.5,28,28.0,0.42857142857142855,0.49487165930539345,0.2650829618073123,0.6092952101438459,-0.04542857142857143,,,,,0.6,False
P1,Alverca,Total,Cantos equipa Over 5.5,28,28.0,0.21428571428571427,0.41032590332414487,0.10212321701189421,0.39538947079273873,-0.11371428571428574,,,,,0.6,False
P1,Alverca,Total,Equipa ganha cantos,28,28.0,0.42857142857142855,0.49487165930539345,0.2650829618073123,0.6092952101438459,-0.033428571428571474,,,,,0.8,False
P1,Arouca,Total,Vitória (1X2),28,28.0,0.32142857142857145,0.46702488680792936,0.1793304754342074,0.5066149544436882,-0.04857142857142854,-0.17500000000000002,4.786071428571427,0.2089396313707933,0.5383801020408159,0.4,False
P1,Arouca,Total,Over 2.5 golos,28,28.0,0.6785714285714286,0.4670248868079293,0.4933850455563118,0.8206695245657927,0.11857142857142855,0.25642857142857145,1.929285714285714,0.5183265457238061,0.309158163265306,0.6,False
P1,Arouca,Total,Under 2.5 golos,28,28.0,0.32142857142857145,0.46702488680792936,0.1793304754342074,0.5066149544436882,-0.11857142857142855,-0.46214285714285713,1.8442857142857143,0.5422153369481022,-0.4071938775510203,0.4,False
P1,Arouca,Total,Handicap Asiático (AH),28,,,,,,,0.024821428571428567,1.8774999999999997,0.5326231691078562,,,False
P1,Arouca,Total,Casa marca (>=1),28,28.0,0.7142857142857143,0.45175395145262565,0.529403642629825,0.8474618415167003,0.012285714285714344,,,,,0.8,False
P1,Arouca,Total,Clean sheet,28,28.0,0.21428571428571427,0.41032590332414487,0.10212321701189421,0.39538947079273873,-0.08371428571428571,,,,,0.2,False
P1,Arouca,Total,Ambas marcam (BTTS),28,28.0,0.5357142857142857,0.4987228587060336,0.35812395142101666,0.7046869626034041,0.06771428571428567,,,,,0.6,False
P1,Arouca,Total,Over 1.5 golos,28,28.0,0.8214285714285714,0.38299304624155744,0.644082084514089,0.9212161417056989,0.06142857142857139,,,,,0.6,True
P1,Arouca,Total,Over 3.5 golos,28,28.0,0.5,0.5,0.32632846832446344,0.6736715316755366,0.2,,,,,0.4,False
P1,Arouca,Total,Cantos total Over 8.5,28,28.0,0.4642857142857143,0.4987228587060336,0.2953130373965958,0.6418760485789833,-0.09971428571428564,,,,,0.4,False
P1,Arouca,Total,Cantos total Over 9.5,28,28.0,0.42857142857142855,0.49487165930539345,0.2650829618073123,0.6092952101438459,-0.03142857142857147,,,,,0.4,False
P1,Arouca,Total,Cantos total Over 10.5,28,28.0,0.32142857142857145,0.46702488680792936,0.1793304754342074,0.5066149544436882,-0.03457142857142853,,,,,0.2,False
P1,Arouca,Total,Cantos equipa Over 4.5,28,28.0,0.2857142857142857,0.45175395145262565,0.15253815848329966,0.47059635737017497,-0.18828571428571428,,,,,0.2,False
P1,Arouca,Total,Cantos equipa Over 5.5,28,28.0,0.14285714285714285,0.3499271061118826,0.056989129307017855,0.3149017304487733,-0.18514285714285716,,,,,0.2,False
P1,Arouca,Total,Equipa ganha cantos,28,28.0,0.39285714285714285,0.4883855118277623,0.23565451827580033,0.575912739650937,-0.06914285714285717,,,,,0.2,True
P1,Benfica,Total,Vitória (1X2),28,28.0,0.6785714285714286,0.4670248868079293,0.4933850455563118,0.8206695245657927,0.3085714285714286,-0.13892857142857143,1.4514285714285717,0.6889763779527558,-0.015102040816326268,0.6,False
P1,Benfica,Total,Over 2.5 golos,28,28.0,0.6785714285714286,0.4670248868079293,0.4933850455563118,0.8206695245657927,0.11857142857142855,0.1382142857142857,1.6928571428571428,0.5907172995780591,0.14872448979591835,0.8,False
P1,Benfica,Total,Under 2.5 golos,28,28.0,0.32142857142857145,0.46702488680792936,0.1793304754342074,0.5066149544436882,-0.11857142857142855,-0.3232142857142857,2.158571428571429,0.46326935804103236,-0.3061734693877549,0.2,False
P1,Benfica,Total,Handicap Asiático (AH),28,,,,,,,-0.13982142857142857,1.9385714285714286,0.5158437730287398,,,False
P1,Benfica,Total,Casa marca (>=1),28,28.0,0.9285714285714286,0.25753937681885636,0.7735426157408215,0.9801883525522292,0.22657142857142865,,,,,1.0,False
P1,Benfica,Total,Clean sheet,28,28.0,0.4642857142857143,0.4987228587060336,0.2953130373965958,0.6418760485789833,0.16628571428571431,,,,,0.2,True
P1,Benfica,Total,Ambas marcam (BTTS),28,28.0,0.5357142857142857,0.4987228587060336,0.35812395142101666,0.7046869626034041,0.06771428571428567,,,,,0.8,False
P1,Benfica,Total,Over 1.5 golos,28,28.0,0.8571428571428571,0.34992710611188266,0.6850982695512267,0.9430108706929821,0.09714285714285709,,,,,1.0,False
P1,Benfica,Total,Over 3.5 golos,28,28.0,0.25,0.4330127018922193,0.12676334942200781,0.43356025240704604,-0.04999999999999999,,,,,0.2,False
P1,Benfica,Total,Cantos total Over 8.5,28,28.0,0.5714285714285714,0.4948716593053935,0.390704789856154,0.7349170381926877,0.007428571428571451,,,,,0.8,False
P1,Benfica,Total,Cantos total Over 9.5,28,28.0,0.4642857142857143,0.4987228587060336,0.2953130373965958,0.6418760485789833,0.004285714285714282,,,,,0.8,False
P1,Benfica,Total,Cantos total Over 10.5,28,28.0,0.32142857142857145,0.46702488680792936,0.1793304754342074,0.5066149544436882,-0.03457142857142853,,,,,0.6,False
P1,Benfica,Total,Cantos equipa Over 4.5,28,28.0,0.6428571428571429,0.4791574237499549,0.4582997758222724,0.7929438802754113,0.16885714285714293,,,,,0.6,False
P1,Benfica,Total,Cantos equipa Over 5.5,28,28.0,0.5714285714285714,0.4948716593053935,0.390704789856154,0.7349170381926877,0.24342857142857138,,,,,0.6,False
P1,Benfica,Total,Equipa ganha cantos,28,28.0,0.6785714285714286,0.4670248868079293,0.4933850455563118,0.8206695245657927,0.21657142857142858,,,,,0.6,False
P1,Casa Pia,Total,Vitória (1X2),27,27.0,0.18518518518518517,0.3884477215445006,0.08180586574285321,0.36699056505191746,-0.18481481481481482,-0.1411111111111111,5.282222222222223,0.18931426167437945,-0.021810699588477367,0.0,True
P1,Casa Pia,Total,Over 2.5 golos,27,27.0,0.48148148148148145,0.49965694678637196,0.3074295064970908,0.6601467541378958,-0.0785185185185186,-0.030370370370370364,2.085185185185185,0.47957371225577267,0.003978052126200282,0.2,True
P1,Casa Pia,Total,Under 2.5 golos,27,27.0,0.5185185185185185,0.4996569467863719,0.33985324586210425,0.6925704935029092,0.07851851851851849,-0.11925925925925925,1.7511111111111108,0.5710659898477158,-0.09201646090534998,0.8,False
P1,Casa Pia,Total,Handicap Asiático (AH),27,,,,,,,-0.1553703703703704,1.878888888888889,0.5322294500295682,,,False
P1,Casa Pia,Total,Casa marca (>=1),27,27.0,0.5555555555555556,0.49690399499995325,0.3731271947957688,0.7241440232992717,-0.14644444444444438,,,,,0.4,True
P1,Casa Pia,Total,Clean sheet,27,27.0,0.18518518518518517,0.3884477215445006,0.08180586574285321,0.36699056505191746,-0.11281481481481481,,,,,0.2,False
P1,Casa Pia,Total,Ambas marcam (BTTS),27,27.0,0.48148148148148145,0.49965694678637196,0.3074295064970908,0.6601467541378958,0.013481481481481428,,,,,0.4,False
P1,Casa Pia,Total,Over 1.5 golos,27,27.0,0.8518518518518519,0.3552467795046459,0.6752093665317053,0.9408416814035511,0.09185185185185185,,,,,0.8,False
P1,Casa Pia,Total,Over 3.5 golos,27,27.0,0.3333333333333333,0.4714045207910317,0.1864305444359335,0.521755801278945,0.033333333333333326,,,,,0.2,False
P1,Casa Pia,Total,Cantos total Over 8.5,27,27.0,0.6296296296296297,0.4829038818668629,0.442289046234463,0.7846771293206315,0.0656296296296297,,,,,0.6,False
P1,Casa Pia,Total,Cantos total Over 9.5,27,27.0,0.5185185185185185,0.4996569467863719,0.33985324586210425,0.6925704935029092,0.05851851851851847,,,,,0.4,False
P1,Casa Pia,Total,Cantos total Over 10.5,27,27.0,0.37037037037037035,0.4829038818668629,0.21532287067936856,0.557710953765537,0.014370370370370367,,,,,0.4,False
P1,Casa Pia,Total,Cantos equipa Over 4.5,27,27.0,0.37037037037037035,0.4829038818668629,0.21532287067936856,0.557710953765537,-0.10362962962962963,,,,,0.4,False
P1,Casa Pia,Total,Cantos equipa Over 5.5,27,27.0,0.25925925925925924,0.438228132081453,0.13170208422866778,0.44678930402615685,-0.06874074074074077,,,,,0.2,False
P1,Casa Pia,Total,Equipa ganha cantos,27,27.0,0.25925925925925924,0.438228132081453,0.13170208422866778,0.44678930402615685,-0.20274074074074078,,,,,0.2,False
P1,Estoril,Total,Vitória (1X2),28,28.0,0.35714285714285715,0.4791574237499549,0.20705611972458876,0.5417002241777278,-0.012857142857142845,-0.010714285714285747,3.7721428571428564,0.2651013065707253,0.34719387755102016,0.2,True
P1,Estoril,Total,Over 2.5 golos,28,28.0,0.6785714285714286,0.4670248868079293,0.4933850455563118,0.8206695245657927,0.11857142857142855,0.27321428571428574,1.8753571428571425,0.5332317653780233,0.27256377551020394,0.6,False
P1,Estoril,Total,Under 2.5 golos,28,28.0,0.32142857142857145,0.46702488680792936,0.1793304754342074,0.5066149544436882,-0.11857142857142855,-0.38357142857142856,1.9232142857142855,0.5199628597957289,-0.38182397959183667,0.4,False
P1,Estoril,Total,Handicap Asiático (AH),28,,,,,,,0.014642857142857133,1.959642857142857,0.5102970657918717,,,False
P1,Estoril,Total,Casa marca (>=1),28,28.0,0.7142857142857143,0.45175395145262565,0.529403642629825,0.8474618415167003,0.012285714285714344,,,,,0.6,False
P1,Estoril,Total,Clean sheet,28,28.0,0.17857142857142858,0.38299304624155744,0.07878385829430107,0.35591791548591095,-0.11942857142857141,,,,,0.4,False
P1,Estoril,Total,Ambas marcam (BTTS),28,28.0,0.5714285714285714,0.4948716593053935,0.390704789856154,0.7349170381926877,0.10342857142857137,,,,,0.4,True
P1,Estoril,Total,Over 1.5 golos,28,28.0,0.7857142857142857,0.4103259033241449,0.6046105292072612,0.8978767829881058,0.02571428571428569,,,,,0.6,True
P1,Estoril,Total,Over 3.5 golos,28,28.0,0.5714285714285714,0.4948716593053935,0.390704789856154,0.7349170381926877,0.2714285714285714,,,,,0.2,True
P1,Estoril,Total,Cantos total Over 8.5,28,28.0,0.5714285714285714,0.4948716593053935,0.390704789856154,0.7349170381926877,0.007428571428571451,,,,,0.6,False
P1,Estoril,Total,Cantos total Over 9.5,28,28.0,0.42857142857142855,0.49487165930539345,0.2650829618073123,0.6092952101438459,-0.03142857142857147,,,,,0.2,True
P1,Estoril,Total,Cantos total Over 10.5,28,28.0,0.35714285714285715,0.4791574237499549,0.20705611972458876,0.5417002241777278,0.0011428571428571677,,,,,0.2,True
P1,Estoril,Total,Cantos equipa Over 4.5,28,28.0,0.39285714285714285,0.4883855118277623,0.23565451827580033,0.575912739650937,-0.08114285714285713,,,,,0.2,True
P1,Estoril,Total,Cantos equipa Over 5.5,28,28.0,0.2857142857142857,0.45175395145262565,0.15253815848329966,0.47059635737017497,-0.042285714285714315,,,,,0.2,False
P1,Estoril,Total,Equipa ganha cantos,28,28.0,0.39285714285714285,0.4883855118277623,0.23565451827580033,0.575912739650937,-0.06914285714285717,,,,,0.2,True
P1,Estrela,Total,Vitória (1X2),28,28.0,0.21428571428571427,0.41032590332414487,0.10212321701189421,0.39538947079273873,-0.15571428571428572,-0.3114285714285714,5.323571428571428,0.18784382128002147,0.14076530612244897,0.2,False
P1,Estrela,Total,Over 2.5 golos,28,28.0,0.5357142857142857,0.4987228587060336,0.35812395142101666,0.7046869626034041,-0.024285714285714355,0.056071428571428585,2.068928571428571,0.48334196443984134,0.10835459183673435,0.6,False
P1,Estrela,Total,Under 2.5 golos,28,28.0,0.4642857142857143,0.4987228587060336,0.2953130373965958,0.6418760485789833,0.0242857142857143,-0.2285714285714286,1.7607142857142857,0.5679513184584178,-0.1825255102040816,0.4,False
P1,Estrela,Total,Handicap Asiático (AH),28,,,,,,,-0.01982142857142857,1.8678571428571427,0.5353728489483748,,,False
P1,Estrela,Total,Casa marca (>=1),28,28.0,0.5714285714285714,0.4948716593053935,0.390704789856154,0.7349170381926877,-0.13057142857142856,,,,,0.6,False
P1,Estrela,Total,Clean sheet,28,28.0,0.25,0.4330127018922193,0.12676334942200781,0.43356025240704604,-0.04799999999999999,,,,,0.4,False
P1,Estrela,Total,Ambas marcam (BTTS),28,28.0,0.4642857142857143,0.4987228587060336,0.2953130373965958,0.6418760485789833,-0.0037142857142857255,,,,,0.4,False
P1,Estrela,Total,Over 1.5 golos,28,28.0,0.7857142857142857,0.4103259033241449,0.6046105292072612,0.8978767829881058,0.02571428571428569,,,,,0.8,False
P1,Estrela,Total,Over 3.5 golos,28,28.0,0.39285714285714285,0.4883855118277623,0.23565451827580033,0.575912739650937,0.09285714285714286,,,,,0.4,False
P1,Estrela,Total,Cantos total Over 8.5,28,28.0,0.4642857142857143,0.4987228587060336,0.2953130373965958,0.6418760485789833,-0.09971428571428564,,,,,0.6,False
P1,Estrela,Total,Cantos total Over 9.5,28,28.0,0.35714285714285715,0.4791574237499549,0.20705611972458876,0.5417002241777278,-0.10285714285714287,,,,,0.6,False
P1,Estrela,Total,Cantos total Over 10.5,28,28.0,0.32142857142857145,0.46702488680792936,0.1793304754342074,0.5066149544436882,-0.03457142857142853,,,,,0.6,False
P1,Estrela,Total,Cantos equipa Over 4.5,28,28.0,0.35714285714285715,0.4791574237499549,0.20705611972458876,0.5417002241777278,-0.11685714285714283,,,,,0.6,False
P1,Estrela,Total,Cantos equipa Over 5.5,28,28.0,0.21428571428571427,0.41032590332414487,0.10212321701189421,0.39538947079273873,-0.11371428571428574,,,,,0.6,False
P1,Estrela,Total,Equipa ganha cantos,28,28.0,0.32142857142857145,0.46702488680792936,0.1793304754342074,0.5066149544436882,-0.14057142857142857,,,,,0.6,False
P1,Famalicao,Total,Vitória (1X2),28,28.0,0.4642857142857143,0.4987228587060336,0.2953130373965958,0.6418760485789833,0.0942857142857143,-0.07142857142857147,3.0660714285714286,0.32615026208503206,0.4235331632653061,0.6,False
P1,Famalicao,Total,Over 2.5 golos,28,28.0,0.39285714285714285,0.4883855118277623,0.23565451827580033,0.575912739650937,-0.1671428571428572,-0.22392857142857142,2.004642857142857,0.4988419739889542,-0.21246173469387752,0.4,False
P1,Famalicao,Total,Under 2.5 golos,28,28.0,0.6071428571428571,0.48838551182776224,0.42408726034906297,0.7643454817241996,0.1671428571428571,0.06178571428571427,1.7585714285714287,0.5686433793663688,0.06770408163265307,0.6,False
P1,Famalicao,Total,Handicap Asiático (AH),28,,,,,,,0.18732142857142858,1.9221428571428572,0.5202526941657376,,,False
P1,Famalicao,Total,Casa marca (>=1),28,28.0,0.7142857142857143,0.45175395145262565,0.529403642629825,0.8474618415167003,0.012285714285714344,,,,,0.8,False
P1,Famalicao,Total,Clean sheet,28,28.0,0.5,0.5,0.32632846832446344,0.6736715316755366,0.202,,,,,0.6,False
P1,Famalicao,Total,Ambas marcam (BTTS),28,28.0,0.32142857142857145,0.46702488680792936,0.1793304754342074,0.5066149544436882,-0.14657142857142857,,,,,0.4,False
P1,Famalicao,Total,Over 1.5 golos,28,28.0,0.5357142857142857,0.4987228587060336,0.35812395142101666,0.7046869626034041,-0.2242857142857143,,,,,0.4,False
P1,Famalicao,Total,Over 3.5 golos,28,28.0,0.21428571428571427,0.41032590332414487,0.10212321701189421,0.39538947079273873,-0.08571428571428572,,,,,0.2,False
P1,Famalicao,Total,Cantos total Over 8.5,28,28.0,0.6785714285714286,0.4670248868079293,0.4933850455563118,0.8206695245657927,0.11457142857142866,,,,,0.6,False
P1,Famalicao,Total,Cantos total Over 9.5,28,28.0,0.5,0.5,0.32632846832446344,0.6736715316755366,0.03999999999999998,,,,,0.6,False
P1,Famalicao,Total,Cantos total Over 10.5,28,28.0,0.4642857142857143,0.4987228587060336,0.2953130373965958,0.6418760485789833,0.10828571428571432,,,,,0.4,False
P1,Famalicao,Total,Cantos equipa Over 4.5,28,28.0,0.5,0.5,0.32632846832446344,0.6736715316755366,0.026000000000000023,,,,,0.8,False
P1,Famalicao,Total,Cantos equipa Over 5.5,28,28.0,0.35714285714285715,0.4791574237499549,0.20705611972458876,0.5417002241777278,0.029142857142857137,,,,,0.4,False
P1,Famalicao,Total,Equipa ganha cantos,28,28.0,0.4642857142857143,0.4987228587060336,0.2953130373965958,0.6418760485789833,0.00228571428571428,,,,,0.6,False
P1,Gil Vicente,Total,Vitória (1X2),28,28.0,0.42857142857142855,0.49487165930539345,0.2650829618073123,0.6092952101438459,0.05857142857142855,0.1310714285714285,3.299285714285715,0.3030959082052392,0.41397959183673483,0.2,True
P1,Gil Vicente,Total,Over 2.5 golos,28,28.0,0.5,0.5,0.32632846832446344,0.6736715316755366,-0.06000000000000005,0.03214285714285712,2.1678571428571427,0.46128500823723234,0.08392857142857135,0.8,False
P1,Gil Vicente,Total,Under 2.5 golos,28,28.0,0.5,0.5,0.32632846832446344,0.6736715316755366,0.06,-0.1975,1.6575,0.6033182503770739,-0.1712499999999999,0.2,True
P1,Gil Vicente,Total,Handicap Asiático (AH),28,,,,,,,0.06232142857142854,1.8578571428571429,0.5382545174932718,,,False
P1,Gil Vicente,Total,Casa marca (>=1),28,28.0,0.7857142857142857,0.4103259033241449,0.6046105292072612,0.8978767829881058,0.08371428571428574,,,,,0.8,False
P1,Gil Vicente,Total,Clean sheet,28,28.0,0.39285714285714285,0.4883855118277623,0.23565451827580033,0.575912739650937,0.09485714285714286,,,,,0.2,True
P1,Gil Vicente,Total,Ambas marcam (BTTS),28,28.0,0.4642857142857143,0.4987228587060336,0.2953130373965958,0.6418760485789833,-0.0037142857142857255,,,,,0.6,False
P1,Gil Vicente,Total,Over 1.5 golos,28,28.0,0.7857142857142857,0.4103259033241449,0.6046105292072612,0.8978767829881058,0.02571428571428569,,,,,0.8,False
P1,Gil Vicente,Total,Over 3.5 golos,28,28.0,0.25,0.4330127018922193,0.12676334942200781,0.43356025240704604,-0.04999999999999999,,,,,0.4,False
P1,Gil Vicente,Total,Cantos total Over 8.5,28,28.0,0.5714285714285714,0.4948716593053935,0.390704789856154,0.7349170381926877,0.007428571428571451,,,,,0.4,True
P1,Gil Vicente,Total,Cantos total Over 9.5,28,28.0,0.5,0.5,0.32632846832446344,0.6736715316755366,0.03999999999999998,,,,,0.4,False
P1,Gil Vicente,Total,Cantos total Over 10.5,28,28.0,0.4642857142857143,0.4987228587060336,0.2953130373965958,0.6418760485789833,0.10828571428571432,,,,,0.2,True
P1,Gil Vicente,Total,Cantos equipa Over 4.5,28,28.0,0.5714285714285714,0.4948716593053935,0.390704789856154,0.7349170381926877,0.09742857142857142,,,,,0.6,False
P1,Gil Vicente,Total,Cantos equipa Over 5.5,28,28.0,0.4642857142857143,0.4987228587060336,0.2953130373965958,0.6418760485789833,0.1362857142857143,,,,,0.4,False
P1,Gil Vicente,Total,Equipa ganha cantos,28,28.0,0.7142857142857143,0.45175395145262565,0.529403642629825,0.8474618415167003,0.2522857142857143,,,,,0.6,False
P1,Guimaraes,Total,Vitória (1X2),28,28.0,0.35714285714285715,0.4791574237499549,0.20705611972458876,0.5417002241777278,-0.012857142857142845,-0.2792857142857143,3.2571428571428567,0.3070175438596492,0.16326530612244872,0.2,True
P1,Guimaraes,Total,Over 2.5 golos,28,28.0,0.5,0.5,0.32632846832446344,0.6736715316755366,-0.06000000000000005,0.002142857142857137,2.0864285714285713,0.47928791509756935,0.04321428571428565,0.6,False
P1,Guimaraes,Total,Under 2.5 golos,28,28.0,0.5,0.5,0.32632846832446344,0.6736715316755366,0.06,-0.1839285714285714,1.7010714285714283,0.5878647910980476,-0.14946428571428594,0.4,False
P1,Guimaraes,Total,Handicap Asiático (AH),28,,,,,,,-0.19624999999999998,1.8492857142857146,0.5407493240633449,,,False
P1,Guimaraes,Total,Casa marca (>=1),28,28.0,0.6428571428571429,0.4791574237499549,0.4582997758222724,0.7929438802754113,-0.05914285714285705,,,,,0.6,False
P1,Guimaraes,Total,Clean sheet,28,28.0,0.2857142857142857,0.45175395145262565,0.15253815848329966,0.47059635737017497,-0.012285714285714289,,,,,0.2,False
P1,Guimaraes,Total,Ambas marcam (BTTS),28,28.0,0.42857142857142855,0.49487165930539345,0.2650829618073123,0.6092952101438459,-0.03942857142857148,,,,,0.4,False
P1,Guimaraes,Total,Over 1.5 golos,28,28.0,0.7857142857142857,0.4103259033241449,0.6046105292072612,0.8978767829881058,0.02571428571428569,,,,,1.0,False
P1,Guimaraes,Total,Over 3.5 golos,28,28.0,0.25,0.4330127018922193,0.12676334942200781,0.43356025240704604,-0.04999999999999999,,,,,0.2,False
P1,Guimaraes,Total,Cantos total Over 8.5,28,28.0,0.4642857142857143,0.4987228587060336,0.2953130373965958,0.6418760485789833,-0.09971428571428564,,,,,0.6,False
P1,Guimaraes,Total,Cantos total Over 9.5,28,28.0,0.39285714285714285,0.4883855118277623,0.23565451827580033,0.575912739650937,-0.06714285714285717,,,,,0.6,False
P1,Guimaraes,Total,Cantos total Over 10.5,28,28.0,0.2857142857142857,0.45175395145262565,0.15253815848329966,0.47059635737017497,-0.07028571428571428,,,,,0.6,False
P1,Guimaraes,Total,Cantos equipa Over 4.5,28,28.0,0.39285714285714285,0.4883855118277623,0.23565451827580033,0.575912739650937,-0.08114285714285713,,,,,0.2,True
P1,Guimaraes,Total,Cantos equipa Over 5.5,28,28.0,0.32142857142857145,0.46702488680792936,0.1793304754342074,0.5066149544436882,-0.006571428571428561,,,,,0.2,False
P1,Guimaraes,Total,Equipa ganha cantos,28,28.0,0.5,0.5,0.32632846832446344,0.6736715316755366,0.03799999999999998,,,,,0.6,False
P1,Moreirense,Total,Vitória (1X2),28,28.0,0.35714285714285715,0.4791574237499549,0.20705611972458876,0.5417002241777278,-0.012857142857142845,-0.04821428571428573,4.670714285714285,0.21410001529285824,0.6681122448979591,0.0,True
P1,Moreirense,Total,Over 2.5 golos,28,28.0,0.5357142857142857,0.4987228587060336,0.35812395142101666,0.7046869626034041,-0.024285714285714355,0.08999999999999998,2.157142857142857,0.4635761589403974,0.1556122448979591,0.2,True
P1,Moreirense,Total,Under 2.5 golos,28,28.0,0.4642857142857143,0.4987228587060336,0.2953130373965958,0.6418760485789833,0.0242857142857143,-0.26785714285714285,1.682857142857143,0.5942275042444821,-0.218673469387755,0.8,False
P1,Moreirense,Total,Handicap Asiático (AH),28,,,,,,,0.012678571428571444,1.8367857142857142,0.5444293214077387,,,False
P1,Moreirense,Total,Casa marca (>=1),28,28.0,0.6785714285714286,0.4670248868079293,0.4933850455563118,0.8206695245657927,-0.023428571428571354,,,,,0.4,True
P1,Moreirense,Total,Clean sheet,28,28.0,0.25,0.4330127018922193,0.12676334942200781,0.43356025240704604,-0.04799999999999999,,,,,0.0,True
P1,Moreirense,Total,Ambas marcam (BTTS),28,28.0,0.4642857142857143,0.4987228587060336,0.2953130373965958,0.6418760485789833,-0.0037142857142857255,,,,,0.4,False
P1,Moreirense,Total,Over 1.5 golos,28,28.0,0.75,0.4330127018922193,0.566439747592954,0.8732366505779923,-0.010000000000000009,,,,,0.6,True
P1,Moreirense,Total,Over 3.5 golos,28,28.0,0.17857142857142858,0.38299304624155744,0.07878385829430107,0.35591791548591095,-0.12142857142857141,,,,,0.0,True
P1,Moreirense,Total,Cantos total Over 8.5,28,28.0,0.5,0.5,0.32632846832446344,0.6736715316755366,-0.06399999999999995,,,,,0.6,False
P1,Moreirense,Total,Cantos total Over 9.5,28,28.0,0.35714285714285715,0.4791574237499549,0.20705611972458876,0.5417002241777278,-0.10285714285714287,,,,,0.6,False
P1,Moreirense,Total,Cantos total Over 10.5,28,28.0,0.10714285714285714,0.30929478706587094,0.0371176920547995,0.2719622536765708,-0.24885714285714283,,,,,0.4,False
P1,Moreirense,Total,Cantos equipa Over 4.5,28,28.0,0.32142857142857145,0.46702488680792936,0.1793304754342074,0.5066149544436882,-0.15257142857142852,,,,,0.2,False
P1,Moreirense,Total,Cantos equipa Over 5.5,28,28.0,0.17857142857142858,0.38299304624155744,0.07878385829430107,0.35591791548591095,-0.14942857142857144,,,,,0.2,False
P1,Moreirense,Total,Equipa ganha cantos,28,28.0,0.32142857142857145,0.46702488680792936,0.1793304754342074,0.5066149544436882,-0.14057142857142857,,,,,0.2,False
P1,Nacional,Total,Vitória (1X2),28,28.0,0.21428571428571427,0.41032590332414487,0.10212321701189421,0.39538947079273873,-0.15571428571428572,-0.32250000000000006,4.682857142857143,0.21354484441732763,0.0034693877551019714,0.2,False
P1,Nacional,Total,Over 2.5 golos,28,28.0,0.4642857142857143,0.4987228587060336,0.2953130373965958,0.6418760485789833,-0.09571428571428575,-0.10178571428571428,1.9364285714285712,0.516414607156031,-0.10094387755102052,0.2,True
P1,Nacional,Total,Under 2.5 golos,28,28.0,0.5357142857142857,0.4987228587060336,0.35812395142101666,0.7046869626034041,0.0957142857142857,-0.025000000000000015,1.852142857142857,0.5399151561897416,-0.007780612244898011,0.8,False
P1,Nacional,Total,Handicap Asiático (AH),28,,,,,,,-0.022678571428571437,1.8482142857142854,0.5410628019323672,,,False
P1,Nacional,Total,Casa marca (>=1),28,28.0,0.6785714285714286,0.4670248868079293,0.4933850455563118,0.8206695245657927,-0.023428571428571354,,,,,0.6,False
P1,Nacional,Total,Clean sheet,28,28.0,0.17857142857142858,0.38299304624155744,0.07878385829430107,0.35591791548591095,-0.11942857142857141,,,,,0.2,False
P1,Nacional,Total,Ambas marcam (BTTS),28,28.0,0.5357142857142857,0.4987228587060336,0.35812395142101666,0.7046869626034041,0.06771428571428567,,,,,0.4,False
P1,Nacional,Total,Over 1.5 golos,28,28.0,0.7142857142857143,0.45175395145262565,0.529403642629825,0.8474618415167003,-0.04571428571428571,,,,,0.6,False
P1,Nacional,Total,Over 3.5 golos,28,28.0,0.21428571428571427,0.41032590332414487,0.10212321701189421,0.39538947079273873,-0.08571428571428572,,,,,0.0,True
P1,Nacional,Total,Cantos total Over 8.5,28,28.0,0.75,0.4330127018922193,0.566439747592954,0.8732366505779923,0.18600000000000005,,,,,1.0,False
P1,Nacional,Total,Cantos total Over 9.5,28,28.0,0.6428571428571429,0.4791574237499549,0.4582997758222724,0.7929438802754113,0.18285714285714288,,,,,0.6,False
P1,Nacional,Total,Cantos total Over 10.5,28,28.0,0.5357142857142857,0.4987228587060336,0.35812395142101666,0.7046869626034041,0.17971428571428572,,,,,0.6,False
P1,Nacional,Total,Cantos equipa Over 4.5,28,28.0,0.4642857142857143,0.4987228587060336,0.2953130373965958,0.6418760485789833,-0.009714285714285675,,,,,0.8,False
P1,Nacional,Total,Cantos equipa Over 5.5,28,28.0,0.21428571428571427,0.41032590332414487,0.10212321701189421,0.39538947079273873,-0.11371428571428574,,,,,0.4,False
P1,Nacional,Total,Equipa ganha cantos,28,28.0,0.25,0.4330127018922193,0.12676334942200781,0.43356025240704604,-0.21200000000000002,,,,,0.4,False
P1,Porto,Total,Vitória (1X2),28,28.0,0.8214285714285714,0.38299304624155744,0.644082084514089,0.9212161417056989,0.4514285714285714,0.19214285714285717,1.5574999999999999,0.6420545746388443,0.27937499999999993,0.6,True
P1,Porto,Total,Over 2.5 golos,28,28.0,0.5714285714285714,0.4948716593053935,0.390704789856154,0.7349170381926877,0.011428571428571344,0.0417857142857143,1.8103571428571428,0.5523771947129612,0.034489795918367205,1.0,False
P1,Porto,Total,Under 2.5 golos,28,28.0,0.42857142857142855,0.49487165930539345,0.2650829618073123,0.6092952101438459,-0.011428571428571455,-0.13071428571428573,1.9692857142857143,0.5077983315197678,-0.15602040816326535,0.0,True
P1,Porto,Total,Handicap Asiático (AH),28,,,,,,,0.03946428571428573,1.8650000000000002,0.5361930294906165,,,False
P1,Porto,Total,Casa marca (>=1),28,28.0,0.9642857142857143,0.18557687223952252,0.8228742388150134,0.9936676435024582,0.26228571428571434,,,,,1.0,False
P1,Porto,Total,Clean sheet,28,28.0,0.6428571428571429,0.4791574237499549,0.4582997758222724,0.7929438802754113,0.3448571428571429,,,,,0.2,True
P1,Porto,Total,Ambas marcam (BTTS),28,28.0,0.35714285714285715,0.4791574237499549,0.20705611972458876,0.5417002241777278,-0.11085714285714288,,,,,0.8,False
P1,Porto,Total,Over 1.5 golos,28,28.0,0.7142857142857143,0.45175395145262565,0.529403642629825,0.8474618415167003,-0.04571428571428571,,,,,1.0,False
P1,Porto,Total,Over 3.5 golos,28,28.0,0.21428571428571427,0.41032590332414487,0.10212321701189421,0.39538947079273873,-0.08571428571428572,,,,,0.6,False
P1,Porto,Total,Cantos total Over 8.5,28,28.0,0.5,0.5,0.32632846832446344,0.6736715316755366,-0.06399999999999995,,,,,0.2,True
P1,Porto,Total,Cantos total Over 9.5,28,28.0,0.32142857142857145,0.46702488680792936,0.1793304754342074,0.5066149544436882,-0.13857142857142857,,,,,0.2,False
P1,Porto,Total,Cantos total Over 10.5,28,28.0,0.21428571428571427,0.41032590332414487,0.10212321701189421,0.39538947079273873,-0.1417142857142857,,,,,0.0,True
P1,Porto,Total,Cantos equipa Over 4.5,28,28.0,0.5714285714285714,0.4948716593053935,0.390704789856154,0.7349170381926877,0.09742857142857142,,,,,0.4,True
P1,Porto,Total,Cantos equipa Over 5.5,28,28.0,0.39285714285714285,0.4883855118277623,0.23565451827580033,0.575912739650937,0.06485714285714284,,,,,0.0,True
P1,Porto,Total,Equipa ganha cantos,28,28.0,0.7142857142857143,0.45175395145262565,0.529403642629825,0.8474618415167003,0.2522857142857143,,,,,0.8,False
P1,Rio Ave,Total,Vitória (1X2),28,28.0,0.25,0.4330127018922193,0.12676334942200781,0.43356025240704604,-0.12,-0.2992857142857143,5.052142857142856,0.19793581224374385,0.26303571428571404,0.6,False
P1,Rio Ave,Total,Over 2.5 golos,28,28.0,0.6428571428571429,0.4791574237499549,0.4582997758222724,0.7929438802754113,0.08285714285714285,0.23499999999999996,1.901785714285714,0.5258215962441315,0.22257653061224492,0.6,False
P1,Rio Ave,Total,Under 2.5 golos,28,28.0,0.35714285714285715,0.4791574237499549,0.20705611972458876,0.5417002241777278,-0.08285714285714285,-0.30107142857142855,1.8978571428571427,0.5269100489273617,-0.32219387755102047,0.4,False
P1,Rio Ave,Total,Handicap Asiático (AH),28,,,,,,,0.047857142857142855,1.8725,0.5340453938584779,,,False
P1,Rio Ave,Total,Casa marca (>=1),28,28.0,0.6071428571428571,0.48838551182776224,0.42408726034906297,0.7643454817241996,-0.09485714285714286,,,,,0.8,False
P1,Rio Ave,Total,Clean sheet,28,28.0,0.14285714285714285,0.3499271061118826,0.056989129307017855,0.3149017304487733,-0.15514285714285714,,,,,0.4,False
P1,Rio Ave,Total,Ambas marcam (BTTS),28,28.0,0.5357142857142857,0.4987228587060336,0.35812395142101666,0.7046869626034041,0.06771428571428567,,,,,0.6,False
P1,Rio Ave,Total,Over 1.5 golos,28,28.0,0.8214285714285714,0.38299304624155744,0.644082084514089,0.9212161417056989,0.06142857142857139,,,,,0.6,True
P1,Rio Ave,Total,Over 3.5 golos,28,28.0,0.2857142857142857,0.45175395145262565,0.15253815848329966,0.47059635737017497,-0.01428571428571429,,,,,0.0,True
P1,Rio Ave,Total,Cantos total Over 8.5,28,28.0,0.7857142857142857,0.4103259033241449,0.6046105292072612,0.8978767829881058,0.22171428571428575,,,,,0.8,False
P1,Rio Ave,Total,Cantos total Over 9.5,28,28.0,0.7142857142857143,0.45175395145262565,0.529403642629825,0.8474618415167003,0.2542857142857143,,,,,0.8,False
P1,Rio Ave,Total,Cantos total Over 10.5,28,28.0,0.5357142857142857,0.4987228587060336,0.35812395142101666,0.7046869626034041,0.17971428571428572,,,,,0.6,False
P1,Rio Ave,Total,Cantos equipa Over 4.5,28,28.0,0.5,0.5,0.32632846832446344,0.6736715316755366,0.026000000000000023,,,,,0.8,False
P1,Rio Ave,Total,Cantos equipa Over 5.5,28,28.0,0.35714285714285715,0.4791574237499549,0.20705611972458876,0.5417002241777278,0.029142857142857137,,,,,0.6,False
P1,Rio Ave,Total,Equipa ganha cantos,28,28.0,0.21428571428571427,0.41032590332414487,0.10212321701189421,0.39538947079273873,-0.24771428571428575,,,,,0.4,False
P1,Santa Clara,Total,Vitória (1X2),28,28.0,0.25,0.4330127018922193,0.12676334942200781,0.43356025240704604,-0.12,-0.47107142857142864,3.535714285714285,0.2828282828282829,-0.11607142857142871,0.6,False
P1,Santa Clara,Total,Over 2.5 golos,28,28.0,0.35714285714285715,0.4791574237499549,0.20705611972458876,0.5417002241777278,-0.2028571428571429,-0.18464285714285714,2.367142857142857,0.4224502112251056,-0.1545918367346939,0.4,False
P1,Santa Clara,Total,Under 2.5 golos,28,28.0,0.6428571428571429,0.4791574237499549,0.4582997758222724,0.7929438802754113,0.2028571428571429,-0.025000000000000005,1.545,0.6472491909385114,-0.006785714285714284,0.6,False
P1,Santa Clara,Total,Handicap Asiático (AH),28,,,,,,,-0.20285714285714285,1.9707142857142859,0.5074302283436027,,,False
P1,Santa Clara,Total,Casa marca (>=1),28,28.0,0.6428571428571429,0.4791574237499549,0.4582997758222724,0.7929438802754113,-0.05914285714285705,,,,,1.0,False
P1,Santa Clara,Total,Clean sheet,28,28.0,0.2857142857142857,0.45175395145262565,0.15253815848329966,0.47059635737017497,-0.012285714285714289,,,,,0.6,False
P1,Santa Clara,Total,Ambas marcam (BTTS),28,28.0,0.42857142857142855,0.49487165930539345,0.2650829618073123,0.6092952101438459,-0.03942857142857148,,,,,0.4,False
P1,Santa Clara,Total,Over 1.5 golos,28,28.0,0.5357142857142857,0.4987228587060336,0.35812395142101666,0.7046869626034041,-0.2242857142857143,,,,,0.6,False
P1,Santa Clara,Total,Over 3.5 golos,28,28.0,0.14285714285714285,0.3499271061118826,0.056989129307017855,0.3149017304487733,-0.15714285714285714,,,,,0.4,False
P1,Santa Clara,Total,Cantos total Over 8.5,28,28.0,0.5714285714285714,0.4948716593053935,0.390704789856154,0.7349170381926877,0.007428571428571451,,,,,0.8,False
P1,Santa Clara,Total,Cantos total Over 9.5,28,28.0,0.4642857142857143,0.4987228587060336,0.2953130373965958,0.6418760485789833,0.004285714285714282,,,,,0.8,False
P1,Santa Clara,Total,Cantos total Over 10.5,28,28.0,0.35714285714285715,0.4791574237499549,0.20705611972458876,0.5417002241777278,0.0011428571428571677,,,,,0.6,False
P1,Santa Clara,Total,Cantos equipa Over 4.5,28,28.0,0.5714285714285714,0.4948716593053935,0.390704789856154,0.7349170381926877,0.09742857142857142,,,,,0.8,False
P1,Santa Clara,Total,Cantos equipa Over 5.5,28,28.0,0.42857142857142855,0.49487165930539345,0.2650829618073123,0.6092952101438459,0.10057142857142853,,,,,0.6,False
P1,Santa Clara,Total,Equipa ganha cantos,28,28.0,0.5,0.5,0.32632846832446344,0.6736715316755366,0.03799999999999998,,,,,0.4,False
P1,Sp Braga,Total,Vitória (1X2),27,27.0,0.5185185185185185,0.4996569467863719,0.33985324586210425,0.6925704935029092,0.1485185185185185,-0.21962962962962962,2.102592592592593,0.47560331160824376,0.09023319615912206,0.6,False
P1,Sp Braga,Total,Over 2.5 golos,27,27.0,0.7037037037037037,0.4566232594791834,0.515189666191624,0.8414714668235244,0.14370370370370367,0.3062962962962963,1.8696296296296295,0.53486529318542,0.3156652949245542,0.8,False
P1,Sp Braga,Total,Under 2.5 golos,27,27.0,0.2962962962962963,0.4566232594791834,0.15852853317647564,0.48481033380837596,-0.14370370370370372,-0.4555555555555556,1.8688888888888888,0.535077288941736,-0.44625514403292177,0.2,False
P1,Sp Braga,Total,Handicap Asiático (AH),27,,,,,,,-0.009074074074074078,1.8618518518518523,0.5370996618261387,,,False
P1,Sp Braga,Total,Casa marca (>=1),27,27.0,0.8888888888888888,0.3142696805273545,0.7194181745602704,0.9614803521050128,0.18688888888888888,,,,,1.0,False
P1,Sp Braga,Total,Clean sheet,27,27.0,0.37037037037037035,0.4829038818668629,0.21532287067936856,0.557710953765537,0.07237037037037036,,,,,0.2,True
P1,Sp Braga,Total,Ambas marcam (BTTS),27,27.0,0.5185185185185185,0.4996569467863719,0.33985324586210425,0.6925704935029092,0.05051851851851846,,,,,0.8,False
P1,Sp Braga,Total,Over 1.5 golos,27,27.0,0.7777777777777778,0.41573970964154905,0.5924270453692919,0.8939290451059105,0.01777777777777778,,,,,0.8,False
P1,Sp Braga,Total,Over 3.5 golos,27,27.0,0.37037037037037035,0.4829038818668629,0.21532287067936856,0.557710953765537,0.07037037037037036,,,,,0.4,False
P1,Sp Braga,Total,Cantos total Over 8.5,27,27.0,0.4074074074074074,0.4913518207933925,0.24514513372857347,0.5927361694463591,-0.15659259259259256,,,,,0.6,False
P1,Sp Braga,Total,Cantos total Over 9.5,27,27.0,0.3333333333333333,0.4714045207910317,0.1864305444359335,0.521755801278945,-0.1266666666666667,,,,,0.4,False
P1,Sp Braga,Total,Cantos total Over 10.5,27,27.0,0.2962962962962963,0.4566232594791834,0.15852853317647564,0.48481033380837596,-0.0597037037037037,,,,,0.4,False
P1,Sp Braga,Total,Cantos equipa Over 4.5,27,27.0,0.7777777777777778,0.41573970964154905,0.5924270453692919,0.8939290451059105,0.3037777777777778,,,,,0.6,True
P1,Sp Braga,Total,Cantos equipa Over 5.5,27,27.0,0.4444444444444444,0.49690399499995325,0.27585597670072826,0.6268728052042312,0.1164444444444444,,,,,0.6,False
P1,Sp Braga,Total,Equipa ganha cantos,27,27.0,0.8148148148148148,0.3884477215445006,0.6330094349480825,0.9181941342571468,0.35281481481481475,,,,,0.6,True
P1,Sp Lisbon,Total,Vitória (1X2),27,27.0,0.7777777777777778,0.41573970964154905,0.5924270453692919,0.8939290451059105,0.4077777777777778,-0.037777777777777785,1.4377777777777778,0.6955177743431221,0.11827160493827149,0.8,False
P1,Sp Lisbon,Total,Over 2.5 golos,27,27.0,0.7037037037037037,0.4566232594791834,0.515189666191624,0.8414714668235244,0.14370370370370367,0.11481481481481483,1.6292592592592594,0.6137758581495794,0.1465157750342938,1.0,False
P1,Sp Lisbon,Total,Under 2.5 golos,27,27.0,0.2962962962962963,0.4566232594791834,0.15852853317647564,0.48481033380837596,-0.14370370370370372,-0.3759259259259259,2.2914814814814815,0.4363989009212866,-0.32104252400548705,0.0,True
P1,Sp Lisbon,Total,Handicap Asiático (AH),27,,,,,,,0.11074074074074075,1.871111111111111,0.5344418052256532,,,False
P1,Sp Lisbon,Total,Casa marca (>=1),27,27.0,1.0,0.0,0.8754409628553642,1.0,0.29800000000000004,,,,,1.0,False
P1,Sp Lisbon,Total,Clean sheet,27,27.0,0.48148148148148145,0.49965694678637196,0.3074295064970908,0.6601467541378958,0.18348148148148147,,,,,0.4,False
P1,Sp Lisbon,Total,Ambas marcam (BTTS),27,27.0,0.5185185185185185,0.4996569467863719,0.33985324586210425,0.6925704935029092,0.05051851851851846,,,,,0.6,False
P1,Sp Lisbon,Total,Over 1.5 golos,27,27.0,0.9259259259259259,0.2618914004394621,0.7663002270926939,0.9794457783026164,0.16592592592592592,,,,,1.0,False
P1,Sp Lisbon,Total,Over 3.5 golos,27,27.0,0.3333333333333333,0.4714045207910317,0.1864305444359335,0.521755801278945,0.033333333333333326,,,,,0.6,False
P1,Sp Lisbon,Total,Cantos total Over 8.5,27,27.0,0.7037037037037037,0.4566232594791834,0.515189666191624,0.8414714668235244,0.13970370370370377,,,,,0.6,False
P1,Sp Lisbon,Total,Cantos total Over 9.5,27,27.0,0.5185185185185185,0.4996569467863719,0.33985324586210425,0.6925704935029092,0.05851851851851847,,,,,0.4,False
P1,Sp Lisbon,Total,Cantos total Over 10.5,27,27.0,0.4074074074074074,0.4913518207933925,0.24514513372857347,0.5927361694463591,0.0514074074074074,,,,,0.4,False
P1,Sp Lisbon,Total,Cantos equipa Over 4.5,27,27.0,0.7777777777777778,0.41573970964154905,0.5924270453692919,0.8939290451059105,0.3037777777777778,,,,,0.6,True
P1,Sp Lisbon,Total,Cantos equipa Over 5.5,27,27.0,0.6296296296296297,0.4829038818668629,0.442289046234463,0.7846771293206315,0.30162962962962964,,,,,0.4,True
P1,Sp Lisbon,Total,Equipa ganha cantos,27,27.0,0.7407407407407407,0.43822813208145306,0.5532106959738432,0.8682979157713321,0.2787407407407407,,,,,0.6,False
P1,Tondela,Total,Vitória (1X2),27,27.0,0.14814814814814814,0.3552467795046459,0.0591583185964489,0.3247906334682948,-0.22185185185185186,-0.42037037037037034,4.815925925925926,0.2076443897562101,-0.2865294924554185,0.2,False
P1,Tondela,Total,Over 2.5 golos,27,27.0,0.5185185185185185,0.4996569467863719,0.33985324586210425,0.6925704935029092,-0.041481481481481564,0.03962962962962964,2.0474074074074076,0.48842257597684513,0.06161865569272984,0.4,False
P1,Tondela,Total,Under 2.5 golos,27,27.0,0.48148148148148145,0.49965694678637196,0.3074295064970908,0.6601467541378958,0.04148148148148145,-0.18333333333333335,1.7492592592592595,0.5716705483802667,-0.1577640603566528,0.6,False
P1,Tondela,Total,Handicap Asiático (AH),27,,,,,,,-0.3305555555555556,1.9707407407407405,0.5074234166510055,,,False
P1,Tondela,Total,Casa marca (>=1),27,27.0,0.4074074074074074,0.4913518207933925,0.24514513372857347,0.5927361694463591,-0.2945925925925926,,,,,0.4,False
P1,Tondela,Total,Clean sheet,27,27.0,0.18518518518518517,0.3884477215445006,0.08180586574285321,0.36699056505191746,-0.11281481481481481,,,,,0.4,False
P1,Tondela,Total,Ambas marcam (BTTS),27,27.0,0.3333333333333333,0.4714045207910317,0.1864305444359335,0.521755801278945,-0.1346666666666667,,,,,0.2,False
P1,Tondela,Total,Over 1.5 golos,27,27.0,0.6296296296296297,0.4829038818668629,0.442289046234463,0.7846771293206315,-0.13037037037037036,,,,,0.6,False
P1,Tondela,Total,Over 3.5 golos,27,27.0,0.25925925925925924,0.438228132081453,0.13170208422866778,0.44678930402615685,-0.040740740740740744,,,,,0.4,False
P1,Tondela,Total,Cantos total Over 8.5,27,27.0,0.5185185185185185,0.4996569467863719,0.33985324586210425,0.6925704935029092,-0.045481481481481456,,,,,0.4,False
P1,Tondela,Total,Cantos total Over 9.5,27,27.0,0.4444444444444444,0.49690399499995325,0.27585597670072826,0.6268728052042312,-0.0155555555555556,,,,,0.4,False
P1,Tondela,Total,Cantos total Over 10.5,27,27.0,0.4074074074074074,0.4913518207933925,0.24514513372857347,0.5927361694463591,0.0514074074074074,,,,,0.4,False
P1,Tondela,Total,Cantos equipa Over 4.5,27,27.0,0.25925925925925924,0.438228132081453,0.13170208422866778,0.44678930402615685,-0.21474074074074073,,,,,0.2,False
P1,Tondela,Total,Cantos equipa Over 5.5,27,27.0,0.2222222222222222,0.41573970964154905,0.10607095489408955,0.4075729546307081,-0.1057777777777778,,,,,0.2,False
P1,Tondela,Total,Equipa ganha cantos,27,27.0,0.4074074074074074,0.4913518207933925,0.24514513372857347,0.5927361694463591,-0.05459259259259264,,,,,0.4,False
