league,team,scope,market,jogos,n_eventos,hit_rate,hit_std,wilson_lo,wilson_hi,edge_vs_liga,roi_unid_por_aposta,odds_avg,prob_impl,value_estimado,form_recent_5,alerta_tendencia_inversa
N1,AZ Alkmaar,Fora,Vitória (1X2),15,15.0,0.4,0.4898979485566356,0.19824228082594664,0.6425355724349229,0.026436781609195437,-0.206,2.469333333333333,0.4049676025917927,-0.012266666666666759,0.4,False
N1,AZ Alkmaar,Fora,Over 2.5 golos,15,15.0,0.6,0.4898979485566356,0.357464427565077,0.8017577191740534,-0.020689655172413834,-0.09933333333333332,1.5266666666666668,0.6550218340611353,-0.08399999999999996,0.6,False
N1,AZ Alkmaar,Fora,Under 2.5 golos,15,15.0,0.4,0.4898979485566356,0.19824228082594664,0.6425355724349229,0.020689655172413834,-0.08133333333333334,2.4153333333333333,0.41402152911951423,-0.0338666666666666,0.4,False
N1,AZ Alkmaar,Fora,Handicap Asiático (AH),15,,,,,,,-0.296,2.0166666666666666,0.49586776859504134,,,False
N1,AZ Alkmaar,Fora,Casa marca (>=1),15,15.0,0.8,0.39999999999999997,0.5481406466534955,0.9295257935638959,-0.0007662835249041544,,,,,0.6,True
N1,AZ Alkmaar,Fora,Clean sheet,15,15.0,0.26666666666666666,0.4422166387140533,0.10897276103182815,0.5195088965768675,0.06743295019157089,,,,,0.2,False
N1,AZ Alkmaar,Fora,Ambas marcam (BTTS),15,15.0,0.5333333333333333,0.49888765156985887,0.3011663015105079,0.7519077474025356,-0.09501915708812259,,,,,0.4,False
N1,AZ Alkmaar,Fora,Over 1.5 golos,15,15.0,0.7333333333333333,0.44221663871405337,0.48049110342313245,0.8910272389681717,-0.12490421455938705,,,,,0.8,False
N1,AZ Alkmaar,Fora,Over 3.5 golos,15,15.0,0.26666666666666666,0.4422166387140533,0.10897276103182815,0.5195088965768675,-0.11647509578544063,,,,,0.0,True
N1,AZ Alkmaar,Fora,Cantos total Over 8.5,15,15.0,0.7333333333333333,0.44221663871405337,0.48049110342313245,0.8910272389681717,0.013026819923371624,,,,,0.8,False
N1,AZ Alkmaar,Fora,Cantos total Over 9.5,15,15.0,0.4666666666666667,0.49888765156985887,0.24809225259746442,0.6988336984894922,-0.096551724137931,,,,,0.4,False
N1,AZ Alkmaar,Fora,Cantos total Over 10.5,15,15.0,0.4,0.4898979485566356,0.19824228082594664,0.6425355724349229,-0.0482758620689655,,,,,0.4,False
N1,AZ Alkmaar,Fora,Cantos equipa Over 4.5,15,15.0,0.6,0.4898979485566356,0.357464427565077,0.8017577191740534,0.05977011494252871,,,,,0.6,False
N1,AZ Alkmaar,Fora,Cantos equipa Over 5.5,15,15.0,0.4666666666666667,0.49888765156985887,0.24809225259746442,0.6988336984894922,0.05862068965517242,,,,,0.4,False
N1,AZ Alkmaar,Fora,Equipa ganha cantos,15,15.0,0.6,0.4898979485566356,0.357464427565077,0.8017577191740534,0.13639846743295014,,,,,0.4,True
N1,AZ Alkmaar,Casa,Vitória (1X2),14,14.0,0.5,0.5,0.2679886791947528,0.7320113208052473,0.12643678160919541,-0.2685714285714285,1.6807142857142856,0.5949851253718658,-0.1596428571428572,0.6,False
N1,AZ Alkmaar,Casa,Over 2.5 golos,14,14.0,0.7142857142857143,0.45175395145262565,0.4535045882751561,0.882788120898909,0.09359605911330049,0.07214285714285713,1.4707142857142859,0.6799417192812044,0.05051020408163276,0.6,False
N1,AZ Alkmaar,Casa,Under 2.5 golos,14,14.0,0.2857142857142857,0.45175395145262565,0.11721187910109102,0.546495411724844,-0.09359605911330049,-0.18285714285714297,2.6021428571428573,0.3842986549547076,-0.2565306122448979,0.4,False
N1,AZ Alkmaar,Casa,Handicap Asiático (AH),14,,,,,,,-0.23142857142857137,1.8650000000000002,0.5361930294906165,,,False
N1,AZ Alkmaar,Casa,Casa marca (>=1),14,14.0,1.0,0.0,0.7846829880728186,1.0,0.1992337164750958,,,,,1.0,False
N1,AZ Alkmaar,Casa,Clean sheet,14,14.0,0.21428571428571427,0.41032590332414487,0.07571248336916371,0.4758972377320828,0.0150519978106185,,,,,0.4,False
N1,AZ Alkmaar,Casa,Ambas marcam (BTTS),14,14.0,0.7857142857142857,0.4103259033241449,0.5241027622679172,0.9242875166308363,0.1573617952928298,,,,,0.6,True
N1,AZ Alkmaar,Casa,Over 1.5 golos,14,14.0,0.9285714285714286,0.25753937681885636,0.6853073044604219,0.9872781138877085,0.07033388067870827,,,,,1.0,False
N1,AZ Alkmaar,Casa,Over 3.5 golos,14,14.0,0.6428571428571429,0.4791574237499549,0.3876400468214041,0.8365550926279727,0.2597153804050356,,,,,0.6,False
N1,AZ Alkmaar,Casa,Cantos total Over 8.5,14,14.0,0.7857142857142857,0.4103259033241449,0.5241027622679172,0.9242875166308363,0.06540777230432404,,,,,0.6,True
N1,AZ Alkmaar,Casa,Cantos total Over 9.5,14,14.0,0.5714285714285714,0.4948716593053935,0.3259026690286936,0.7861949006959947,0.008210180623973717,,,,,0.4,True
N1,AZ Alkmaar,Casa,Cantos total Over 10.5,14,14.0,0.21428571428571427,0.41032590332414487,0.07571248336916371,0.4758972377320828,-0.23399014778325125,,,,,0.2,False
N1,AZ Alkmaar,Casa,Cantos equipa Over 4.5,14,14.0,0.5714285714285714,0.4948716593053935,0.3259026690286936,0.7861949006959947,0.031198686371100126,,,,,0.4,True
N1,AZ Alkmaar,Casa,Cantos equipa Over 5.5,14,14.0,0.5714285714285714,0.4948716593053935,0.3259026690286936,0.7861949006959947,0.16338259441707714,,,,,0.4,True
N1,AZ Alkmaar,Casa,Equipa ganha cantos,14,14.0,0.5714285714285714,0.4948716593053935,0.3259026690286936,0.7861949006959947,0.10782703886152156,,,,,0.4,True
N1,Ajax,Fora,Vitória (1X2),14,14.0,0.21428571428571427,0.41032590332414487,0.07571248336916371,0.4758972377320828,-0.1592775041050903,-0.5385714285714286,2.3364285714285713,0.42800366860287375,-0.4993367346938776,0.0,True
N1,Ajax,Fora,Over 2.5 golos,14,14.0,0.7142857142857143,0.45175395145262565,0.4535045882751561,0.882788120898909,0.09359605911330049,0.09428571428571428,1.5178571428571428,0.6588235294117647,0.08418367346938771,0.4,True
N1,Ajax,Fora,Under 2.5 golos,14,14.0,0.2857142857142857,0.45175395145262565,0.11721187910109102,0.546495411724844,-0.09359605911330049,-0.28071428571428575,2.424285714285714,0.4124926340601061,-0.30734693877551034,0.6,False
N1,Ajax,Fora,Handicap Asiático (AH),14,,,,,,,-0.16142857142857142,1.8450000000000002,0.5420054200542005,,,False
N1,Ajax,Fora,Casa marca (>=1),14,14.0,0.9285714285714286,0.25753937681885636,0.6853073044604219,0.9872781138877085,0.1278051450465244,,,,,0.8,False
N1,Ajax,Fora,Clean sheet,14,14.0,0.07142857142857142,0.2575393768188564,0.012721886112291648,0.3146926955395781,-0.12780514504652435,,,,,0.2,False
N1,Ajax,Fora,Ambas marcam (BTTS),14,14.0,0.9285714285714286,0.25753937681885636,0.6853073044604219,0.9872781138877085,0.3002189381499727,,,,,0.8,False
N1,Ajax,Fora,Over 1.5 golos,14,14.0,0.9285714285714286,0.25753937681885636,0.6853073044604219,0.9872781138877085,0.07033388067870827,,,,,0.8,False
N1,Ajax,Fora,Over 3.5 golos,14,14.0,0.6428571428571429,0.4791574237499549,0.3876400468214041,0.8365550926279727,0.2597153804050356,,,,,0.4,True
N1,Ajax,Fora,Cantos total Over 8.5,14,14.0,0.5714285714285714,0.4948716593053935,0.3259026690286936,0.7861949006959947,-0.14887794198139026,,,,,0.4,True
N1,Ajax,Fora,Cantos total Over 9.5,14,14.0,0.5,0.5,0.2679886791947528,0.7320113208052473,-0.06321839080459768,,,,,0.4,False
N1,Ajax,Fora,Cantos total Over 10.5,14,14.0,0.35714285714285715,0.4791574237499549,0.16344490737202735,0.6123599531785959,-0.09113300492610837,,,,,0.4,False
N1,Ajax,Fora,Cantos equipa Over 4.5,14,14.0,0.35714285714285715,0.4791574237499549,0.16344490737202735,0.6123599531785959,-0.18308702791461412,,,,,0.2,True
N1,Ajax,Fora,Cantos equipa Over 5.5,14,14.0,0.2857142857142857,0.45175395145262565,0.11721187910109102,0.546495411724844,-0.12233169129720856,,,,,0.2,False
N1,Ajax,Fora,Equipa ganha cantos,14,14.0,0.35714285714285715,0.4791574237499549,0.16344490737202735,0.6123599531785959,-0.10645867542419268,,,,,0.4,False
N1,Ajax,Casa,Vitória (1X2),15,15.0,0.6,0.4898979485566356,0.357464427565077,0.8017577191740534,0.2264367816091954,-0.086,1.602666666666667,0.6239600665557403,-0.03839999999999988,0.6,False
N1,Ajax,Casa,Over 2.5 golos,15,15.0,0.4666666666666667,0.49888765156985887,0.24809225259746442,0.6988336984894922,-0.15402298850574714,-0.32733333333333337,1.444,0.6925207756232687,-0.3261333333333334,0.6,False
N1,Ajax,Casa,Under 2.5 golos,15,15.0,0.5333333333333333,0.49888765156985887,0.3011663015105079,0.7519077474025356,0.15402298850574714,0.43133333333333324,2.671333333333334,0.37434489643124524,0.4247111111111115,0.4,False
N1,Ajax,Casa,Handicap Asiático (AH),15,,,,,,,-0.1953333333333333,1.8873333333333333,0.5298481102084069,,,False
N1,Ajax,Casa,Casa marca (>=1),15,15.0,0.9333333333333333,0.2494438257849294,0.7018292244757601,0.9881334113938052,0.13256704980842915,,,,,1.0,False
N1,Ajax,Casa,Clean sheet,15,15.0,0.4,0.4898979485566356,0.19824228082594664,0.6425355724349229,0.20076628352490425,,,,,0.4,False
N1,Ajax,Casa,Ambas marcam (BTTS),15,15.0,0.5333333333333333,0.49888765156985887,0.3011663015105079,0.7519077474025356,-0.09501915708812259,,,,,0.6,False
N1,Ajax,Casa,Over 1.5 golos,15,15.0,1.0,0.0,0.7961107336956521,1.0,0.14176245210727967,,,,,1.0,False
N1,Ajax,Casa,Over 3.5 golos,15,15.0,0.26666666666666666,0.4422166387140533,0.10897276103182815,0.5195088965768675,-0.11647509578544063,,,,,0.4,False
N1,Ajax,Casa,Cantos total Over 8.5,15,15.0,0.6,0.4898979485566356,0.357464427565077,0.8017577191740534,-0.12030651340996168,,,,,0.4,True
N1,Ajax,Casa,Cantos total Over 9.5,15,15.0,0.4,0.4898979485566356,0.19824228082594664,0.6425355724349229,-0.16321839080459766,,,,,0.4,False
N1,Ajax,Casa,Cantos total Over 10.5,15,15.0,0.3333333333333333,0.4714045207910317,0.15176100694691236,0.5828687484878702,-0.11494252873563221,,,,,0.2,False
N1,Ajax,Casa,Cantos equipa Over 4.5,15,15.0,0.6,0.4898979485566356,0.357464427565077,0.8017577191740534,0.05977011494252871,,,,,0.6,False
N1,Ajax,Casa,Cantos equipa Over 5.5,15,15.0,0.4,0.4898979485566356,0.19824228082594664,0.6425355724349229,-0.008045977011494232,,,,,0.4,False
N1,Ajax,Casa,Equipa ganha cantos,15,15.0,0.5333333333333333,0.49888765156985887,0.3011663015105079,0.7519077474025356,0.06973180076628349,,,,,0.6,False
N1,Excelsior,Fora,Vitória (1X2),14,14.0,0.21428571428571427,0.41032590332414487,0.07571248336916371,0.4758972377320828,-0.1592775041050903,0.017857142857142825,5.922857142857144,0.16883743367100815,0.269183673469388,0.2,False
N1,Excelsior,Fora,Over 2.5 golos,14,14.0,0.6428571428571429,0.4791574237499549,0.3876400468214041,0.8365550926279727,0.022167487684729092,-0.03142857142857146,1.5242857142857142,0.6560449859418932,-0.020102040816326494,0.4,True
N1,Excelsior,Fora,Under 2.5 golos,14,14.0,0.35714285714285715,0.4791574237499549,0.16344490737202735,0.6123599531785959,-0.022167487684729037,-0.1457142857142857,2.513571428571429,0.3978402955385052,-0.10229591836734675,0.6,False
N1,Excelsior,Fora,Handicap Asiático (AH),14,,,,,,,0.04142857142857145,1.847857142857143,0.5411673753382296,,,False
N1,Excelsior,Fora,Casa marca (>=1),14,14.0,0.7857142857142857,0.4103259033241449,0.5241027622679172,0.9242875166308363,-0.0150519978106185,,,,,0.8,False
N1,Excelsior,Fora,Clean sheet,14,14.0,0.14285714285714285,0.3499271061118826,0.04009307373792117,0.399419077638637,-0.056376573617952924,,,,,0.4,False
N1,Excelsior,Fora,Ambas marcam (BTTS),14,14.0,0.7142857142857143,0.45175395145262565,0.4535045882751561,0.882788120898909,0.08593322386425839,,,,,0.6,False
N1,Excelsior,Fora,Over 1.5 golos,14,14.0,0.9285714285714286,0.25753937681885636,0.6853073044604219,0.9872781138877085,0.07033388067870827,,,,,0.8,False
N1,Excelsior,Fora,Over 3.5 golos,14,14.0,0.2857142857142857,0.45175395145262565,0.11721187910109102,0.546495411724844,-0.0974274767378216,,,,,0.0,True
N1,Excelsior,Fora,Cantos total Over 8.5,14,14.0,0.7142857142857143,0.45175395145262565,0.4535045882751561,0.882788120898909,-0.006020799124247356,,,,,0.6,False
N1,Excelsior,Fora,Cantos total Over 9.5,14,14.0,0.5714285714285714,0.4948716593053935,0.3259026690286936,0.7861949006959947,0.008210180623973717,,,,,0.6,False
N1,Excelsior,Fora,Cantos total Over 10.5,14,14.0,0.42857142857142855,0.49487165930539345,0.21380509930400526,0.6740973309713064,-0.019704433497536977,,,,,0.6,False
N1,Excelsior,Fora,Cantos equipa Over 4.5,14,14.0,0.42857142857142855,0.49487165930539345,0.21380509930400526,0.6740973309713064,-0.11165845648604272,,,,,0.4,False
N1,Excelsior,Fora,Cantos equipa Over 5.5,14,14.0,0.07142857142857142,0.2575393768188564,0.012721886112291648,0.3146926955395781,-0.33661740558292286,,,,,0.0,False
N1,Excelsior,Fora,Equipa ganha cantos,14,14.0,0.21428571428571427,0.41032590332414487,0.07571248336916371,0.4758972377320828,-0.24931581828133556,,,,,0.0,True
N1,Excelsior,Casa,Vitória (1X2),15,15.0,0.26666666666666666,0.4422166387140533,0.10897276103182815,0.5195088965768675,-0.10689655172413792,-0.30533333333333335,3.5013333333333327,0.28560548362528565,-0.06631111111111132,0.0,True
N1,Excelsior,Casa,Over 2.5 golos,15,15.0,0.5333333333333333,0.49888765156985887,0.3011663015105079,0.7519077474025356,-0.08735632183908049,-0.17666666666666664,1.5933333333333333,0.6276150627615062,-0.15022222222222215,0.6,False
N1,Excelsior,Casa,Under 2.5 golos,15,15.0,0.4666666666666667,0.49888765156985887,0.24809225259746442,0.6988336984894922,0.08735632183908049,0.006666666666666672,2.2986666666666666,0.43503480278422274,0.07271111111111117,0.4,False
N1,Excelsior,Casa,Handicap Asiático (AH),15,,,,,,,-0.11633333333333334,1.8626666666666665,0.5368647100930566,,,False
N1,Excelsior,Casa,Casa marca (>=1),15,15.0,0.7333333333333333,0.44221663871405337,0.48049110342313245,0.8910272389681717,-0.06743295019157092,,,,,0.6,False
N1,Excelsior,Casa,Clean sheet,15,15.0,0.2,0.4,0.07047420643610411,0.4518593533465045,0.0007662835249042377,,,,,0.0,True
N1,Excelsior,Casa,Ambas marcam (BTTS),15,15.0,0.5333333333333333,0.49888765156985887,0.3011663015105079,0.7519077474025356,-0.09501915708812259,,,,,0.6,False
N1,Excelsior,Casa,Over 1.5 golos,15,15.0,0.6666666666666666,0.4714045207910317,0.4171312515121298,0.8482389930530875,-0.1915708812260537,,,,,0.8,False
N1,Excelsior,Casa,Over 3.5 golos,15,15.0,0.13333333333333333,0.33993463423951903,0.037360469891359285,0.3788249920651624,-0.24980842911877396,,,,,0.2,False
N1,Excelsior,Casa,Cantos total Over 8.5,15,15.0,0.5333333333333333,0.49888765156985887,0.3011663015105079,0.7519077474025356,-0.18697318007662833,,,,,0.6,False
N1,Excelsior,Casa,Cantos total Over 9.5,15,15.0,0.4,0.4898979485566356,0.19824228082594664,0.6425355724349229,-0.16321839080459766,,,,,0.4,False
N1,Excelsior,Casa,Cantos total Over 10.5,15,15.0,0.26666666666666666,0.4422166387140533,0.10897276103182815,0.5195088965768675,-0.18160919540229886,,,,,0.4,False
N1,Excelsior,Casa,Cantos equipa Over 4.5,15,15.0,0.4666666666666667,0.49888765156985887,0.24809225259746442,0.6988336984894922,-0.0735632183908046,,,,,0.6,False
N1,Excelsior,Casa,Cantos equipa Over 5.5,15,15.0,0.3333333333333333,0.4714045207910317,0.15176100694691236,0.5828687484878702,-0.07471264367816094,,,,,0.6,False
N1,Excelsior,Casa,Equipa ganha cantos,15,15.0,0.4666666666666667,0.49888765156985887,0.24809225259746442,0.6988336984894922,0.0030651340996168397,,,,,0.6,False
N1,Feyenoord,Fora,Vitória (1X2),14,14.0,0.42857142857142855,0.49487165930539345,0.21380509930400526,0.6740973309713064,0.05500821018062396,-0.2928571428571428,2.06,0.4854368932038835,-0.11714285714285722,0.2,True
N1,Feyenoord,Fora,Over 2.5 golos,14,14.0,0.6428571428571429,0.4791574237499549,0.3876400468214041,0.8365550926279727,0.022167487684729092,-0.03785714285714289,1.5185714285714285,0.658513640639699,-0.02377551020408153,0.4,True
N1,Feyenoord,Fora,Under 2.5 golos,14,14.0,0.35714285714285715,0.4791574237499549,0.16344490737202735,0.6123599531785959,-0.022167487684729037,-0.1671428571428571,2.434285714285714,0.41079812206572774,-0.1306122448979593,0.6,False
N1,Feyenoord,Fora,Handicap Asiático (AH),14,,,,,,,-0.3171428571428571,2.0421428571428573,0.48968170689052115,,,False
N1,Feyenoord,Fora,Casa marca (>=1),14,14.0,0.7142857142857143,0.45175395145262565,0.4535045882751561,0.882788120898909,-0.0864805692391899,,,,,0.4,True
N1,Feyenoord,Fora,Clean sheet,14,14.0,0.35714285714285715,0.4791574237499549,0.16344490737202735,0.6123599531785959,0.15790914066776138,,,,,0.4,False
N1,Feyenoord,Fora,Ambas marcam (BTTS),14,14.0,0.42857142857142855,0.49487165930539345,0.21380509930400526,0.6740973309713064,-0.19978106185002736,,,,,0.2,True
N1,Feyenoord,Fora,Over 1.5 golos,14,14.0,0.7857142857142857,0.4103259033241449,0.5241027622679172,0.9242875166308363,-0.07252326217843463,,,,,0.6,True
N1,Feyenoord,Fora,Over 3.5 golos,14,14.0,0.35714285714285715,0.4791574237499549,0.16344490737202735,0.6123599531785959,-0.025998905309250142,,,,,0.2,True
N1,Feyenoord,Fora,Cantos total Over 8.5,14,14.0,0.7142857142857143,0.45175395145262565,0.4535045882751561,0.882788120898909,-0.006020799124247356,,,,,0.8,False
N1,Feyenoord,Fora,Cantos total Over 9.5,14,14.0,0.6428571428571429,0.4791574237499549,0.3876400468214041,0.8365550926279727,0.07963875205254523,,,,,0.6,False
N1,Feyenoord,Fora,Cantos total Over 10.5,14,14.0,0.42857142857142855,0.49487165930539345,0.21380509930400526,0.6740973309713064,-0.019704433497536977,,,,,0.4,False
N1,Feyenoord,Fora,Cantos equipa Over 4.5,14,14.0,0.7142857142857143,0.45175395145262565,0.4535045882751561,0.882788120898909,0.17405582922824303,,,,,0.6,False
N1,Feyenoord,Fora,Cantos equipa Over 5.5,14,14.0,0.5714285714285714,0.4948716593053935,0.3259026690286936,0.7861949006959947,0.16338259441707714,,,,,0.4,True
N1,Feyenoord,Fora,Equipa ganha cantos,14,14.0,0.7142857142857143,0.45175395145262565,0.4535045882751561,0.882788120898909,0.25068418171866447,,,,,0.4,True
N1,Feyenoord,Casa,Vitória (1X2),15,15.0,0.6666666666666666,0.4714045207910317,0.4171312515121298,0.8482389930530875,0.29310344827586204,-0.15733333333333333,1.434,0.697350069735007,-0.04400000000000015,0.8,False
N1,Feyenoord,Casa,Over 2.5 golos,15,15.0,0.6,0.4898979485566356,0.357464427565077,0.8017577191740534,-0.020689655172413834,-0.17533333333333337,1.412,0.708215297450425,-0.15280000000000016,0.6,False
N1,Feyenoord,Casa,Under 2.5 golos,15,15.0,0.4,0.4898979485566356,0.19824228082594664,0.6425355724349229,0.020689655172413834,0.020000000000000018,2.8,0.35714285714285715,0.1200000000000001,0.4,False
N1,Feyenoord,Casa,Handicap Asiático (AH),15,,,,,,,-0.5496666666666667,1.8773333333333333,0.5326704545454546,,,False
N1,Feyenoord,Casa,Casa marca (>=1),15,15.0,1.0,0.0,0.7961107336956521,1.0,0.1992337164750958,,,,,1.0,False
N1,Feyenoord,Casa,Clean sheet,15,15.0,0.26666666666666666,0.4422166387140533,0.10897276103182815,0.5195088965768675,0.06743295019157089,,,,,0.2,False
N1,Feyenoord,Casa,Ambas marcam (BTTS),15,15.0,0.7333333333333333,0.44221663871405337,0.48049110342313245,0.8910272389681717,0.10498084291187737,,,,,0.8,False
N1,Feyenoord,Casa,Over 1.5 golos,15,15.0,0.8666666666666667,0.339934634239519,0.6211750079348376,0.9626395301086408,0.008429118773946365,,,,,0.8,False
N1,Feyenoord,Casa,Over 3.5 golos,15,15.0,0.4666666666666667,0.49888765156985887,0.24809225259746442,0.6988336984894922,0.08352490421455938,,,,,0.2,True
N1,Feyenoord,Casa,Cantos total Over 8.5,15,15.0,0.7333333333333333,0.44221663871405337,0.48049110342313245,0.8910272389681717,0.013026819923371624,,,,,0.6,False
N1,Feyenoord,Casa,Cantos total Over 9.5,15,15.0,0.5333333333333333,0.49888765156985887,0.3011663015105079,0.7519077474025356,-0.029885057471264354,,,,,0.4,False
N1,Feyenoord,Casa,Cantos total Over 10.5,15,15.0,0.5333333333333333,0.49888765156985887,0.3011663015105079,0.7519077474025356,0.0850574712643678,,,,,0.4,False
N1,Feyenoord,Casa,Cantos equipa Over 4.5,15,15.0,0.8666666666666667,0.339934634239519,0.6211750079348376,0.9626395301086408,0.3264367816091954,,,,,1.0,False
N1,Feyenoord,Casa,Cantos equipa Over 5.5,15,15.0,0.7333333333333333,0.44221663871405337,0.48049110342313245,0.8910272389681717,0.325287356321839,,,,,0.6,False
N1,Feyenoord,Casa,Equipa ganha cantos,15,15.0,0.8,0.39999999999999997,0.5481406466534955,0.9295257935638959,0.3363984674329502,,,,,1.0,False
N1,For Sittard,Fora,Vitória (1X2),15,15.0,0.26666666666666666,0.4422166387140533,0.10897276103182815,0.5195088965768675,-0.10689655172413792,0.13466666666666668,5.420666666666667,0.18447915385561428,0.4455111111111114,0.4,False
N1,For Sittard,Fora,Over 2.5 golos,15,15.0,0.6666666666666666,0.4714045207910317,0.4171312515121298,0.8482389930530875,0.04597701149425282,0.0613333333333333,1.5853333333333335,0.6307821698906644,0.05688888888888899,0.8,False
N1,For Sittard,Fora,Under 2.5 golos,15,15.0,0.3333333333333333,0.4714045207910317,0.15176100694691236,0.5828687484878702,-0.04597701149425287,-0.22066666666666665,2.341333333333333,0.42710706150341693,-0.21955555555555573,0.2,False
N1,For Sittard,Fora,Handicap Asiático (AH),15,,,,,,,-0.16699999999999995,1.8426666666666667,0.5426917510853835,,,False
N1,For Sittard,Fora,Casa marca (>=1),15,15.0,0.7333333333333333,0.44221663871405337,0.48049110342313245,0.8910272389681717,-0.06743295019157092,,,,,0.8,False
N1,For Sittard,Fora,Clean sheet,15,15.0,0.0,0.0,0.0,0.20388926630434784,-0.19923371647509577,,,,,0.0,False
N1,For Sittard,Fora,Ambas marcam (BTTS),15,15.0,0.7333333333333333,0.44221663871405337,0.48049110342313245,0.8910272389681717,0.10498084291187737,,,,,0.8,False
N1,For Sittard,Fora,Over 1.5 golos,15,15.0,0.8666666666666667,0.339934634239519,0.6211750079348376,0.9626395301086408,0.008429118773946365,,,,,1.0,False
N1,For Sittard,Fora,Over 3.5 golos,15,15.0,0.4,0.4898979485566356,0.19824228082594664,0.6425355724349229,0.01685823754789273,,,,,0.4,False
N1,For Sittard,Fora,Cantos total Over 8.5,15,15.0,0.8,0.39999999999999997,0.5481406466534955,0.9295257935638959,0.07969348659003839,,,,,0.6,True
N1,For Sittard,Fora,Cantos total Over 9.5,15,15.0,0.6,0.4898979485566356,0.357464427565077,0.8017577191740534,0.0367816091954023,,,,,0.4,True
N1,For Sittard,Fora,Cantos total Over 10.5,15,15.0,0.5333333333333333,0.49888765156985887,0.3011663015105079,0.7519077474025356,0.0850574712643678,,,,,0.4,False
N1,For Sittard,Fora,Cantos equipa Over 4.5,15,15.0,0.4666666666666667,0.49888765156985887,0.24809225259746442,0.6988336984894922,-0.0735632183908046,,,,,0.6,False
N1,For Sittard,Fora,Cantos equipa Over 5.5,15,15.0,0.13333333333333333,0.33993463423951903,0.037360469891359285,0.3788249920651624,-0.27471264367816095,,,,,0.2,False
N1,For Sittard,Fora,Equipa ganha cantos,15,15.0,0.26666666666666666,0.4422166387140533,0.10897276103182815,0.5195088965768675,-0.19693486590038317,,,,,0.2,False
N1,For Sittard,Casa,Vitória (1X2),14,14.0,0.42857142857142855,0.49487165930539345,0.21380509930400526,0.6740973309713064,0.05500821018062396,0.2557142857142858,3.301428571428572,0.30289917784508863,0.41489795918367367,0.2,True
N1,For Sittard,Casa,Over 2.5 golos,14,14.0,0.7142857142857143,0.45175395145262565,0.4535045882751561,0.882788120898909,0.09359605911330049,0.18071428571428566,1.6535714285714287,0.6047516198704104,0.18112244897959195,1.0,False
N1,For Sittard,Casa,Under 2.5 golos,14,14.0,0.2857142857142857,0.45175395145262565,0.11721187910109102,0.546495411724844,-0.09359605911330049,-0.39142857142857146,2.165,0.4618937644341801,-0.38142857142857145,0.0,True
N1,For Sittard,Casa,Handicap Asiático (AH),14,,,,,,,0.1771428571428571,1.8678571428571427,0.5353728489483748,,,False
N1,For Sittard,Casa,Casa marca (>=1),14,14.0,1.0,0.0,0.7846829880728186,1.0,0.1992337164750958,,,,,1.0,False
N1,For Sittard,Casa,Clean sheet,14,14.0,0.21428571428571427,0.41032590332414487,0.07571248336916371,0.4758972377320828,0.0150519978106185,,,,,0.0,True
N1,For Sittard,Casa,Ambas marcam (BTTS),14,14.0,0.7857142857142857,0.4103259033241449,0.5241027622679172,0.9242875166308363,0.1573617952928298,,,,,1.0,False
N1,For Sittard,Casa,Over 1.5 golos,14,14.0,0.8571428571428571,0.34992710611188266,0.600580922361363,0.9599069262620787,-0.0010946907498632363,,,,,1.0,False
N1,For Sittard,Casa,Over 3.5 golos,14,14.0,0.42857142857142855,0.49487165930539345,0.21380509930400526,0.6740973309713064,0.045429666119321255,,,,,0.4,False
N1,For Sittard,Casa,Cantos total Over 8.5,14,14.0,0.7142857142857143,0.45175395145262565,0.4535045882751561,0.882788120898909,-0.006020799124247356,,,,,0.6,False
N1,For Sittard,Casa,Cantos total Over 9.5,14,14.0,0.6428571428571429,0.4791574237499549,0.3876400468214041,0.8365550926279727,0.07963875205254523,,,,,0.6,False
N1,For Sittard,Casa,Cantos total Over 10.5,14,14.0,0.6428571428571429,0.4791574237499549,0.3876400468214041,0.8365550926279727,0.19458128078817738,,,,,0.6,False
N1,For Sittard,Casa,Cantos equipa Over 4.5,14,14.0,0.5,0.5,0.2679886791947528,0.7320113208052473,-0.04022988505747127,,,,,0.4,False
N1,For Sittard,Casa,Cantos equipa Over 5.5,14,14.0,0.35714285714285715,0.4791574237499549,0.16344490737202735,0.6123599531785959,-0.0509031198686371,,,,,0.2,True
N1,For Sittard,Casa,Equipa ganha cantos,14,14.0,0.35714285714285715,0.4791574237499549,0.16344490737202735,0.6123599531785959,-0.10645867542419268,,,,,0.4,False
N1,Go Ahead Eagles,Fora,Vitória (1X2),14,14.0,0.14285714285714285,0.3499271061118826,0.04009307373792117,0.399419077638637,-0.23070607553366174,-0.615,4.291428571428571,0.2330226364846871,-0.38693877551020417,0.2,False
N1,Go Ahead Eagles,Fora,Over 2.5 golos,14,14.0,0.5,0.5,0.2679886791947528,0.7320113208052473,-0.12068965517241381,-0.2571428571428572,1.5228571428571427,0.6566604127579738,-0.23857142857142866,0.2,True
N1,Go Ahead Eagles,Fora,Under 2.5 golos,14,14.0,0.5,0.5,0.2679886791947528,0.7320113208052473,0.12068965517241381,0.16071428571428573,2.488571428571429,0.40183696900114807,0.24428571428571444,0.8,False
N1,Go Ahead Eagles,Fora,Handicap Asiático (AH),14,,,,,,,0.011428571428571439,1.857142857142857,0.5384615384615385,,,False
N1,Go Ahead Eagles,Fora,Casa marca (>=1),14,14.0,0.7142857142857143,0.45175395145262565,0.4535045882751561,0.882788120898909,-0.0864805692391899,,,,,0.6,False
N1,Go Ahead Eagles,Fora,Clean sheet,14,14.0,0.14285714285714285,0.3499271061118826,0.04009307373792117,0.399419077638637,-0.056376573617952924,,,,,0.2,False
N1,Go Ahead Eagles,Fora,Ambas marcam (BTTS),14,14.0,0.5714285714285714,0.4948716593053935,0.3259026690286936,0.7861949006959947,-0.056923918992884515,,,,,0.4,True
N1,Go Ahead Eagles,Fora,Over 1.5 golos,14,14.0,0.7857142857142857,0.4103259033241449,0.5241027622679172,0.9242875166308363,-0.07252326217843463,,,,,0.6,True
N1,Go Ahead Eagles,Fora,Over 3.5 golos,14,14.0,0.42857142857142855,0.49487165930539345,0.21380509930400526,0.6740973309713064,0.045429666119321255,,,,,0.2,True
N1,Go Ahead Eagles,Fora,Cantos total Over 8.5,14,14.0,0.7142857142857143,0.45175395145262565,0.4535045882751561,0.882788120898909,-0.006020799124247356,,,,,0.6,False
N1,Go Ahead Eagles,Fora,Cantos total Over 9.5,14,14.0,0.5,0.5,0.2679886791947528,0.7320113208052473,-0.06321839080459768,,,,,0.4,False
N1,Go Ahead Eagles,Fora,Cantos total Over 10.5,14,14.0,0.35714285714285715,0.4791574237499549,0.16344490737202735,0.6123599531785959,-0.09113300492610837,,,,,0.4,False
N1,Go Ahead Eagles,Fora,Cantos equipa Over 4.5,14,14.0,0.5,0.5,0.2679886791947528,0.7320113208052473,-0.04022988505747127,,,,,0.6,False
N1,Go Ahead Eagles,Fora,Cantos equipa Over 5.5,14,14.0,0.21428571428571427,0.41032590332414487,0.07571248336916371,0.4758972377320828,-0.19376026272577998,,,,,0.0,True
N1,Go Ahead Eagles,Fora,Equipa ganha cantos,14,14.0,0.35714285714285715,0.4791574237499549,0.16344490737202735,0.6123599531785959,-0.10645867542419268,,,,,0.4,False
N1,Go Ahead Eagles,Casa,Vitória (1X2),15,15.0,0.4,0.4898979485566356,0.19824228082594664,0.6425355724349229,0.026436781609195437,-0.03733333333333335,2.6293333333333337,0.3803245436105476,0.05173333333333341,0.6,False
N1,Go Ahead Eagles,Casa,Over 2.5 golos,15,15.0,0.7333333333333333,0.44221663871405337,0.48049110342313245,0.8910272389681717,0.11264367816091947,0.134,1.5466666666666669,0.6465517241379309,0.13422222222222224,1.0,False
N1,Go Ahead Eagles,Casa,Under 2.5 golos,15,15.0,0.26666666666666666,0.4422166387140533,0.10897276103182815,0.5195088965768675,-0.11264367816091952,-0.36666666666666664,2.361333333333334,0.4234895539243364,-0.3703111111111109,0.0,True
N1,Go Ahead Eagles,Casa,Handicap Asiático (AH),15,,,,,,,0.151,1.854,0.5393743257820928,,,False
N1,Go Ahead Eagles,Casa,Casa marca (>=1),15,15.0,0.9333333333333333,0.2494438257849294,0.7018292244757601,0.9881334113938052,0.13256704980842915,,,,,1.0,False
N1,Go Ahead Eagles,Casa,Clean sheet,15,15.0,0.3333333333333333,0.4714045207910317,0.15176100694691236,0.5828687484878702,0.13409961685823754,,,,,0.6,False
N1,Go Ahead Eagles,Casa,Ambas marcam (BTTS),15,15.0,0.6,0.4898979485566356,0.357464427565077,0.8017577191740534,-0.028352490421455934,,,,,0.4,True
N1,Go Ahead Eagles,Casa,Over 1.5 golos,15,15.0,1.0,0.0,0.7961107336956521,1.0,0.14176245210727967,,,,,1.0,False
N1,Go Ahead Eagles,Casa,Over 3.5 golos,15,15.0,0.5333333333333333,0.49888765156985887,0.3011663015105079,0.7519077474025356,0.15019157088122603,,,,,1.0,False
N1,Go Ahead Eagles,Casa,Cantos total Over 8.5,15,15.0,0.9333333333333333,0.2494438257849294,0.7018292244757601,0.9881334113938052,0.2130268199233717,,,,,1.0,False
N1,Go Ahead Eagles,Casa,Cantos total Over 9.5,15,15.0,0.8,0.39999999999999997,0.5481406466534955,0.9295257935638959,0.23678160919540236,,,,,0.8,False
N1,Go Ahead Eagles,Casa,Cantos total Over 10.5,15,15.0,0.7333333333333333,0.44221663871405337,0.48049110342313245,0.8910272389681717,0.28505747126436776,,,,,0.8,False
N1,Go Ahead Eagles,Casa,Cantos equipa Over 4.5,15,15.0,0.6,0.4898979485566356,0.357464427565077,0.8017577191740534,0.05977011494252871,,,,,0.6,False
N1,Go Ahead Eagles,Casa,Cantos equipa Over 5.5,15,15.0,0.5333333333333333,0.49888765156985887,0.3011663015105079,0.7519077474025356,0.12528735632183907,,,,,0.4,False
N1,Go Ahead Eagles,Casa,Equipa ganha cantos,15,15.0,0.4666666666666667,0.49888765156985887,0.24809225259746442,0.6988336984894922,0.0030651340996168397,,,,,0.4,False
N1,Groningen,Fora,Vitória (1X2),15,15.0,0.4,0.4898979485566356,0.19824228082594664,0.6425355724349229,0.026436781609195437,0.12399999999999999,3.9659999999999997,0.2521432173474534,0.5864,0.2,True
N1,Groningen,Fora,Over 2.5 golos,15,15.0,0.4,0.4898979485566356,0.19824228082594664,0.6425355724349229,-0.2206896551724138,-0.3206666666666667,1.6813333333333331,0.5947660586835846,-0.3274666666666668,0.4,False
N1,Groningen,Fora,Under 2.5 golos,15,15.0,0.6,0.4898979485566356,0.357464427565077,0.8017577191740534,0.2206896551724138,0.26466666666666666,2.146,0.4659832246039143,0.28759999999999986,0.6,False
N1,Groningen,Fora,Handicap Asiático (AH),15,,,,,,,-0.01333333333333333,1.9986666666666666,0.5003335557038026,,,False
N1,Groningen,Fora,Casa marca (>=1),15,15.0,0.8,0.39999999999999997,0.5481406466534955,0.9295257935638959,-0.0007662835249041544,,,,,0.8,False
N1,Groningen,Fora,Clean sheet,15,15.0,0.26666666666666666,0.4422166387140533,0.10897276103182815,0.5195088965768675,0.06743295019157089,,,,,0.2,False
N1,Groningen,Fora,Ambas marcam (BTTS),15,15.0,0.5333333333333333,0.49888765156985887,0.3011663015105079,0.7519077474025356,-0.09501915708812259,,,,,0.6,False
N1,Groningen,Fora,Over 1.5 golos,15,15.0,0.9333333333333333,0.2494438257849294,0.7018292244757601,0.9881334113938052,0.07509578544061302,,,,,1.0,False
N1,Groningen,Fora,Over 3.5 golos,15,15.0,0.2,0.4,0.07047420643610411,0.4518593533465045,-0.18314176245210728,,,,,0.2,False
N1,Groningen,Fora,Cantos total Over 8.5,15,15.0,0.7333333333333333,0.44221663871405337,0.48049110342313245,0.8910272389681717,0.013026819923371624,,,,,0.8,False
N1,Groningen,Fora,Cantos total Over 9.5,15,15.0,0.5333333333333333,0.49888765156985887,0.3011663015105079,0.7519077474025356,-0.029885057471264354,,,,,0.6,False
N1,Groningen,Fora,Cantos total Over 10.5,15,15.0,0.4,0.4898979485566356,0.19824228082594664,0.6425355724349229,-0.0482758620689655,,,,,0.6,False
N1,Groningen,Fora,Cantos equipa Over 4.5,15,15.0,0.6666666666666666,0.4714045207910317,0.4171312515121298,0.8482389930530875,0.12643678160919536,,,,,0.8,False
N1,Groningen,Fora,Cantos equipa Over 5.5,15,15.0,0.5333333333333333,0.49888765156985887,0.3011663015105079,0.7519077474025356,0.12528735632183907,,,,,0.8,False
N1,Groningen,Fora,Equipa ganha cantos,15,15.0,0.4666666666666667,0.49888765156985887,0.24809225259746442,0.6988336984894922,0.0030651340996168397,,,,,0.6,False
N1,Groningen,Casa,Vitória (1X2),14,14.0,0.42857142857142855,0.49487165930539345,0.21380509930400526,0.6740973309713064,0.05500821018062396,-0.12999999999999995,2.2714285714285714,0.44025157232704404,-0.026530612244898055,0.4,False
N1,Groningen,Casa,Over 2.5 golos,14,14.0,0.6428571428571429,0.4791574237499549,0.3876400468214041,0.8365550926279727,0.022167487684729092,0.08499999999999999,1.7092857142857143,0.5850396991224405,0.09882653061224489,1.0,False
N1,Groningen,Casa,Under 2.5 golos,14,14.0,0.35714285714285715,0.4791574237499549,0.16344490737202735,0.6123599531785959,-0.022167487684729037,-0.2871428571428572,2.069285714285714,0.48325854332067664,-0.26096938775510214,0.0,True
N1,Groningen,Casa,Handicap Asiático (AH),14,,,,,,,-0.03928571428571427,1.8907142857142856,0.5289006422364941,,,False
N1,Groningen,Casa,Casa marca (>=1),14,14.0,0.7857142857142857,0.4103259033241449,0.5241027622679172,0.9242875166308363,-0.0150519978106185,,,,,1.0,False
N1,Groningen,Casa,Clean sheet,14,14.0,0.35714285714285715,0.4791574237499549,0.16344490737202735,0.6123599531785959,0.15790914066776138,,,,,0.2,True
N1,Groningen,Casa,Ambas marcam (BTTS),14,14.0,0.5,0.5,0.2679886791947528,0.7320113208052473,-0.1283524904214559,,,,,0.8,False
N1,Groningen,Casa,Over 1.5 golos,14,14.0,0.8571428571428571,0.34992710611188266,0.600580922361363,0.9599069262620787,-0.0010946907498632363,,,,,1.0,False
N1,Groningen,Casa,Over 3.5 golos,14,14.0,0.21428571428571427,0.41032590332414487,0.07571248336916371,0.4758972377320828,-0.16885604816639302,,,,,0.2,False
N1,Groningen,Casa,Cantos total Over 8.5,14,14.0,0.8571428571428571,0.34992710611188266,0.600580922361363,0.9599069262620787,0.13683634373289544,,,,,1.0,False
N1,Groningen,Casa,Cantos total Over 9.5,14,14.0,0.6428571428571429,0.4791574237499549,0.3876400468214041,0.8365550926279727,0.07963875205254523,,,,,0.8,False
N1,Groningen,Casa,Cantos total Over 10.5,14,14.0,0.5,0.5,0.2679886791947528,0.7320113208052473,0.051724137931034475,,,,,0.6,False
N1,Groningen,Casa,Cantos equipa Over 4.5,14,14.0,0.6428571428571429,0.4791574237499549,0.3876400468214041,0.8365550926279727,0.10262725779967163,,,,,0.6,False
N1,Groningen,Casa,Cantos equipa Over 5.5,14,14.0,0.6428571428571429,0.4791574237499549,0.3876400468214041,0.8365550926279727,0.23481116584564865,,,,,0.6,False
N1,Groningen,Casa,Equipa ganha cantos,14,14.0,0.5,0.5,0.2679886791947528,0.7320113208052473,0.036398467432950166,,,,,0.2,True
N1,Heerenveen,Fora,Vitória (1X2),14,14.0,0.35714285714285715,0.4791574237499549,0.16344490737202735,0.6123599531785959,-0.016420361247947435,-0.185,3.609285714285714,0.2770631308133782,0.289030612244898,0.4,False
N1,Heerenveen,Fora,Over 2.5 golos,14,14.0,0.7857142857142857,0.4103259033241449,0.5241027622679172,0.9242875166308363,0.1650246305418719,0.23071428571428573,1.557142857142857,0.6422018348623854,0.22346938775510194,1.0,False
N1,Heerenveen,Fora,Under 2.5 golos,14,14.0,0.21428571428571427,0.41032590332414487,0.07571248336916371,0.4758972377320828,-0.16502463054187191,-0.48142857142857143,2.3807142857142862,0.4200420042004199,-0.4898469387755101,0.0,True
N1,Heerenveen,Fora,Handicap Asiático (AH),14,,,,,,,0.19214285714285714,1.855,0.5390835579514824,,,False
N1,Heerenveen,Fora,Casa marca (>=1),14,14.0,0.7857142857142857,0.4103259033241449,0.5241027622679172,0.9242875166308363,-0.0150519978106185,,,,,0.8,False
N1,Heerenveen,Fora,Clean sheet,14,14.0,0.14285714285714285,0.3499271061118826,0.04009307373792117,0.399419077638637,-0.056376573617952924,,,,,0.0,False
N1,Heerenveen,Fora,Ambas marcam (BTTS),14,14.0,0.6428571428571429,0.4791574237499549,0.3876400468214041,0.8365550926279727,0.014504652435686993,,,,,0.8,False
N1,Heerenveen,Fora,Over 1.5 golos,14,14.0,0.9285714285714286,0.25753937681885636,0.6853073044604219,0.9872781138877085,0.07033388067870827,,,,,1.0,False
N1,Heerenveen,Fora,Over 3.5 golos,14,14.0,0.42857142857142855,0.49487165930539345,0.21380509930400526,0.6740973309713064,0.045429666119321255,,,,,0.8,False
N1,Heerenveen,Fora,Cantos total Over 8.5,14,14.0,0.7142857142857143,0.45175395145262565,0.4535045882751561,0.882788120898909,-0.006020799124247356,,,,,0.6,False
N1,Heerenveen,Fora,Cantos total Over 9.5,14,14.0,0.5,0.5,0.2679886791947528,0.7320113208052473,-0.06321839080459768,,,,,0.6,False
N1,Heerenveen,Fora,Cantos total Over 10.5,14,14.0,0.5,0.5,0.2679886791947528,0.7320113208052473,0.051724137931034475,,,,,0.6,False
N1,Heerenveen,Fora,Cantos equipa Over 4.5,14,14.0,0.42857142857142855,0.49487165930539345,0.21380509930400526,0.6740973309713064,-0.11165845648604272,,,,,0.2,True
N1,Heerenveen,Fora,Cantos equipa Over 5.5,14,14.0,0.35714285714285715,0.4791574237499549,0.16344490737202735,0.6123599531785959,-0.0509031198686371,,,,,0.2,True
N1,Heerenveen,Fora,Equipa ganha cantos,14,14.0,0.42857142857142855,0.49487165930539345,0.21380509930400526,0.6740973309713064,-0.03503010399562129,,,,,0.2,True
N1,Heerenveen,Casa,Vitória (1X2),15,15.0,0.4666666666666667,0.49888765156985887,0.24809225259746442,0.6988336984894922,0.09310344827586209,-0.088,2.2453333333333334,0.44536817102137766,0.04782222222222221,0.8,False
N1,Heerenveen,Casa,Over 2.5 golos,15,15.0,0.7333333333333333,0.44221663871405337,0.48049110342313245,0.8910272389681717,0.11264367816091947,0.11333333333333334,1.533333333333333,0.6521739130434784,0.12444444444444414,0.8,False
N1,Heerenveen,Casa,Under 2.5 golos,15,15.0,0.26666666666666666,0.4422166387140533,0.10897276103182815,0.5195088965768675,-0.11264367816091952,-0.36133333333333334,2.4033333333333333,0.4160887656033287,-0.35911111111111105,0.2,False
N1,Heerenveen,Casa,Handicap Asiático (AH),15,,,,,,,-0.06466666666666665,1.8613333333333335,0.5372492836676217,,,False
N1,Heerenveen,Casa,Casa marca (>=1),15,15.0,0.8666666666666667,0.339934634239519,0.6211750079348376,0.9626395301086408,0.0659003831417625,,,,,1.0,False
N1,Heerenveen,Casa,Clean sheet,15,15.0,0.06666666666666667,0.24944382578492943,0.011866588606194882,0.2981707755242399,-0.1325670498084291,,,,,0.2,False
N1,Heerenveen,Casa,Ambas marcam (BTTS),15,15.0,0.8,0.39999999999999997,0.5481406466534955,0.9295257935638959,0.17164750957854413,,,,,0.8,False
N1,Heerenveen,Casa,Over 1.5 golos,15,15.0,1.0,0.0,0.7961107336956521,1.0,0.14176245210727967,,,,,1.0,False
N1,Heerenveen,Casa,Over 3.5 golos,15,15.0,0.4666666666666667,0.49888765156985887,0.24809225259746442,0.6988336984894922,0.08352490421455938,,,,,0.4,False
N1,Heerenveen,Casa,Cantos total Over 8.5,15,15.0,0.8666666666666667,0.339934634239519,0.6211750079348376,0.9626395301086408,0.14636015325670504,,,,,0.8,False
N1,Heerenveen,Casa,Cantos total Over 9.5,15,15.0,0.6,0.4898979485566356,0.357464427565077,0.8017577191740534,0.0367816091954023,,,,,0.4,True
N1,Heerenveen,Casa,Cantos total Over 10.5,15,15.0,0.4,0.4898979485566356,0.19824228082594664,0.6425355724349229,-0.0482758620689655,,,,,0.4,False
N1,Heerenveen,Casa,Cantos equipa Over 4.5,15,15.0,0.7333333333333333,0.44221663871405337,0.48049110342313245,0.8910272389681717,0.193103448275862,,,,,0.8,False
N1,Heerenveen,Casa,Cantos equipa Over 5.5,15,15.0,0.4666666666666667,0.49888765156985887,0.24809225259746442,0.6988336984894922,0.05862068965517242,,,,,0.2,True
N1,Heerenveen,Casa,Equipa ganha cantos,15,15.0,0.5333333333333333,0.49888765156985887,0.3011663015105079,0.7519077474025356,0.06973180076628349,,,,,0.4,False
N1,Heracles,Fora,Vitória (1X2),15,15.0,0.06666666666666667,0.24944382578492943,0.011866588606194882,0.2981707755242399,-0.30689655172413793,-0.7653333333333333,6.6433333333333335,0.15052684395383842,-0.5571111111111111,0.0,False
N1,Heracles,Fora,Over 2.5 golos,15,15.0,0.8,0.39999999999999997,0.5481406466534955,0.9295257935638959,0.17931034482758623,0.21466666666666664,1.5173333333333334,0.6590509666080843,0.21386666666666687,1.0,False
N1,Heracles,Fora,Under 2.5 golos,15,15.0,0.2,0.4,0.07047420643610411,0.4518593533465045,-0.17931034482758618,-0.49599999999999994,2.5660000000000003,0.38971161340607946,-0.4867999999999999,0.0,True
N1,Heracles,Fora,Handicap Asiático (AH),15,,,,,,,-0.3506666666666666,2.043333333333334,0.4893964110929852,,,False
N1,Heracles,Fora,Casa marca (>=1),15,15.0,0.5333333333333333,0.49888765156985887,0.3011663015105079,0.7519077474025356,-0.2674329501915709,,,,,0.6,False
N1,Heracles,Fora,Clean sheet,15,15.0,0.0,0.0,0.0,0.20388926630434784,-0.19923371647509577,,,,,0.0,False
N1,Heracles,Fora,Ambas marcam (BTTS),15,15.0,0.5333333333333333,0.49888765156985887,0.3011663015105079,0.7519077474025356,-0.09501915708812259,,,,,0.6,False
N1,Heracles,Fora,Over 1.5 golos,15,15.0,1.0,0.0,0.7961107336956521,1.0,0.14176245210727967,,,,,1.0,False
N1,Heracles,Fora,Over 3.5 golos,15,15.0,0.5333333333333333,0.49888765156985887,0.3011663015105079,0.7519077474025356,0.15019157088122603,,,,,1.0,False
N1,Heracles,Fora,Cantos total Over 8.5,15,15.0,0.8666666666666667,0.339934634239519,0.6211750079348376,0.9626395301086408,0.14636015325670504,,,,,1.0,False
N1,Heracles,Fora,Cantos total Over 9.5,15,15.0,0.5333333333333333,0.49888765156985887,0.3011663015105079,0.7519077474025356,-0.029885057471264354,,,,,0.2,True
N1,Heracles,Fora,Cantos total Over 10.5,15,15.0,0.4,0.4898979485566356,0.19824228082594664,0.6425355724349229,-0.0482758620689655,,,,,0.0,True
N1,Heracles,Fora,Cantos equipa Over 4.5,15,15.0,0.3333333333333333,0.4714045207910317,0.15176100694691236,0.5828687484878702,-0.20689655172413796,,,,,0.4,False
N1,Heracles,Fora,Cantos equipa Over 5.5,15,15.0,0.13333333333333333,0.33993463423951903,0.037360469891359285,0.3788249920651624,-0.27471264367816095,,,,,0.2,False
N1,Heracles,Fora,Equipa ganha cantos,15,15.0,0.2,0.4,0.07047420643610411,0.4518593533465045,-0.2636015325670498,,,,,0.4,False
N1,Heracles,Casa,Vitória (1X2),14,14.0,0.2857142857142857,0.45175395145262565,0.11721187910109102,0.546495411724844,-0.08784893267651889,-0.2635714285714286,3.7921428571428573,0.26370314560180824,0.08346938775510204,0.2,False
N1,Heracles,Casa,Over 2.5 golos,14,14.0,0.6428571428571429,0.4791574237499549,0.3876400468214041,0.8365550926279727,0.022167487684729092,0.0128571428571429,1.6185714285714288,0.6178287731685789,0.04051020408163297,0.4,True
N1,Heracles,Casa,Under 2.5 golos,14,14.0,0.35714285714285715,0.4791574237499549,0.16344490737202735,0.6123599531785959,-0.022167487684729037,-0.2592857142857144,2.2542857142857144,0.4435994930291508,-0.19489795918367336,0.6,False
N1,Heracles,Casa,Handicap Asiático (AH),14,,,,,,,-0.12357142857142857,1.9092857142857145,0.5237560793116348,,,False
N1,Heracles,Casa,Casa marca (>=1),14,14.0,0.6428571428571429,0.4791574237499549,0.3876400468214041,0.8365550926279727,-0.1579091406677613,,,,,0.6,False
N1,Heracles,Casa,Clean sheet,14,14.0,0.14285714285714285,0.3499271061118826,0.04009307373792117,0.399419077638637,-0.056376573617952924,,,,,0.2,False
N1,Heracles,Casa,Ambas marcam (BTTS),14,14.0,0.5714285714285714,0.4948716593053935,0.3259026690286936,0.7861949006959947,-0.056923918992884515,,,,,0.6,False
N1,Heracles,Casa,Over 1.5 golos,14,14.0,0.8571428571428571,0.34992710611188266,0.600580922361363,0.9599069262620787,-0.0010946907498632363,,,,,0.6,True
N1,Heracles,Casa,Over 3.5 golos,14,14.0,0.35714285714285715,0.4791574237499549,0.16344490737202735,0.6123599531785959,-0.025998905309250142,,,,,0.2,True
N1,Heracles,Casa,Cantos total Over 8.5,14,14.0,0.5714285714285714,0.4948716593053935,0.3259026690286936,0.7861949006959947,-0.14887794198139026,,,,,0.4,True
N1,Heracles,Casa,Cantos total Over 9.5,14,14.0,0.35714285714285715,0.4791574237499549,0.16344490737202735,0.6123599531785959,-0.20607553366174053,,,,,0.2,True
N1,Heracles,Casa,Cantos total Over 10.5,14,14.0,0.21428571428571427,0.41032590332414487,0.07571248336916371,0.4758972377320828,-0.23399014778325125,,,,,0.2,False
N1,Heracles,Casa,Cantos equipa Over 4.5,14,14.0,0.35714285714285715,0.4791574237499549,0.16344490737202735,0.6123599531785959,-0.18308702791461412,,,,,0.2,True
N1,Heracles,Casa,Cantos equipa Over 5.5,14,14.0,0.2857142857142857,0.45175395145262565,0.11721187910109102,0.546495411724844,-0.12233169129720856,,,,,0.2,False
N1,Heracles,Casa,Equipa ganha cantos,14,14.0,0.42857142857142855,0.49487165930539345,0.21380509930400526,0.6740973309713064,-0.03503010399562129,,,,,0.4,False
N1,NAC Breda,Fora,Vitória (1X2),14,14.0,0.07142857142857142,0.2575393768188564,0.012721886112291648,0.3146926955395781,-0.30213464696223313,-0.8185714285714286,5.3221428571428575,0.18789424238357266,-0.6198469387755102,0.2,False
N1,NAC Breda,Fora,Over 2.5 golos,14,14.0,0.6428571428571429,0.4791574237499549,0.3876400468214041,0.8365550926279727,0.022167487684729092,0.011428571428571455,1.6021428571428573,0.6241640659830583,0.029948979591837066,0.8,False
N1,NAC Breda,Fora,Under 2.5 golos,14,14.0,0.35714285714285715,0.4791574237499549,0.16344490737202735,0.6123599531785959,-0.022167487684729037,-0.22,2.282142857142857,0.4381846635367762,-0.18494897959183676,0.2,True
N1,NAC Breda,Fora,Handicap Asiático (AH),14,,,,,,,-0.12285714285714289,2.052857142857143,0.48712595685455806,,,False
N1,NAC Breda,Fora,Casa marca (>=1),14,14.0,0.5,0.5,0.2679886791947528,0.7320113208052473,-0.3007662835249042,,,,,0.6,False
N1,NAC Breda,Fora,Clean sheet,14,14.0,0.14285714285714285,0.3499271061118826,0.04009307373792117,0.399419077638637,-0.056376573617952924,,,,,0.2,False
N1,NAC Breda,Fora,Ambas marcam (BTTS),14,14.0,0.42857142857142855,0.49487165930539345,0.21380509930400526,0.6740973309713064,-0.19978106185002736,,,,,0.4,False
N1,NAC Breda,Fora,Over 1.5 golos,14,14.0,0.7142857142857143,0.45175395145262565,0.4535045882751561,0.882788120898909,-0.14395183360700603,,,,,0.8,False
N1,NAC Breda,Fora,Over 3.5 golos,14,14.0,0.2857142857142857,0.45175395145262565,0.11721187910109102,0.546495411724844,-0.0974274767378216,,,,,0.4,False
N1,NAC Breda,Fora,Cantos total Over 8.5,14,14.0,0.5,0.5,0.2679886791947528,0.7320113208052473,-0.22030651340996166,,,,,0.6,False
N1,NAC Breda,Fora,Cantos total Over 9.5,14,14.0,0.35714285714285715,0.4791574237499549,0.16344490737202735,0.6123599531785959,-0.20607553366174053,,,,,0.6,False
N1,NAC Breda,Fora,Cantos total Over 10.5,14,14.0,0.35714285714285715,0.4791574237499549,0.16344490737202735,0.6123599531785959,-0.09113300492610837,,,,,0.6,False
N1,NAC Breda,Fora,Cantos equipa Over 4.5,14,14.0,0.5,0.5,0.2679886791947528,0.7320113208052473,-0.04022988505747127,,,,,0.4,False
N1,NAC Breda,Fora,Cantos equipa Over 5.5,14,14.0,0.35714285714285715,0.4791574237499549,0.16344490737202735,0.6123599531785959,-0.0509031198686371,,,,,0.2,True
N1,NAC Breda,Fora,Equipa ganha cantos,14,14.0,0.5714285714285714,0.4948716593053935,0.3259026690286936,0.7861949006959947,0.10782703886152156,,,,,0.4,True
N1,NAC Breda,Casa,Vitória (1X2),15,15.0,0.26666666666666666,0.4422166387140533,0.10897276103182815,0.5195088965768675,-0.10689655172413792,-0.4593333333333333,2.999333333333333,0.3334074238719716,-0.2001777777777779,0.2,False
N1,NAC Breda,Casa,Over 2.5 golos,15,15.0,0.4666666666666667,0.49888765156985887,0.24809225259746442,0.6988336984894922,-0.15402298850574714,-0.1686666666666667,1.7126666666666668,0.5838847800700662,-0.20075555555555558,0.4,False
N1,NAC Breda,Casa,Under 2.5 golos,15,15.0,0.5333333333333333,0.49888765156985887,0.3011663015105079,0.7519077474025356,0.15402298850574714,0.17133333333333337,2.092,0.4780114722753346,0.11573333333333347,0.6,False
N1,NAC Breda,Casa,Handicap Asiático (AH),15,,,,,,,0.04166666666666667,1.8726666666666667,0.533997864008544,,,False
N1,NAC Breda,Casa,Casa marca (>=1),15,15.0,0.6666666666666666,0.4714045207910317,0.4171312515121298,0.8482389930530875,-0.13409961685823757,,,,,0.6,False
N1,NAC Breda,Casa,Clean sheet,15,15.0,0.2,0.4,0.07047420643610411,0.4518593533465045,0.0007662835249042377,,,,,0.4,False
N1,NAC Breda,Casa,Ambas marcam (BTTS),15,15.0,0.5333333333333333,0.49888765156985887,0.3011663015105079,0.7519077474025356,-0.09501915708812259,,,,,0.4,False
N1,NAC Breda,Casa,Over 1.5 golos,15,15.0,0.6,0.4898979485566356,0.357464427565077,0.8017577191740534,-0.25823754789272035,,,,,0.6,False
N1,NAC Breda,Casa,Over 3.5 golos,15,15.0,0.26666666666666666,0.4422166387140533,0.10897276103182815,0.5195088965768675,-0.11647509578544063,,,,,0.4,False
N1,NAC Breda,Casa,Cantos total Over 8.5,15,15.0,0.7333333333333333,0.44221663871405337,0.48049110342313245,0.8910272389681717,0.013026819923371624,,,,,1.0,False
N1,NAC Breda,Casa,Cantos total Over 9.5,15,15.0,0.6,0.4898979485566356,0.357464427565077,0.8017577191740534,0.0367816091954023,,,,,0.8,False
N1,NAC Breda,Casa,Cantos total Over 10.5,15,15.0,0.6,0.4898979485566356,0.357464427565077,0.8017577191740534,0.15172413793103445,,,,,0.8,False
N1,NAC Breda,Casa,Cantos equipa Over 4.5,15,15.0,0.6,0.4898979485566356,0.357464427565077,0.8017577191740534,0.05977011494252871,,,,,0.8,False
N1,NAC Breda,Casa,Cantos equipa Over 5.5,15,15.0,0.6,0.4898979485566356,0.357464427565077,0.8017577191740534,0.19195402298850572,,,,,0.8,False
N1,NAC Breda,Casa,Equipa ganha cantos,15,15.0,0.6666666666666666,0.4714045207910317,0.4171312515121298,0.8482389930530875,0.2030651340996168,,,,,0.8,False
N1,Nijmegen,Fora,Vitória (1X2),15,15.0,0.4666666666666667,0.49888765156985887,0.24809225259746442,0.6988336984894922,0.09310344827586209,0.632,3.0126666666666666,0.33193184332816994,0.4059111111111111,0.6,False
N1,Nijmegen,Fora,Over 2.5 golos,15,15.0,0.6666666666666666,0.4714045207910317,0.4171312515121298,0.8482389930530875,0.04597701149425282,-0.010666666666666661,1.486,0.6729475100942126,-0.009333333333333305,0.4,True
N1,Nijmegen,Fora,Under 2.5 golos,15,15.0,0.3333333333333333,0.4714045207910317,0.15176100694691236,0.5828687484878702,-0.04597701149425287,-0.16933333333333328,2.5540000000000003,0.3915426781519185,-0.1486666666666666,0.6,False
N1,Nijmegen,Fora,Handicap Asiático (AH),15,,,,,,,0.13866666666666666,1.8300000000000003,0.5464480874316939,,,False
N1,Nijmegen,Fora,Casa marca (>=1),15,15.0,0.9333333333333333,0.2494438257849294,0.7018292244757601,0.9881334113938052,0.13256704980842915,,,,,1.0,False
N1,Nijmegen,Fora,Clean sheet,15,15.0,0.06666666666666667,0.24944382578492943,0.011866588606194882,0.2981707755242399,-0.1325670498084291,,,,,0.2,False
N1,Nijmegen,Fora,Ambas marcam (BTTS),15,15.0,0.8666666666666667,0.339934634239519,0.6211750079348376,0.9626395301086408,0.23831417624521078,,,,,0.8,False
N1,Nijmegen,Fora,Over 1.5 golos,15,15.0,0.9333333333333333,0.2494438257849294,0.7018292244757601,0.9881334113938052,0.07509578544061302,,,,,1.0,False
N1,Nijmegen,Fora,Over 3.5 golos,15,15.0,0.6666666666666666,0.4714045207910317,0.4171312515121298,0.8482389930530875,0.28352490421455934,,,,,0.4,True
N1,Nijmegen,Fora,Cantos total Over 8.5,15,15.0,0.6,0.4898979485566356,0.357464427565077,0.8017577191740534,-0.12030651340996168,,,,,0.6,False
N1,Nijmegen,Fora,Cantos total Over 9.5,15,15.0,0.6,0.4898979485566356,0.357464427565077,0.8017577191740534,0.0367816091954023,,,,,0.6,False
N1,Nijmegen,Fora,Cantos total Over 10.5,15,15.0,0.5333333333333333,0.49888765156985887,0.3011663015105079,0.7519077474025356,0.0850574712643678,,,,,0.6,False
N1,Nijmegen,Fora,Cantos equipa Over 4.5,15,15.0,0.6,0.4898979485566356,0.357464427565077,0.8017577191740534,0.05977011494252871,,,,,0.8,False
N1,Nijmegen,Fora,Cantos equipa Over 5.5,15,15.0,0.4666666666666667,0.49888765156985887,0.24809225259746442,0.6988336984894922,0.05862068965517242,,,,,0.4,False
N1,Nijmegen,Fora,Equipa ganha cantos,15,15.0,0.5333333333333333,0.49888765156985887,0.3011663015105079,0.7519077474025356,0.06973180076628349,,,,,0.4,False
N1,Nijmegen,Casa,Vitória (1X2),14,14.0,0.5714285714285714,0.4948716593053935,0.3259026690286936,0.7861949006959947,0.1978653530377668,0.0021428571428571447,2.0164285714285715,0.495926319518243,0.1522448979591835,0.4,True
N1,Nijmegen,Casa,Over 2.5 golos,14,14.0,0.9285714285714286,0.25753937681885636,0.6853073044604219,0.9872781138877085,0.3078817733990148,0.3628571428571428,1.4814285714285715,0.6750241080038573,0.3756122448979593,1.0,False
N1,Nijmegen,Casa,Under 2.5 golos,14,14.0,0.07142857142857142,0.2575393768188564,0.012721886112291648,0.3146926955395781,-0.3078817733990148,-0.8485714285714285,2.576428571428572,0.388134183532021,-0.815969387755102,0.0,False
N1,Nijmegen,Casa,Handicap Asiático (AH),14,,,,,,,0.08928571428571429,1.882142857142857,0.5313092979127135,,,False
N1,Nijmegen,Casa,Casa marca (>=1),14,14.0,1.0,0.0,0.7846829880728186,1.0,0.1992337164750958,,,,,1.0,False
N1,Nijmegen,Casa,Clean sheet,14,14.0,0.2857142857142857,0.45175395145262565,0.11721187910109102,0.546495411724844,0.08648056923918993,,,,,0.2,False
N1,Nijmegen,Casa,Ambas marcam (BTTS),14,14.0,0.7142857142857143,0.45175395145262565,0.4535045882751561,0.882788120898909,0.08593322386425839,,,,,0.8,False
N1,Nijmegen,Casa,Over 1.5 golos,14,14.0,1.0,0.0,0.7846829880728186,1.0,0.14176245210727967,,,,,1.0,False
N1,Nijmegen,Casa,Over 3.5 golos,14,14.0,0.6428571428571429,0.4791574237499549,0.3876400468214041,0.8365550926279727,0.2597153804050356,,,,,0.8,False
N1,Nijmegen,Casa,Cantos total Over 8.5,14,14.0,0.6428571428571429,0.4791574237499549,0.3876400468214041,0.8365550926279727,-0.07744937055281875,,,,,0.6,False
N1,Nijmegen,Casa,Cantos total Over 9.5,14,14.0,0.42857142857142855,0.49487165930539345,0.21380509930400526,0.6740973309713064,-0.13464696223316913,,,,,0.4,False
N1,Nijmegen,Casa,Cantos total Over 10.5,14,14.0,0.42857142857142855,0.49487165930539345,0.21380509930400526,0.6740973309713064,-0.019704433497536977,,,,,0.4,False
N1,Nijmegen,Casa,Cantos equipa Over 4.5,14,14.0,0.7142857142857143,0.45175395145262565,0.4535045882751561,0.882788120898909,0.17405582922824303,,,,,0.8,False
N1,Nijmegen,Casa,Cantos equipa Over 5.5,14,14.0,0.5714285714285714,0.4948716593053935,0.3259026690286936,0.7861949006959947,0.16338259441707714,,,,,0.6,False
N1,Nijmegen,Casa,Equipa ganha cantos,14,14.0,0.7857142857142857,0.4103259033241449,0.5241027622679172,0.9242875166308363,0.32211275314723586,,,,,0.8,False
N1,PSV Eindhoven,Fora,Vitória (1X2),14,14.0,0.8571428571428571,0.34992710611188266,0.600580922361363,0.9599069262620787,0.4835796387520525,0.3814285714285714,1.5700000000000003,0.6369426751592355,0.34571428571428586,0.6,True
N1,PSV Eindhoven,Fora,Over 2.5 golos,14,14.0,0.7857142857142857,0.4103259033241449,0.5241027622679172,0.9242875166308363,0.1650246305418719,0.07142857142857141,1.3542857142857143,0.7383966244725738,0.06408163265306133,1.0,False
N1,PSV Eindhoven,Fora,Under 2.5 golos,14,14.0,0.21428571428571427,0.41032590332414487,0.07571248336916371,0.4758972377320828,-0.16502463054187191,-0.32071428571428573,3.017142857142857,0.331439393939394,-0.35346938775510217,0.0,True
N1,PSV Eindhoven,Fora,Handicap Asiático (AH),14,,,,,,,0.10857142857142857,1.8764285714285713,0.5329272934906738,,,False
N1,PSV Eindhoven,Fora,Casa marca (>=1),14,14.0,1.0,0.0,0.7846829880728186,1.0,0.1992337164750958,,,,,1.0,False
N1,PSV Eindhoven,Fora,Clean sheet,14,14.0,0.2857142857142857,0.45175395145262565,0.11721187910109102,0.546495411724844,0.08648056923918993,,,,,0.0,True
N1,PSV Eindhoven,Fora,Ambas marcam (BTTS),14,14.0,0.7142857142857143,0.45175395145262565,0.4535045882751561,0.882788120898909,0.08593322386425839,,,,,1.0,False
N1,PSV Eindhoven,Fora,Over 1.5 golos,14,14.0,0.9285714285714286,0.25753937681885636,0.6853073044604219,0.9872781138877085,0.07033388067870827,,,,,1.0,False
N1,PSV Eindhoven,Fora,Over 3.5 golos,14,14.0,0.42857142857142855,0.49487165930539345,0.21380509930400526,0.6740973309713064,0.045429666119321255,,,,,0.4,False
N1,PSV Eindhoven,Fora,Cantos total Over 8.5,14,14.0,0.7857142857142857,0.4103259033241449,0.5241027622679172,0.9242875166308363,0.06540777230432404,,,,,0.8,False
N1,PSV Eindhoven,Fora,Cantos total Over 9.5,14,14.0,0.7857142857142857,0.4103259033241449,0.5241027622679172,0.9242875166308363,0.22249589490968802,,,,,0.8,False
N1,PSV Eindhoven,Fora,Cantos total Over 10.5,14,14.0,0.6428571428571429,0.4791574237499549,0.3876400468214041,0.8365550926279727,0.19458128078817738,,,,,0.8,False
N1,PSV Eindhoven,Fora,Cantos equipa Over 4.5,14,14.0,0.7857142857142857,0.4103259033241449,0.5241027622679172,0.9242875166308363,0.24548440065681443,,,,,1.0,False
N1,PSV Eindhoven,Fora,Cantos equipa Over 5.5,14,14.0,0.5714285714285714,0.4948716593053935,0.3259026690286936,0.7861949006959947,0.16338259441707714,,,,,0.8,False
N1,PSV Eindhoven,Fora,Equipa ganha cantos,14,14.0,0.6428571428571429,0.4791574237499549,0.3876400468214041,0.8365550926279727,0.17925561029009307,,,,,1.0,False
N1,PSV Eindhoven,Casa,Vitória (1X2),15,15.0,0.7333333333333333,0.44221663871405337,0.48049110342313245,0.8910272389681717,0.3597701149425287,-0.07266666666666667,1.2893333333333332,0.7755946225439504,-0.05448888888888903,0.8,False
N1,PSV Eindhoven,Casa,Over 2.5 golos,15,15.0,0.9333333333333333,0.2494438257849294,0.7018292244757601,0.9881334113938052,0.31264367816091954,0.20933333333333332,1.288,0.7763975155279503,0.20213333333333328,1.0,False
N1,PSV Eindhoven,Casa,Under 2.5 golos,15,15.0,0.06666666666666667,0.24944382578492943,0.011866588606194882,0.2981707755242399,-0.31264367816091954,-0.7053333333333334,3.5100000000000007,0.28490028490028485,-0.766,0.0,False
N1,PSV Eindhoven,Casa,Handicap Asiático (AH),15,,,,,,,-0.21799999999999997,1.878,0.5324813631522897,,,False
N1,PSV Eindhoven,Casa,Casa marca (>=1),15,15.0,0.9333333333333333,0.2494438257849294,0.7018292244757601,0.9881334113938052,0.13256704980842915,,,,,1.0,False
N1,PSV Eindhoven,Casa,Clean sheet,15,15.0,0.13333333333333333,0.33993463423951903,0.037360469891359285,0.3788249920651624,-0.06590038314176244,,,,,0.2,False
N1,PSV Eindhoven,Casa,Ambas marcam (BTTS),15,15.0,0.8,0.39999999999999997,0.5481406466534955,0.9295257935638959,0.17164750957854413,,,,,0.8,False
N1,PSV Eindhoven,Casa,Over 1.5 golos,15,15.0,1.0,0.0,0.7961107336956521,1.0,0.14176245210727967,,,,,1.0,False
N1,PSV Eindhoven,Casa,Over 3.5 golos,15,15.0,0.6666666666666666,0.4714045207910317,0.4171312515121298,0.8482389930530875,0.28352490421455934,,,,,0.6,False
N1,PSV Eindhoven,Casa,Cantos total Over 8.5,15,15.0,0.8666666666666667,0.339934634239519,0.6211750079348376,0.9626395301086408,0.14636015325670504,,,,,1.0,False
N1,PSV Eindhoven,Casa,Cantos total Over 9.5,15,15.0,0.8666666666666667,0.339934634239519,0.6211750079348376,0.9626395301086408,0.303448275862069,,,,,1.0,False
N1,PSV Eindhoven,Casa,Cantos total Over 10.5,15,15.0,0.7333333333333333,0.44221663871405337,0.48049110342313245,0.8910272389681717,0.28505747126436776,,,,,1.0,False
N1,PSV Eindhoven,Casa,Cantos equipa Over 4.5,15,15.0,1.0,0.0,0.7961107336956521,1.0,0.45977011494252873,,,,,1.0,False
N1,PSV Eindhoven,Casa,Cantos equipa Over 5.5,15,15.0,0.8666666666666667,0.339934634239519,0.6211750079348376,0.9626395301086408,0.45862068965517244,,,,,0.8,False
N1,PSV Eindhoven,Casa,Equipa ganha cantos,15,15.0,0.8666666666666667,0.339934634239519,0.6211750079348376,0.9626395301086408,0.40306513409961686,,,,,0.6,True
N1,Sparta Rotterdam,Fora,Vitória (1X2),15,15.0,0.4,0.4898979485566356,0.19824228082594664,0.6425355724349229,0.026436781609195437,0.49666666666666676,4.082666666666666,0.2449379490529066,0.6330666666666667,0.0,True
N1,Sparta Rotterdam,Fora,Over 2.5 golos,15,15.0,0.6,0.4898979485566356,0.357464427565077,0.8017577191740534,-0.020689655172413834,-0.08066666666666666,1.5866666666666667,0.6302521008403361,-0.04800000000000004,0.8,False
N1,Sparta Rotterdam,Fora,Under 2.5 golos,15,15.0,0.4,0.4898979485566356,0.19824228082594664,0.6425355724349229,0.020689655172413834,-0.156,2.2880000000000007,0.4370629370629369,-0.08479999999999965,0.2,True
N1,Sparta Rotterdam,Fora,Handicap Asiático (AH),15,,,,,,,-0.12266666666666667,2.008666666666666,0.49784268171257895,,,False
N1,Sparta Rotterdam,Fora,Casa marca (>=1),15,15.0,0.7333333333333333,0.44221663871405337,0.48049110342313245,0.8910272389681717,-0.06743295019157092,,,,,0.6,False
N1,Sparta Rotterdam,Fora,Clean sheet,15,15.0,0.4,0.4898979485566356,0.19824228082594664,0.6425355724349229,0.20076628352490425,,,,,0.2,True
N1,Sparta Rotterdam,Fora,Ambas marcam (BTTS),15,15.0,0.4,0.4898979485566356,0.19824228082594664,0.6425355724349229,-0.2283524904214559,,,,,0.6,False
N1,Sparta Rotterdam,Fora,Over 1.5 golos,15,15.0,0.6666666666666666,0.4714045207910317,0.4171312515121298,0.8482389930530875,-0.1915708812260537,,,,,0.8,False
N1,Sparta Rotterdam,Fora,Over 3.5 golos,15,15.0,0.4,0.4898979485566356,0.19824228082594664,0.6425355724349229,0.01685823754789273,,,,,0.6,False
N1,Sparta Rotterdam,Fora,Cantos total Over 8.5,15,15.0,0.9333333333333333,0.2494438257849294,0.7018292244757601,0.9881334113938052,0.2130268199233717,,,,,0.8,False
N1,Sparta Rotterdam,Fora,Cantos total Over 9.5,15,15.0,0.6,0.4898979485566356,0.357464427565077,0.8017577191740534,0.0367816091954023,,,,,0.6,False
N1,Sparta Rotterdam,Fora,Cantos total Over 10.5,15,15.0,0.5333333333333333,0.49888765156985887,0.3011663015105079,0.7519077474025356,0.0850574712643678,,,,,0.6,False
N1,Sparta Rotterdam,Fora,Cantos equipa Over 4.5,15,15.0,0.4666666666666667,0.49888765156985887,0.24809225259746442,0.6988336984894922,-0.0735632183908046,,,,,0.6,False
N1,Sparta Rotterdam,Fora,Cantos equipa Over 5.5,15,15.0,0.4,0.4898979485566356,0.19824228082594664,0.6425355724349229,-0.008045977011494232,,,,,0.6,False
N1,Sparta Rotterdam,Fora,Equipa ganha cantos,15,15.0,0.3333333333333333,0.4714045207910317,0.15176100694691236,0.5828687484878702,-0.13026819923371652,,,,,0.6,False
N1,Sparta Rotterdam,Casa,Vitória (1X2),14,14.0,0.42857142857142855,0.49487165930539345,0.21380509930400526,0.6740973309713064,0.05500821018062396,-0.11357142857142855,2.563571428571428,0.39008080245193655,0.0986734693877549,0.6,False
N1,Sparta Rotterdam,Casa,Over 2.5 golos,14,14.0,0.35714285714285715,0.4791574237499549,0.16344490737202735,0.6123599531785959,-0.26354679802955666,-0.43714285714285717,1.5778571428571428,0.6337709370755998,-0.4364795918367347,0.0,True
N1,Sparta Rotterdam,Casa,Under 2.5 golos,14,14.0,0.6428571428571429,0.4791574237499549,0.3876400468214041,0.8365550926279727,0.2635467980295567,0.465,2.282857142857143,0.4380475594493116,0.46755102040816343,1.0,False
N1,Sparta Rotterdam,Casa,Handicap Asiático (AH),14,,,,,,,0.029999999999999995,1.8457142857142856,0.541795665634675,,,False
N1,Sparta Rotterdam,Casa,Casa marca (>=1),14,14.0,0.7857142857142857,0.4103259033241449,0.5241027622679172,0.9242875166308363,-0.0150519978106185,,,,,1.0,False
N1,Sparta Rotterdam,Casa,Clean sheet,14,14.0,0.35714285714285715,0.4791574237499549,0.16344490737202735,0.6123599531785959,0.15790914066776138,,,,,0.6,False
N1,Sparta Rotterdam,Casa,Ambas marcam (BTTS),14,14.0,0.42857142857142855,0.49487165930539345,0.21380509930400526,0.6740973309713064,-0.19978106185002736,,,,,0.4,False
N1,Sparta Rotterdam,Casa,Over 1.5 golos,14,14.0,0.7857142857142857,0.4103259033241449,0.5241027622679172,0.9242875166308363,-0.07252326217843463,,,,,1.0,False
N1,Sparta Rotterdam,Casa,Over 3.5 golos,14,14.0,0.21428571428571427,0.41032590332414487,0.07571248336916371,0.4758972377320828,-0.16885604816639302,,,,,0.0,True
N1,Sparta Rotterdam,Casa,Cantos total Over 8.5,14,14.0,0.9285714285714286,0.25753937681885636,0.6853073044604219,0.9872781138877085,0.20826491516146695,,,,,1.0,False
N1,Sparta Rotterdam,Casa,Cantos total Over 9.5,14,14.0,0.7857142857142857,0.4103259033241449,0.5241027622679172,0.9242875166308363,0.22249589490968802,,,,,0.6,True
N1,Sparta Rotterdam,Casa,Cantos total Over 10.5,14,14.0,0.5714285714285714,0.4948716593053935,0.3259026690286936,0.7861949006959947,0.12315270935960587,,,,,0.4,True
N1,Sparta Rotterdam,Casa,Cantos equipa Over 4.5,14,14.0,0.6428571428571429,0.4791574237499549,0.3876400468214041,0.8365550926279727,0.10262725779967163,,,,,0.6,False
N1,Sparta Rotterdam,Casa,Cantos equipa Over 5.5,14,14.0,0.5,0.5,0.2679886791947528,0.7320113208052473,0.09195402298850575,,,,,0.6,False
N1,Sparta Rotterdam,Casa,Equipa ganha cantos,14,14.0,0.35714285714285715,0.4791574237499549,0.16344490737202735,0.6123599531785959,-0.10645867542419268,,,,,0.6,False
N1,Telstar,Fora,Vitória (1X2),14,14.0,0.21428571428571427,0.41032590332414487,0.07571248336916371,0.4758972377320828,-0.1592775041050903,1.0157142857142858,6.8378571428571435,0.14624464640133708,0.46525510204081644,0.2,False
N1,Telstar,Fora,Over 2.5 golos,14,14.0,0.42857142857142855,0.49487165930539345,0.21380509930400526,0.6740973309713064,-0.19211822660098526,-0.3464285714285715,1.5278571428571428,0.6545114539504442,-0.34520408163265315,0.8,False
N1,Telstar,Fora,Under 2.5 golos,14,14.0,0.5714285714285714,0.4948716593053935,0.3259026690286936,0.7861949006959947,0.1921182266009852,0.4892857142857144,2.5371428571428574,0.3941441441441441,0.449795918367347,0.2,True
N1,Telstar,Fora,Handicap Asiático (AH),14,,,,,,,0.23607142857142854,1.8550000000000002,0.5390835579514824,,,False
N1,Telstar,Fora,Casa marca (>=1),14,14.0,0.6428571428571429,0.4791574237499549,0.3876400468214041,0.8365550926279727,-0.1579091406677613,,,,,0.8,False
N1,Telstar,Fora,Clean sheet,14,14.0,0.21428571428571427,0.41032590332414487,0.07571248336916371,0.4758972377320828,0.0150519978106185,,,,,0.0,True
N1,Telstar,Fora,Ambas marcam (BTTS),14,14.0,0.5,0.5,0.2679886791947528,0.7320113208052473,-0.1283524904214559,,,,,0.8,False
N1,Telstar,Fora,Over 1.5 golos,14,14.0,0.7857142857142857,0.4103259033241449,0.5241027622679172,0.9242875166308363,-0.07252326217843463,,,,,1.0,False
N1,Telstar,Fora,Over 3.5 golos,14,14.0,0.21428571428571427,0.41032590332414487,0.07571248336916371,0.4758972377320828,-0.16885604816639302,,,,,0.4,False
N1,Telstar,Fora,Cantos total Over 8.5,14,14.0,0.8571428571428571,0.34992710611188266,0.600580922361363,0.9599069262620787,0.13683634373289544,,,,,0.6,True
N1,Telstar,Fora,Cantos total Over 9.5,14,14.0,0.7142857142857143,0.45175395145262565,0.4535045882751561,0.882788120898909,0.15106732348111662,,,,,0.4,True
N1,Telstar,Fora,Cantos total Over 10.5,14,14.0,0.5714285714285714,0.4948716593053935,0.3259026690286936,0.7861949006959947,0.12315270935960587,,,,,0.4,True
N1,Telstar,Fora,Cantos equipa Over 4.5,14,14.0,0.42857142857142855,0.49487165930539345,0.21380509930400526,0.6740973309713064,-0.11165845648604272,,,,,0.4,False
N1,Telstar,Fora,Cantos equipa Over 5.5,14,14.0,0.35714285714285715,0.4791574237499549,0.16344490737202735,0.6123599531785959,-0.0509031198686371,,,,,0.2,True
N1,Telstar,Fora,Equipa ganha cantos,14,14.0,0.35714285714285715,0.4791574237499549,0.16344490737202735,0.6123599531785959,-0.10645867542419268,,,,,0.4,False
N1,Telstar,Casa,Vitória (1X2),15,15.0,0.2,0.4,0.07047420643610411,0.4518593533465045,-0.17356321839080457,-0.24800000000000005,3.475333333333334,0.2877421830040284,-0.3049333333333333,0.4,False
N1,Telstar,Casa,Over 2.5 golos,15,15.0,0.6666666666666666,0.4714045207910317,0.4171312515121298,0.8482389930530875,0.04597701149425282,0.034666666666666665,1.5706666666666667,0.6366723259762309,0.047111111111111104,0.4,True
N1,Telstar,Casa,Under 2.5 golos,15,15.0,0.3333333333333333,0.4714045207910317,0.15176100694691236,0.5828687484878702,-0.04597701149425287,-0.25933333333333336,2.3313333333333333,0.42893909064912783,-0.22288888888888891,0.6,False
N1,Telstar,Casa,Handicap Asiático (AH),15,,,,,,,-0.08266666666666665,1.8966666666666667,0.5272407732864675,,,False
N1,Telstar,Casa,Casa marca (>=1),15,15.0,0.8,0.39999999999999997,0.5481406466534955,0.9295257935638959,-0.0007662835249041544,,,,,0.6,True
N1,Telstar,Casa,Clean sheet,15,15.0,0.06666666666666667,0.24944382578492943,0.011866588606194882,0.2981707755242399,-0.1325670498084291,,,,,0.2,False
N1,Telstar,Casa,Ambas marcam (BTTS),15,15.0,0.7333333333333333,0.44221663871405337,0.48049110342313245,0.8910272389681717,0.10498084291187737,,,,,0.4,True
N1,Telstar,Casa,Over 1.5 golos,15,15.0,0.9333333333333333,0.2494438257849294,0.7018292244757601,0.9881334113938052,0.07509578544061302,,,,,0.8,False
N1,Telstar,Casa,Over 3.5 golos,15,15.0,0.5333333333333333,0.49888765156985887,0.3011663015105079,0.7519077474025356,0.15019157088122603,,,,,0.2,True
N1,Telstar,Casa,Cantos total Over 8.5,15,15.0,0.7333333333333333,0.44221663871405337,0.48049110342313245,0.8910272389681717,0.013026819923371624,,,,,0.8,False
N1,Telstar,Casa,Cantos total Over 9.5,15,15.0,0.6,0.4898979485566356,0.357464427565077,0.8017577191740534,0.0367816091954023,,,,,0.6,False
N1,Telstar,Casa,Cantos total Over 10.5,15,15.0,0.5333333333333333,0.49888765156985887,0.3011663015105079,0.7519077474025356,0.0850574712643678,,,,,0.6,False
N1,Telstar,Casa,Cantos equipa Over 4.5,15,15.0,0.6,0.4898979485566356,0.357464427565077,0.8017577191740534,0.05977011494252871,,,,,0.6,False
N1,Telstar,Casa,Cantos equipa Over 5.5,15,15.0,0.4,0.4898979485566356,0.19824228082594664,0.6425355724349229,-0.008045977011494232,,,,,0.2,True
N1,Telstar,Casa,Equipa ganha cantos,15,15.0,0.4,0.4898979485566356,0.19824228082594664,0.6425355724349229,-0.06360153256704981,,,,,0.4,False
N1,Twente,Fora,Vitória (1X2),15,15.0,0.4,0.4898979485566356,0.19824228082594664,0.6425355724349229,0.026436781609195437,-0.18266666666666678,2.238,0.44682752457551383,-0.1047999999999999,0.6,False
N1,Twente,Fora,Over 2.5 golos,15,15.0,0.4666666666666667,0.49888765156985887,0.24809225259746442,0.6988336984894922,-0.15402298850574714,-0.24733333333333332,1.618,0.6180469715698392,-0.24493333333333323,0.8,False
N1,Twente,Fora,Under 2.5 golos,15,15.0,0.5333333333333333,0.49888765156985887,0.3011663015105079,0.7519077474025356,0.15402298850574714,0.1746666666666666,2.2186666666666666,0.45072115384615385,0.18328888888888883,0.2,True
N1,Twente,Fora,Handicap Asiático (AH),15,,,,,,,0.057333333333333326,1.8739999999999997,0.5336179295624334,,,False
N1,Twente,Fora,Casa marca (>=1),15,15.0,0.8666666666666667,0.339934634239519,0.6211750079348376,0.9626395301086408,0.0659003831417625,,,,,1.0,False
N1,Twente,Fora,Clean sheet,15,15.0,0.06666666666666667,0.24944382578492943,0.011866588606194882,0.2981707755242399,-0.1325670498084291,,,,,0.0,False
N1,Twente,Fora,Ambas marcam (BTTS),15,15.0,0.8,0.39999999999999997,0.5481406466534955,0.9295257935638959,0.17164750957854413,,,,,1.0,False
N1,Twente,Fora,Over 1.5 golos,15,15.0,0.8666666666666667,0.339934634239519,0.6211750079348376,0.9626395301086408,0.008429118773946365,,,,,1.0,False
N1,Twente,Fora,Over 3.5 golos,15,15.0,0.26666666666666666,0.4422166387140533,0.10897276103182815,0.5195088965768675,-0.11647509578544063,,,,,0.4,False
N1,Twente,Fora,Cantos total Over 8.5,15,15.0,0.5333333333333333,0.49888765156985887,0.3011663015105079,0.7519077474025356,-0.18697318007662833,,,,,0.8,False
N1,Twente,Fora,Cantos total Over 9.5,15,15.0,0.4666666666666667,0.49888765156985887,0.24809225259746442,0.6988336984894922,-0.096551724137931,,,,,0.6,False
N1,Twente,Fora,Cantos total Over 10.5,15,15.0,0.4,0.4898979485566356,0.19824228082594664,0.6425355724349229,-0.0482758620689655,,,,,0.6,False
N1,Twente,Fora,Cantos equipa Over 4.5,15,15.0,0.4,0.4898979485566356,0.19824228082594664,0.6425355724349229,-0.14022988505747125,,,,,0.6,False
N1,Twente,Fora,Cantos equipa Over 5.5,15,15.0,0.3333333333333333,0.4714045207910317,0.15176100694691236,0.5828687484878702,-0.07471264367816094,,,,,0.4,False
N1,Twente,Fora,Equipa ganha cantos,15,15.0,0.4,0.4898979485566356,0.19824228082594664,0.6425355724349229,-0.06360153256704981,,,,,0.2,True
N1,Twente,Casa,Vitória (1X2),14,14.0,0.5,0.5,0.2679886791947528,0.7320113208052473,0.12643678160919541,-0.15357142857142853,1.8428571428571432,0.5426356589147285,-0.07857142857142829,0.6,False
N1,Twente,Casa,Over 2.5 golos,14,14.0,0.42857142857142855,0.49487165930539345,0.21380509930400526,0.6740973309713064,-0.19211822660098526,-0.32142857142857145,1.5299999999999998,0.6535947712418302,-0.3442857142857144,0.4,False
N1,Twente,Casa,Under 2.5 golos,14,14.0,0.5714285714285714,0.4948716593053935,0.3259026690286936,0.7861949006959947,0.1921182266009852,0.4371428571428571,2.411428571428572,0.414691943127962,0.3779591836734697,0.6,False
N1,Twente,Casa,Handicap Asiático (AH),14,,,,,,,-0.3535714285714286,1.8928571428571426,0.5283018867924529,,,False
N1,Twente,Casa,Casa marca (>=1),14,14.0,0.7142857142857143,0.45175395145262565,0.4535045882751561,0.882788120898909,-0.0864805692391899,,,,,0.6,False
N1,Twente,Casa,Clean sheet,14,14.0,0.42857142857142855,0.49487165930539345,0.21380509930400526,0.6740973309713064,0.22933771209633277,,,,,0.6,False
N1,Twente,Casa,Ambas marcam (BTTS),14,14.0,0.42857142857142855,0.49487165930539345,0.21380509930400526,0.6740973309713064,-0.19978106185002736,,,,,0.2,True
N1,Twente,Casa,Over 1.5 golos,14,14.0,0.7857142857142857,0.4103259033241449,0.5241027622679172,0.9242875166308363,-0.07252326217843463,,,,,0.8,False
N1,Twente,Casa,Over 3.5 golos,14,14.0,0.2857142857142857,0.45175395145262565,0.11721187910109102,0.546495411724844,-0.0974274767378216,,,,,0.2,False
N1,Twente,Casa,Cantos total Over 8.5,14,14.0,0.5,0.5,0.2679886791947528,0.7320113208052473,-0.22030651340996166,,,,,0.4,False
N1,Twente,Casa,Cantos total Over 9.5,14,14.0,0.21428571428571427,0.41032590332414487,0.07571248336916371,0.4758972377320828,-0.3489326765188834,,,,,0.2,False
N1,Twente,Casa,Cantos total Over 10.5,14,14.0,0.21428571428571427,0.41032590332414487,0.07571248336916371,0.4758972377320828,-0.23399014778325125,,,,,0.2,False
N1,Twente,Casa,Cantos equipa Over 4.5,14,14.0,0.42857142857142855,0.49487165930539345,0.21380509930400526,0.6740973309713064,-0.11165845648604272,,,,,0.4,False
N1,Twente,Casa,Cantos equipa Over 5.5,14,14.0,0.42857142857142855,0.49487165930539345,0.21380509930400526,0.6740973309713064,0.020525451559934293,,,,,0.4,False
N1,Twente,Casa,Equipa ganha cantos,14,14.0,0.6428571428571429,0.4791574237499549,0.3876400468214041,0.8365550926279727,0.17925561029009307,,,,,0.6,False
N1,Utrecht,Fora,Vitória (1X2),15,15.0,0.26666666666666666,0.4422166387140533,0.10897276103182815,0.5195088965768675,-0.10689655172413792,0.03733333333333331,3.432666666666667,0.2913187026607108,-0.08462222222222215,0.6,False
N1,Utrecht,Fora,Over 2.5 golos,15,15.0,0.5333333333333333,0.49888765156985887,0.3011663015105079,0.7519077474025356,-0.08735632183908049,-0.13066666666666668,1.6660000000000001,0.6002400960384153,-0.1114666666666666,0.6,False
N1,Utrecht,Fora,Under 2.5 golos,15,15.0,0.4666666666666667,0.49888765156985887,0.24809225259746442,0.6988336984894922,0.08735632183908049,-0.043333333333333356,2.136666666666667,0.46801872074882983,-0.0028888888888886077,0.4,False
N1,Utrecht,Fora,Handicap Asiático (AH),15,,,,,,,-0.03566666666666664,1.9779999999999995,0.5055611729019213,,,False
N1,Utrecht,Fora,Casa marca (>=1),15,15.0,0.8666666666666667,0.339934634239519,0.6211750079348376,0.9626395301086408,0.0659003831417625,,,,,0.8,False
N1,Utrecht,Fora,Clean sheet,15,15.0,0.2,0.4,0.07047420643610411,0.4518593533465045,0.0007662835249042377,,,,,0.4,False
N1,Utrecht,Fora,Ambas marcam (BTTS),15,15.0,0.7333333333333333,0.44221663871405337,0.48049110342313245,0.8910272389681717,0.10498084291187737,,,,,0.6,False
N1,Utrecht,Fora,Over 1.5 golos,15,15.0,0.8666666666666667,0.339934634239519,0.6211750079348376,0.9626395301086408,0.008429118773946365,,,,,0.8,False
N1,Utrecht,Fora,Over 3.5 golos,15,15.0,0.3333333333333333,0.4714045207910317,0.15176100694691236,0.5828687484878702,-0.04980842911877398,,,,,0.4,False
N1,Utrecht,Fora,Cantos total Over 8.5,15,15.0,0.7333333333333333,0.44221663871405337,0.48049110342313245,0.8910272389681717,0.013026819923371624,,,,,0.8,False
N1,Utrecht,Fora,Cantos total Over 9.5,15,15.0,0.6,0.4898979485566356,0.357464427565077,0.8017577191740534,0.0367816091954023,,,,,0.6,False
N1,Utrecht,Fora,Cantos total Over 10.5,15,15.0,0.4666666666666667,0.49888765156985887,0.24809225259746442,0.6988336984894922,0.01839080459770115,,,,,0.4,False
N1,Utrecht,Fora,Cantos equipa Over 4.5,15,15.0,0.6,0.4898979485566356,0.357464427565077,0.8017577191740534,0.05977011494252871,,,,,0.6,False
N1,Utrecht,Fora,Cantos equipa Over 5.5,15,15.0,0.4666666666666667,0.49888765156985887,0.24809225259746442,0.6988336984894922,0.05862068965517242,,,,,0.4,False
N1,Utrecht,Fora,Equipa ganha cantos,15,15.0,0.5333333333333333,0.49888765156985887,0.3011663015105079,0.7519077474025356,0.06973180076628349,,,,,0.6,False
N1,Utrecht,Casa,Vitória (1X2),14,14.0,0.5,0.5,0.2679886791947528,0.7320113208052473,0.12643678160919541,-0.07357142857142855,2.1300000000000003,0.4694835680751173,0.06500000000000017,0.4,False
N1,Utrecht,Casa,Over 2.5 golos,14,14.0,0.42857142857142855,0.49487165930539345,0.21380509930400526,0.6740973309713064,-0.19211822660098526,-0.34285714285714286,1.6078571428571427,0.6219458018658375,-0.3109183673469389,0.0,True
N1,Utrecht,Casa,Under 2.5 golos,14,14.0,0.5714285714285714,0.4948716593053935,0.3259026690286936,0.7861949006959947,0.1921182266009852,0.20500000000000002,2.2328571428571427,0.4478566858605247,0.27591836734693853,1.0,False
N1,Utrecht,Casa,Handicap Asiático (AH),14,,,,,,,0.05928571428571429,1.8699999999999999,0.5347593582887701,,,False
N1,Utrecht,Casa,Casa marca (>=1),14,14.0,0.7857142857142857,0.4103259033241449,0.5241027622679172,0.9242875166308363,-0.0150519978106185,,,,,0.6,True
N1,Utrecht,Casa,Clean sheet,14,14.0,0.2857142857142857,0.45175395145262565,0.11721187910109102,0.546495411724844,0.08648056923918993,,,,,0.4,False
N1,Utrecht,Casa,Ambas marcam (BTTS),14,14.0,0.5,0.5,0.2679886791947528,0.7320113208052473,-0.1283524904214559,,,,,0.2,True
N1,Utrecht,Casa,Over 1.5 golos,14,14.0,0.7142857142857143,0.45175395145262565,0.4535045882751561,0.882788120898909,-0.14395183360700603,,,,,0.6,False
N1,Utrecht,Casa,Over 3.5 golos,14,14.0,0.2857142857142857,0.45175395145262565,0.11721187910109102,0.546495411724844,-0.0974274767378216,,,,,0.0,True
N1,Utrecht,Casa,Cantos total Over 8.5,14,14.0,0.6428571428571429,0.4791574237499549,0.3876400468214041,0.8365550926279727,-0.07744937055281875,,,,,0.8,False
N1,Utrecht,Casa,Cantos total Over 9.5,14,14.0,0.5,0.5,0.2679886791947528,0.7320113208052473,-0.06321839080459768,,,,,0.4,False
N1,Utrecht,Casa,Cantos total Over 10.5,14,14.0,0.21428571428571427,0.41032590332414487,0.07571248336916371,0.4758972377320828,-0.23399014778325125,,,,,0.0,True
N1,Utrecht,Casa,Cantos equipa Over 4.5,14,14.0,0.5714285714285714,0.4948716593053935,0.3259026690286936,0.7861949006959947,0.031198686371100126,,,,,0.6,False
N1,Utrecht,Casa,Cantos equipa Over 5.5,14,14.0,0.42857142857142855,0.49487165930539345,0.21380509930400526,0.6740973309713064,0.020525451559934293,,,,,0.4,False
N1,Utrecht,Casa,Equipa ganha cantos,14,14.0,0.5,0.5,0.2679886791947528,0.7320113208052473,0.036398467432950166,,,,,0.6,False
N1,Volendam,Fora,Vitória (1X2),14,14.0,0.07142857142857142,0.2575393768188564,0.012721886112291648,0.3146926955395781,-0.30213464696223313,-0.6585714285714285,8.011428571428572,0.12482168330955776,-0.42775510204081624,0.2,False
N1,Volendam,Fora,Over 2.5 golos,14,14.0,0.5714285714285714,0.4948716593053935,0.3259026690286936,0.7861949006959947,-0.049261083743842415,-0.18785714285714286,1.4642857142857146,0.6829268292682925,-0.16326530612244883,0.4,True
N1,Volendam,Fora,Under 2.5 golos,14,14.0,0.42857142857142855,0.49487165930539345,0.21380509930400526,0.6740973309713064,0.04926108374384236,0.08,2.782857142857143,0.3593429158110883,0.19265306122448966,0.6,False
N1,Volendam,Fora,Handicap Asiático (AH),14,,,,,,,-0.23249999999999998,2.0414285714285714,0.489853044086774,,,False
N1,Volendam,Fora,Casa marca (>=1),14,14.0,0.35714285714285715,0.4791574237499549,0.16344490737202735,0.6123599531785959,-0.44362342638204705,,,,,0.2,True
N1,Volendam,Fora,Clean sheet,14,14.0,0.0,0.0,0.0,0.21531701192718142,-0.19923371647509577,,,,,0.0,False
N1,Volendam,Fora,Ambas marcam (BTTS),14,14.0,0.35714285714285715,0.4791574237499549,0.16344490737202735,0.6123599531785959,-0.27120963327859876,,,,,0.2,True
N1,Volendam,Fora,Over 1.5 golos,14,14.0,0.7857142857142857,0.4103259033241449,0.5241027622679172,0.9242875166308363,-0.07252326217843463,,,,,0.8,False
N1,Volendam,Fora,Over 3.5 golos,14,14.0,0.21428571428571427,0.41032590332414487,0.07571248336916371,0.4758972377320828,-0.16885604816639302,,,,,0.0,True
N1,Volendam,Fora,Cantos total Over 8.5,14,14.0,0.9285714285714286,0.25753937681885636,0.6853073044604219,0.9872781138877085,0.20826491516146695,,,,,1.0,False
N1,Volendam,Fora,Cantos total Over 9.5,14,14.0,0.7857142857142857,0.4103259033241449,0.5241027622679172,0.9242875166308363,0.22249589490968802,,,,,0.8,False
N1,Volendam,Fora,Cantos total Over 10.5,14,14.0,0.5,0.5,0.2679886791947528,0.7320113208052473,0.051724137931034475,,,,,0.4,False
N1,Volendam,Fora,Cantos equipa Over 4.5,14,14.0,0.2857142857142857,0.45175395145262565,0.11721187910109102,0.546495411724844,-0.2545155993431856,,,,,0.4,False
N1,Volendam,Fora,Cantos equipa Over 5.5,14,14.0,0.21428571428571427,0.41032590332414487,0.07571248336916371,0.4758972377320828,-0.19376026272577998,,,,,0.2,False
N1,Volendam,Fora,Equipa ganha cantos,14,14.0,0.14285714285714285,0.3499271061118826,0.04009307373792117,0.399419077638637,-0.320744389709907,,,,,0.2,False
N1,Volendam,Casa,Vitória (1X2),15,15.0,0.4,0.4898979485566356,0.19824228082594664,0.6425355724349229,0.026436781609195437,0.6726666666666666,4.138666666666667,0.24162371134020613,0.6554666666666671,0.4,False
N1,Volendam,Casa,Over 2.5 golos,15,15.0,0.6666666666666666,0.4714045207910317,0.4171312515121298,0.8482389930530875,0.04597701149425282,0.032000000000000015,1.528,0.6544502617801047,0.01866666666666661,0.6,False
N1,Volendam,Casa,Under 2.5 golos,15,15.0,0.3333333333333333,0.4714045207910317,0.15176100694691236,0.5828687484878702,-0.04597701149425287,-0.16733333333333336,2.4299999999999997,0.41152263374485604,-0.19000000000000017,0.4,False
N1,Volendam,Casa,Handicap Asiático (AH),15,,,,,,,0.3403333333333334,1.879333333333333,0.5321035828307912,,,False
N1,Volendam,Casa,Casa marca (>=1),15,15.0,0.8666666666666667,0.339934634239519,0.6211750079348376,0.9626395301086408,0.0659003831417625,,,,,0.8,False
N1,Volendam,Casa,Clean sheet,15,15.0,0.13333333333333333,0.33993463423951903,0.037360469891359285,0.3788249920651624,-0.06590038314176244,,,,,0.2,False
N1,Volendam,Casa,Ambas marcam (BTTS),15,15.0,0.8,0.39999999999999997,0.5481406466534955,0.9295257935638959,0.17164750957854413,,,,,0.8,False
N1,Volendam,Casa,Over 1.5 golos,15,15.0,0.8666666666666667,0.339934634239519,0.6211750079348376,0.9626395301086408,0.008429118773946365,,,,,0.8,False
N1,Volendam,Casa,Over 3.5 golos,15,15.0,0.2,0.4,0.07047420643610411,0.4518593533465045,-0.18314176245210728,,,,,0.2,False
N1,Volendam,Casa,Cantos total Over 8.5,15,15.0,0.6,0.4898979485566356,0.357464427565077,0.8017577191740534,-0.12030651340996168,,,,,0.8,False
N1,Volendam,Casa,Cantos total Over 9.5,15,15.0,0.5333333333333333,0.49888765156985887,0.3011663015105079,0.7519077474025356,-0.029885057471264354,,,,,0.8,False
N1,Volendam,Casa,Cantos total Over 10.5,15,15.0,0.4,0.4898979485566356,0.19824228082594664,0.6425355724349229,-0.0482758620689655,,,,,0.6,False
N1,Volendam,Casa,Cantos equipa Over 4.5,15,15.0,0.4,0.4898979485566356,0.19824228082594664,0.6425355724349229,-0.14022988505747125,,,,,0.4,False
N1,Volendam,Casa,Cantos equipa Over 5.5,15,15.0,0.2,0.4,0.07047420643610411,0.4518593533465045,-0.20804597701149424,,,,,0.2,False
N1,Volendam,Casa,Equipa ganha cantos,15,15.0,0.2,0.4,0.07047420643610411,0.4518593533465045,-0.2636015325670498,,,,,0.2,False
N1,Zwolle,Fora,Vitória (1X2),15,15.0,0.06666666666666667,0.24944382578492943,0.011866588606194882,0.2981707755242399,-0.30689655172413793,-0.83,5.64,0.1773049645390071,-0.624,0.0,False
N1,Zwolle,Fora,Over 2.5 golos,15,15.0,0.7333333333333333,0.44221663871405337,0.48049110342313245,0.8910272389681717,0.11264367816091947,0.132,1.5573333333333332,0.642123287671233,0.1420444444444442,0.6,False
N1,Zwolle,Fora,Under 2.5 golos,15,15.0,0.26666666666666666,0.4422166387140533,0.10897276103182815,0.5195088965768675,-0.11264367816091952,-0.39000000000000007,2.388666666666667,0.4186435947530002,-0.36302222222222214,0.4,False
N1,Zwolle,Fora,Handicap Asiático (AH),15,,,,,,,-0.015999999999999983,1.872,0.5341880341880342,,,False
N1,Zwolle,Fora,Casa marca (>=1),15,15.0,0.9333333333333333,0.2494438257849294,0.7018292244757601,0.9881334113938052,0.13256704980842915,,,,,0.8,False
N1,Zwolle,Fora,Clean sheet,15,15.0,0.06666666666666667,0.24944382578492943,0.011866588606194882,0.2981707755242399,-0.1325670498084291,,,,,0.0,False
N1,Zwolle,Fora,Ambas marcam (BTTS),15,15.0,0.8666666666666667,0.339934634239519,0.6211750079348376,0.9626395301086408,0.23831417624521078,,,,,0.8,False
N1,Zwolle,Fora,Over 1.5 golos,15,15.0,1.0,0.0,0.7961107336956521,1.0,0.14176245210727967,,,,,1.0,False
N1,Zwolle,Fora,Over 3.5 golos,15,15.0,0.5333333333333333,0.49888765156985887,0.3011663015105079,0.7519077474025356,0.15019157088122603,,,,,0.4,False
N1,Zwolle,Fora,Cantos total Over 8.5,15,15.0,0.5333333333333333,0.49888765156985887,0.3011663015105079,0.7519077474025356,-0.18697318007662833,,,,,0.8,False
N1,Zwolle,Fora,Cantos total Over 9.5,15,15.0,0.4,0.4898979485566356,0.19824228082594664,0.6425355724349229,-0.16321839080459766,,,,,0.6,False
N1,Zwolle,Fora,Cantos total Over 10.5,15,15.0,0.26666666666666666,0.4422166387140533,0.10897276103182815,0.5195088965768675,-0.18160919540229886,,,,,0.4,False
N1,Zwolle,Fora,Cantos equipa Over 4.5,15,15.0,0.26666666666666666,0.4422166387140533,0.10897276103182815,0.5195088965768675,-0.2735632183908046,,,,,0.6,False
N1,Zwolle,Fora,Cantos equipa Over 5.5,15,15.0,0.13333333333333333,0.33993463423951903,0.037360469891359285,0.3788249920651624,-0.27471264367816095,,,,,0.4,False
N1,Zwolle,Fora,Equipa ganha cantos,15,15.0,0.2,0.4,0.07047420643610411,0.4518593533465045,-0.2636015325670498,,,,,0.4,False
N1,Zwolle,Casa,Vitória (1X2),14,14.0,0.5,0.5,0.2679886791947528,0.7320113208052473,0.12643678160919541,0.5985714285714285,3.3035714285714284,0.3027027027027027,0.6517857142857142,0.4,False
N1,Zwolle,Casa,Over 2.5 golos,14,14.0,0.5,0.5,0.2679886791947528,0.7320113208052473,-0.12068965517241381,-0.23285714285714285,1.5785714285714285,0.6334841628959276,-0.21071428571428563,0.6,False
N1,Zwolle,Casa,Under 2.5 golos,14,14.0,0.5,0.5,0.2679886791947528,0.7320113208052473,0.12068965517241381,0.09785714285714284,2.2914285714285714,0.43640897755610975,0.14571428571428569,0.4,False
N1,Zwolle,Casa,Handicap Asiático (AH),14,,,,,,,0.2414285714285714,1.8592857142857138,0.5378409527468307,,,False
N1,Zwolle,Casa,Casa marca (>=1),14,14.0,0.7142857142857143,0.45175395145262565,0.4535045882751561,0.882788120898909,-0.0864805692391899,,,,,0.8,False
N1,Zwolle,Casa,Clean sheet,14,14.0,0.2857142857142857,0.45175395145262565,0.11721187910109102,0.546495411724844,0.08648056923918993,,,,,0.2,False
N1,Zwolle,Casa,Ambas marcam (BTTS),14,14.0,0.5,0.5,0.2679886791947528,0.7320113208052473,-0.1283524904214559,,,,,0.8,False
N1,Zwolle,Casa,Over 1.5 golos,14,14.0,0.7142857142857143,0.45175395145262565,0.4535045882751561,0.882788120898909,-0.14395183360700603,,,,,0.8,False
N1,Zwolle,Casa,Over 3.5 golos,14,14.0,0.2857142857142857,0.45175395145262565,0.11721187910109102,0.546495411724844,-0.0974274767378216,,,,,0.2,False
N1,Zwolle,Casa,Cantos total Over 8.5,14,14.0,0.7142857142857143,0.45175395145262565,0.4535045882751561,0.882788120898909,-0.006020799124247356,,,,,0.8,False
N1,Zwolle,Casa,Cantos total Over 9.5,14,14.0,0.6428571428571429,0.4791574237499549,0.3876400468214041,0.8365550926279727,0.07963875205254523,,,,,0.8,False
N1,Zwolle,Casa,Cantos total Over 10.5,14,14.0,0.5,0.5,0.2679886791947528,0.7320113208052473,0.051724137931034475,,,,,0.8,False
N1,Zwolle,Casa,Cantos equipa Over 4.5,14,14.0,0.2857142857142857,0.45175395145262565,0.11721187910109102,0.546495411724844,-0.2545155993431856,,,,,0.8,False
N1,Zwolle,Casa,Cantos equipa Over 5.5,14,14.0,0.2857142857142857,0.45175395145262565,0.11721187910109102,0.546495411724844,-0.12233169129720856,,,,,0.8,False
N1,Zwolle,Casa,Equipa ganha cantos,14,14.0,0.2857142857142857,0.45175395145262565,0.11721187910109102,0.546495411724844,-0.17788724685276414,,,,,0.6,False
N1,AZ Alkmaar,Total,Vitória (1X2),29,29.0,0.4482758620689655,0.4973174173053778,0.2841291114874579,0.6245233293193238,0.07471264367816094,-0.23620689655172414,2.0886206896551722,0.4787848770018161,-0.06372175980975037,0.4,False
N1,AZ Alkmaar,Total,Over 2.5 golos,29,29.0,0.6551724137931034,0.47531202593414557,0.47344776507155995,0.8005949125080951,0.03448275862068961,-0.016551724137931042,1.499655172413793,0.666819958611175,-0.017467300832342603,0.6,False
N1,AZ Alkmaar,Total,Under 2.5 golos,29,29.0,0.3448275862068966,0.47531202593414557,0.19940508749190486,0.52655223492844,-0.03448275862068961,-0.1303448275862069,2.50551724137931,0.3991191852463529,-0.13602853745541033,0.4,False
N1,AZ Alkmaar,Total,Handicap Asiático (AH),29,,,,,,,-0.26482758620689656,1.943448275862069,0.5145493257629524,,,False
N1,AZ Alkmaar,Total,Casa marca (>=1),29,29.0,0.896551724137931,0.3045434781492361,0.7361455275293085,0.9641857596186989,0.09578544061302685,,,,,0.6,True
N1,AZ Alkmaar,Total,Clean sheet,29,29.0,0.2413793103448276,0.42791978089623645,0.12218268185062132,0.4210795221832869,0.04214559386973182,,,,,0.4,False
N1,AZ Alkmaar,Total,Ambas marcam (BTTS),29,29.0,0.6551724137931034,0.47531202593414557,0.47344776507155995,0.8005949125080951,0.026819923371647514,,,,,0.2,True
N1,AZ Alkmaar,Total,Over 1.5 golos,29,29.0,0.8275862068965517,0.37773969483114905,0.6545119942718489,0.9240225472852006,-0.03065134099616862,,,,,1.0,False
N1,AZ Alkmaar,Total,Over 3.5 golos,29,29.0,0.4482758620689655,0.4973174173053778,0.2841291114874579,0.6245233293193238,0.06513409961685823,,,,,0.2,True
N1,AZ Alkmaar,Total,Cantos total Over 8.5,29,29.0,0.7586206896551724,0.42791978089623645,0.5789204778167131,0.8778173181493787,0.03831417624521072,,,,,1.0,False
N1,AZ Alkmaar,Total,Cantos total Over 9.5,29,29.0,0.5172413793103449,0.49970264642032547,0.34430737970569164,0.6861418066920479,-0.04597701149425282,,,,,0.6,False
N1,AZ Alkmaar,Total,Cantos total Over 10.5,29,29.0,0.3103448275862069,0.46263475396547377,0.17275424489768065,0.49230470472718546,-0.13793103448275862,,,,,0.4,False
N1,AZ Alkmaar,Total,Cantos equipa Over 4.5,29,29.0,0.5862068965517241,0.4925123054167483,0.4073752847851524,0.7448706472035448,0.04597701149425282,,,,,0.8,False
N1,AZ Alkmaar,Total,Cantos equipa Over 5.5,29,29.0,0.5172413793103449,0.49970264642032547,0.34430737970569164,0.6861418066920479,0.10919540229885061,,,,,0.8,False
N1,AZ Alkmaar,Total,Equipa ganha cantos,29,29.0,0.5862068965517241,0.4925123054167483,0.4073752847851524,0.7448706472035448,0.12260536398467425,,,,,0.8,False
N1,Ajax,Total,Vitória (1X2),29,29.0,0.41379310344827586,0.4925123054167483,0.2551293527964552,0.5926247152148476,0.04022988505747127,-0.30448275862068963,1.9568965517241383,0.5110132158590307,-0.19024970273483932,0.2,True
N1,Ajax,Total,Over 2.5 golos,29,29.0,0.5862068965517241,0.4925123054167483,0.4073752847851524,0.7448706472035448,-0.034482758620689724,-0.12379310344827586,1.4796551724137932,0.6758331391284083,-0.13261593341260403,0.6,False
N1,Ajax,Total,Under 2.5 golos,29,29.0,0.41379310344827586,0.4925123054167483,0.2551293527964552,0.5926247152148476,0.03448275862068967,0.0875862068965517,2.552068965517241,0.39183894068369146,0.05602853745540992,0.4,False
N1,Ajax,Total,Handicap Asiático (AH),29,,,,,,,-0.1789655172413793,1.866896551724138,0.5356483191725157,,,False
N1,Ajax,Total,Casa marca (>=1),29,29.0,0.9310344827586207,0.2533954906327426,0.7803505240414808,0.9808791359020056,0.13026819923371646,,,,,0.8,False
N1,Ajax,Total,Clean sheet,29,29.0,0.2413793103448276,0.42791978089623645,0.12218268185062132,0.4210795221832869,0.04214559386973182,,,,,0.4,False
N1,Ajax,Total,Ambas marcam (BTTS),29,29.0,0.7241379310344828,0.44694763437295587,0.5428252365556403,0.8530141866149726,0.09578544061302685,,,,,0.6,False
N1,Ajax,Total,Over 1.5 golos,29,29.0,0.9655172413793104,0.18246560765962683,0.8282410893529977,0.9938869433859677,0.10727969348659006,,,,,0.8,True
N1,Ajax,Total,Over 3.5 golos,29,29.0,0.4482758620689655,0.4973174173053778,0.2841291114874579,0.6245233293193238,0.06513409961685823,,,,,0.4,False
N1,Ajax,Total,Cantos total Over 8.5,29,29.0,0.5862068965517241,0.4925123054167483,0.4073752847851524,0.7448706472035448,-0.13409961685823757,,,,,0.4,True
N1,Ajax,Total,Cantos total Over 9.5,29,29.0,0.4482758620689655,0.4973174173053778,0.2841291114874579,0.6245233293193238,-0.11494252873563215,,,,,0.4,False
N1,Ajax,Total,Cantos total Over 10.5,29,29.0,0.3448275862068966,0.47531202593414557,0.19940508749190486,0.52655223492844,-0.10344827586206895,,,,,0.4,False
N1,Ajax,Total,Cantos equipa Over 4.5,29,29.0,0.4827586206896552,0.4997026464203254,0.3138581933079522,0.6556926202943085,-0.05747126436781608,,,,,0.4,False
N1,Ajax,Total,Cantos equipa Over 5.5,29,29.0,0.3448275862068966,0.47531202593414557,0.19940508749190486,0.52655223492844,-0.06321839080459768,,,,,0.2,False
N1,Ajax,Total,Equipa ganha cantos,29,29.0,0.4482758620689655,0.4973174173053778,0.2841291114874579,0.6245233293193238,-0.01532567049808431,,,,,0.4,False
N1,Excelsior,Total,Vitória (1X2),29,29.0,0.2413793103448276,0.42791978089623645,0.12218268185062132,0.4210795221832869,-0.132183908045977,-0.1493103448275862,4.670344827586207,0.2141169521559362,0.12732461355529145,0.0,True
N1,Excelsior,Total,Over 2.5 golos,29,29.0,0.5862068965517241,0.4925123054167483,0.4073752847851524,0.7448706472035448,-0.034482758620689724,-0.10655172413793103,1.5599999999999996,0.6410256410256412,-0.0855172413793106,0.4,True
N1,Excelsior,Total,Under 2.5 golos,29,29.0,0.41379310344827586,0.4925123054167483,0.2551293527964552,0.5926247152148476,0.03448275862068967,-0.06689655172413793,2.402413793103448,0.4162480264102197,-0.0058977407847802255,0.6,False
N1,Excelsior,Total,Handicap Asiático (AH),29,,,,,,,-0.04017241379310343,1.8555172413793104,0.5389332837762497,,,False
N1,Excelsior,Total,Casa marca (>=1),29,29.0,0.7586206896551724,0.42791978089623645,0.5789204778167131,0.8778173181493787,-0.04214559386973182,,,,,0.6,True
N1,Excelsior,Total,Clean sheet,29,29.0,0.1724137931034483,0.37773969483114905,0.07597745271479932,0.3454880057281511,-0.026819923371647486,,,,,0.0,True
N1,Excelsior,Total,Ambas marcam (BTTS),29,29.0,0.6206896551724138,0.48521542343000995,0.4400222620928496,0.7731220426913266,-0.007662835249042099,,,,,0.6,False
N1,Excelsior,Total,Over 1.5 golos,29,29.0,0.7931034482758621,0.40508069394726653,0.6160955339174229,0.9015406348441479,-0.06513409961685823,,,,,0.8,False
N1,Excelsior,Total,Over 3.5 golos,29,29.0,0.20689655172413793,0.4050806939472666,0.09845936515585209,0.3839044660825772,-0.17624521072796936,,,,,0.0,True
N1,Excelsior,Total,Cantos total Over 8.5,29,29.0,0.6206896551724138,0.48521542343000995,0.4400222620928496,0.7731220426913266,-0.09961685823754785,,,,,0.6,False
N1,Excelsior,Total,Cantos total Over 9.5,29,29.0,0.4827586206896552,0.4997026464203254,0.3138581933079522,0.6556926202943085,-0.08045977011494249,,,,,0.4,False
N1,Excelsior,Total,Cantos total Over 10.5,29,29.0,0.3448275862068966,0.47531202593414557,0.19940508749190486,0.52655223492844,-0.10344827586206895,,,,,0.4,False
N1,Excelsior,Total,Cantos equipa Over 4.5,29,29.0,0.4482758620689655,0.4973174173053778,0.2841291114874579,0.6245233293193238,-0.09195402298850575,,,,,0.6,False
N1,Excelsior,Total,Cantos equipa Over 5.5,29,29.0,0.20689655172413793,0.4050806939472666,0.09845936515585209,0.3839044660825772,-0.20114942528735633,,,,,0.4,False
N1,Excelsior,Total,Equipa ganha cantos,29,29.0,0.3448275862068966,0.47531202593414557,0.19940508749190486,0.52655223492844,-0.11877394636015326,,,,,0.2,False
N1,Feyenoord,Total,Vitória (1X2),29,29.0,0.5517241379310345,0.4973174173053778,0.37547667068067625,0.7158708885125421,0.1781609195402299,-0.22275862068965518,1.7362068965517237,0.5759682224428999,-0.04209274673008356,0.2,True
N1,Feyenoord,Total,Over 2.5 golos,29,29.0,0.6206896551724138,0.48521542343000995,0.4400222620928496,0.7731220426913266,0.0,-0.10896551724137932,1.4634482758620688,0.6833176248821867,-0.09165279429250905,0.4,True
N1,Feyenoord,Total,Under 2.5 golos,29,29.0,0.3793103448275862,0.48521542343000995,0.2268779573086734,0.5599777379071503,0.0,-0.07034482758620689,2.6234482758620694,0.38117770767613035,-0.004898929845422062,0.6,False
N1,Feyenoord,Total,Handicap Asiático (AH),29,,,,,,,-0.4374137931034483,1.9568965517241381,0.5110132158590308,,,False
N1,Feyenoord,Total,Casa marca (>=1),29,29.0,0.8620689655172413,0.34482758620689663,0.6944064228730067,0.9450264914795217,0.06130268199233713,,,,,0.6,True
N1,Feyenoord,Total,Clean sheet,29,29.0,0.3103448275862069,0.46263475396547377,0.17275424489768065,0.49230470472718546,0.11111111111111113,,,,,0.2,False
N1,Feyenoord,Total,Ambas marcam (BTTS),29,29.0,0.5862068965517241,0.4925123054167483,0.4073752847851524,0.7448706472035448,-0.04214559386973182,,,,,0.6,False
N1,Feyenoord,Total,Over 1.5 golos,29,29.0,0.8275862068965517,0.37773969483114905,0.6545119942718489,0.9240225472852006,-0.03065134099616862,,,,,0.8,False
N1,Feyenoord,Total,Over 3.5 golos,29,29.0,0.41379310344827586,0.4925123054167483,0.2551293527964552,0.5926247152148476,0.030651340996168563,,,,,0.2,True
N1,Feyenoord,Total,Cantos total Over 8.5,29,29.0,0.7241379310344828,0.44694763437295587,0.5428252365556403,0.8530141866149726,0.003831417624521105,,,,,0.6,False
N1,Feyenoord,Total,Cantos total Over 9.5,29,29.0,0.5862068965517241,0.4925123054167483,0.4073752847851524,0.7448706472035448,0.02298850574712641,,,,,0.6,False
N1,Feyenoord,Total,Cantos total Over 10.5,29,29.0,0.4827586206896552,0.4997026464203254,0.3138581933079522,0.6556926202943085,0.03448275862068967,,,,,0.4,False
N1,Feyenoord,Total,Cantos equipa Over 4.5,29,29.0,0.7931034482758621,0.40508069394726653,0.6160955339174229,0.9015406348441479,0.25287356321839083,,,,,0.8,False
N1,Feyenoord,Total,Cantos equipa Over 5.5,29,29.0,0.6551724137931034,0.47531202593414557,0.47344776507155995,0.8005949125080951,0.24712643678160917,,,,,0.4,True
N1,Feyenoord,Total,Equipa ganha cantos,29,29.0,0.7586206896551724,0.42791978089623645,0.5789204778167131,0.8778173181493787,0.29501915708812254,,,,,0.6,True
N1,For Sittard,Total,Vitória (1X2),29,29.0,0.3448275862068966,0.47531202593414557,0.19940508749190486,0.52655223492844,-0.02873563218390801,0.19310344827586207,4.397586206896551,0.22739747510389716,0.5164090368608798,0.4,False
N1,For Sittard,Total,Over 2.5 golos,29,29.0,0.6896551724137931,0.4626347539654737,0.5076952952728147,0.8272457551023195,0.06896551724137934,0.11896551724137928,1.6182758620689655,0.6179416151715321,0.11605231866825205,0.8,False
N1,For Sittard,Total,Under 2.5 golos,29,29.0,0.3103448275862069,0.46263475396547377,0.17275424489768065,0.49230470472718546,-0.06896551724137928,-0.30310344827586205,2.2562068965517246,0.4432217637169493,-0.29979785969084405,0.2,False
N1,For Sittard,Total,Handicap Asiático (AH),29,,,,,,,-0.0008620689655172383,1.8548275862068966,0.5391336679680238,,,False
N1,For Sittard,Total,Casa marca (>=1),29,29.0,0.8620689655172413,0.34482758620689663,0.6944064228730067,0.9450264914795217,0.06130268199233713,,,,,0.8,False
N1,For Sittard,Total,Clean sheet,29,29.0,0.10344827586206896,0.3045434781492361,0.03581424038130106,0.26385447247069155,-0.09578544061302681,,,,,0.0,False
N1,For Sittard,Total,Ambas marcam (BTTS),29,29.0,0.7586206896551724,0.42791978089623645,0.5789204778167131,0.8778173181493787,0.13026819923371646,,,,,0.8,False
N1,For Sittard,Total,Over 1.5 golos,29,29.0,0.8620689655172413,0.34482758620689663,0.6944064228730067,0.9450264914795217,0.003831417624520994,,,,,1.0,False
N1,For Sittard,Total,Over 3.5 golos,29,29.0,0.41379310344827586,0.4925123054167483,0.2551293527964552,0.5926247152148476,0.030651340996168563,,,,,0.4,False
N1,For Sittard,Total,Cantos total Over 8.5,29,29.0,0.7586206896551724,0.42791978089623645,0.5789204778167131,0.8778173181493787,0.03831417624521072,,,,,0.6,True
N1,For Sittard,Total,Cantos total Over 9.5,29,29.0,0.6206896551724138,0.48521542343000995,0.4400222620928496,0.7731220426913266,0.05747126436781613,,,,,0.6,False
N1,For Sittard,Total,Cantos total Over 10.5,29,29.0,0.5862068965517241,0.4925123054167483,0.4073752847851524,0.7448706472035448,0.13793103448275856,,,,,0.6,False
N1,For Sittard,Total,Cantos equipa Over 4.5,29,29.0,0.4827586206896552,0.4997026464203254,0.3138581933079522,0.6556926202943085,-0.05747126436781608,,,,,0.6,False
N1,For Sittard,Total,Cantos equipa Over 5.5,29,29.0,0.2413793103448276,0.42791978089623645,0.12218268185062132,0.4210795221832869,-0.16666666666666666,,,,,0.4,False
N1,For Sittard,Total,Equipa ganha cantos,29,29.0,0.3103448275862069,0.46263475396547377,0.17275424489768065,0.49230470472718546,-0.15325670498084293,,,,,0.2,False
N1,Go Ahead Eagles,Total,Vitória (1X2),29,29.0,0.27586206896551724,0.44694763437295587,0.14698581338502742,0.4571747634443597,-0.09770114942528735,-0.3162068965517241,3.431724137931034,0.29139871382636656,-0.05331747919143881,0.6,False
N1,Go Ahead Eagles,Total,Over 2.5 golos,29,29.0,0.6206896551724138,0.48521542343000995,0.4400222620928496,0.7731220426913266,0.0,-0.05482758620689655,1.5351724137931035,0.6513926325247079,-0.047134363852556316,0.6,False
N1,Go Ahead Eagles,Total,Under 2.5 golos,29,29.0,0.3793103448275862,0.48521542343000995,0.2268779573086734,0.5599777379071503,0.0,-0.11206896551724138,2.4227586206896548,0.4127526330771421,-0.08102259215219998,0.4,False
N1,Go Ahead Eagles,Total,Handicap Asiático (AH),29,,,,,,,0.08362068965517241,1.8555172413793104,0.5389332837762497,,,False
N1,Go Ahead Eagles,Total,Casa marca (>=1),29,29.0,0.8275862068965517,0.37773969483114905,0.6545119942718489,0.9240225472852006,0.026819923371647514,,,,,0.8,False
N1,Go Ahead Eagles,Total,Clean sheet,29,29.0,0.2413793103448276,0.42791978089623645,0.12218268185062132,0.4210795221832869,0.04214559386973182,,,,,0.6,False
N1,Go Ahead Eagles,Total,Ambas marcam (BTTS),29,29.0,0.5862068965517241,0.4925123054167483,0.4073752847851524,0.7448706472035448,-0.04214559386973182,,,,,0.2,True
N1,Go Ahead Eagles,Total,Over 1.5 golos,29,29.0,0.896551724137931,0.3045434781492361,0.7361455275293085,0.9641857596186989,0.03831417624521072,,,,,0.8,False
N1,Go Ahead Eagles,Total,Over 3.5 golos,29,29.0,0.4827586206896552,0.4997026464203254,0.3138581933079522,0.6556926202943085,0.0996168582375479,,,,,0.6,False
N1,Go Ahead Eagles,Total,Cantos total Over 8.5,29,29.0,0.8275862068965517,0.37773969483114905,0.6545119942718489,0.9240225472852006,0.10727969348659006,,,,,0.8,False
N1,Go Ahead Eagles,Total,Cantos total Over 9.5,29,29.0,0.6551724137931034,0.47531202593414557,0.47344776507155995,0.8005949125080951,0.09195402298850575,,,,,0.6,False
N1,Go Ahead Eagles,Total,Cantos total Over 10.5,29,29.0,0.5517241379310345,0.4973174173053778,0.37547667068067625,0.7158708885125421,0.10344827586206895,,,,,0.6,False
N1,Go Ahead Eagles,Total,Cantos equipa Over 4.5,29,29.0,0.5517241379310345,0.4973174173053778,0.37547667068067625,0.7158708885125421,0.011494252873563204,,,,,0.6,False
N1,Go Ahead Eagles,Total,Cantos equipa Over 5.5,29,29.0,0.3793103448275862,0.48521542343000995,0.2268779573086734,0.5599777379071503,-0.028735632183908066,,,,,0.2,True
N1,Go Ahead Eagles,Total,Equipa ganha cantos,29,29.0,0.41379310344827586,0.4925123054167483,0.2551293527964552,0.5926247152148476,-0.04980842911877398,,,,,0.4,False
N1,Groningen,Total,Vitória (1X2),29,29.0,0.41379310344827586,0.4925123054167483,0.2551293527964552,0.5926247152148476,0.04022988505747127,0.0013793103448276028,3.1479310344827582,0.31766896702815206,0.3025921521997621,0.6,False
N1,Groningen,Total,Over 2.5 golos,29,29.0,0.5172413793103449,0.49970264642032547,0.34430737970569164,0.6861418066920479,-0.10344827586206895,-0.12482758620689659,1.6948275862068964,0.590030518819939,-0.12336504161712236,0.6,False
N1,Groningen,Total,Under 2.5 golos,29,29.0,0.4827586206896552,0.4997026464203254,0.3138581933079522,0.6556926202943085,0.103448275862069,-0.0017241379310344767,2.1089655172413795,0.474166121648136,0.018121284185493636,0.4,False
N1,Groningen,Total,Handicap Asiático (AH),29,,,,,,,-0.02586206896551724,1.9465517241379309,0.5137289636846768,,,False
N1,Groningen,Total,Casa marca (>=1),29,29.0,0.7931034482758621,0.40508069394726653,0.6160955339174229,0.9015406348441479,-0.007662835249042099,,,,,1.0,False
N1,Groningen,Total,Clean sheet,29,29.0,0.3103448275862069,0.46263475396547377,0.17275424489768065,0.49230470472718546,0.11111111111111113,,,,,0.4,False
N1,Groningen,Total,Ambas marcam (BTTS),29,29.0,0.5172413793103449,0.49970264642032547,0.34430737970569164,0.6861418066920479,-0.11111111111111105,,,,,0.6,False
N1,Groningen,Total,Over 1.5 golos,29,29.0,0.896551724137931,0.3045434781492361,0.7361455275293085,0.9641857596186989,0.03831417624521072,,,,,1.0,False
N1,Groningen,Total,Over 3.5 golos,29,29.0,0.20689655172413793,0.4050806939472666,0.09845936515585209,0.3839044660825772,-0.17624521072796936,,,,,0.4,False
N1,Groningen,Total,Cantos total Over 8.5,29,29.0,0.7931034482758621,0.40508069394726653,0.6160955339174229,0.9015406348441479,0.07279693486590044,,,,,1.0,False
N1,Groningen,Total,Cantos total Over 9.5,29,29.0,0.5862068965517241,0.4925123054167483,0.4073752847851524,0.7448706472035448,0.02298850574712641,,,,,0.8,False
N1,Groningen,Total,Cantos total Over 10.5,29,29.0,0.4482758620689655,0.4973174173053778,0.2841291114874579,0.6245233293193238,0.0,,,,,0.8,False
N1,Groningen,Total,Cantos equipa Over 4.5,29,29.0,0.6551724137931034,0.47531202593414557,0.47344776507155995,0.8005949125080951,0.11494252873563215,,,,,0.8,False
N1,Groningen,Total,Cantos equipa Over 5.5,29,29.0,0.5862068965517241,0.4925123054167483,0.4073752847851524,0.7448706472035448,0.17816091954022983,,,,,0.8,False
N1,Groningen,Total,Equipa ganha cantos,29,29.0,0.4827586206896552,0.4997026464203254,0.3138581933079522,0.6556926202943085,0.01915708812260536,,,,,0.4,False
N1,Heerenveen,Total,Vitória (1X2),29,29.0,0.41379310344827586,0.4925123054167483,0.2551293527964552,0.5926247152148476,0.04022988505747127,-0.13482758620689653,2.903793103448275,0.34437715235720234,0.201569560047562,0.8,False
N1,Heerenveen,Total,Over 2.5 golos,29,29.0,0.7586206896551724,0.42791978089623645,0.5789204778167131,0.8778173181493787,0.13793103448275856,0.17,1.5448275862068965,0.6473214285714286,0.17193816884661106,1.0,False
N1,Heerenveen,Total,Under 2.5 golos,29,29.0,0.2413793103448276,0.42791978089623645,0.12218268185062132,0.4210795221832869,-0.1379310344827586,-0.4193103448275862,2.392413793103448,0.41798789276448545,-0.42252080856123664,0.0,True
N1,Heerenveen,Total,Handicap Asiático (AH),29,,,,,,,0.05931034482758623,1.8582758620689654,0.5381332343663018,,,False
N1,Heerenveen,Total,Casa marca (>=1),29,29.0,0.8275862068965517,0.37773969483114905,0.6545119942718489,0.9240225472852006,0.026819923371647514,,,,,1.0,False
N1,Heerenveen,Total,Clean sheet,29,29.0,0.10344827586206896,0.3045434781492361,0.03581424038130106,0.26385447247069155,-0.09578544061302681,,,,,0.2,False
N1,Heerenveen,Total,Ambas marcam (BTTS),29,29.0,0.7241379310344828,0.44694763437295587,0.5428252365556403,0.8530141866149726,0.09578544061302685,,,,,0.8,False
N1,Heerenveen,Total,Over 1.5 golos,29,29.0,0.9655172413793104,0.18246560765962683,0.8282410893529977,0.9938869433859677,0.10727969348659006,,,,,1.0,False
N1,Heerenveen,Total,Over 3.5 golos,29,29.0,0.4482758620689655,0.4973174173053778,0.2841291114874579,0.6245233293193238,0.06513409961685823,,,,,0.4,False
N1,Heerenveen,Total,Cantos total Over 8.5,29,29.0,0.7931034482758621,0.40508069394726653,0.6160955339174229,0.9015406348441479,0.07279693486590044,,,,,0.8,False
N1,Heerenveen,Total,Cantos total Over 9.5,29,29.0,0.5517241379310345,0.4973174173053778,0.37547667068067625,0.7158708885125421,-0.011494252873563204,,,,,0.4,True
N1,Heerenveen,Total,Cantos total Over 10.5,29,29.0,0.4482758620689655,0.4973174173053778,0.2841291114874579,0.6245233293193238,0.0,,,,,0.4,False
N1,Heerenveen,Total,Cantos equipa Over 4.5,29,29.0,0.5862068965517241,0.4925123054167483,0.4073752847851524,0.7448706472035448,0.04597701149425282,,,,,0.8,False
N1,Heerenveen,Total,Cantos equipa Over 5.5,29,29.0,0.41379310344827586,0.4925123054167483,0.2551293527964552,0.5926247152148476,0.005747126436781602,,,,,0.4,False
N1,Heerenveen,Total,Equipa ganha cantos,29,29.0,0.4827586206896552,0.4997026464203254,0.3138581933079522,0.6556926202943085,0.01915708812260536,,,,,0.6,False
N1,Heracles,Total,Vitória (1X2),29,29.0,0.1724137931034483,0.37773969483114905,0.07597745271479932,0.3454880057281511,-0.2011494252873563,-0.5231034482758621,5.266896551724138,0.1898651302867618,-0.09191438763376913,0.0,True
N1,Heracles,Total,Over 2.5 golos,29,29.0,0.7241379310344828,0.44694763437295587,0.5428252365556403,0.8530141866149726,0.10344827586206895,0.11724137931034484,1.5662068965517237,0.6384852487890799,0.1341498216409034,0.6,False
N1,Heracles,Total,Under 2.5 golos,29,29.0,0.27586206896551724,0.44694763437295587,0.14698581338502742,0.4571747634443597,-0.10344827586206895,-0.38172413793103444,2.4155172413793102,0.41399000713775874,-0.3336504161712247,0.4,False
N1,Heracles,Total,Handicap Asiático (AH),29,,,,,,,-0.24103448275862072,1.9786206896551726,0.5054025792959219,,,False
N1,Heracles,Total,Casa marca (>=1),29,29.0,0.5862068965517241,0.4925123054167483,0.4073752847851524,0.7448706472035448,-0.2145593869731801,,,,,0.6,False
N1,Heracles,Total,Clean sheet,29,29.0,0.06896551724137931,0.2533954906327426,0.019120864097994437,0.21964947595851925,-0.13026819923371646,,,,,0.2,False
N1,Heracles,Total,Ambas marcam (BTTS),29,29.0,0.5517241379310345,0.4973174173053778,0.37547667068067625,0.7158708885125421,-0.07662835249042144,,,,,0.6,False
N1,Heracles,Total,Over 1.5 golos,29,29.0,0.9310344827586207,0.2533954906327426,0.7803505240414808,0.9808791359020056,0.07279693486590033,,,,,0.8,False
N1,Heracles,Total,Over 3.5 golos,29,29.0,0.4482758620689655,0.4973174173053778,0.2841291114874579,0.6245233293193238,0.06513409961685823,,,,,0.6,False
N1,Heracles,Total,Cantos total Over 8.5,29,29.0,0.7241379310344828,0.44694763437295587,0.5428252365556403,0.8530141866149726,0.003831417624521105,,,,,0.6,False
N1,Heracles,Total,Cantos total Over 9.5,29,29.0,0.4482758620689655,0.4973174173053778,0.2841291114874579,0.6245233293193238,-0.11494252873563215,,,,,0.4,False
N1,Heracles,Total,Cantos total Over 10.5,29,29.0,0.3103448275862069,0.46263475396547377,0.17275424489768065,0.49230470472718546,-0.13793103448275862,,,,,0.2,False
N1,Heracles,Total,Cantos equipa Over 4.5,29,29.0,0.3448275862068966,0.47531202593414557,0.19940508749190486,0.52655223492844,-0.1954022988505747,,,,,0.2,False
N1,Heracles,Total,Cantos equipa Over 5.5,29,29.0,0.20689655172413793,0.4050806939472666,0.09845936515585209,0.3839044660825772,-0.20114942528735633,,,,,0.2,False
N1,Heracles,Total,Equipa ganha cantos,29,29.0,0.3103448275862069,0.46263475396547377,0.17275424489768065,0.49230470472718546,-0.15325670498084293,,,,,0.2,False
N1,NAC Breda,Total,Vitória (1X2),29,29.0,0.1724137931034483,0.37773969483114905,0.07597745271479932,0.3454880057281511,-0.2011494252873563,-0.6327586206896553,4.120689655172414,0.24267782426778242,-0.28953626634958374,0.0,True
N1,NAC Breda,Total,Over 2.5 golos,29,29.0,0.5517241379310345,0.4973174173053778,0.37547667068067625,0.7158708885125421,-0.06896551724137934,-0.08172413793103449,1.659310344827586,0.6026600166251039,-0.08451843043995244,0.8,False
N1,NAC Breda,Total,Under 2.5 golos,29,29.0,0.4482758620689655,0.4973174173053778,0.2841291114874579,0.6245233293193238,0.06896551724137934,-0.017586206896551725,2.1837931034482763,0.4579188378335701,-0.021058263971462376,0.2,True
N1,NAC Breda,Total,Handicap Asiático (AH),29,,,,,,,-0.03775862068965518,1.959655172413793,0.5102938588773536,,,False
N1,NAC Breda,Total,Casa marca (>=1),29,29.0,0.5862068965517241,0.4925123054167483,0.4073752847851524,0.7448706472035448,-0.2145593869731801,,,,,0.4,True
N1,NAC Breda,Total,Clean sheet,29,29.0,0.1724137931034483,0.37773969483114905,0.07597745271479932,0.3454880057281511,-0.026819923371647486,,,,,0.2,False
N1,NAC Breda,Total,Ambas marcam (BTTS),29,29.0,0.4827586206896552,0.4997026464203254,0.3138581933079522,0.6556926202943085,-0.14559386973180072,,,,,0.4,False
N1,NAC Breda,Total,Over 1.5 golos,29,29.0,0.6551724137931034,0.47531202593414557,0.47344776507155995,0.8005949125080951,-0.2030651340996169,,,,,0.8,False
N1,NAC Breda,Total,Over 3.5 golos,29,29.0,0.27586206896551724,0.44694763437295587,0.14698581338502742,0.4571747634443597,-0.10727969348659006,,,,,0.4,False
N1,NAC Breda,Total,Cantos total Over 8.5,29,29.0,0.6206896551724138,0.48521542343000995,0.4400222620928496,0.7731220426913266,-0.09961685823754785,,,,,0.8,False
N1,NAC Breda,Total,Cantos total Over 9.5,29,29.0,0.4827586206896552,0.4997026464203254,0.3138581933079522,0.6556926202943085,-0.08045977011494249,,,,,0.8,False
N1,NAC Breda,Total,Cantos total Over 10.5,29,29.0,0.4827586206896552,0.4997026464203254,0.3138581933079522,0.6556926202943085,0.03448275862068967,,,,,0.8,False
N1,NAC Breda,Total,Cantos equipa Over 4.5,29,29.0,0.5517241379310345,0.4973174173053778,0.37547667068067625,0.7158708885125421,0.011494252873563204,,,,,0.6,False
N1,NAC Breda,Total,Cantos equipa Over 5.5,29,29.0,0.4827586206896552,0.4997026464203254,0.3138581933079522,0.6556926202943085,0.07471264367816094,,,,,0.4,False
N1,NAC Breda,Total,Equipa ganha cantos,29,29.0,0.6206896551724138,0.48521542343000995,0.4400222620928496,0.7731220426913266,0.15708812260536398,,,,,0.6,False
N1,Nijmegen,Total,Vitória (1X2),29,29.0,0.5172413793103449,0.49970264642032547,0.34430737970569164,0.6861418066920479,0.14367816091954028,0.3279310344827587,2.5317241379310342,0.39498774175973855,0.3095124851367419,0.6,False
N1,Nijmegen,Total,Over 2.5 golos,29,29.0,0.7931034482758621,0.40508069394726653,0.6160955339174229,0.9015406348441479,0.1724137931034483,0.16965517241379308,1.4837931034482759,0.6739484080873809,0.17680142687277067,0.8,False
N1,Nijmegen,Total,Under 2.5 golos,29,29.0,0.20689655172413793,0.4050806939472666,0.09845936515585209,0.3839044660825772,-0.17241379310344826,-0.49724137931034484,2.5648275862068965,0.38988975531056735,-0.46934601664684894,0.2,False
N1,Nijmegen,Total,Handicap Asiático (AH),29,,,,,,,0.11482758620689655,1.8551724137931032,0.5390334572490707,,,False
N1,Nijmegen,Total,Casa marca (>=1),29,29.0,0.9655172413793104,0.18246560765962683,0.8282410893529977,0.9938869433859677,0.1647509578544062,,,,,1.0,False
N1,Nijmegen,Total,Clean sheet,29,29.0,0.1724137931034483,0.37773969483114905,0.07597745271479932,0.3454880057281511,-0.026819923371647486,,,,,0.4,False
N1,Nijmegen,Total,Ambas marcam (BTTS),29,29.0,0.7931034482758621,0.40508069394726653,0.6160955339174229,0.9015406348441479,0.1647509578544062,,,,,0.6,True
N1,Nijmegen,Total,Over 1.5 golos,29,29.0,0.9655172413793104,0.18246560765962683,0.8282410893529977,0.9938869433859677,0.10727969348659006,,,,,1.0,False
N1,Nijmegen,Total,Over 3.5 golos,29,29.0,0.6551724137931034,0.47531202593414557,0.47344776507155995,0.8005949125080951,0.27203065134099613,,,,,0.6,False
N1,Nijmegen,Total,Cantos total Over 8.5,29,29.0,0.6206896551724138,0.48521542343000995,0.4400222620928496,0.7731220426913266,-0.09961685823754785,,,,,0.6,False
N1,Nijmegen,Total,Cantos total Over 9.5,29,29.0,0.5172413793103449,0.49970264642032547,0.34430737970569164,0.6861418066920479,-0.04597701149425282,,,,,0.6,False
N1,Nijmegen,Total,Cantos total Over 10.5,29,29.0,0.4827586206896552,0.4997026464203254,0.3138581933079522,0.6556926202943085,0.03448275862068967,,,,,0.6,False
N1,Nijmegen,Total,Cantos equipa Over 4.5,29,29.0,0.6551724137931034,0.47531202593414557,0.47344776507155995,0.8005949125080951,0.11494252873563215,,,,,1.0,False
N1,Nijmegen,Total,Cantos equipa Over 5.5,29,29.0,0.5172413793103449,0.49970264642032547,0.34430737970569164,0.6861418066920479,0.10919540229885061,,,,,0.8,False
N1,Nijmegen,Total,Equipa ganha cantos,29,29.0,0.6551724137931034,0.47531202593414557,0.47344776507155995,0.8005949125080951,0.1915708812260536,,,,,0.8,False
N1,PSV Eindhoven,Total,Vitória (1X2),29,29.0,0.7931034482758621,0.40508069394726653,0.6160955339174229,0.9015406348441479,0.4195402298850575,0.14655172413793102,1.4248275862068964,0.7018393030009681,0.1300356718192628,0.6,True
N1,PSV Eindhoven,Total,Over 2.5 golos,29,29.0,0.8620689655172413,0.34482758620689663,0.6944064228730067,0.9450264914795217,0.2413793103448275,0.14275862068965514,1.3199999999999998,0.7575757575757577,0.13793103448275845,1.0,False
N1,PSV Eindhoven,Total,Under 2.5 golos,29,29.0,0.13793103448275862,0.3448275862068965,0.05497350852047822,0.30559357712699325,-0.24137931034482757,-0.5196551724137931,3.2720689655172412,0.3056170302455475,-0.548680142687277,0.0,False
N1,PSV Eindhoven,Total,Handicap Asiático (AH),29,,,,,,,-0.06034482758620688,1.877241379310345,0.5326965466568698,,,False
N1,PSV Eindhoven,Total,Casa marca (>=1),29,29.0,0.9655172413793104,0.18246560765962683,0.8282410893529977,0.9938869433859677,0.1647509578544062,,,,,1.0,False
N1,PSV Eindhoven,Total,Clean sheet,29,29.0,0.20689655172413793,0.4050806939472666,0.09845936515585209,0.3839044660825772,0.007662835249042155,,,,,0.0,True
N1,PSV Eindhoven,Total,Ambas marcam (BTTS),29,29.0,0.7586206896551724,0.42791978089623645,0.5789204778167131,0.8778173181493787,0.13026819923371646,,,,,1.0,False
N1,PSV Eindhoven,Total,Over 1.5 golos,29,29.0,0.9655172413793104,0.18246560765962683,0.8282410893529977,0.9938869433859677,0.10727969348659006,,,,,1.0,False
N1,PSV Eindhoven,Total,Over 3.5 golos,29,29.0,0.5517241379310345,0.4973174173053778,0.37547667068067625,0.7158708885125421,0.16858237547892718,,,,,0.8,False
N1,PSV Eindhoven,Total,Cantos total Over 8.5,29,29.0,0.8275862068965517,0.37773969483114905,0.6545119942718489,0.9240225472852006,0.10727969348659006,,,,,0.8,False
N1,PSV Eindhoven,Total,Cantos total Over 9.5,29,29.0,0.8275862068965517,0.37773969483114905,0.6545119942718489,0.9240225472852006,0.26436781609195403,,,,,0.8,False
N1,PSV Eindhoven,Total,Cantos total Over 10.5,29,29.0,0.6896551724137931,0.4626347539654737,0.5076952952728147,0.8272457551023195,0.24137931034482762,,,,,0.8,False
N1,PSV Eindhoven,Total,Cantos equipa Over 4.5,29,29.0,0.896551724137931,0.3045434781492361,0.7361455275293085,0.9641857596186989,0.3563218390804598,,,,,1.0,False
N1,PSV Eindhoven,Total,Cantos equipa Over 5.5,29,29.0,0.7241379310344828,0.44694763437295587,0.5428252365556403,0.8530141866149726,0.3160919540229885,,,,,0.6,False
N1,PSV Eindhoven,Total,Equipa ganha cantos,29,29.0,0.7586206896551724,0.42791978089623645,0.5789204778167131,0.8778173181493787,0.29501915708812254,,,,,0.6,True
N1,Sparta Rotterdam,Total,Vitória (1X2),29,29.0,0.41379310344827586,0.4925123054167483,0.2551293527964552,0.5926247152148476,0.04022988505747127,0.20206896551724143,3.3493103448275856,0.29856892824050246,0.38592152199762175,0.2,True
N1,Sparta Rotterdam,Total,Over 2.5 golos,29,29.0,0.4827586206896552,0.4997026464203254,0.3138581933079522,0.6556926202943085,-0.13793103448275862,-0.25275862068965516,1.5824137931034485,0.6319459577249944,-0.23607609988109368,0.4,False
N1,Sparta Rotterdam,Total,Under 2.5 golos,29,29.0,0.5172413793103449,0.49970264642032547,0.34430737970569164,0.6861418066920479,0.13793103448275867,0.14379310344827587,2.2855172413793103,0.4375377187688594,0.1821640903686088,0.6,False
N1,Sparta Rotterdam,Total,Handicap Asiático (AH),29,,,,,,,-0.04896551724137931,1.93,0.5181347150259068,,,False
N1,Sparta Rotterdam,Total,Casa marca (>=1),29,29.0,0.7586206896551724,0.42791978089623645,0.5789204778167131,0.8778173181493787,-0.04214559386973182,,,,,0.6,True
N1,Sparta Rotterdam,Total,Clean sheet,29,29.0,0.3793103448275862,0.48521542343000995,0.2268779573086734,0.5599777379071503,0.18007662835249041,,,,,0.4,False
N1,Sparta Rotterdam,Total,Ambas marcam (BTTS),29,29.0,0.41379310344827586,0.4925123054167483,0.2551293527964552,0.5926247152148476,-0.21455938697318006,,,,,0.4,False
N1,Sparta Rotterdam,Total,Over 1.5 golos,29,29.0,0.7241379310344828,0.44694763437295587,0.5428252365556403,0.8530141866149726,-0.13409961685823757,,,,,0.8,False
N1,Sparta Rotterdam,Total,Over 3.5 golos,29,29.0,0.3103448275862069,0.46263475396547377,0.17275424489768065,0.49230470472718546,-0.07279693486590039,,,,,0.2,False
N1,Sparta Rotterdam,Total,Cantos total Over 8.5,29,29.0,0.9310344827586207,0.2533954906327426,0.7803505240414808,0.9808791359020056,0.210727969348659,,,,,0.8,False
N1,Sparta Rotterdam,Total,Cantos total Over 9.5,29,29.0,0.6896551724137931,0.4626347539654737,0.5076952952728147,0.8272457551023195,0.12643678160919547,,,,,0.6,False
N1,Sparta Rotterdam,Total,Cantos total Over 10.5,29,29.0,0.5517241379310345,0.4973174173053778,0.37547667068067625,0.7158708885125421,0.10344827586206895,,,,,0.4,True
N1,Sparta Rotterdam,Total,Cantos equipa Over 4.5,29,29.0,0.5517241379310345,0.4973174173053778,0.37547667068067625,0.7158708885125421,0.011494252873563204,,,,,0.4,True
N1,Sparta Rotterdam,Total,Cantos equipa Over 5.5,29,29.0,0.4482758620689655,0.4973174173053778,0.2841291114874579,0.6245233293193238,0.04022988505747127,,,,,0.4,False
N1,Sparta Rotterdam,Total,Equipa ganha cantos,29,29.0,0.3448275862068966,0.47531202593414557,0.19940508749190486,0.52655223492844,-0.11877394636015326,,,,,0.4,False
N1,Telstar,Total,Vitória (1X2),29,29.0,0.20689655172413793,0.4050806939472666,0.09845936515585209,0.3839044660825772,-0.16666666666666666,0.3620689655172414,5.098620689655172,0.19613147572027598,0.054887039239000845,0.6,False
N1,Telstar,Total,Over 2.5 golos,29,29.0,0.5517241379310345,0.4973174173053778,0.37547667068067625,0.7158708885125421,-0.06896551724137934,-0.1493103448275862,1.5499999999999998,0.6451612903225807,-0.14482758620689673,0.8,False
N1,Telstar,Total,Under 2.5 golos,29,29.0,0.4482758620689655,0.4973174173053778,0.2841291114874579,0.6245233293193238,0.06896551724137934,0.10206896551724132,2.430689655172414,0.4114058731734997,0.08961950059453061,0.2,True
N1,Telstar,Total,Handicap Asiático (AH),29,,,,,,,0.07120689655172412,1.876551724137931,0.5328923190003675,,,False
N1,Telstar,Total,Casa marca (>=1),29,29.0,0.7241379310344828,0.44694763437295587,0.5428252365556403,0.8530141866149726,-0.07662835249042144,,,,,0.6,False
N1,Telstar,Total,Clean sheet,29,29.0,0.13793103448275862,0.3448275862068965,0.05497350852047822,0.30559357712699325,-0.061302681992337155,,,,,0.2,False
N1,Telstar,Total,Ambas marcam (BTTS),29,29.0,0.6206896551724138,0.48521542343000995,0.4400222620928496,0.7731220426913266,-0.007662835249042099,,,,,0.4,True
N1,Telstar,Total,Over 1.5 golos,29,29.0,0.8620689655172413,0.34482758620689663,0.6944064228730067,0.9450264914795217,0.003831417624520994,,,,,1.0,False
N1,Telstar,Total,Over 3.5 golos,29,29.0,0.3793103448275862,0.48521542343000995,0.2268779573086734,0.5599777379071503,-0.003831417624521105,,,,,0.4,False
N1,Telstar,Total,Cantos total Over 8.5,29,29.0,0.7931034482758621,0.40508069394726653,0.6160955339174229,0.9015406348441479,0.07279693486590044,,,,,0.8,False
N1,Telstar,Total,Cantos total Over 9.5,29,29.0,0.6551724137931034,0.47531202593414557,0.47344776507155995,0.8005949125080951,0.09195402298850575,,,,,0.6,False
N1,Telstar,Total,Cantos total Over 10.5,29,29.0,0.5517241379310345,0.4973174173053778,0.37547667068067625,0.7158708885125421,0.10344827586206895,,,,,0.6,False
N1,Telstar,Total,Cantos equipa Over 4.5,29,29.0,0.5172413793103449,0.49970264642032547,0.34430737970569164,0.6861418066920479,-0.02298850574712641,,,,,0.6,False
N1,Telstar,Total,Cantos equipa Over 5.5,29,29.0,0.3793103448275862,0.48521542343000995,0.2268779573086734,0.5599777379071503,-0.028735632183908066,,,,,0.2,True
N1,Telstar,Total,Equipa ganha cantos,29,29.0,0.3793103448275862,0.48521542343000995,0.2268779573086734,0.5599777379071503,-0.08429118773946365,,,,,0.4,False
N1,Twente,Total,Vitória (1X2),29,29.0,0.4482758620689655,0.4973174173053778,0.2841291114874579,0.6245233293193238,0.07471264367816094,-0.1686206896551725,2.047241379310345,0.4884621862893717,-0.08227110582639707,0.8,False
N1,Twente,Total,Over 2.5 golos,29,29.0,0.4482758620689655,0.4973174173053778,0.2841291114874579,0.6245233293193238,-0.1724137931034483,-0.2831034482758621,1.5755172413793104,0.6347121908513897,-0.29373365041617117,0.6,False
N1,Twente,Total,Under 2.5 golos,29,29.0,0.5517241379310345,0.4973174173053778,0.37547667068067625,0.7158708885125421,0.1724137931034483,0.3013793103448275,2.3117241379310345,0.43257756563245825,0.2754340071343637,0.4,True
N1,Twente,Total,Handicap Asiático (AH),29,,,,,,,-0.14103448275862074,1.8831034482758624,0.5310382713788683,,,False
N1,Twente,Total,Casa marca (>=1),29,29.0,0.7931034482758621,0.40508069394726653,0.6160955339174229,0.9015406348441479,-0.007662835249042099,,,,,0.8,False
N1,Twente,Total,Clean sheet,29,29.0,0.2413793103448276,0.42791978089623645,0.12218268185062132,0.4210795221832869,0.04214559386973182,,,,,0.2,False
N1,Twente,Total,Ambas marcam (BTTS),29,29.0,0.6206896551724138,0.48521542343000995,0.4400222620928496,0.7731220426913266,-0.007662835249042099,,,,,0.6,False
N1,Twente,Total,Over 1.5 golos,29,29.0,0.8275862068965517,0.37773969483114905,0.6545119942718489,0.9240225472852006,-0.03065134099616862,,,,,1.0,False
N1,Twente,Total,Over 3.5 golos,29,29.0,0.27586206896551724,0.44694763437295587,0.14698581338502742,0.4571747634443597,-0.10727969348659006,,,,,0.2,False
N1,Twente,Total,Cantos total Over 8.5,29,29.0,0.5172413793103449,0.49970264642032547,0.34430737970569164,0.6861418066920479,-0.2030651340996168,,,,,0.6,False
N1,Twente,Total,Cantos total Over 9.5,29,29.0,0.3448275862068966,0.47531202593414557,0.19940508749190486,0.52655223492844,-0.2183908045977011,,,,,0.4,False
N1,Twente,Total,Cantos total Over 10.5,29,29.0,0.3103448275862069,0.46263475396547377,0.17275424489768065,0.49230470472718546,-0.13793103448275862,,,,,0.4,False
N1,Twente,Total,Cantos equipa Over 4.5,29,29.0,0.41379310344827586,0.4925123054167483,0.2551293527964552,0.5926247152148476,-0.12643678160919541,,,,,0.4,False
N1,Twente,Total,Cantos equipa Over 5.5,29,29.0,0.3793103448275862,0.48521542343000995,0.2268779573086734,0.5599777379071503,-0.028735632183908066,,,,,0.2,True
N1,Twente,Total,Equipa ganha cantos,29,29.0,0.5172413793103449,0.49970264642032547,0.34430737970569164,0.6861418066920479,0.05363984674329503,,,,,0.2,True
N1,Utrecht,Total,Vitória (1X2),29,29.0,0.3793103448275862,0.48521542343000995,0.2268779573086734,0.5599777379071503,0.005747126436781602,-0.01620689655172413,2.8037931034482755,0.35665969745418774,0.06350772889417344,0.6,False
N1,Utrecht,Total,Over 2.5 golos,29,29.0,0.4827586206896552,0.4997026464203254,0.3138581933079522,0.6556926202943085,-0.13793103448275862,-0.23310344827586202,1.6379310344827585,0.6105263157894737,-0.20927467300832336,0.2,True
N1,Utrecht,Total,Under 2.5 golos,29,29.0,0.5172413793103449,0.49970264642032547,0.34430737970569164,0.6861418066920479,0.13793103448275867,0.07655172413793103,2.1831034482758622,0.45806349707787075,0.12919143876337702,0.8,False
N1,Utrecht,Total,Handicap Asiático (AH),29,,,,,,,0.010172413793103465,1.9258620689655177,0.5192479856759176,,,False
N1,Utrecht,Total,Casa marca (>=1),29,29.0,0.8275862068965517,0.37773969483114905,0.6545119942718489,0.9240225472852006,0.026819923371647514,,,,,0.8,False
N1,Utrecht,Total,Clean sheet,29,29.0,0.2413793103448276,0.42791978089623645,0.12218268185062132,0.4210795221832869,0.04214559386973182,,,,,0.8,False
N1,Utrecht,Total,Ambas marcam (BTTS),29,29.0,0.6206896551724138,0.48521542343000995,0.4400222620928496,0.7731220426913266,-0.007662835249042099,,,,,0.2,True
N1,Utrecht,Total,Over 1.5 golos,29,29.0,0.7931034482758621,0.40508069394726653,0.6160955339174229,0.9015406348441479,-0.06513409961685823,,,,,0.8,False
N1,Utrecht,Total,Over 3.5 golos,29,29.0,0.3103448275862069,0.46263475396547377,0.17275424489768065,0.49230470472718546,-0.07279693486590039,,,,,0.2,False
N1,Utrecht,Total,Cantos total Over 8.5,29,29.0,0.6896551724137931,0.4626347539654737,0.5076952952728147,0.8272457551023195,-0.030651340996168508,,,,,0.8,False
N1,Utrecht,Total,Cantos total Over 9.5,29,29.0,0.5517241379310345,0.4973174173053778,0.37547667068067625,0.7158708885125421,-0.011494252873563204,,,,,0.4,True
N1,Utrecht,Total,Cantos total Over 10.5,29,29.0,0.3448275862068966,0.47531202593414557,0.19940508749190486,0.52655223492844,-0.10344827586206895,,,,,0.4,False
N1,Utrecht,Total,Cantos equipa Over 4.5,29,29.0,0.5862068965517241,0.4925123054167483,0.4073752847851524,0.7448706472035448,0.04597701149425282,,,,,0.6,False
N1,Utrecht,Total,Cantos equipa Over 5.5,29,29.0,0.4482758620689655,0.4973174173053778,0.2841291114874579,0.6245233293193238,0.04022988505747127,,,,,0.2,True
N1,Utrecht,Total,Equipa ganha cantos,29,29.0,0.5172413793103449,0.49970264642032547,0.34430737970569164,0.6861418066920479,0.05363984674329503,,,,,0.6,False
N1,Volendam,Total,Vitória (1X2),29,29.0,0.2413793103448276,0.42791978089623645,0.12218268185062132,0.4210795221832869,-0.132183908045977,0.030000000000000034,6.008275862068967,0.16643709825528005,0.45027348394768163,0.2,False
N1,Volendam,Total,Over 2.5 golos,29,29.0,0.6206896551724138,0.48521542343000995,0.4400222620928496,0.7731220426913266,0.0,-0.07413793103448274,1.4972413793103447,0.6678949792722249,-0.07067776456599295,0.6,False
N1,Volendam,Total,Under 2.5 golos,29,29.0,0.3793103448275862,0.48521542343000995,0.2268779573086734,0.5599777379071503,0.0,-0.04793103448275862,2.600344827586207,0.3845643813817796,-0.013662306777645794,0.4,False
N1,Volendam,Total,Handicap Asiático (AH),29,,,,,,,0.06379310344827585,1.9575862068965515,0.5108331865421878,,,False
N1,Volendam,Total,Casa marca (>=1),29,29.0,0.6206896551724138,0.48521542343000995,0.4400222620928496,0.7731220426913266,-0.1800766283524904,,,,,0.4,True
N1,Volendam,Total,Clean sheet,29,29.0,0.06896551724137931,0.2533954906327426,0.019120864097994437,0.21964947595851925,-0.13026819923371646,,,,,0.2,False
N1,Volendam,Total,Ambas marcam (BTTS),29,29.0,0.5862068965517241,0.4925123054167483,0.4073752847851524,0.7448706472035448,-0.04214559386973182,,,,,0.4,True
N1,Volendam,Total,Over 1.5 golos,29,29.0,0.8275862068965517,0.37773969483114905,0.6545119942718489,0.9240225472852006,-0.03065134099616862,,,,,0.8,False
N1,Volendam,Total,Over 3.5 golos,29,29.0,0.20689655172413793,0.4050806939472666,0.09845936515585209,0.3839044660825772,-0.17624521072796936,,,,,0.2,False
N1,Volendam,Total,Cantos total Over 8.5,29,29.0,0.7586206896551724,0.42791978089623645,0.5789204778167131,0.8778173181493787,0.03831417624521072,,,,,0.8,False
N1,Volendam,Total,Cantos total Over 9.5,29,29.0,0.6551724137931034,0.47531202593414557,0.47344776507155995,0.8005949125080951,0.09195402298850575,,,,,0.8,False
N1,Volendam,Total,Cantos total Over 10.5,29,29.0,0.4482758620689655,0.4973174173053778,0.2841291114874579,0.6245233293193238,0.0,,,,,0.4,False
N1,Volendam,Total,Cantos equipa Over 4.5,29,29.0,0.3448275862068966,0.47531202593414557,0.19940508749190486,0.52655223492844,-0.1954022988505747,,,,,0.4,False
N1,Volendam,Total,Cantos equipa Over 5.5,29,29.0,0.20689655172413793,0.4050806939472666,0.09845936515585209,0.3839044660825772,-0.20114942528735633,,,,,0.2,False
N1,Volendam,Total,Equipa ganha cantos,29,29.0,0.1724137931034483,0.37773969483114905,0.07597745271479932,0.3454880057281511,-0.29118773946360155,,,,,0.2,False
N1,Zwolle,Total,Vitória (1X2),29,29.0,0.27586206896551724,0.44694763437295587,0.14698581338502742,0.4571747634443597,-0.09770114942528735,-0.1403448275862069,4.512068965517242,0.22162781811234233,0.24470868014268743,0.2,False
N1,Zwolle,Total,Over 2.5 golos,29,29.0,0.6206896551724138,0.48521542343000995,0.4400222620928496,0.7731220426913266,0.0,-0.04413793103448274,1.5675862068965518,0.6379234491860977,-0.02701545778834713,0.4,True
N1,Zwolle,Total,Under 2.5 golos,29,29.0,0.3793103448275862,0.48521542343000995,0.2268779573086734,0.5599777379071503,0.0,-0.15448275862068966,2.3417241379310343,0.42703578265351205,-0.11175980975029742,0.6,False
N1,Zwolle,Total,Handicap Asiático (AH),29,,,,,,,0.10827586206896554,1.8658620689655172,0.5359452966180004,,,False
N1,Zwolle,Total,Casa marca (>=1),29,29.0,0.8275862068965517,0.37773969483114905,0.6545119942718489,0.9240225472852006,0.026819923371647514,,,,,0.6,True
N1,Zwolle,Total,Clean sheet,29,29.0,0.1724137931034483,0.37773969483114905,0.07597745271479932,0.3454880057281511,-0.026819923371647486,,,,,0.2,False
N1,Zwolle,Total,Ambas marcam (BTTS),29,29.0,0.6896551724137931,0.4626347539654737,0.5076952952728147,0.8272457551023195,0.06130268199233724,,,,,0.6,False
N1,Zwolle,Total,Over 1.5 golos,29,29.0,0.8620689655172413,0.34482758620689663,0.6944064228730067,0.9450264914795217,0.003831417624520994,,,,,0.8,False
N1,Zwolle,Total,Over 3.5 golos,29,29.0,0.41379310344827586,0.4925123054167483,0.2551293527964552,0.5926247152148476,0.030651340996168563,,,,,0.2,True
N1,Zwolle,Total,Cantos total Over 8.5,29,29.0,0.6206896551724138,0.48521542343000995,0.4400222620928496,0.7731220426913266,-0.09961685823754785,,,,,0.8,False
N1,Zwolle,Total,Cantos total Over 9.5,29,29.0,0.5172413793103449,0.49970264642032547,0.34430737970569164,0.6861418066920479,-0.04597701149425282,,,,,0.6,False
N1,Zwolle,Total,Cantos total Over 10.5,29,29.0,0.3793103448275862,0.48521542343000995,0.2268779573086734,0.5599777379071503,-0.06896551724137934,,,,,0.6,False
N1,Zwolle,Total,Cantos equipa Over 4.5,29,29.0,0.27586206896551724,0.44694763437295587,0.14698581338502742,0.4571747634443597,-0.26436781609195403,,,,,0.6,False
N1,Zwolle,Total,Cantos equipa Over 5.5,29,29.0,0.20689655172413793,0.4050806939472666,0.09845936515585209,0.3839044660825772,-0.20114942528735633,,,,,0.6,False
N1,Zwolle,Total,Equipa ganha cantos,29,29.0,0.2413793103448276,0.42791978089623645,0.12218268185062132,0.4210795221832869,-0.22222222222222224,,,,,0.6,False
